{"usd":{"code":"USD","alphaCode":"USD","numericCode":"840","name":"U.S. Dollar","rate":0.272778346087,"date":"Sun, 27 Jun 2021 23:55:01 GMT","inverseRate":3.665980142284},"eur":{"code":"EUR","alphaCode":"EUR","numericCode":"978","name":"Euro","rate":0.22835603963499,"date":"Sun, 27 Jun 2021 23:55:01 GMT","inverseRate":4.3791265674358},"gbp":{"code":"GBP","alphaCode":"GBP","numericCode":"826","name":"U.K. Pound Sterling","rate":0.1961501271488,"date":"Sun, 27 Jun 2021 23:55:01 GMT","inverseRate":5.0981358744744},"jpy":{"code":"JPY","alphaCode":"JPY","numericCode":"392","name":"Japanese Yen","rate":30.205521431437,"date":"Sun, 27 Jun 2021 23:55:01 GMT","inverseRate":0.033106529952476},"aud":{"code":"AUD","alphaCode":"AUD","numericCode":"036","name":"Australian Dollar","rate":0.3590621510901,"date":"Sun, 27 Jun 2021 23:55:01 GMT","inverseRate":2.7850331675562},"chf":{"code":"CHF","alphaCode":"CHF","numericCode":"756","name":"Swiss Franc","rate":0.25014176214363,"date":"Sun, 27 Jun 2021 23:55:01 GMT","inverseRate":3.9977330911494},"cad":{"code":"CAD","alphaCode":"CAD","numericCode":"124","name":"Canadian Dollar","rate":0.33551581355844,"date":"Sun, 27 Jun 2021 23:55:01 GMT","inverseRate":2.9804854483433},"lkr":{"code":"LKR","alphaCode":"LKR","numericCode":"144","name":"Sri Lanka Rupee","rate":54.201402064762,"date":"Sun, 27 Jun 2021 23:55:01 GMT","inverseRate":0.018449707238295},"pln":{"code":"PLN","alphaCode":"PLN","numericCode":"985","name":"Polish Zloty","rate":1.029951546736,"date":"Sun, 27 Jun 2021 23:55:01 GMT","inverseRate":0.97091946040476},"pen":{"code":"PEN","alphaCode":"PEN","numericCode":"604","name":"Peruvian Nuevo Sol","rate":1.0857126781042,"date":"Sun, 27 Jun 2021 23:55:01 GMT","inverseRate":0.92105399537761},"iqd":{"code":"IQD","alphaCode":"IQD","numericCode":"368","name":"Iraqi dinar","rate":397.19417326615,"date":"Sun, 27 Jun 2021 23:55:01 GMT","inverseRate":0.0025176602964161},"svc":{"code":"SVC","alphaCode":"SVC","numericCode":"222","name":"Salvadoran colon","rate":2.3808346327025,"date":"Sun, 27 Jun 2021 23:55:01 GMT","inverseRate":0.42002077181854},"cve":{"code":"CVE","alphaCode":"CVE","numericCode":"132","name":"Cape Verde escudo","rate":25.424962435649,"date":"Sun, 27 Jun 2021 23:55:01 GMT","inverseRate":0.039331424875494},"zmw":{"code":"ZMW","alphaCode":"ZMW","numericCode":"967","name":"Zambian kwacha","rate":6.1438602544381,"date":"Sun, 27 Jun 2021 23:55:01 GMT","inverseRate":0.16276411874402},"yer":{"code":"YER","alphaCode":"YER","numericCode":"886","name":"Yemeni rial","rate":68.401154420341,"date":"Sun, 27 Jun 2021 23:55:01 GMT","inverseRate":0.014619636298165},"dop":{"code":"DOP","alphaCode":"DOP","numericCode":"214","name":"Dominican Peso","rate":15.486715117535,"date":"Sun, 27 Jun 2021 23:55:01 GMT","inverseRate":0.064571472543443},"nzd":{"code":"NZD","alphaCode":"NZD","numericCode":"554","name":"New Zealand Dollar","rate":0.3853911016633,"date":"Sun, 27 Jun 2021 23:55:01 GMT","inverseRate":2.5947667075969},"hrk":{"code":"HRK","alphaCode":"HRK","numericCode":"191","name":"Croatian Kuna","rate":1.7115543328161,"date":"Sun, 27 Jun 2021 23:55:01 GMT","inverseRate":0.58426424497706},"dzd":{"code":"DZD","alphaCode":"DZD","numericCode":"012","name":"Algerian Dinar","rate":36.324484225972,"date":"Sun, 27 Jun 2021 23:55:01 GMT","inverseRate":0.027529640717789},"ars":{"code":"ARS","alphaCode":"ARS","numericCode":"032","name":"Argentine Peso","rate":26.008787693014,"date":"Sun, 27 Jun 2021 23:55:01 GMT","inverseRate":0.038448543307869},"stn":{"code":"STN","alphaCode":"STN","numericCode":"930","name":"S\u00e3o Tom\u00e9 and Pr\u00edncipe Dobra","rate":5.6484420112112,"date":"Sun, 27 Jun 2021 23:55:01 GMT","inverseRate":0.17703996925438},"xpf":{"code":"XPF","alphaCode":"XPF","numericCode":"953","name":"CFP Franc","rate":27.210077917814,"date":"Sun, 27 Jun 2021 23:55:01 GMT","inverseRate":0.036751089174402},"all":{"code":"ALL","alphaCode":"ALL","numericCode":"008","name":"Albanian lek","rate":27.936487116955,"date":"Sun, 27 Jun 2021 23:55:01 GMT","inverseRate":0.035795481221871},"mur":{"code":"MUR","alphaCode":"MUR","numericCode":"480","name":"Mauritian Rupee","rate":11.168231872493,"date":"Sun, 27 Jun 2021 23:55:01 GMT","inverseRate":0.089539688235072},"sos":{"code":"SOS","alphaCode":"SOS","numericCode":"706","name":"Somali shilling","rate":157.32788061785,"date":"Sun, 27 Jun 2021 23:55:01 GMT","inverseRate":0.0063561524891381},"ang":{"code":"ANG","alphaCode":"ANG","numericCode":"532","name":"Neth. Antillean Guilder","rate":0.48511099719867,"date":"Sun, 27 Jun 2021 23:55:01 GMT","inverseRate":2.0613839013641},"pkr":{"code":"PKR","alphaCode":"PKR","numericCode":"586","name":"Pakistani Rupee","rate":42.184944526939,"date":"Sun, 27 Jun 2021 23:55:01 GMT","inverseRate":0.02370513962301},"krw":{"code":"KRW","alphaCode":"KRW","numericCode":"410","name":"South Korean Won","rate":307.47654624652,"date":"Sun, 27 Jun 2021 23:55:01 GMT","inverseRate":0.0032522805794698},"azn":{"code":"AZN","alphaCode":"AZN","numericCode":"944","name":"Azerbaijan Manat","rate":0.46238370018729,"date":"Sun, 27 Jun 2021 23:55:01 GMT","inverseRate":2.1627059941666},"pyg":{"code":"PYG","alphaCode":"PYG","numericCode":"600","name":"Paraguayan Guaran\u00ed","rate":1849.0461548047,"date":"Sun, 27 Jun 2021 23:55:01 GMT","inverseRate":0.00054081938268631},"bnd":{"code":"BND","alphaCode":"BND","numericCode":"096","name":"Brunei Dollar","rate":0.36608041049624,"date":"Sun, 27 Jun 2021 23:55:01 GMT","inverseRate":2.731640293575},"kmf":{"code":"KMF","alphaCode":"KMF","numericCode":"174","name":"\tComoro franc","rate":112.73384920559,"date":"Sun, 27 Jun 2021 23:55:01 GMT","inverseRate":0.0088704502422902},"szl":{"code":"SZL","alphaCode":"SZL","numericCode":"748","name":"Swazi lilangeni","rate":3.8667329276899,"date":"Sun, 27 Jun 2021 23:55:01 GMT","inverseRate":0.25861625788503},"wst":{"code":"WST","alphaCode":"WST","numericCode":"882","name":"Samoan tala","rate":0.69140601533862,"date":"Sun, 27 Jun 2021 23:55:01 GMT","inverseRate":1.4463281744956},"egp":{"code":"EGP","alphaCode":"EGP","numericCode":"818","name":"Egyptian Pound","rate":4.2763023950173,"date":"Sun, 27 Jun 2021 23:55:01 GMT","inverseRate":0.23384688631122},"sgd":{"code":"SGD","alphaCode":"SGD","numericCode":"702","name":"Singapore Dollar","rate":0.36602297751586,"date":"Sun, 27 Jun 2021 23:55:01 GMT","inverseRate":2.7320689176042},"zar":{"code":"ZAR","alphaCode":"ZAR","numericCode":"710","name":"South African Rand","rate":3.8455391167757,"date":"Sun, 27 Jun 2021 23:55:01 GMT","inverseRate":0.26004156234886},"kgs":{"code":"KGS","alphaCode":"KGS","numericCode":"417","name":"Kyrgyzstan Som","rate":22.798836775421,"date":"Sun, 27 Jun 2021 23:55:01 GMT","inverseRate":0.043861886895831},"crc":{"code":"CRC","alphaCode":"CRC","numericCode":"188","name":"Costa Rican Col\u00f3n","rate":168.47789576672,"date":"Sun, 27 Jun 2021 23:55:01 GMT","inverseRate":0.0059354967335574},"jmd":{"code":"JMD","alphaCode":"JMD","numericCode":"388","name":"Jamaican Dollar","rate":40.700038681574,"date":"Sun, 27 Jun 2021 23:55:01 GMT","inverseRate":0.024570001218518},"ssp":{"code":"SSP","alphaCode":"SSP","numericCode":"728","name":"South Sudanese pound","rate":48.37503423113,"date":"Sun, 27 Jun 2021 23:55:01 GMT","inverseRate":0.020671819997525},"ern":{"code":"ERN","alphaCode":"ERN","numericCode":"232","name":"Eritrean nakfa","rate":4.1008003928469,"date":"Sun, 27 Jun 2021 23:55:01 GMT","inverseRate":0.24385483422805},"bam":{"code":"BAM","alphaCode":"BAM","numericCode":"977","name":"Bosnia and Herzegovina convertible mark","rate":0.45030435940169,"date":"Sun, 27 Jun 2021 23:55:01 GMT","inverseRate":2.2207202287108},"inr":{"code":"INR","alphaCode":"INR","numericCode":"356","name":"Indian Rupee","rate":20.236721735365,"date":"Sun, 27 Jun 2021 23:55:01 GMT","inverseRate":0.049415118371295},"try":{"code":"TRY","alphaCode":"TRY","numericCode":"949","name":"Turkish Lira","rate":2.3762099443336,"date":"Sun, 27 Jun 2021 23:55:01 GMT","inverseRate":0.42083823543649},"twd":{"code":"TWD","alphaCode":"TWD","numericCode":"901","name":"New Taiwan Dollar ","rate":7.6100707361575,"date":"Sun, 27 Jun 2021 23:55:01 GMT","inverseRate":0.13140482324937},"tmt":{"code":"TMT","alphaCode":"TMT","numericCode":"934","name":"New Turkmenistan Manat","rate":0.95225884769221,"date":"Sun, 27 Jun 2021 23:55:01 GMT","inverseRate":1.0501346376812},"mga":{"code":"MGA","alphaCode":"MGA","numericCode":"969","name":"Malagasy ariary","rate":1029.7109786438,"date":"Sun, 27 Jun 2021 23:55:01 GMT","inverseRate":0.00097114629322205},"srd":{"code":"SRD","alphaCode":"SRD","numericCode":"968","name":"Surinamese dollar","rate":5.6608629941936,"date":"Sun, 27 Jun 2021 23:55:01 GMT","inverseRate":0.17665151073709},"ghs":{"code":"GHS","alphaCode":"GHS","numericCode":"936","name":"Ghanaian Cedi","rate":1.5856343988972,"date":"Sun, 27 Jun 2021 23:55:01 GMT","inverseRate":0.63066240281838},"mop":{"code":"MOP","alphaCode":"MOP","numericCode":"446","name":"Macanese pataca","rate":2.1769788132005,"date":"Sun, 27 Jun 2021 23:55:01 GMT","inverseRate":0.45935219669403},"lbp":{"code":"LBP","alphaCode":"LBP","numericCode":"422","name":"Lebanese Pound","rate":410.75989124833,"date":"Sun, 27 Jun 2021 23:55:01 GMT","inverseRate":0.0024345122815203},"huf":{"code":"HUF","alphaCode":"HUF","numericCode":"348","name":"Hungarian Forint","rate":80.26629939028,"date":"Sun, 27 Jun 2021 23:55:01 GMT","inverseRate":0.012458528767318},"ngn":{"code":"NGN","alphaCode":"NGN","numericCode":"566","name":"Nigerian Naira","rate":111.81886299795,"date":"Sun, 27 Jun 2021 23:55:01 GMT","inverseRate":0.0089430349512524},"irr":{"code":"IRR","alphaCode":"IRR","numericCode":"364","name":"Iranian rial","rate":11428.295239413,"date":"Sun, 27 Jun 2021 23:55:01 GMT","inverseRate":8.7502114624351e-5},"ves":{"code":"VES","alphaCode":"VES","numericCode":"928","name":"Venezuelan Bolivar","rate":865303.34339816,"date":"Sun, 27 Jun 2021 23:55:01 GMT","inverseRate":1.1556640889343e-6},"sbd":{"code":"SBD","alphaCode":"SBD","numericCode":"090","name":"Solomon Islands dollar","rate":2.2177707918239,"date":"Sun, 27 Jun 2021 23:55:01 GMT","inverseRate":0.450903223943},"mwk":{"code":"MWK","alphaCode":"MWK","numericCode":"454","name":"Malawian kwacha","rate":219.08744226464,"date":"Sun, 27 Jun 2021 23:55:01 GMT","inverseRate":0.0045643875781437},"gtq":{"code":"GTQ","alphaCode":"GTQ","numericCode":"320","name":"Guatemalan Quetzal","rate":2.1035975048903,"date":"Sun, 27 Jun 2021 23:55:01 GMT","inverseRate":0.4753761105322},"sek":{"code":"SEK","alphaCode":"SEK","numericCode":"752","name":"Swedish Krona","rate":2.3094762041723,"date":"Sun, 27 Jun 2021 23:55:01 GMT","inverseRate":0.43299861596036},"npr":{"code":"NPR","alphaCode":"NPR","numericCode":"524","name":"Nepalese Rupee","rate":32.344940533566,"date":"Sun, 27 Jun 2021 23:55:01 GMT","inverseRate":0.030916736389181},"isk":{"code":"ISK","alphaCode":"ISK","numericCode":"352","name":"Icelandic Krona","rate":33.569182298606,"date":"Sun, 27 Jun 2021 23:55:01 GMT","inverseRate":0.029789227247324},"gip":{"code":"GIP","alphaCode":"GIP","numericCode":"292","name":"Gibraltar pound","rate":0.19525041398467,"date":"Sun, 27 Jun 2021 23:55:01 GMT","inverseRate":5.1216280651702},"gel":{"code":"GEL","alphaCode":"GEL","numericCode":"981","name":"Georgian lari","rate":0.88354027187089,"date":"Sun, 27 Jun 2021 23:55:01 GMT","inverseRate":1.1318103224457},"mkd":{"code":"MKD","alphaCode":"MKD","numericCode":"807","name":"Macedonian denar","rate":14.086718906725,"date":"Sun, 27 Jun 2021 23:55:01 GMT","inverseRate":0.070988851741949},"bif":{"code":"BIF","alphaCode":"BIF","numericCode":"108","name":"Burundian franc","rate":538.27024497847,"date":"Sun, 27 Jun 2021 23:55:01 GMT","inverseRate":0.0018578028589338},"mmk":{"code":"MMK","alphaCode":"MMK","numericCode":"104","name":"Myanma Kyat","rate":447.7004254973,"date":"Sun, 27 Jun 2021 23:55:01 GMT","inverseRate":0.0022336364744108},"mvr":{"code":"MVR","alphaCode":"MVR","numericCode":"462","name":"Maldivian rufiyaa","rate":4.2046181243111,"date":"Sun, 27 Jun 2021 23:55:01 GMT","inverseRate":0.23783372721009},"kes":{"code":"KES","alphaCode":"KES","numericCode":"404","name":"Kenyan shilling","rate":29.304769157148,"date":"Sun, 27 Jun 2021 23:55:01 GMT","inverseRate":0.034124138451235},"php":{"code":"PHP","alphaCode":"PHP","numericCode":"608","name":"Philippine Peso","rate":13.230296397512,"date":"Sun, 27 Jun 2021 23:55:01 GMT","inverseRate":0.07558409652773},"ils":{"code":"ILS","alphaCode":"ILS","numericCode":"376","name":"Israeli New Sheqel","rate":0.88583461213455,"date":"Sun, 27 Jun 2021 23:55:01 GMT","inverseRate":1.1288788971458},"mro":{"code":"MRO","alphaCode":"MRO","numericCode":"478","name":"Mauritanian Ouguiya","rate":9.8773072424373,"date":"Sun, 27 Jun 2021 23:55:01 GMT","inverseRate":0.10124216807832},"cop":{"code":"COP","alphaCode":"COP","numericCode":"170","name":"Colombian Peso","rate":1025.6142230799,"date":"Sun, 27 Jun 2021 23:55:01 GMT","inverseRate":0.00097502547985048},"bzd":{"code":"BZD","alphaCode":"BZD","numericCode":"084","name":"Belize dollar","rate":0.54824351966981,"date":"Sun, 27 Jun 2021 23:55:01 GMT","inverseRate":1.8240069679296},"gnf":{"code":"GNF","alphaCode":"GNF","numericCode":"324","name":"Guinean franc","rate":2667.6450223933,"date":"Sun, 27 Jun 2021 23:55:01 GMT","inverseRate":0.00037486246918372},"sll":{"code":"SLL","alphaCode":"SLL","numericCode":"694","name":"Sierra Leonean leone","rate":2790.5446575713,"date":"Sun, 27 Jun 2021 23:55:01 GMT","inverseRate":0.00035835298219894},"ugx":{"code":"UGX","alphaCode":"UGX","numericCode":"800","name":"Ugandan shilling","rate":972.34275603759,"date":"Sun, 27 Jun 2021 23:55:01 GMT","inverseRate":0.0010284439245222},"cny":{"code":"CNY","alphaCode":"CNY","numericCode":"156","name":"Chinese Yuan","rate":1.7609697651319,"date":"Sun, 27 Jun 2021 23:55:01 GMT","inverseRate":0.56786892075065},"sar":{"code":"SAR","alphaCode":"SAR","numericCode":"682","name":"Saudi Riyal","rate":1.0228896010747,"date":"Sun, 27 Jun 2021 23:55:01 GMT","inverseRate":0.97762260849004},"myr":{"code":"MYR","alphaCode":"MYR","numericCode":"458","name":"Malaysian Ringgit","rate":1.1303229550097,"date":"Sun, 27 Jun 2021 23:55:01 GMT","inverseRate":0.88470290333209},"kzt":{"code":"KZT","alphaCode":"KZT","numericCode":"398","name":"Kazakhstani Tenge","rate":116.27545902051,"date":"Sun, 27 Jun 2021 23:55:01 GMT","inverseRate":0.008600267059136},"bob":{"code":"BOB","alphaCode":"BOB","numericCode":"068","name":"Bolivian Boliviano","rate":1.8746329904778,"date":"Sun, 27 Jun 2021 23:55:01 GMT","inverseRate":0.53343774759087},"gyd":{"code":"GYD","alphaCode":"GYD","numericCode":"328","name":"Guyanese dollar","rate":56.805372022055,"date":"Sun, 27 Jun 2021 23:55:01 GMT","inverseRate":0.017603968857237},"rwf":{"code":"RWF","alphaCode":"RWF","numericCode":"646","name":"Rwandan franc","rate":273.49561185758,"date":"Sun, 27 Jun 2021 23:55:01 GMT","inverseRate":0.0036563657939811},"mzn":{"code":"MZN","alphaCode":"MZN","numericCode":"943","name":"Mozambican metical","rate":17.335201660671,"date":"Sun, 27 Jun 2021 23:55:01 GMT","inverseRate":0.057686089817389},"vuv":{"code":"VUV","alphaCode":"VUV","numericCode":"548","name":"Vanuatu vatu","rate":29.881340065113,"date":"Sun, 27 Jun 2021 23:55:01 GMT","inverseRate":0.033465701264433},"idr":{"code":"IDR","alphaCode":"IDR","numericCode":"360","name":"Indonesian Rupiah","rate":3939.1238315004,"date":"Sun, 27 Jun 2021 23:55:01 GMT","inverseRate":0.00025386356021692},"tnd":{"code":"TND","alphaCode":"TND","numericCode":"788","name":"Tunisian Dinar","rate":0.74593276386617,"date":"Sun, 27 Jun 2021 23:55:01 GMT","inverseRate":1.3406034007904},"xof":{"code":"XOF","alphaCode":"XOF","numericCode":"952","name":"West African CFA Franc","rate":149.93613339538,"date":"Sun, 27 Jun 2021 23:55:01 GMT","inverseRate":0.0066695063915181},"tjs":{"code":"TJS","alphaCode":"TJS","numericCode":"972","name":"Tajikistan Ruble","rate":3.084324032477,"date":"Sun, 27 Jun 2021 23:55:01 GMT","inverseRate":0.32422014985141},"afn":{"code":"AFN","alphaCode":"AFN","numericCode":"971","name":"Afghan afghani","rate":21.513266309624,"date":"Sun, 27 Jun 2021 23:55:01 GMT","inverseRate":0.04648294617878},"nad":{"code":"NAD","alphaCode":"NAD","numericCode":"516","name":"Namibian dollar","rate":3.8667329276899,"date":"Sun, 27 Jun 2021 23:55:01 GMT","inverseRate":0.25861625788503},"syp":{"code":"SYP","alphaCode":"SYP","numericCode":"760","name":"Syrian pound","rate":686.47398576253,"date":"Sun, 27 Jun 2021 23:55:01 GMT","inverseRate":0.0014567194398331},"top":{"code":"TOP","alphaCode":"TOP","numericCode":"776","name":"Tongan pa\u02bbanga","rate":0.60255777321308,"date":"Sun, 27 Jun 2021 23:55:01 GMT","inverseRate":1.6595919004872},"kwd":{"code":"KWD","alphaCode":"KWD","numericCode":"414","name":"Kuwaiti Dinar","rate":0.082040902494068,"date":"Sun, 27 Jun 2021 23:55:01 GMT","inverseRate":12.189041924207},"czk":{"code":"CZK","alphaCode":"CZK","numericCode":"203","name":"Czech Koruna","rate":5.8175537965467,"date":"Sun, 27 Jun 2021 23:55:01 GMT","inverseRate":0.17189355439972},"pgk":{"code":"PGK","alphaCode":"PGK","numericCode":"598","name":"Papua New Guinean kina","rate":0.95734417473111,"date":"Sun, 27 Jun 2021 23:55:01 GMT","inverseRate":1.0445564159628},"uah":{"code":"UAH","alphaCode":"UAH","numericCode":"980","name":"Ukrainian Hryvnia","rate":7.4728070809276,"date":"Sun, 27 Jun 2021 23:55:01 GMT","inverseRate":0.13381852216582},"etb":{"code":"ETB","alphaCode":"ETB","numericCode":"230","name":"Ethiopian birr","rate":11.904173163512,"date":"Sun, 27 Jun 2021 23:55:01 GMT","inverseRate":0.084004154363712},"xcd":{"code":"XCD","alphaCode":"XCD","numericCode":"951","name":"East Caribbean Dollar","rate":0.73698180549945,"date":"Sun, 27 Jun 2021 23:55:01 GMT","inverseRate":1.3568856008898},"lak":{"code":"LAK","alphaCode":"LAK","numericCode":"418","name":"Lao kip","rate":2580.729269784,"date":"Sun, 27 Jun 2021 23:55:01 GMT","inverseRate":0.0003874873709956},"bwp":{"code":"BWP","alphaCode":"BWP","numericCode":"072","name":"Botswana Pula","rate":2.9563909808897,"date":"Sun, 27 Jun 2021 23:55:01 GMT","inverseRate":0.33825025392923},"nok":{"code":"NOK","alphaCode":"NOK","numericCode":"578","name":"Norwegian Krone","rate":2.3142858892437,"date":"Sun, 27 Jun 2021 23:55:01 GMT","inverseRate":0.4320987327658},"mad":{"code":"MAD","alphaCode":"MAD","numericCode":"504","name":"Moroccan Dirham","rate":2.4096027795405,"date":"Sun, 27 Jun 2021 23:55:01 GMT","inverseRate":0.41500616138511},"ron":{"code":"RON","alphaCode":"RON","numericCode":"946","name":"Romanian New Leu","rate":1.1246184756351,"date":"Sun, 27 Jun 2021 23:55:01 GMT","inverseRate":0.88919044250564},"byn":{"code":"BYN","alphaCode":"BYN","numericCode":"933","name":"Belarussian Ruble","rate":0.68910262175108,"date":"Sun, 27 Jun 2021 23:55:01 GMT","inverseRate":1.4511626692972},"rsd":{"code":"RSD","alphaCode":"RSD","numericCode":"941","name":"Serbian Dinar","rate":26.328685288803,"date":"Sun, 27 Jun 2021 23:55:01 GMT","inverseRate":0.037981387563824},"gmd":{"code":"GMD","alphaCode":"GMD","numericCode":"270","name":"Gambian dalasi","rate":14.124979130917,"date":"Sun, 27 Jun 2021 23:55:01 GMT","inverseRate":0.070796564775885},"awg":{"code":"AWG","alphaCode":"AWG","numericCode":"533","name":"Aruban florin","rate":0.49230779242868,"date":"Sun, 27 Jun 2021 23:55:01 GMT","inverseRate":2.0312495869033},"aoa":{"code":"AOA","alphaCode":"AOA","numericCode":"973","name":"Angolan kwanza","rate":177.53637562825,"date":"Sun, 27 Jun 2021 23:55:01 GMT","inverseRate":0.0056326485006879},"khr":{"code":"KHR","alphaCode":"KHR","numericCode":"116","name":"Cambodian riel","rate":1108.407942566,"date":"Sun, 27 Jun 2021 23:55:01 GMT","inverseRate":0.00090219490640325},"scr":{"code":"SCR","alphaCode":"SCR","numericCode":"690","name":"Seychelles rupee","rate":4.0764488465711,"date":"Sun, 27 Jun 2021 23:55:01 GMT","inverseRate":0.24531155366788},"bhd":{"code":"BHD","alphaCode":"BHD","numericCode":"048","name":"Bahrain Dinar","rate":0.10265410322365,"date":"Sun, 27 Jun 2021 23:55:01 GMT","inverseRate":9.74145181339},"omr":{"code":"OMR","alphaCode":"OMR","numericCode":"512","name":"Omani Rial","rate":0.10491714762533,"date":"Sun, 27 Jun 2021 23:55:01 GMT","inverseRate":9.5313304129381},"rub":{"code":"RUB","alphaCode":"RUB","numericCode":"643","name":"Russian Rouble","rate":19.685428171827,"date":"Sun, 27 Jun 2021 23:55:01 GMT","inverseRate":0.050798996662474},"lyd":{"code":"LYD","alphaCode":"LYD","numericCode":"434","name":"Libyan Dinar","rate":1.2140669271485,"date":"Sun, 27 Jun 2021 23:55:01 GMT","inverseRate":0.82367782009243},"clp":{"code":"CLP","alphaCode":"CLP","numericCode":"152","name":"Chilean Peso","rate":200.17535930201,"date":"Sun, 27 Jun 2021 23:55:01 GMT","inverseRate":0.004995619857943},"bsd":{"code":"BSD","alphaCode":"BSD","numericCode":"044","name":"Bahamian Dollar","rate":0.27184935282851,"date":"Sun, 27 Jun 2021 23:55:01 GMT","inverseRate":3.6785079294665},"djf":{"code":"DJF","alphaCode":"DJF","numericCode":"262","name":"Djiboutian franc","rate":48.418252628194,"date":"Sun, 27 Jun 2021 23:55:01 GMT","inverseRate":0.020653368217954},"hnl":{"code":"HNL","alphaCode":"HNL","numericCode":"340","name":"Honduran Lempira","rate":6.5171580926824,"date":"Sun, 27 Jun 2021 23:55:01 GMT","inverseRate":0.15344111432909},"tzs":{"code":"TZS","alphaCode":"TZS","numericCode":"834","name":"Tanzanian shilling","rate":630.56397957368,"date":"Sun, 27 Jun 2021 23:55:01 GMT","inverseRate":0.0015858818968316},"bbd":{"code":"BBD","alphaCode":"BBD","numericCode":"052","name":"Barbadian Dollar","rate":0.54588334748685,"date":"Sun, 27 Jun 2021 23:55:01 GMT","inverseRate":1.8318932141891},"bdt":{"code":"BDT","alphaCode":"BDT","numericCode":"050","name":"Bangladeshi taka","rate":23.076739043244,"date":"Sun, 27 Jun 2021 23:55:01 GMT","inverseRate":0.043333678910442},"qar":{"code":"QAR","alphaCode":"QAR","numericCode":"634","name":"Qatari Rial","rate":0.99777451241874,"date":"Sun, 27 Jun 2021 23:55:01 GMT","inverseRate":1.0022304514232},"mxn":{"code":"MXN","alphaCode":"MXN","numericCode":"484","name":"Mexican Peso","rate":5.3997767802321,"date":"Sun, 27 Jun 2021 23:55:01 GMT","inverseRate":0.18519284050053},"amd":{"code":"AMD","alphaCode":"AMD","numericCode":"051","name":"Armenia Dram","rate":141.20937112483,"date":"Sun, 27 Jun 2021 23:55:01 GMT","inverseRate":0.0070816829792124},"uyu":{"code":"UYU","alphaCode":"UYU","numericCode":"858","name":"Uruguayan Peso","rate":11.872172371677,"date":"Sun, 27 Jun 2021 23:55:01 GMT","inverseRate":0.084230582971121},"fjd":{"code":"FJD","alphaCode":"FJD","numericCode":"242","name":"Fiji Dollar","rate":0.56099753671687,"date":"Sun, 27 Jun 2021 23:55:01 GMT","inverseRate":1.7825390212091},"cdf":{"code":"CDF","alphaCode":"CDF","numericCode":"976","name":"Congolese franc","rate":540.81458962385,"date":"Sun, 27 Jun 2021 23:55:01 GMT","inverseRate":0.0018490625422948},"lsl":{"code":"LSL","alphaCode":"LSL","numericCode":"426","name":"Lesotho loti","rate":3.8681854945297,"date":"Sun, 27 Jun 2021 23:55:01 GMT","inverseRate":0.25851914325571},"mnt":{"code":"MNT","alphaCode":"MNT","numericCode":"496","name":"Mongolian togrog","rate":775.38477307515,"date":"Sun, 27 Jun 2021 23:55:01 GMT","inverseRate":0.0012896822773989},"brl":{"code":"BRL","alphaCode":"BRL","numericCode":"986","name":"Brazilian Real","rate":1.36326557016,"date":"Sun, 27 Jun 2021 23:55:01 GMT","inverseRate":0.73353279206091},"hkd":{"code":"HKD","alphaCode":"HKD","numericCode":"344","name":"Hong Kong Dollar","rate":2.117198702877,"date":"Sun, 27 Jun 2021 23:55:01 GMT","inverseRate":0.47232222400342},"thb":{"code":"THB","alphaCode":"THB","numericCode":"764","name":"Thai Baht","rate":8.6203261130327,"date":"Sun, 27 Jun 2021 23:55:01 GMT","inverseRate":0.11600489202933},"xaf":{"code":"XAF","alphaCode":"XAF","numericCode":"950","name":"Central African CFA Franc","rate":150.06324632331,"date":"Sun, 27 Jun 2021 23:55:01 GMT","inverseRate":0.0066638569036785},"mdl":{"code":"MDL","alphaCode":"MDL","numericCode":"498","name":"Moldova Lei","rate":4.9075256461905,"date":"Sun, 27 Jun 2021 23:55:01 GMT","inverseRate":0.20376867531528},"nio":{"code":"NIO","alphaCode":"NIO","numericCode":"558","name":"Nicaraguan C\u00f3rdoba","rate":9.540422755049,"date":"Sun, 27 Jun 2021 23:55:01 GMT","inverseRate":0.10481715807308},"lrd":{"code":"LRD","alphaCode":"LRD","numericCode":"430","name":"Liberian dollar","rate":46.593256952211,"date":"Sun, 27 Jun 2021 23:55:01 GMT","inverseRate":0.021462333080207},"sdg":{"code":"SDG","alphaCode":"SDG","numericCode":"938","name":"Sudanese pound","rate":119.73383472602,"date":"Sun, 27 Jun 2021 23:55:01 GMT","inverseRate":0.0083518581217098},"mru":{"code":"MRU","alphaCode":"MRU","numericCode":"929","name":"Mauritanian ouguiya","rate":9.8254864374409,"date":"Sun, 27 Jun 2021 23:55:01 GMT","inverseRate":0.10177613152967},"dkk":{"code":"DKK","alphaCode":"DKK","numericCode":"208","name":"Danish Krone","rate":1.6977920842302,"date":"Sun, 27 Jun 2021 23:55:01 GMT","inverseRate":0.58900027234689},"jod":{"code":"JOD","alphaCode":"JOD","numericCode":"400","name":"Jordanian Dinar","rate":0.19326040315788,"date":"Sun, 27 Jun 2021 23:55:01 GMT","inverseRate":5.1743656934374},"bgn":{"code":"BGN","alphaCode":"BGN","numericCode":"975","name":"Bulgarian Lev","rate":0.44653807119539,"date":"Sun, 27 Jun 2021 23:55:01 GMT","inverseRate":2.2394507086999},"vnd":{"code":"VND","alphaCode":"VND","numericCode":"704","name":"Vietnamese Dong","rate":6274.0967865505,"date":"Sun, 27 Jun 2021 23:55:01 GMT","inverseRate":0.00015938549149316},"uzs":{"code":"UZS","alphaCode":"UZS","numericCode":"860","name":"Uzbekistan Sum","rate":2875.9165933393,"date":"Sun, 27 Jun 2021 23:55:01 GMT","inverseRate":0.00034771523009952},"pab":{"code":"PAB","alphaCode":"PAB","numericCode":"590","name":"Panamanian Balboa","rate":0.27184935282851,"date":"Sun, 27 Jun 2021 23:55:01 GMT","inverseRate":3.6785079294665},"ttd":{"code":"TTD","alphaCode":"TTD","numericCode":"780","name":"Trinidad Tobago Dollar","rate":1.8486732112097,"date":"Sun, 27 Jun 2021 23:55:01 GMT","inverseRate":0.5409284853247},"htg":{"code":"HTG","alphaCode":"HTG","numericCode":"332","name":"Haitian gourde","rate":25.551140909276,"date":"Sun, 27 Jun 2021 23:55:01 GMT","inverseRate":0.039137195616848},"cup":{"code":"CUP","alphaCode":"CUP","numericCode":"192","name":"Cuban peso","rate":0.27184935282851,"date":"Sun, 27 Jun 2021 23:55:01 GMT","inverseRate":3.6785079294665}}