{"usd":{"code":"USD","alphaCode":"USD","numericCode":"840","name":"U.S. Dollar","rate":0.012679541179898,"date":"Sun, 27 Jun 2021 23:55:01 GMT","inverseRate":78.867207086748},"eur":{"code":"EUR","alphaCode":"EUR","numericCode":"978","name":"Euro","rate":0.010614661499952,"date":"Sun, 27 Jun 2021 23:55:01 GMT","inverseRate":94.209316048795},"gbp":{"code":"GBP","alphaCode":"GBP","numericCode":"826","name":"U.K. Pound Sterling","rate":0.0091176358032185,"date":"Sun, 27 Jun 2021 23:55:01 GMT","inverseRate":109.67755475021},"jpy":{"code":"JPY","alphaCode":"JPY","numericCode":"392","name":"Japanese Yen","rate":1.4040416269994,"date":"Sun, 27 Jun 2021 23:55:01 GMT","inverseRate":0.71222959545514},"aud":{"code":"AUD","alphaCode":"AUD","numericCode":"036","name":"Australian Dollar","rate":0.016690266643958,"date":"Sun, 27 Jun 2021 23:55:01 GMT","inverseRate":59.91516021477},"chf":{"code":"CHF","alphaCode":"CHF","numericCode":"756","name":"Swiss Franc","rate":0.011627326066787,"date":"Sun, 27 Jun 2021 23:55:01 GMT","inverseRate":86.004296624693},"cad":{"code":"CAD","alphaCode":"CAD","numericCode":"124","name":"Canadian Dollar","rate":0.015595763503767,"date":"Sun, 27 Jun 2021 23:55:01 GMT","inverseRate":64.119977182168},"lkr":{"code":"LKR","alphaCode":"LKR","numericCode":"144","name":"Sri Lanka Rupee","rate":2.5194408549908,"date":"Sun, 27 Jun 2021 23:55:01 GMT","inverseRate":0.39691346515204},"pln":{"code":"PLN","alphaCode":"PLN","numericCode":"985","name":"Polish Zloty","rate":0.047875182313682,"date":"Sun, 27 Jun 2021 23:55:01 GMT","inverseRate":20.887648916884},"pen":{"code":"PEN","alphaCode":"PEN","numericCode":"604","name":"Peruvian Nuevo Sol","rate":0.050467123981937,"date":"Sun, 27 Jun 2021 23:55:01 GMT","inverseRate":19.814879888101},"iqd":{"code":"IQD","alphaCode":"IQD","numericCode":"368","name":"Iraqi dinar","rate":18.462755378455,"date":"Sun, 27 Jun 2021 23:55:01 GMT","inverseRate":0.054163096433966},"svc":{"code":"SVC","alphaCode":"SVC","numericCode":"222","name":"Salvadoran colon","rate":0.11066820809248,"date":"Sun, 27 Jun 2021 23:55:01 GMT","inverseRate":9.0360187197059},"cve":{"code":"CVE","alphaCode":"CVE","numericCode":"132","name":"Cape Verde escudo","rate":1.1818271604938,"date":"Sun, 27 Jun 2021 23:55:01 GMT","inverseRate":0.84614741768346},"zmw":{"code":"ZMW","alphaCode":"ZMW","numericCode":"967","name":"Zambian kwacha","rate":0.28558472553699,"date":"Sun, 27 Jun 2021 23:55:01 GMT","inverseRate":3.5015878321912},"yer":{"code":"YER","alphaCode":"YER","numericCode":"886","name":"Yemeni rial","rate":3.1794871794871,"date":"Sun, 27 Jun 2021 23:55:01 GMT","inverseRate":0.31451612903227},"dop":{"code":"DOP","alphaCode":"DOP","numericCode":"214","name":"Dominican Peso","rate":0.71986814529446,"date":"Sun, 27 Jun 2021 23:55:01 GMT","inverseRate":1.3891432848316},"nzd":{"code":"NZD","alphaCode":"NZD","numericCode":"554","name":"New Zealand Dollar","rate":0.017914113836396,"date":"Sun, 27 Jun 2021 23:55:01 GMT","inverseRate":55.821907191877},"hrk":{"code":"HRK","alphaCode":"HRK","numericCode":"191","name":"Croatian Kuna","rate":0.079558087934348,"date":"Sun, 27 Jun 2021 23:55:01 GMT","inverseRate":12.569432297383},"dzd":{"code":"DZD","alphaCode":"DZD","numericCode":"012","name":"Algerian Dinar","rate":1.6884690452478,"date":"Sun, 27 Jun 2021 23:55:01 GMT","inverseRate":0.59225249217006},"ars":{"code":"ARS","alphaCode":"ARS","numericCode":"032","name":"Argentine Peso","rate":1.2089650785097,"date":"Sun, 27 Jun 2021 23:55:01 GMT","inverseRate":0.82715375139928},"stn":{"code":"STN","alphaCode":"STN","numericCode":"930","name":"S\u00e3o Tom\u00e9 and Pr\u00edncipe Dobra","rate":0.26255622600109,"date":"Sun, 27 Jun 2021 23:55:01 GMT","inverseRate":3.8087080060171},"xpf":{"code":"XPF","alphaCode":"XPF","numericCode":"953","name":"CFP Franc","rate":1.2648045873741,"date":"Sun, 27 Jun 2021 23:55:01 GMT","inverseRate":0.79063596857764},"all":{"code":"ALL","alphaCode":"ALL","numericCode":"008","name":"Albanian lek","rate":1.2985702270816,"date":"Sun, 27 Jun 2021 23:55:01 GMT","inverseRate":0.77007772020724},"mur":{"code":"MUR","alphaCode":"MUR","numericCode":"480","name":"Mauritian Rupee","rate":0.51913232104122,"date":"Sun, 27 Jun 2021 23:55:01 GMT","inverseRate":1.9262911582818},"sos":{"code":"SOS","alphaCode":"SOS","numericCode":"706","name":"Somali shilling","rate":7.3130634071812,"date":"Sun, 27 Jun 2021 23:55:01 GMT","inverseRate":0.13674160120341},"ang":{"code":"ANG","alphaCode":"ANG","numericCode":"532","name":"Neth. Antillean Guilder","rate":0.02254938837352,"date":"Sun, 27 Jun 2021 23:55:01 GMT","inverseRate":44.347100836416},"pkr":{"code":"PKR","alphaCode":"PKR","numericCode":"586","name":"Pakistani Rupee","rate":1.9608805060005,"date":"Sun, 27 Jun 2021 23:55:01 GMT","inverseRate":0.50997498161662},"krw":{"code":"KRW","alphaCode":"KRW","numericCode":"410","name":"South Korean Won","rate":14.292415750414,"date":"Sun, 27 Jun 2021 23:55:01 GMT","inverseRate":0.069967178219751},"azn":{"code":"AZN","alphaCode":"AZN","numericCode":"944","name":"Azerbaijan Manat","rate":0.021492956649751,"date":"Sun, 27 Jun 2021 23:55:01 GMT","inverseRate":46.526870001926},"pyg":{"code":"PYG","alphaCode":"PYG","numericCode":"600","name":"Paraguayan Guaran\u00ed","rate":85.949112895869,"date":"Sun, 27 Jun 2021 23:55:01 GMT","inverseRate":0.011634791405137},"bnd":{"code":"BND","alphaCode":"BND","numericCode":"096","name":"Brunei Dollar","rate":0.017016496018203,"date":"Sun, 27 Jun 2021 23:55:01 GMT","inverseRate":58.766505097777},"kmf":{"code":"KMF","alphaCode":"KMF","numericCode":"174","name":"\tComoro franc","rate":5.24020144515,"date":"Sun, 27 Jun 2021 23:55:01 GMT","inverseRate":0.19083235834865},"szl":{"code":"SZL","alphaCode":"SZL","numericCode":"748","name":"Swazi lilangeni","rate":0.17973713856553,"date":"Sun, 27 Jun 2021 23:55:01 GMT","inverseRate":5.563680427879},"wst":{"code":"WST","alphaCode":"WST","numericCode":"882","name":"Samoan tala","rate":0.03213858859867,"date":"Sun, 27 Jun 2021 23:55:01 GMT","inverseRate":31.115243189036},"egp":{"code":"EGP","alphaCode":"EGP","numericCode":"818","name":"Egyptian Pound","rate":0.19877513407178,"date":"Sun, 27 Jun 2021 23:55:01 GMT","inverseRate":5.0308103408895},"sgd":{"code":"SGD","alphaCode":"SGD","numericCode":"702","name":"Singapore Dollar","rate":0.017013826364066,"date":"Sun, 27 Jun 2021 23:55:01 GMT","inverseRate":58.775726200664},"zar":{"code":"ZAR","alphaCode":"ZAR","numericCode":"710","name":"South African Rand","rate":0.17875198779348,"date":"Sun, 27 Jun 2021 23:55:01 GMT","inverseRate":5.5943433823816},"kgs":{"code":"KGS","alphaCode":"KGS","numericCode":"417","name":"Kyrgyzstan Som","rate":1.0597571027707,"date":"Sun, 27 Jun 2021 23:55:01 GMT","inverseRate":0.9436124536326},"crc":{"code":"CRC","alphaCode":"CRC","numericCode":"188","name":"Costa Rican Col\u00f3n","rate":7.8313489612387,"date":"Sun, 27 Jun 2021 23:55:01 GMT","inverseRate":0.12769192190892},"jmd":{"code":"JMD","alphaCode":"JMD","numericCode":"388","name":"Jamaican Dollar","rate":1.8918577075099,"date":"Sun, 27 Jun 2021 23:55:01 GMT","inverseRate":0.52858097944176},"ssp":{"code":"SSP","alphaCode":"SSP","numericCode":"728","name":"South Sudanese pound","rate":2.2486141125622,"date":"Sun, 27 Jun 2021 23:55:01 GMT","inverseRate":0.44471836871135},"ern":{"code":"ERN","alphaCode":"ERN","numericCode":"232","name":"Eritrean nakfa","rate":0.19061728395062,"date":"Sun, 27 Jun 2021 23:55:01 GMT","inverseRate":5.2461139896372},"bam":{"code":"BAM","alphaCode":"BAM","numericCode":"977","name":"Bosnia and Herzegovina convertible mark","rate":0.020931473302139,"date":"Sun, 27 Jun 2021 23:55:01 GMT","inverseRate":47.774945679425},"inr":{"code":"INR","alphaCode":"INR","numericCode":"356","name":"Indian Rupee","rate":0.9406624472599,"date":"Sun, 27 Jun 2021 23:55:01 GMT","inverseRate":1.0630806012432},"try":{"code":"TRY","alphaCode":"TRY","numericCode":"949","name":"Turkish Lira","rate":0.11045323895194,"date":"Sun, 27 Jun 2021 23:55:01 GMT","inverseRate":9.0536050322173},"twd":{"code":"TWD","alphaCode":"TWD","numericCode":"901","name":"New Taiwan Dollar ","rate":0.35373850844552,"date":"Sun, 27 Jun 2021 23:55:01 GMT","inverseRate":2.8269469569328},"tmt":{"code":"TMT","alphaCode":"TMT","numericCode":"934","name":"New Turkmenistan Manat","rate":0.044263796765544,"date":"Sun, 27 Jun 2021 23:55:01 GMT","inverseRate":22.591826121396},"mga":{"code":"MGA","alphaCode":"MGA","numericCode":"969","name":"Malagasy ariary","rate":47.864,"date":"Sun, 27 Jun 2021 23:55:01 GMT","inverseRate":0.02089252883169},"srd":{"code":"SRD","alphaCode":"SRD","numericCode":"968","name":"Surinamese dollar","rate":0.26313358988455,"date":"Sun, 27 Jun 2021 23:55:01 GMT","inverseRate":3.8003509944844},"ghs":{"code":"GHS","alphaCode":"GHS","numericCode":"936","name":"Ghanaian Cedi","rate":0.073704958423161,"date":"Sun, 27 Jun 2021 23:55:01 GMT","inverseRate":13.567608223299},"mop":{"code":"MOP","alphaCode":"MOP","numericCode":"446","name":"Macanese pataca","rate":0.10119238900634,"date":"Sun, 27 Jun 2021 23:55:01 GMT","inverseRate":9.8821661373894},"lbp":{"code":"LBP","alphaCode":"LBP","numericCode":"422","name":"Lebanese Pound","rate":19.093329917297,"date":"Sun, 27 Jun 2021 23:55:01 GMT","inverseRate":0.052374311046396},"huf":{"code":"HUF","alphaCode":"HUF","numericCode":"348","name":"Hungarian Forint","rate":3.7310140745282,"date":"Sun, 27 Jun 2021 23:55:01 GMT","inverseRate":0.26802364719743},"ngn":{"code":"NGN","alphaCode":"NGN","numericCode":"566","name":"Nigerian Naira","rate":5.1976701905062,"date":"Sun, 27 Jun 2021 23:55:01 GMT","inverseRate":0.19239389252257},"irr":{"code":"IRR","alphaCode":"IRR","numericCode":"364","name":"Iranian rial","rate":531.22083252882,"date":"Sun, 27 Jun 2021 23:55:01 GMT","inverseRate":0.0018824562945689},"ves":{"code":"VES","alphaCode":"VES","numericCode":"928","name":"Venezuelan Bolivar","rate":40221.848739495,"date":"Sun, 27 Jun 2021 23:55:01 GMT","inverseRate":2.4862109309711e-5},"sbd":{"code":"SBD","alphaCode":"SBD","numericCode":"090","name":"Solomon Islands dollar","rate":0.10308852035322,"date":"Sun, 27 Jun 2021 23:55:01 GMT","inverseRate":9.7004011365536},"mwk":{"code":"MWK","alphaCode":"MWK","numericCode":"454","name":"Malawian kwacha","rate":10.183829787234,"date":"Sun, 27 Jun 2021 23:55:01 GMT","inverseRate":0.098194885508943},"gtq":{"code":"GTQ","alphaCode":"GTQ","numericCode":"320","name":"Guatemalan Quetzal","rate":0.097781409601633,"date":"Sun, 27 Jun 2021 23:55:01 GMT","inverseRate":10.226892863112},"sek":{"code":"SEK","alphaCode":"SEK","numericCode":"752","name":"Swedish Krona","rate":0.10735125809971,"date":"Sun, 27 Jun 2021 23:55:01 GMT","inverseRate":9.3152145368538},"npr":{"code":"NPR","alphaCode":"NPR","numericCode":"524","name":"Nepalese Rupee","rate":1.5034881299776,"date":"Sun, 27 Jun 2021 23:55:01 GMT","inverseRate":0.66511998336489},"isk":{"code":"ISK","alphaCode":"ISK","numericCode":"352","name":"Icelandic Krona","rate":1.5603944940517,"date":"Sun, 27 Jun 2021 23:55:01 GMT","inverseRate":0.64086357892957},"gip":{"code":"GIP","alphaCode":"GIP","numericCode":"292","name":"Gibraltar pound","rate":0.009075814484634,"date":"Sun, 27 Jun 2021 23:55:01 GMT","inverseRate":110.18294850485},"gel":{"code":"GEL","alphaCode":"GEL","numericCode":"981","name":"Georgian lari","rate":0.041069554904159,"date":"Sun, 27 Jun 2021 23:55:01 GMT","inverseRate":24.348936878757},"mkd":{"code":"MKD","alphaCode":"MKD","numericCode":"807","name":"Macedonian denar","rate":0.65479219677689,"date":"Sun, 27 Jun 2021 23:55:01 GMT","inverseRate":1.5272020725389},"bif":{"code":"BIF","alphaCode":"BIF","numericCode":"108","name":"Burundian franc","rate":25.020386826973,"date":"Sun, 27 Jun 2021 23:55:01 GMT","inverseRate":0.039967407655024},"mmk":{"code":"MMK","alphaCode":"MMK","numericCode":"104","name":"Myanma Kyat","rate":20.810434782608,"date":"Sun, 27 Jun 2021 23:55:01 GMT","inverseRate":0.048052816312888},"mvr":{"code":"MVR","alphaCode":"MVR","numericCode":"462","name":"Maldivian rufiyaa","rate":0.19544303797468,"date":"Sun, 27 Jun 2021 23:55:01 GMT","inverseRate":5.116580310881},"kes":{"code":"KES","alphaCode":"KES","numericCode":"404","name":"Kenyan shilling","rate":1.3621720075133,"date":"Sun, 27 Jun 2021 23:55:01 GMT","inverseRate":0.7341216780879},"aed":{"code":"AED","alphaCode":"AED","numericCode":"784","name":"U.A.E Dirham","rate":0.04648294617878,"date":"Sun, 27 Jun 2021 23:55:01 GMT","inverseRate":21.513266309624},"php":{"code":"PHP","alphaCode":"PHP","numericCode":"608","name":"Philippine Peso","rate":0.61498315537484,"date":"Sun, 27 Jun 2021 23:55:01 GMT","inverseRate":1.6260607973734},"ils":{"code":"ILS","alphaCode":"ILS","numericCode":"376","name":"Israeli New Sheqel","rate":0.041176202599151,"date":"Sun, 27 Jun 2021 23:55:01 GMT","inverseRate":24.285872345611},"mro":{"code":"MRO","alphaCode":"MRO","numericCode":"478","name":"Mauritanian Ouguiya","rate":0.45912634094149,"date":"Sun, 27 Jun 2021 23:55:01 GMT","inverseRate":2.1780497236325},"cop":{"code":"COP","alphaCode":"COP","numericCode":"170","name":"Colombian Peso","rate":47.673570731616,"date":"Sun, 27 Jun 2021 23:55:01 GMT","inverseRate":0.020975982806692},"bzd":{"code":"BZD","alphaCode":"BZD","numericCode":"084","name":"Belize dollar","rate":0.025483974017677,"date":"Sun, 27 Jun 2021 23:55:01 GMT","inverseRate":39.24034765168},"gnf":{"code":"GNF","alphaCode":"GNF","numericCode":"324","name":"Guinean franc","rate":124,"date":"Sun, 27 Jun 2021 23:55:01 GMT","inverseRate":0.0080645161290325},"sll":{"code":"SLL","alphaCode":"SLL","numericCode":"694","name":"Sierra Leonean leone","rate":129.71273712737,"date":"Sun, 27 Jun 2021 23:55:01 GMT","inverseRate":0.0077093431388938},"ugx":{"code":"UGX","alphaCode":"UGX","numericCode":"800","name":"Ugandan shilling","rate":45.197355996222,"date":"Sun, 27 Jun 2021 23:55:01 GMT","inverseRate":0.02212518803276},"cny":{"code":"CNY","alphaCode":"CNY","numericCode":"156","name":"Chinese Yuan","rate":0.081855062815087,"date":"Sun, 27 Jun 2021 23:55:01 GMT","inverseRate":12.216715321067},"sar":{"code":"SAR","alphaCode":"SAR","numericCode":"682","name":"Saudi Riyal","rate":0.04754692227359,"date":"Sun, 27 Jun 2021 23:55:01 GMT","inverseRate":21.031855526755},"myr":{"code":"MYR","alphaCode":"MYR","numericCode":"458","name":"Malaysian Ringgit","rate":0.052540741082356,"date":"Sun, 27 Jun 2021 23:55:01 GMT","inverseRate":19.03284916428},"kzt":{"code":"KZT","alphaCode":"KZT","numericCode":"398","name":"Kazakhstani Tenge","rate":5.4048259035632,"date":"Sun, 27 Jun 2021 23:55:01 GMT","inverseRate":0.18501983557708},"bob":{"code":"BOB","alphaCode":"BOB","numericCode":"068","name":"Bolivian Boliviano","rate":0.087138464401344,"date":"Sun, 27 Jun 2021 23:55:01 GMT","inverseRate":11.475988323528},"gyd":{"code":"GYD","alphaCode":"GYD","numericCode":"328","name":"Guyanese dollar","rate":2.6404810503668,"date":"Sun, 27 Jun 2021 23:55:01 GMT","inverseRate":0.37871887013205},"rwf":{"code":"RWF","alphaCode":"RWF","numericCode":"646","name":"Rwandan franc","rate":12.712881806108,"date":"Sun, 27 Jun 2021 23:55:01 GMT","inverseRate":0.078660371051315},"mzn":{"code":"MZN","alphaCode":"MZN","numericCode":"943","name":"Mozambican metical","rate":0.80579124579125,"date":"Sun, 27 Jun 2021 23:55:01 GMT","inverseRate":1.2410162126024},"vuv":{"code":"VUV","alphaCode":"VUV","numericCode":"548","name":"Vanuatu vatu","rate":1.3889727219965,"date":"Sun, 27 Jun 2021 23:55:01 GMT","inverseRate":0.71995654354005},"idr":{"code":"IDR","alphaCode":"IDR","numericCode":"360","name":"Indonesian Rupiah","rate":183.10208105118,"date":"Sun, 27 Jun 2021 23:55:01 GMT","inverseRate":0.0054614343772558},"tnd":{"code":"TND","alphaCode":"TND","numericCode":"788","name":"Tunisian Dinar","rate":0.03467315251578,"date":"Sun, 27 Jun 2021 23:55:01 GMT","inverseRate":28.840757976792},"xof":{"code":"XOF","alphaCode":"XOF","numericCode":"952","name":"West African CFA Franc","rate":6.9694732188718,"date":"Sun, 27 Jun 2021 23:55:01 GMT","inverseRate":0.14348286715447},"tjs":{"code":"TJS","alphaCode":"TJS","numericCode":"972","name":"Tajikistan Ruble","rate":0.14336846799955,"date":"Sun, 27 Jun 2021 23:55:01 GMT","inverseRate":6.9750344266995},"nad":{"code":"NAD","alphaCode":"NAD","numericCode":"516","name":"Namibian dollar","rate":0.17973713856553,"date":"Sun, 27 Jun 2021 23:55:01 GMT","inverseRate":5.563680427879},"syp":{"code":"SYP","alphaCode":"SYP","numericCode":"760","name":"Syrian pound","rate":31.909333333332,"date":"Sun, 27 Jun 2021 23:55:01 GMT","inverseRate":0.031338793247536},"top":{"code":"TOP","alphaCode":"TOP","numericCode":"776","name":"Tongan pa\u02bbanga","rate":0.028008660541869,"date":"Sun, 27 Jun 2021 23:55:01 GMT","inverseRate":35.703242520475},"kwd":{"code":"KWD","alphaCode":"KWD","numericCode":"414","name":"Kuwaiti Dinar","rate":0.0038135028550903,"date":"Sun, 27 Jun 2021 23:55:01 GMT","inverseRate":262.22610497464},"czk":{"code":"CZK","alphaCode":"CZK","numericCode":"203","name":"Czech Koruna","rate":0.27041704001704,"date":"Sun, 27 Jun 2021 23:55:01 GMT","inverseRate":3.697991812709},"pgk":{"code":"PGK","alphaCode":"PGK","numericCode":"598","name":"Papua New Guinean kina","rate":0.044500177748595,"date":"Sun, 27 Jun 2021 23:55:01 GMT","inverseRate":22.471820352034},"uah":{"code":"UAH","alphaCode":"UAH","numericCode":"980","name":"Ukrainian Hryvnia","rate":0.34735808934717,"date":"Sun, 27 Jun 2021 23:55:01 GMT","inverseRate":2.8788735045135},"etb":{"code":"ETB","alphaCode":"ETB","numericCode":"230","name":"Ethiopian birr","rate":0.55334104046239,"date":"Sun, 27 Jun 2021 23:55:01 GMT","inverseRate":1.8072037439413},"xcd":{"code":"XCD","alphaCode":"XCD","numericCode":"951","name":"East Caribbean Dollar","rate":0.034257085599771,"date":"Sun, 27 Jun 2021 23:55:01 GMT","inverseRate":29.191041283637},"lak":{"code":"LAK","alphaCode":"LAK","numericCode":"418","name":"Lao kip","rate":119.95989974937,"date":"Sun, 27 Jun 2021 23:55:01 GMT","inverseRate":0.0083361190038444},"bwp":{"code":"BWP","alphaCode":"BWP","numericCode":"072","name":"Botswana Pula","rate":0.13742176284812,"date":"Sun, 27 Jun 2021 23:55:01 GMT","inverseRate":7.2768677920773},"nok":{"code":"NOK","alphaCode":"NOK","numericCode":"578","name":"Norwegian Krone","rate":0.10757482643203,"date":"Sun, 27 Jun 2021 23:55:01 GMT","inverseRate":9.2958551100417},"mad":{"code":"MAD","alphaCode":"MAD","numericCode":"504","name":"Moroccan Dirham","rate":0.11200543631362,"date":"Sun, 27 Jun 2021 23:55:01 GMT","inverseRate":8.9281380700125},"ron":{"code":"RON","alphaCode":"RON","numericCode":"946","name":"Romanian New Leu","rate":0.052275580074608,"date":"Sun, 27 Jun 2021 23:55:01 GMT","inverseRate":19.129390789596},"byn":{"code":"BYN","alphaCode":"BYN","numericCode":"933","name":"Belarussian Ruble","rate":0.032031520078512,"date":"Sun, 27 Jun 2021 23:55:01 GMT","inverseRate":31.219248963175},"rsd":{"code":"RSD","alphaCode":"RSD","numericCode":"941","name":"Serbian Dinar","rate":1.2238348612375,"date":"Sun, 27 Jun 2021 23:55:01 GMT","inverseRate":0.81710370546958},"gmd":{"code":"GMD","alphaCode":"GMD","numericCode":"270","name":"Gambian dalasi","rate":0.65657064471881,"date":"Sun, 27 Jun 2021 23:55:01 GMT","inverseRate":1.5230653518301},"awg":{"code":"AWG","alphaCode":"AWG","numericCode":"533","name":"Aruban florin","rate":0.022883916618856,"date":"Sun, 27 Jun 2021 23:55:01 GMT","inverseRate":43.698813304363},"aoa":{"code":"AOA","alphaCode":"AOA","numericCode":"973","name":"Angolan kwanza","rate":8.2524137931034,"date":"Sun, 27 Jun 2021 23:55:01 GMT","inverseRate":0.1211766672238},"khr":{"code":"KHR","alphaCode":"KHR","numericCode":"116","name":"Cambodian riel","rate":51.52206673843,"date":"Sun, 27 Jun 2021 23:55:01 GMT","inverseRate":0.019409159284639},"scr":{"code":"SCR","alphaCode":"SCR","numericCode":"690","name":"Seychelles rupee","rate":0.18948535233571,"date":"Sun, 27 Jun 2021 23:55:01 GMT","inverseRate":5.2774527828847},"bhd":{"code":"BHD","alphaCode":"BHD","numericCode":"048","name":"Bahrain Dinar","rate":0.0047716651551761,"date":"Sun, 27 Jun 2021 23:55:01 GMT","inverseRate":209.57044710383},"omr":{"code":"OMR","alphaCode":"OMR","numericCode":"512","name":"Omani Rial","rate":0.0048768581262992,"date":"Sun, 27 Jun 2021 23:55:01 GMT","inverseRate":205.05004945855},"rub":{"code":"RUB","alphaCode":"RUB","numericCode":"643","name":"Russian Rouble","rate":0.91503669821726,"date":"Sun, 27 Jun 2021 23:55:01 GMT","inverseRate":1.0928523434615},"lyd":{"code":"LYD","alphaCode":"LYD","numericCode":"434","name":"Libyan Dinar","rate":0.056433407632081,"date":"Sun, 27 Jun 2021 23:55:01 GMT","inverseRate":17.720000296979},"clp":{"code":"CLP","alphaCode":"CLP","numericCode":"152","name":"Chilean Peso","rate":9.3047404527534,"date":"Sun, 27 Jun 2021 23:55:01 GMT","inverseRate":0.10747210038557},"bsd":{"code":"BSD","alphaCode":"BSD","numericCode":"044","name":"Bahamian Dollar","rate":0.012636358836264,"date":"Sun, 27 Jun 2021 23:55:01 GMT","inverseRate":79.136720708676},"djf":{"code":"DJF","alphaCode":"DJF","numericCode":"262","name":"Djiboutian franc","rate":2.2506230309869,"date":"Sun, 27 Jun 2021 23:55:01 GMT","inverseRate":0.44432141066356},"hnl":{"code":"HNL","alphaCode":"HNL","numericCode":"340","name":"Honduran Lempira","rate":0.30293670886075,"date":"Sun, 27 Jun 2021 23:55:01 GMT","inverseRate":3.301019555407},"tzs":{"code":"TZS","alphaCode":"TZS","numericCode":"834","name":"Tanzanian shilling","rate":29.310471524801,"date":"Sun, 27 Jun 2021 23:55:01 GMT","inverseRate":0.03411749958215},"bbd":{"code":"BBD","alphaCode":"BBD","numericCode":"052","name":"Barbadian Dollar","rate":0.025374266261123,"date":"Sun, 27 Jun 2021 23:55:01 GMT","inverseRate":39.410006567643},"bdt":{"code":"BDT","alphaCode":"BDT","numericCode":"050","name":"Bangladeshi taka","rate":1.0726748189289,"date":"Sun, 27 Jun 2021 23:55:01 GMT","inverseRate":0.93224897457607},"qar":{"code":"QAR","alphaCode":"QAR","numericCode":"634","name":"Qatari Rial","rate":0.046379498959319,"date":"Sun, 27 Jun 2021 23:55:01 GMT","inverseRate":21.561250605082},"mxn":{"code":"MXN","alphaCode":"MXN","numericCode":"484","name":"Mexican Peso","rate":0.25099753345295,"date":"Sun, 27 Jun 2021 23:55:01 GMT","inverseRate":3.9841028963236},"amd":{"code":"AMD","alphaCode":"AMD","numericCode":"051","name":"Armenia Dram","rate":6.5638275979349,"date":"Sun, 27 Jun 2021 23:55:01 GMT","inverseRate":0.15235013185213},"uyu":{"code":"UYU","alphaCode":"UYU","numericCode":"858","name":"Uruguayan Peso","rate":0.55185354937787,"date":"Sun, 27 Jun 2021 23:55:01 GMT","inverseRate":1.8120749628726},"fjd":{"code":"FJD","alphaCode":"FJD","numericCode":"242","name":"Fiji Dollar","rate":0.026076818305639,"date":"Sun, 27 Jun 2021 23:55:01 GMT","inverseRate":38.348236670567},"cdf":{"code":"CDF","alphaCode":"CDF","numericCode":"976","name":"Congolese franc","rate":25.138655462184,"date":"Sun, 27 Jun 2021 23:55:01 GMT","inverseRate":0.039779374895538},"lsl":{"code":"LSL","alphaCode":"LSL","numericCode":"426","name":"Lesotho loti","rate":0.17980465815176,"date":"Sun, 27 Jun 2021 23:55:01 GMT","inverseRate":5.5615911749959},"mnt":{"code":"MNT","alphaCode":"MNT","numericCode":"496","name":"Mongolian togrog","rate":36.042168674698,"date":"Sun, 27 Jun 2021 23:55:01 GMT","inverseRate":0.027745278288485},"brl":{"code":"BRL","alphaCode":"BRL","numericCode":"986","name":"Brazilian Real","rate":0.063368600125133,"date":"Sun, 27 Jun 2021 23:55:01 GMT","inverseRate":15.780686302448},"hkd":{"code":"HKD","alphaCode":"HKD","numericCode":"344","name":"Hong Kong Dollar","rate":0.098413633355613,"date":"Sun, 27 Jun 2021 23:55:01 GMT","inverseRate":10.161193788939},"thb":{"code":"THB","alphaCode":"THB","numericCode":"764","name":"Thai Baht","rate":0.40069815475563,"date":"Sun, 27 Jun 2021 23:55:01 GMT","inverseRate":2.4956441354462},"xaf":{"code":"XAF","alphaCode":"XAF","numericCode":"950","name":"Central African CFA Franc","rate":6.9753818022595,"date":"Sun, 27 Jun 2021 23:55:01 GMT","inverseRate":0.14336132821806},"mdl":{"code":"MDL","alphaCode":"MDL","numericCode":"498","name":"Moldova Lei","rate":0.22811625048286,"date":"Sun, 27 Jun 2021 23:55:01 GMT","inverseRate":4.3837297776168},"nio":{"code":"NIO","alphaCode":"NIO","numericCode":"558","name":"Nicaraguan C\u00f3rdoba","rate":0.44346695744575,"date":"Sun, 27 Jun 2021 23:55:01 GMT","inverseRate":2.2549594354441},"lrd":{"code":"LRD","alphaCode":"LRD","numericCode":"430","name":"Liberian dollar","rate":2.1657918552037,"date":"Sun, 27 Jun 2021 23:55:01 GMT","inverseRate":0.46172488718033},"sdg":{"code":"SDG","alphaCode":"SDG","numericCode":"938","name":"Sudanese pound","rate":5.5655813953487,"date":"Sun, 27 Jun 2021 23:55:01 GMT","inverseRate":0.17967574795254},"mru":{"code":"MRU","alphaCode":"MRU","numericCode":"929","name":"Mauritanian ouguiya","rate":0.4567175572519,"date":"Sun, 27 Jun 2021 23:55:01 GMT","inverseRate":2.1895370215611},"dkk":{"code":"DKK","alphaCode":"DKK","numericCode":"208","name":"Danish Krone","rate":0.078918378074033,"date":"Sun, 27 Jun 2021 23:55:01 GMT","inverseRate":12.67131971544},"jod":{"code":"JOD","alphaCode":"JOD","numericCode":"400","name":"Jordanian Dinar","rate":0.0089833129184769,"date":"Sun, 27 Jun 2021 23:55:01 GMT","inverseRate":111.3175071463},"bgn":{"code":"BGN","alphaCode":"BGN","numericCode":"975","name":"Bulgarian Lev","rate":0.020756405130152,"date":"Sun, 27 Jun 2021 23:55:01 GMT","inverseRate":48.177899483536},"vnd":{"code":"VND","alphaCode":"VND","numericCode":"704","name":"Vietnamese Dong","rate":291.63850324968,"date":"Sun, 27 Jun 2021 23:55:01 GMT","inverseRate":0.0034289025243826},"uzs":{"code":"UZS","alphaCode":"UZS","numericCode":"860","name":"Uzbekistan Sum","rate":133.68107622285,"date":"Sun, 27 Jun 2021 23:55:01 GMT","inverseRate":0.007480490345043},"pab":{"code":"PAB","alphaCode":"PAB","numericCode":"590","name":"Panamanian Balboa","rate":0.012636358836264,"date":"Sun, 27 Jun 2021 23:55:01 GMT","inverseRate":79.136720708676},"ttd":{"code":"TTD","alphaCode":"TTD","numericCode":"780","name":"Trinidad Tobago Dollar","rate":0.085931777378812,"date":"Sun, 27 Jun 2021 23:55:01 GMT","inverseRate":11.637138559252},"htg":{"code":"HTG","alphaCode":"HTG","numericCode":"332","name":"Haitian gourde","rate":1.1876923076923,"date":"Sun, 27 Jun 2021 23:55:01 GMT","inverseRate":0.8419689119171},"cup":{"code":"CUP","alphaCode":"CUP","numericCode":"192","name":"Cuban peso","rate":0.012636358836264,"date":"Sun, 27 Jun 2021 23:55:01 GMT","inverseRate":79.136720708676}}