{"usd":{"code":"USD","alphaCode":"USD","numericCode":"840","name":"U.S. Dollar","rate":0.00976423216509,"date":"Sun, 27 Jun 2021 23:55:01 GMT","inverseRate":102.41460701593},"eur":{"code":"EUR","alphaCode":"EUR","numericCode":"978","name":"Euro","rate":0.008174114328655,"date":"Sun, 27 Jun 2021 23:55:01 GMT","inverseRate":122.33741293469},"gbp":{"code":"GBP","alphaCode":"GBP","numericCode":"826","name":"U.K. Pound Sterling","rate":0.0070212881930224,"date":"Sun, 27 Jun 2021 23:55:01 GMT","inverseRate":142.42400717774},"jpy":{"code":"JPY","alphaCode":"JPY","numericCode":"392","name":"Japanese Yen","rate":1.0812211751958,"date":"Sun, 27 Jun 2021 23:55:01 GMT","inverseRate":0.92488014750442},"aud":{"code":"AUD","alphaCode":"AUD","numericCode":"036","name":"Australian Dollar","rate":0.01285280248683,"date":"Sun, 27 Jun 2021 23:55:01 GMT","inverseRate":77.804043205725},"chf":{"code":"CHF","alphaCode":"CHF","numericCode":"756","name":"Swiss Franc","rate":0.0089539447496178,"date":"Sun, 27 Jun 2021 23:55:01 GMT","inverseRate":111.68261899792},"cad":{"code":"CAD","alphaCode":"CAD","numericCode":"124","name":"Canadian Dollar","rate":0.012009950003872,"date":"Sun, 27 Jun 2021 23:55:01 GMT","inverseRate":83.264293329915},"lkr":{"code":"LKR","alphaCode":"LKR","numericCode":"144","name":"Sri Lanka Rupee","rate":1.9401652698083,"date":"Sun, 27 Jun 2021 23:55:01 GMT","inverseRate":0.51542000857423},"pln":{"code":"PLN","alphaCode":"PLN","numericCode":"985","name":"Polish Zloty","rate":0.036867611250627,"date":"Sun, 27 Jun 2021 23:55:01 GMT","inverseRate":27.124078997199},"pen":{"code":"PEN","alphaCode":"PEN","numericCode":"604","name":"Peruvian Nuevo Sol","rate":0.038863607781426,"date":"Sun, 27 Jun 2021 23:55:01 GMT","inverseRate":25.731013075886},"iqd":{"code":"IQD","alphaCode":"IQD","numericCode":"368","name":"Iraqi dinar","rate":14.217756570585,"date":"Sun, 27 Jun 2021 23:55:01 GMT","inverseRate":0.070334584435698},"svc":{"code":"SVC","alphaCode":"SVC","numericCode":"222","name":"Salvadoran colon","rate":0.085223121387281,"date":"Sun, 27 Jun 2021 23:55:01 GMT","inverseRate":11.733904880762},"cve":{"code":"CVE","alphaCode":"CVE","numericCode":"132","name":"Cape Verde escudo","rate":0.91009876543206,"date":"Sun, 27 Jun 2021 23:55:01 GMT","inverseRate":1.0987818443257},"zmw":{"code":"ZMW","alphaCode":"ZMW","numericCode":"967","name":"Zambian kwacha","rate":0.21992243436754,"date":"Sun, 27 Jun 2021 23:55:01 GMT","inverseRate":4.5470577063947},"yer":{"code":"YER","alphaCode":"YER","numericCode":"886","name":"Yemeni rial","rate":2.4484522386076,"date":"Sun, 27 Jun 2021 23:55:01 GMT","inverseRate":0.40842128109825},"dop":{"code":"DOP","alphaCode":"DOP","numericCode":"214","name":"Dominican Peso","rate":0.55435442017817,"date":"Sun, 27 Jun 2021 23:55:01 GMT","inverseRate":1.8039001108327},"nzd":{"code":"NZD","alphaCode":"NZD","numericCode":"554","name":"New Zealand Dollar","rate":0.013795259942665,"date":"Sun, 27 Jun 2021 23:55:01 GMT","inverseRate":72.488666698284},"hrk":{"code":"HRK","alphaCode":"HRK","numericCode":"191","name":"Croatian Kuna","rate":0.06126591098053,"date":"Sun, 27 Jun 2021 23:55:01 GMT","inverseRate":16.322290552699},"dzd":{"code":"DZD","alphaCode":"DZD","numericCode":"012","name":"Algerian Dinar","rate":1.3002523930049,"date":"Sun, 27 Jun 2021 23:55:01 GMT","inverseRate":0.76908145324692},"ars":{"code":"ARS","alphaCode":"ARS","numericCode":"032","name":"Argentine Peso","rate":0.9309970714689,"date":"Sun, 27 Jun 2021 23:55:01 GMT","inverseRate":1.074117234786},"stn":{"code":"STN","alphaCode":"STN","numericCode":"930","name":"S\u00e3o Tom\u00e9 and Pr\u00edncipe Dobra","rate":0.20218869994514,"date":"Sun, 27 Jun 2021 23:55:01 GMT","inverseRate":4.9458748202612},"xpf":{"code":"XPF","alphaCode":"XPF","numericCode":"953","name":"CFP Franc","rate":0.97399783315274,"date":"Sun, 27 Jun 2021 23:55:01 GMT","inverseRate":1.0266963292548},"mur":{"code":"MUR","alphaCode":"MUR","numericCode":"480","name":"Mauritian Rupee","rate":0.39977223427332,"date":"Sun, 27 Jun 2021 23:55:01 GMT","inverseRate":2.5014243468353},"sos":{"code":"SOS","alphaCode":"SOS","numericCode":"706","name":"Somali shilling","rate":5.6316271963331,"date":"Sun, 27 Jun 2021 23:55:01 GMT","inverseRate":0.17756857212621},"ang":{"code":"ANG","alphaCode":"ANG","numericCode":"532","name":"Neth. Antillean Guilder","rate":0.017364781590748,"date":"Sun, 27 Jun 2021 23:55:01 GMT","inverseRate":57.587824803556},"pkr":{"code":"PKR","alphaCode":"PKR","numericCode":"586","name":"Pakistani Rupee","rate":1.5100303896597,"date":"Sun, 27 Jun 2021 23:55:01 GMT","inverseRate":0.66223832768383},"krw":{"code":"KRW","alphaCode":"KRW","numericCode":"410","name":"South Korean Won","rate":11.006270937333,"date":"Sun, 27 Jun 2021 23:55:01 GMT","inverseRate":0.090857294509082},"azn":{"code":"AZN","alphaCode":"AZN","numericCode":"944","name":"Azerbaijan Manat","rate":0.016551247057353,"date":"Sun, 27 Jun 2021 23:55:01 GMT","inverseRate":60.418408143798},"pyg":{"code":"PYG","alphaCode":"PYG","numericCode":"600","name":"Paraguayan Guaran\u00ed","rate":66.187496912686,"date":"Sun, 27 Jun 2021 23:55:01 GMT","inverseRate":0.015108593717016},"bnd":{"code":"BND","alphaCode":"BND","numericCode":"096","name":"Brunei Dollar","rate":0.013104024459613,"date":"Sun, 27 Jun 2021 23:55:01 GMT","inverseRate":76.312433869612},"kmf":{"code":"KMF","alphaCode":"KMF","numericCode":"174","name":"\tComoro franc","rate":4.0353623823078,"date":"Sun, 27 Jun 2021 23:55:01 GMT","inverseRate":0.24780921891533},"szl":{"code":"SZL","alphaCode":"SZL","numericCode":"748","name":"Swazi lilangeni","rate":0.13841156590311,"date":"Sun, 27 Jun 2021 23:55:01 GMT","inverseRate":7.2248297566403},"wst":{"code":"WST","alphaCode":"WST","numericCode":"882","name":"Samoan tala","rate":0.024749211038742,"date":"Sun, 27 Jun 2021 23:55:01 GMT","inverseRate":40.405328413686},"egp":{"code":"EGP","alphaCode":"EGP","numericCode":"818","name":"Egyptian Pound","rate":0.15307230207988,"date":"Sun, 27 Jun 2021 23:55:01 GMT","inverseRate":6.5328605267734},"sgd":{"code":"SGD","alphaCode":"SGD","numericCode":"702","name":"Singapore Dollar","rate":0.013101968618442,"date":"Sun, 27 Jun 2021 23:55:01 GMT","inverseRate":76.324408119282},"zar":{"code":"ZAR","alphaCode":"ZAR","numericCode":"710","name":"South African Rand","rate":0.13765292324251,"date":"Sun, 27 Jun 2021 23:55:01 GMT","inverseRate":7.2646477564318},"kgs":{"code":"KGS","alphaCode":"KGS","numericCode":"417","name":"Kyrgyzstan Som","rate":0.81609533367506,"date":"Sun, 27 Jun 2021 23:55:01 GMT","inverseRate":1.2253470381907},"crc":{"code":"CRC","alphaCode":"CRC","numericCode":"188","name":"Costa Rican Col\u00f3n","rate":6.030747354218,"date":"Sun, 27 Jun 2021 23:55:01 GMT","inverseRate":0.16581692802975},"jmd":{"code":"JMD","alphaCode":"JMD","numericCode":"388","name":"Jamaican Dollar","rate":1.4568774703557,"date":"Sun, 27 Jun 2021 23:55:01 GMT","inverseRate":0.6863995225047},"ssp":{"code":"SSP","alphaCode":"SSP","numericCode":"728","name":"South Sudanese pound","rate":1.7316076294278,"date":"Sun, 27 Jun 2021 23:55:01 GMT","inverseRate":0.57749803304486},"ern":{"code":"ERN","alphaCode":"ERN","numericCode":"232","name":"Eritrean nakfa","rate":0.14679012345679,"date":"Sun, 27 Jun 2021 23:55:01 GMT","inverseRate":6.8124474348192},"bam":{"code":"BAM","alphaCode":"BAM","numericCode":"977","name":"Bosnia and Herzegovina convertible mark","rate":0.01611886124109,"date":"Sun, 27 Jun 2021 23:55:01 GMT","inverseRate":62.039122059742},"inr":{"code":"INR","alphaCode":"INR","numericCode":"356","name":"Indian Rupee","rate":0.72438319287047,"date":"Sun, 27 Jun 2021 23:55:01 GMT","inverseRate":1.3804848177625},"try":{"code":"TRY","alphaCode":"TRY","numericCode":"949","name":"Turkish Lira","rate":0.085057578441618,"date":"Sun, 27 Jun 2021 23:55:01 GMT","inverseRate":11.756741942593},"twd":{"code":"TWD","alphaCode":"TWD","numericCode":"901","name":"New Taiwan Dollar ","rate":0.27240614413323,"date":"Sun, 27 Jun 2021 23:55:01 GMT","inverseRate":3.6709891518119},"tmt":{"code":"TMT","alphaCode":"TMT","numericCode":"934","name":"New Turkmenistan Manat","rate":0.034086563700927,"date":"Sun, 27 Jun 2021 23:55:01 GMT","inverseRate":29.33707277665},"mga":{"code":"MGA","alphaCode":"MGA","numericCode":"969","name":"Malagasy ariary","rate":36.858999999999,"date":"Sun, 27 Jun 2021 23:55:01 GMT","inverseRate":0.027130415909276},"srd":{"code":"SRD","alphaCode":"SRD","numericCode":"968","name":"Surinamese dollar","rate":0.20263331500824,"date":"Sun, 27 Jun 2021 23:55:01 GMT","inverseRate":4.9350226538974},"ghs":{"code":"GHS","alphaCode":"GHS","numericCode":"936","name":"Ghanaian Cedi","rate":0.056758546350477,"date":"Sun, 27 Jun 2021 23:55:01 GMT","inverseRate":17.618492091484},"mop":{"code":"MOP","alphaCode":"MOP","numericCode":"446","name":"Macanese pataca","rate":0.077926004228328,"date":"Sun, 27 Jun 2021 23:55:01 GMT","inverseRate":12.832686725088},"lbp":{"code":"LBP","alphaCode":"LBP","numericCode":"422","name":"Lebanese Pound","rate":14.703347973877,"date":"Sun, 27 Jun 2021 23:55:01 GMT","inverseRate":0.068011720988761},"huf":{"code":"HUF","alphaCode":"HUF","numericCode":"348","name":"Hungarian Forint","rate":2.8731708125738,"date":"Sun, 27 Jun 2021 23:55:01 GMT","inverseRate":0.3480475284044},"ngn":{"code":"NGN","alphaCode":"NGN","numericCode":"566","name":"Nigerian Naira","rate":4.0026100106942,"date":"Sun, 27 Jun 2021 23:55:01 GMT","inverseRate":0.24983698070214},"irr":{"code":"IRR","alphaCode":"IRR","numericCode":"364","name":"Iranian rial","rate":409.08132764039,"date":"Sun, 27 Jun 2021 23:55:01 GMT","inverseRate":0.0024445016979095},"ves":{"code":"VES","alphaCode":"VES","numericCode":"928","name":"Venezuelan Bolivar","rate":30973.949579831,"date":"Sun, 27 Jun 2021 23:55:01 GMT","inverseRate":3.228519493204e-5},"sbd":{"code":"SBD","alphaCode":"SBD","numericCode":"090","name":"Solomon Islands dollar","rate":0.079386172733145,"date":"Sun, 27 Jun 2021 23:55:01 GMT","inverseRate":12.596652106677},"mwk":{"code":"MWK","alphaCode":"MWK","numericCode":"454","name":"Malawian kwacha","rate":7.8423404255317,"date":"Sun, 27 Jun 2021 23:55:01 GMT","inverseRate":0.1275129547736},"gtq":{"code":"GTQ","alphaCode":"GTQ","numericCode":"320","name":"Guatemalan Quetzal","rate":0.075299284984676,"date":"Sun, 27 Jun 2021 23:55:01 GMT","inverseRate":13.280338587591},"sek":{"code":"SEK","alphaCode":"SEK","numericCode":"752","name":"Swedish Krona","rate":0.082668812098807,"date":"Sun, 27 Jun 2021 23:55:01 GMT","inverseRate":12.096460256436},"npr":{"code":"NPR","alphaCode":"NPR","numericCode":"524","name":"Nepalese Rupee","rate":1.1578027114918,"date":"Sun, 27 Jun 2021 23:55:01 GMT","inverseRate":0.86370500783465},"isk":{"code":"ISK","alphaCode":"ISK","numericCode":"352","name":"Icelandic Krona","rate":1.2016250346033,"date":"Sun, 27 Jun 2021 23:55:01 GMT","inverseRate":0.8322063632189},"gip":{"code":"GIP","alphaCode":"GIP","numericCode":"292","name":"Gibraltar pound","rate":0.0069890825273508,"date":"Sun, 27 Jun 2021 23:55:01 GMT","inverseRate":143.08029646046},"gel":{"code":"GEL","alphaCode":"GEL","numericCode":"981","name":"Georgian lari","rate":0.031626749210521,"date":"Sun, 27 Jun 2021 23:55:01 GMT","inverseRate":31.618804491842},"mkd":{"code":"MKD","alphaCode":"MKD","numericCode":"807","name":"Macedonian denar","rate":0.50424088210344,"date":"Sun, 27 Jun 2021 23:55:01 GMT","inverseRate":1.9831791421364},"bif":{"code":"BIF","alphaCode":"BIF","numericCode":"108","name":"Burundian franc","rate":19.267642446418,"date":"Sun, 27 Jun 2021 23:55:01 GMT","inverseRate":0.051900485634447},"mmk":{"code":"MMK","alphaCode":"MMK","numericCode":"104","name":"Myanma Kyat","rate":16.025652173912,"date":"Sun, 27 Jun 2021 23:55:01 GMT","inverseRate":0.062399956591338},"mvr":{"code":"MVR","alphaCode":"MVR","numericCode":"462","name":"Maldivian rufiyaa","rate":0.15050632911392,"date":"Sun, 27 Jun 2021 23:55:01 GMT","inverseRate":6.644238856182},"kes":{"code":"KES","alphaCode":"KES","numericCode":"404","name":"Kenyan shilling","rate":1.0489783140759,"date":"Sun, 27 Jun 2021 23:55:01 GMT","inverseRate":0.95330855422013},"aed":{"code":"AED","alphaCode":"AED","numericCode":"784","name":"U.A.E Dirham","rate":0.035795481221871,"date":"Sun, 27 Jun 2021 23:55:01 GMT","inverseRate":27.936487116955},"php":{"code":"PHP","alphaCode":"PHP","numericCode":"608","name":"Philippine Peso","rate":0.47358482625691,"date":"Sun, 27 Jun 2021 23:55:01 GMT","inverseRate":2.1115541388936},"ils":{"code":"ILS","alphaCode":"ILS","numericCode":"376","name":"Israeli New Sheqel","rate":0.031708876224345,"date":"Sun, 27 Jun 2021 23:55:01 GMT","inverseRate":31.536910766715},"mro":{"code":"MRO","alphaCode":"MRO","numericCode":"478","name":"Mauritanian Ouguiya","rate":0.35356296591931,"date":"Sun, 27 Jun 2021 23:55:01 GMT","inverseRate":2.8283505242125},"cop":{"code":"COP","alphaCode":"COP","numericCode":"170","name":"Colombian Peso","rate":36.712354663142,"date":"Sun, 27 Jun 2021 23:55:01 GMT","inverseRate":0.027238786756546},"bzd":{"code":"BZD","alphaCode":"BZD","numericCode":"084","name":"Belize dollar","rate":0.019624640613353,"date":"Sun, 27 Jun 2021 23:55:01 GMT","inverseRate":50.956347160803},"gnf":{"code":"GNF","alphaCode":"GNF","numericCode":"324","name":"Guinean franc","rate":95.489637305696,"date":"Sun, 27 Jun 2021 23:55:01 GMT","inverseRate":0.010472340540981},"sll":{"code":"SLL","alphaCode":"SLL","numericCode":"694","name":"Sierra Leonean leone","rate":99.888888888884,"date":"Sun, 27 Jun 2021 23:55:01 GMT","inverseRate":0.010011123470523},"ugx":{"code":"UGX","alphaCode":"UGX","numericCode":"800","name":"Ugandan shilling","rate":34.805476864966,"date":"Sun, 27 Jun 2021 23:55:01 GMT","inverseRate":0.028731110447924},"cny":{"code":"CNY","alphaCode":"CNY","numericCode":"156","name":"Chinese Yuan","rate":0.063034760160062,"date":"Sun, 27 Jun 2021 23:55:01 GMT","inverseRate":15.86426278867},"sar":{"code":"SAR","alphaCode":"SAR","numericCode":"682","name":"Saudi Riyal","rate":0.036614825507317,"date":"Sun, 27 Jun 2021 23:55:01 GMT","inverseRate":27.311341407326},"myr":{"code":"MYR","alphaCode":"MYR","numericCode":"458","name":"Malaysian Ringgit","rate":0.0404604541107,"date":"Sun, 27 Jun 2021 23:55:01 GMT","inverseRate":24.71549126127},"kzt":{"code":"KZT","alphaCode":"KZT","numericCode":"398","name":"Kazakhstani Tenge","rate":4.162136009933,"date":"Sun, 27 Jun 2021 23:55:01 GMT","inverseRate":0.24026124989993},"bob":{"code":"BOB","alphaCode":"BOB","numericCode":"068","name":"Bolivian Boliviano","rate":0.067103390008547,"date":"Sun, 27 Jun 2021 23:55:01 GMT","inverseRate":14.90237676327},"gyd":{"code":"GYD","alphaCode":"GYD","numericCode":"328","name":"Guyanese dollar","rate":2.0333756275169,"date":"Sun, 27 Jun 2021 23:55:01 GMT","inverseRate":0.49179304918747},"rwf":{"code":"RWF","alphaCode":"RWF","numericCode":"646","name":"Rwandan franc","rate":9.7899070385121,"date":"Sun, 27 Jun 2021 23:55:01 GMT","inverseRate":0.10214601589843},"mzn":{"code":"MZN","alphaCode":"MZN","numericCode":"943","name":"Mozambican metical","rate":0.62052188552188,"date":"Sun, 27 Jun 2021 23:55:01 GMT","inverseRate":1.611546705011},"vuv":{"code":"VUV","alphaCode":"VUV","numericCode":"548","name":"Vanuatu vatu","rate":1.0696169471851,"date":"Sun, 27 Jun 2021 23:55:01 GMT","inverseRate":0.93491413223369},"idr":{"code":"IDR","alphaCode":"IDR","numericCode":"360","name":"Indonesian Rupiah","rate":141.0028331411,"date":"Sun, 27 Jun 2021 23:55:01 GMT","inverseRate":0.0070920560794643},"tnd":{"code":"TND","alphaCode":"TND","numericCode":"788","name":"Tunisian Dinar","rate":0.02670102224175,"date":"Sun, 27 Jun 2021 23:55:01 GMT","inverseRate":37.451749635128},"xof":{"code":"XOF","alphaCode":"XOF","numericCode":"952","name":"West African CFA Franc","rate":5.3670360474343,"date":"Sun, 27 Jun 2021 23:55:01 GMT","inverseRate":0.18632257938309},"tjs":{"code":"TJS","alphaCode":"TJS","numericCode":"972","name":"Tajikistan Ruble","rate":0.1104048629867,"date":"Sun, 27 Jun 2021 23:55:01 GMT","inverseRate":9.0575720393812},"afn":{"code":"AFN","alphaCode":"AFN","numericCode":"971","name":"Afghan afghani","rate":0.77007772020724,"date":"Sun, 27 Jun 2021 23:55:01 GMT","inverseRate":1.2985702270816},"nad":{"code":"NAD","alphaCode":"NAD","numericCode":"516","name":"Namibian dollar","rate":0.13841156590311,"date":"Sun, 27 Jun 2021 23:55:01 GMT","inverseRate":7.2248297566403},"syp":{"code":"SYP","alphaCode":"SYP","numericCode":"760","name":"Syrian pound","rate":24.572666666666,"date":"Sun, 27 Jun 2021 23:55:01 GMT","inverseRate":0.040695623863916},"top":{"code":"TOP","alphaCode":"TOP","numericCode":"776","name":"Tongan pa\u02bbanga","rate":0.021568845456141,"date":"Sun, 27 Jun 2021 23:55:01 GMT","inverseRate":46.363167747363},"kwd":{"code":"KWD","alphaCode":"KWD","numericCode":"414","name":"Kuwaiti Dinar","rate":0.0029366935846517,"date":"Sun, 27 Jun 2021 23:55:01 GMT","inverseRate":340.51901268364},"czk":{"code":"CZK","alphaCode":"CZK","numericCode":"203","name":"Czech Koruna","rate":0.20824213768151,"date":"Sun, 27 Jun 2021 23:55:01 GMT","inverseRate":4.8021020679754},"pgk":{"code":"PGK","alphaCode":"PGK","numericCode":"598","name":"Papua New Guinean kina","rate":0.034268595429455,"date":"Sun, 27 Jun 2021 23:55:01 GMT","inverseRate":29.181236857478},"uah":{"code":"UAH","alphaCode":"UAH","numericCode":"980","name":"Ukrainian Hryvnia","rate":0.26749272554001,"date":"Sun, 27 Jun 2021 23:55:01 GMT","inverseRate":3.7384194204953},"etb":{"code":"ETB","alphaCode":"ETB","numericCode":"230","name":"Ethiopian birr","rate":0.42611560693638,"date":"Sun, 27 Jun 2021 23:55:01 GMT","inverseRate":2.3467809761526},"xcd":{"code":"XCD","alphaCode":"XCD","numericCode":"951","name":"East Caribbean Dollar","rate":0.026380618379616,"date":"Sun, 27 Jun 2021 23:55:01 GMT","inverseRate":37.906617108441},"lak":{"code":"LAK","alphaCode":"LAK","numericCode":"418","name":"Lao kip","rate":92.378446115285,"date":"Sun, 27 Jun 2021 23:55:01 GMT","inverseRate":0.010825035947801},"bwp":{"code":"BWP","alphaCode":"BWP","numericCode":"072","name":"Botswana Pula","rate":0.10582543784094,"date":"Sun, 27 Jun 2021 23:55:01 GMT","inverseRate":9.4495238612006},"nok":{"code":"NOK","alphaCode":"NOK","numericCode":"578","name":"Norwegian Krone","rate":0.082840977090465,"date":"Sun, 27 Jun 2021 23:55:01 GMT","inverseRate":12.071320681164},"mad":{"code":"MAD","alphaCode":"MAD","numericCode":"504","name":"Moroccan Dirham","rate":0.086252891047211,"date":"Sun, 27 Jun 2021 23:55:01 GMT","inverseRate":11.593814280992},"ron":{"code":"RON","alphaCode":"RON","numericCode":"946","name":"Romanian New Leu","rate":0.040256259526365,"date":"Sun, 27 Jun 2021 23:55:01 GMT","inverseRate":24.840857341578},"byn":{"code":"BYN","alphaCode":"BYN","numericCode":"933","name":"Belarussian Ruble","rate":0.024666759956833,"date":"Sun, 27 Jun 2021 23:55:01 GMT","inverseRate":40.540387215428},"rsd":{"code":"RSD","alphaCode":"RSD","numericCode":"941","name":"Serbian Dinar","rate":0.94244795985191,"date":"Sun, 27 Jun 2021 23:55:01 GMT","inverseRate":1.0610665443609},"gmd":{"code":"GMD","alphaCode":"GMD","numericCode":"270","name":"Gambian dalasi","rate":0.50561042524006,"date":"Sun, 27 Jun 2021 23:55:01 GMT","inverseRate":1.9778073197862},"awg":{"code":"AWG","alphaCode":"AWG","numericCode":"533","name":"Aruban florin","rate":0.017622394339261,"date":"Sun, 27 Jun 2021 23:55:01 GMT","inverseRate":56.745977915843},"aoa":{"code":"AOA","alphaCode":"AOA","numericCode":"973","name":"Angolan kwanza","rate":6.3549999999999,"date":"Sun, 27 Jun 2021 23:55:01 GMT","inverseRate":0.1573564122738},"khr":{"code":"KHR","alphaCode":"KHR","numericCode":"116","name":"Cambodian riel","rate":39.675995694295,"date":"Sun, 27 Jun 2021 23:55:01 GMT","inverseRate":0.025204156379717},"scr":{"code":"SCR","alphaCode":"SCR","numericCode":"690","name":"Seychelles rupee","rate":0.14591844813935,"date":"Sun, 27 Jun 2021 23:55:01 GMT","inverseRate":6.8531430586831},"bhd":{"code":"BHD","alphaCode":"BHD","numericCode":"048","name":"Bahrain Dinar","rate":0.0036745530242903,"date":"Sun, 27 Jun 2021 23:55:01 GMT","inverseRate":272.14194308521},"omr":{"code":"OMR","alphaCode":"OMR","numericCode":"512","name":"Omani Rial","rate":0.0037555597876747,"date":"Sun, 27 Jun 2021 23:55:01 GMT","inverseRate":266.27188928849},"rub":{"code":"RUB","alphaCode":"RUB","numericCode":"643","name":"Russian Rouble","rate":0.70464937446911,"date":"Sun, 27 Jun 2021 23:55:01 GMT","inverseRate":1.4191455158154},"lyd":{"code":"LYD","alphaCode":"LYD","numericCode":"434","name":"Libyan Dinar","rate":0.043458109892839,"date":"Sun, 27 Jun 2021 23:55:01 GMT","inverseRate":23.010664809534},"clp":{"code":"CLP","alphaCode":"CLP","numericCode":"152","name":"Chilean Peso","rate":7.1653733149764,"date":"Sun, 27 Jun 2021 23:55:01 GMT","inverseRate":0.13956006980263},"bsd":{"code":"BSD","alphaCode":"BSD","numericCode":"044","name":"Bahamian Dollar","rate":0.0097309784043505,"date":"Sun, 27 Jun 2021 23:55:01 GMT","inverseRate":102.76458938116},"djf":{"code":"DJF","alphaCode":"DJF","numericCode":"262","name":"Djiboutian franc","rate":1.7331546527483,"date":"Sun, 27 Jun 2021 23:55:01 GMT","inverseRate":0.57698255514259},"hnl":{"code":"HNL","alphaCode":"HNL","numericCode":"340","name":"Honduran Lempira","rate":0.23328481012657,"date":"Sun, 27 Jun 2021 23:55:01 GMT","inverseRate":4.2866057136657},"tzs":{"code":"TZS","alphaCode":"TZS","numericCode":"834","name":"Tanzanian shilling","rate":22.571341090018,"date":"Sun, 27 Jun 2021 23:55:01 GMT","inverseRate":0.044303969179848},"bbd":{"code":"BBD","alphaCode":"BBD","numericCode":"052","name":"Barbadian Dollar","rate":0.019540157114297,"date":"Sun, 27 Jun 2021 23:55:01 GMT","inverseRate":51.176661177832},"bdt":{"code":"BDT","alphaCode":"BDT","numericCode":"050","name":"Bangladeshi taka","rate":0.82604297908445,"date":"Sun, 27 Jun 2021 23:55:01 GMT","inverseRate":1.2105907626118},"qar":{"code":"QAR","alphaCode":"QAR","numericCode":"634","name":"Qatari Rial","rate":0.035715818822946,"date":"Sun, 27 Jun 2021 23:55:01 GMT","inverseRate":27.998798094404},"mxn":{"code":"MXN","alphaCode":"MXN","numericCode":"484","name":"Mexican Peso","rate":0.19328760833909,"date":"Sun, 27 Jun 2021 23:55:01 GMT","inverseRate":5.1736374027955},"amd":{"code":"AMD","alphaCode":"AMD","numericCode":"051","name":"Armenia Dram","rate":5.0546573924511,"date":"Sun, 27 Jun 2021 23:55:01 GMT","inverseRate":0.19783734531513},"uyu":{"code":"UYU","alphaCode":"UYU","numericCode":"858","name":"Uruguayan Peso","rate":0.42497012319318,"date":"Sun, 27 Jun 2021 23:55:01 GMT","inverseRate":2.3531065960263},"fjd":{"code":"FJD","alphaCode":"FJD","numericCode":"242","name":"Fiji Dollar","rate":0.020081176791065,"date":"Sun, 27 Jun 2021 23:55:01 GMT","inverseRate":49.797878401477},"cdf":{"code":"CDF","alphaCode":"CDF","numericCode":"976","name":"Congolese franc","rate":19.358718487394,"date":"Sun, 27 Jun 2021 23:55:01 GMT","inverseRate":0.051656311891263},"lsl":{"code":"LSL","alphaCode":"LSL","numericCode":"426","name":"Lesotho loti","rate":0.13846356123215,"date":"Sun, 27 Jun 2021 23:55:01 GMT","inverseRate":7.2221167150495},"mnt":{"code":"MNT","alphaCode":"MNT","numericCode":"496","name":"Mongolian togrog","rate":27.755271084336,"date":"Sun, 27 Jun 2021 23:55:01 GMT","inverseRate":0.03602919232752},"brl":{"code":"BRL","alphaCode":"BRL","numericCode":"986","name":"Brazilian Real","rate":0.048798747117087,"date":"Sun, 27 Jun 2021 23:55:01 GMT","inverseRate":20.492329395274},"hkd":{"code":"HKD","alphaCode":"HKD","numericCode":"344","name":"Hong Kong Dollar","rate":0.075786146411802,"date":"Sun, 27 Jun 2021 23:55:01 GMT","inverseRate":13.195023725923},"thb":{"code":"THB","alphaCode":"THB","numericCode":"764","name":"Thai Baht","rate":0.30856872150546,"date":"Sun, 27 Jun 2021 23:55:01 GMT","inverseRate":3.2407691716812},"xaf":{"code":"XAF","alphaCode":"XAF","numericCode":"950","name":"Central African CFA Franc","rate":5.371586115859,"date":"Sun, 27 Jun 2021 23:55:01 GMT","inverseRate":0.18616475253885},"mdl":{"code":"MDL","alphaCode":"MDL","numericCode":"498","name":"Moldova Lei","rate":0.17566724211406,"date":"Sun, 27 Jun 2021 23:55:01 GMT","inverseRate":5.6925809727843},"nio":{"code":"NIO","alphaCode":"NIO","numericCode":"558","name":"Nicaraguan C\u00f3rdoba","rate":0.34150402357706,"date":"Sun, 27 Jun 2021 23:55:01 GMT","inverseRate":2.9282231861445},"lrd":{"code":"LRD","alphaCode":"LRD","numericCode":"430","name":"Liberian dollar","rate":1.6678280542987,"date":"Sun, 27 Jun 2021 23:55:01 GMT","inverseRate":0.59958219159499},"sdg":{"code":"SDG","alphaCode":"SDG","numericCode":"938","name":"Sudanese pound","rate":4.285930232558,"date":"Sun, 27 Jun 2021 23:55:01 GMT","inverseRate":0.23332157681978},"mru":{"code":"MRU","alphaCode":"MRU","numericCode":"929","name":"Mauritanian ouguiya","rate":0.35170801526716,"date":"Sun, 27 Jun 2021 23:55:01 GMT","inverseRate":2.8432675872922},"dkk":{"code":"DKK","alphaCode":"DKK","numericCode":"208","name":"Danish Krone","rate":0.060773284669704,"date":"Sun, 27 Jun 2021 23:55:01 GMT","inverseRate":16.454598520302},"jod":{"code":"JOD","alphaCode":"JOD","numericCode":"400","name":"Jordanian Dinar","rate":0.006917849132169,"date":"Sun, 27 Jun 2021 23:55:01 GMT","inverseRate":144.55360053313},"bgn":{"code":"BGN","alphaCode":"BGN","numericCode":"975","name":"Bulgarian Lev","rate":0.015984045142325,"date":"Sun, 27 Jun 2021 23:55:01 GMT","inverseRate":62.56238587265},"vnd":{"code":"VND","alphaCode":"VND","numericCode":"704","name":"Vietnamese Dong","rate":224.58431370717,"date":"Sun, 27 Jun 2021 23:55:01 GMT","inverseRate":0.0044526707297282},"uzs":{"code":"UZS","alphaCode":"UZS","numericCode":"860","name":"Uzbekistan Sum","rate":102.94481841254,"date":"Sun, 27 Jun 2021 23:55:01 GMT","inverseRate":0.0097139420460442},"pab":{"code":"PAB","alphaCode":"PAB","numericCode":"590","name":"Panamanian Balboa","rate":0.0097309784043505,"date":"Sun, 27 Jun 2021 23:55:01 GMT","inverseRate":102.76458938116},"ttd":{"code":"TTD","alphaCode":"TTD","numericCode":"780","name":"Trinidad Tobago Dollar","rate":0.066174147217232,"date":"Sun, 27 Jun 2021 23:55:01 GMT","inverseRate":15.111641661467},"htg":{"code":"HTG","alphaCode":"HTG","numericCode":"332","name":"Haitian gourde","rate":0.91461538461537,"date":"Sun, 27 Jun 2021 23:55:01 GMT","inverseRate":1.0933557611438},"cup":{"code":"CUP","alphaCode":"CUP","numericCode":"192","name":"Cuban peso","rate":0.0097309784043505,"date":"Sun, 27 Jun 2021 23:55:01 GMT","inverseRate":102.76458938116}}