{"usd":{"code":"USD","alphaCode":"USD","numericCode":"840","name":"U.S. Dollar","rate":0.001931729770582,"date":"Sun, 27 Jun 2021 23:55:01 GMT","inverseRate":517.67075044804},"eur":{"code":"EUR","alphaCode":"EUR","numericCode":"978","name":"Euro","rate":0.0016171450790834,"date":"Sun, 27 Jun 2021 23:55:01 GMT","inverseRate":618.37370866365},"gbp":{"code":"GBP","alphaCode":"GBP","numericCode":"826","name":"U.K. Pound Sterling","rate":0.0013890730168,"date":"Sun, 27 Jun 2021 23:55:01 GMT","inverseRate":719.90456074346},"jpy":{"code":"JPY","alphaCode":"JPY","numericCode":"392","name":"Japanese Yen","rate":0.21390592699924,"date":"Sun, 27 Jun 2021 23:55:01 GMT","inverseRate":4.6749522747145},"aud":{"code":"AUD","alphaCode":"AUD","numericCode":"036","name":"Australian Dollar","rate":0.0025427643238542,"date":"Sun, 27 Jun 2021 23:55:01 GMT","inverseRate":393.2727821524},"chf":{"code":"CHF","alphaCode":"CHF","numericCode":"756","name":"Swiss Franc","rate":0.0017714246593627,"date":"Sun, 27 Jun 2021 23:55:01 GMT","inverseRate":564.51737572613},"cad":{"code":"CAD","alphaCode":"CAD","numericCode":"124","name":"Canadian Dollar","rate":0.0023760166261334,"date":"Sun, 27 Jun 2021 23:55:01 GMT","inverseRate":420.87247580727},"lkr":{"code":"LKR","alphaCode":"LKR","numericCode":"144","name":"Sri Lanka Rupee","rate":0.38383714645148,"date":"Sun, 27 Jun 2021 23:55:01 GMT","inverseRate":2.6052715565569},"pln":{"code":"PLN","alphaCode":"PLN","numericCode":"985","name":"Polish Zloty","rate":0.0072937903379341,"date":"Sun, 27 Jun 2021 23:55:01 GMT","inverseRate":137.10292641662},"pen":{"code":"PEN","alphaCode":"PEN","numericCode":"604","name":"Peruvian Nuevo Sol","rate":0.0076886729928457,"date":"Sun, 27 Jun 2021 23:55:01 GMT","inverseRate":130.06145545928},"iqd":{"code":"IQD","alphaCode":"IQD","numericCode":"368","name":"Iraqi dinar","rate":2.8128032162612,"date":"Sun, 27 Jun 2021 23:55:01 GMT","inverseRate":0.35551722716287},"svc":{"code":"SVC","alphaCode":"SVC","numericCode":"222","name":"Salvadoran colon","rate":0.016860316094729,"date":"Sun, 27 Jun 2021 23:55:01 GMT","inverseRate":59.310869047862},"cve":{"code":"CVE","alphaCode":"CVE","numericCode":"132","name":"Cape Verde escudo","rate":0.18005152372765,"date":"Sun, 27 Jun 2021 23:55:01 GMT","inverseRate":5.553965772112},"zmw":{"code":"ZMW","alphaCode":"ZMW","numericCode":"967","name":"Zambian kwacha","rate":0.043508870590514,"date":"Sun, 27 Jun 2021 23:55:01 GMT","inverseRate":22.98381884953},"yer":{"code":"YER","alphaCode":"YER","numericCode":"886","name":"Yemeni rial","rate":0.48439529101701,"date":"Sun, 27 Jun 2021 23:55:01 GMT","inverseRate":2.0644296477376},"dop":{"code":"DOP","alphaCode":"DOP","numericCode":"214","name":"Dominican Peso","rate":0.10967200685176,"date":"Sun, 27 Jun 2021 23:55:01 GMT","inverseRate":9.1180970304638},"nzd":{"code":"NZD","alphaCode":"NZD","numericCode":"554","name":"New Zealand Dollar","rate":0.0027292176049889,"date":"Sun, 27 Jun 2021 23:55:01 GMT","inverseRate":366.4053749954},"hrk":{"code":"HRK","alphaCode":"HRK","numericCode":"191","name":"Croatian Kuna","rate":0.012120685186701,"date":"Sun, 27 Jun 2021 23:55:01 GMT","inverseRate":82.503586603934},"dzd":{"code":"DZD","alphaCode":"DZD","numericCode":"012","name":"Algerian Dinar","rate":0.25723848167173,"date":"Sun, 27 Jun 2021 23:55:01 GMT","inverseRate":3.8874432530515},"ars":{"code":"ARS","alphaCode":"ARS","numericCode":"032","name":"Argentine Peso","rate":0.18418598911556,"date":"Sun, 27 Jun 2021 23:55:01 GMT","inverseRate":5.4292946211699},"stn":{"code":"STN","alphaCode":"STN","numericCode":"930","name":"S\u00e3o Tom\u00e9 and Pr\u00edncipe Dobra","rate":0.040000475649863,"date":"Sun, 27 Jun 2021 23:55:01 GMT","inverseRate":24.999702722371},"xpf":{"code":"XPF","alphaCode":"XPF","numericCode":"953","name":"CFP Franc","rate":0.19269314565362,"date":"Sun, 27 Jun 2021 23:55:01 GMT","inverseRate":5.1895981904699},"all":{"code":"ALL","alphaCode":"ALL","numericCode":"008","name":"Albanian lek","rate":0.19783734531513,"date":"Sun, 27 Jun 2021 23:55:01 GMT","inverseRate":5.0546573924511},"mur":{"code":"MUR","alphaCode":"MUR","numericCode":"480","name":"Mauritian Rupee","rate":0.07908987755933,"date":"Sun, 27 Jun 2021 23:55:01 GMT","inverseRate":12.643843066388},"sos":{"code":"SOS","alphaCode":"SOS","numericCode":"706","name":"Somali shilling","rate":1.114146174327,"date":"Sun, 27 Jun 2021 23:55:01 GMT","inverseRate":0.89754829576472},"ang":{"code":"ANG","alphaCode":"ANG","numericCode":"532","name":"Neth. Antillean Guilder","rate":0.0034354022918906,"date":"Sun, 27 Jun 2021 23:55:01 GMT","inverseRate":291.08672435847},"pkr":{"code":"PKR","alphaCode":"PKR","numericCode":"586","name":"Pakistani Rupee","rate":0.29874040363544,"date":"Sun, 27 Jun 2021 23:55:01 GMT","inverseRate":3.3473878585915},"krw":{"code":"KRW","alphaCode":"KRW","numericCode":"410","name":"South Korean Won","rate":2.177451424061,"date":"Sun, 27 Jun 2021 23:55:01 GMT","inverseRate":0.45925249534843},"azn":{"code":"AZN","alphaCode":"AZN","numericCode":"944","name":"Azerbaijan Manat","rate":0.0032744547794816,"date":"Sun, 27 Jun 2021 23:55:01 GMT","inverseRate":305.39435336417},"pyg":{"code":"PYG","alphaCode":"PYG","numericCode":"600","name":"Paraguayan Guaran\u00ed","rate":13.094358682259,"date":"Sun, 27 Jun 2021 23:55:01 GMT","inverseRate":0.076368764921253},"bnd":{"code":"BND","alphaCode":"BND","numericCode":"096","name":"Brunei Dollar","rate":0.0025924654120343,"date":"Sun, 27 Jun 2021 23:55:01 GMT","inverseRate":385.73320799497},"kmf":{"code":"KMF","alphaCode":"KMF","numericCode":"174","name":"\tComoro franc","rate":0.7983453811003,"date":"Sun, 27 Jun 2021 23:55:01 GMT","inverseRate":1.2525907003079},"szl":{"code":"SZL","alphaCode":"SZL","numericCode":"748","name":"Swazi lilangeni","rate":0.027382976759182,"date":"Sun, 27 Jun 2021 23:55:01 GMT","inverseRate":36.519039138602},"wst":{"code":"WST","alphaCode":"WST","numericCode":"882","name":"Samoan tala","rate":0.0048963182105486,"date":"Sun, 27 Jun 2021 23:55:01 GMT","inverseRate":204.23509196065},"egp":{"code":"EGP","alphaCode":"EGP","numericCode":"818","name":"Egyptian Pound","rate":0.030283417884759,"date":"Sun, 27 Jun 2021 23:55:01 GMT","inverseRate":33.021371755507},"sgd":{"code":"SGD","alphaCode":"SGD","numericCode":"702","name":"Singapore Dollar","rate":0.0025920586898747,"date":"Sun, 27 Jun 2021 23:55:01 GMT","inverseRate":385.79373372458},"zar":{"code":"ZAR","alphaCode":"ZAR","numericCode":"710","name":"South African Rand","rate":0.027232888909166,"date":"Sun, 27 Jun 2021 23:55:01 GMT","inverseRate":36.720305485601},"kgs":{"code":"KGS","alphaCode":"KGS","numericCode":"417","name":"Kyrgyzstan Som","rate":0.16145413433834,"date":"Sun, 27 Jun 2021 23:55:01 GMT","inverseRate":6.1937094649087},"crc":{"code":"CRC","alphaCode":"CRC","numericCode":"188","name":"Costa Rican Col\u00f3n","rate":1.1931070468247,"date":"Sun, 27 Jun 2021 23:55:01 GMT","inverseRate":0.83814776105912},"jmd":{"code":"JMD","alphaCode":"JMD","numericCode":"388","name":"Jamaican Dollar","rate":0.28822477118459,"date":"Sun, 27 Jun 2021 23:55:01 GMT","inverseRate":3.4695144206033},"ssp":{"code":"SSP","alphaCode":"SSP","numericCode":"728","name":"South Sudanese pound","rate":0.34257665653341,"date":"Sun, 27 Jun 2021 23:55:01 GMT","inverseRate":2.9190547018561},"ern":{"code":"ERN","alphaCode":"ERN","numericCode":"232","name":"Eritrean nakfa","rate":0.029040568343171,"date":"Sun, 27 Jun 2021 23:55:01 GMT","inverseRate":34.434587787093},"bam":{"code":"BAM","alphaCode":"BAM","numericCode":"977","name":"Bosnia and Herzegovina convertible mark","rate":0.0031889127174401,"date":"Sun, 27 Jun 2021 23:55:01 GMT","inverseRate":313.58650694045},"inr":{"code":"INR","alphaCode":"INR","numericCode":"356","name":"Indian Rupee","rate":0.14331004786839,"date":"Sun, 27 Jun 2021 23:55:01 GMT","inverseRate":6.9778777892696},"try":{"code":"TRY","alphaCode":"TRY","numericCode":"949","name":"Turkish Lira","rate":0.016827565517823,"date":"Sun, 27 Jun 2021 23:55:01 GMT","inverseRate":59.426302571269},"twd":{"code":"TWD","alphaCode":"TWD","numericCode":"901","name":"New Taiwan Dollar ","rate":0.053892108402849,"date":"Sun, 27 Jun 2021 23:55:01 GMT","inverseRate":18.555592453813},"tmt":{"code":"TMT","alphaCode":"TMT","numericCode":"934","name":"New Turkmenistan Manat","rate":0.0067435952735064,"date":"Sun, 27 Jun 2021 23:55:01 GMT","inverseRate":148.28885178337},"mga":{"code":"MGA","alphaCode":"MGA","numericCode":"969","name":"Malagasy ariary","rate":7.2920867109702,"date":"Sun, 27 Jun 2021 23:55:01 GMT","inverseRate":0.1371349573361},"srd":{"code":"SRD","alphaCode":"SRD","numericCode":"968","name":"Surinamese dollar","rate":0.040088437113634,"date":"Sun, 27 Jun 2021 23:55:01 GMT","inverseRate":24.944848739436},"ghs":{"code":"GHS","alphaCode":"GHS","numericCode":"936","name":"Ghanaian Cedi","rate":0.011228960133924,"date":"Sun, 27 Jun 2021 23:55:01 GMT","inverseRate":89.055441294059},"mop":{"code":"MOP","alphaCode":"MOP","numericCode":"446","name":"Macanese pataca","rate":0.015416673807548,"date":"Sun, 27 Jun 2021 23:55:01 GMT","inverseRate":64.864834819974},"lbp":{"code":"LBP","alphaCode":"LBP","numericCode":"422","name":"Lebanese Pound","rate":2.9088713303964,"date":"Sun, 27 Jun 2021 23:55:01 GMT","inverseRate":0.34377594826916},"huf":{"code":"HUF","alphaCode":"HUF","numericCode":"348","name":"Hungarian Forint","rate":0.56842048619652,"date":"Sun, 27 Jun 2021 23:55:01 GMT","inverseRate":1.7592610123736},"ngn":{"code":"NGN","alphaCode":"NGN","numericCode":"566","name":"Nigerian Naira","rate":0.79186573884749,"date":"Sun, 27 Jun 2021 23:55:01 GMT","inverseRate":1.2628403414137},"irr":{"code":"IRR","alphaCode":"IRR","numericCode":"364","name":"Iranian rial","rate":80.931563878362,"date":"Sun, 27 Jun 2021 23:55:01 GMT","inverseRate":0.012356118578197},"ves":{"code":"VES","alphaCode":"VES","numericCode":"928","name":"Venezuelan Bolivar","rate":6127.8039587983,"date":"Sun, 27 Jun 2021 23:55:01 GMT","inverseRate":0.00016319059922996},"sbd":{"code":"SBD","alphaCode":"SBD","numericCode":"090","name":"Solomon Islands dollar","rate":0.015705549668254,"date":"Sun, 27 Jun 2021 23:55:01 GMT","inverseRate":63.671760691149},"mwk":{"code":"MWK","alphaCode":"MWK","numericCode":"454","name":"Malawian kwacha","rate":1.5515078108447,"date":"Sun, 27 Jun 2021 23:55:01 GMT","inverseRate":0.64453429947966},"gtq":{"code":"GTQ","alphaCode":"GTQ","numericCode":"320","name":"Guatemalan Quetzal","rate":0.014897010645496,"date":"Sun, 27 Jun 2021 23:55:01 GMT","inverseRate":67.12756161602},"sek":{"code":"SEK","alphaCode":"SEK","numericCode":"752","name":"Swedish Krona","rate":0.016354978325983,"date":"Sun, 27 Jun 2021 23:55:01 GMT","inverseRate":61.143462257685},"npr":{"code":"NPR","alphaCode":"NPR","numericCode":"524","name":"Nepalese Rupee","rate":0.22905661484019,"date":"Sun, 27 Jun 2021 23:55:01 GMT","inverseRate":4.3657329027484},"isk":{"code":"ISK","alphaCode":"ISK","numericCode":"352","name":"Icelandic Krona","rate":0.23772630691011,"date":"Sun, 27 Jun 2021 23:55:01 GMT","inverseRate":4.2065180458892},"gip":{"code":"GIP","alphaCode":"GIP","numericCode":"292","name":"Gibraltar pound","rate":0.0013827015333994,"date":"Sun, 27 Jun 2021 23:55:01 GMT","inverseRate":723.22187821797},"gel":{"code":"GEL","alphaCode":"GEL","numericCode":"981","name":"Georgian lari","rate":0.0062569521047568,"date":"Sun, 27 Jun 2021 23:55:01 GMT","inverseRate":159.82222386516},"mkd":{"code":"MKD","alphaCode":"MKD","numericCode":"807","name":"Macedonian denar","rate":0.099757677514703,"date":"Sun, 27 Jun 2021 23:55:01 GMT","inverseRate":10.024291111354},"bif":{"code":"BIF","alphaCode":"BIF","numericCode":"108","name":"Burundian franc","rate":3.8118592320805,"date":"Sun, 27 Jun 2021 23:55:01 GMT","inverseRate":0.26233917338396},"mmk":{"code":"MMK","alphaCode":"MMK","numericCode":"104","name":"Myanma Kyat","rate":3.1704724830304,"date":"Sun, 27 Jun 2021 23:55:01 GMT","inverseRate":0.31541040187303},"mvr":{"code":"MVR","alphaCode":"MVR","numericCode":"462","name":"Maldivian rufiyaa","rate":0.029775772605022,"date":"Sun, 27 Jun 2021 23:55:01 GMT","inverseRate":33.584351051611},"kes":{"code":"KES","alphaCode":"KES","numericCode":"404","name":"Kenyan shilling","rate":0.20752708494992,"date":"Sun, 27 Jun 2021 23:55:01 GMT","inverseRate":4.8186481308756},"aed":{"code":"AED","alphaCode":"AED","numericCode":"784","name":"U.A.E Dirham","rate":0.0070816829792124,"date":"Sun, 27 Jun 2021 23:55:01 GMT","inverseRate":141.20937112483},"php":{"code":"PHP","alphaCode":"PHP","numericCode":"608","name":"Philippine Peso","rate":0.093692764808193,"date":"Sun, 27 Jun 2021 23:55:01 GMT","inverseRate":10.673182737719},"ils":{"code":"ILS","alphaCode":"ILS","numericCode":"376","name":"Israeli New Sheqel","rate":0.0062731998951505,"date":"Sun, 27 Jun 2021 23:55:01 GMT","inverseRate":159.40827914205},"mro":{"code":"MRO","alphaCode":"MRO","numericCode":"478","name":"Mauritanian Ouguiya","rate":0.06994795857922,"date":"Sun, 27 Jun 2021 23:55:01 GMT","inverseRate":14.296342885653},"cop":{"code":"COP","alphaCode":"COP","numericCode":"170","name":"Colombian Peso","rate":7.2630747868234,"date":"Sun, 27 Jun 2021 23:55:01 GMT","inverseRate":0.13768273484037},"bzd":{"code":"BZD","alphaCode":"BZD","numericCode":"084","name":"Belize dollar","rate":0.0038824868017092,"date":"Sun, 27 Jun 2021 23:55:01 GMT","inverseRate":257.56687686865},"gnf":{"code":"GNF","alphaCode":"GNF","numericCode":"324","name":"Guinean franc","rate":18.891416349663,"date":"Sun, 27 Jun 2021 23:55:01 GMT","inverseRate":0.052934093531734},"sll":{"code":"SLL","alphaCode":"SLL","numericCode":"694","name":"Sierra Leonean leone","rate":19.761752604255,"date":"Sun, 27 Jun 2021 23:55:01 GMT","inverseRate":0.050602799257021},"ugx":{"code":"UGX","alphaCode":"UGX","numericCode":"800","name":"Ugandan shilling","rate":6.8858231453919,"date":"Sun, 27 Jun 2021 23:55:01 GMT","inverseRate":0.14522591981893},"cny":{"code":"CNY","alphaCode":"CNY","numericCode":"156","name":"Chinese Yuan","rate":0.012470629612643,"date":"Sun, 27 Jun 2021 23:55:01 GMT","inverseRate":80.188413180536},"sar":{"code":"SAR","alphaCode":"SAR","numericCode":"682","name":"Saudi Riyal","rate":0.0072437798775442,"date":"Sun, 27 Jun 2021 23:55:01 GMT","inverseRate":138.0494737423},"myr":{"code":"MYR","alphaCode":"MYR","numericCode":"458","name":"Malaysian Ringgit","rate":0.0080045888315054,"date":"Sun, 27 Jun 2021 23:55:01 GMT","inverseRate":124.92834061184},"kzt":{"code":"KZT","alphaCode":"KZT","numericCode":"398","name":"Kazakhstani Tenge","rate":0.82342593904564,"date":"Sun, 27 Jun 2021 23:55:01 GMT","inverseRate":1.2144383029262},"bob":{"code":"BOB","alphaCode":"BOB","numericCode":"068","name":"Bolivian Boliviano","rate":0.013275556540937,"date":"Sun, 27 Jun 2021 23:55:01 GMT","inverseRate":75.326408871553},"gyd":{"code":"GYD","alphaCode":"GYD","numericCode":"328","name":"Guyanese dollar","rate":0.40227763617642,"date":"Sun, 27 Jun 2021 23:55:01 GMT","inverseRate":2.4858453716315},"rwf":{"code":"RWF","alphaCode":"RWF","numericCode":"646","name":"Rwandan franc","rate":1.9368092193811,"date":"Sun, 27 Jun 2021 23:55:01 GMT","inverseRate":0.51631311437042},"mzn":{"code":"MZN","alphaCode":"MZN","numericCode":"943","name":"Mozambican metical","rate":0.12276240254159,"date":"Sun, 27 Jun 2021 23:55:01 GMT","inverseRate":8.145816465764},"vuv":{"code":"VUV","alphaCode":"VUV","numericCode":"548","name":"Vanuatu vatu","rate":0.21161017733517,"date":"Sun, 27 Jun 2021 23:55:01 GMT","inverseRate":4.725670629802},"idr":{"code":"IDR","alphaCode":"IDR","numericCode":"360","name":"Indonesian Rupiah","rate":27.895626190546,"date":"Sun, 27 Jun 2021 23:55:01 GMT","inverseRate":0.035847913689742},"tnd":{"code":"TND","alphaCode":"TND","numericCode":"788","name":"Tunisian Dinar","rate":0.0052824593575079,"date":"Sun, 27 Jun 2021 23:55:01 GMT","inverseRate":189.30576315343},"xof":{"code":"XOF","alphaCode":"XOF","numericCode":"952","name":"West African CFA Franc","rate":1.061800163835,"date":"Sun, 27 Jun 2021 23:55:01 GMT","inverseRate":0.94179680325931},"tjs":{"code":"TJS","alphaCode":"TJS","numericCode":"972","name":"Tajikistan Ruble","rate":0.021842205003168,"date":"Sun, 27 Jun 2021 23:55:01 GMT","inverseRate":45.782923466516},"afn":{"code":"AFN","alphaCode":"AFN","numericCode":"971","name":"Afghan afghani","rate":0.15235013185213,"date":"Sun, 27 Jun 2021 23:55:01 GMT","inverseRate":6.5638275979349},"nad":{"code":"NAD","alphaCode":"NAD","numericCode":"516","name":"Namibian dollar","rate":0.027382976759182,"date":"Sun, 27 Jun 2021 23:55:01 GMT","inverseRate":36.519039138602},"syp":{"code":"SYP","alphaCode":"SYP","numericCode":"760","name":"Syrian pound","rate":4.8613911406466,"date":"Sun, 27 Jun 2021 23:55:01 GMT","inverseRate":0.20570243600415},"top":{"code":"TOP","alphaCode":"TOP","numericCode":"776","name":"Tongan pa\u02bbanga","rate":0.0042671231265552,"date":"Sun, 27 Jun 2021 23:55:01 GMT","inverseRate":234.34992859165},"kwd":{"code":"KWD","alphaCode":"KWD","numericCode":"414","name":"Kuwaiti Dinar","rate":0.00058098766279146,"date":"Sun, 27 Jun 2021 23:55:01 GMT","inverseRate":1721.2069447315},"czk":{"code":"CZK","alphaCode":"CZK","numericCode":"203","name":"Czech Koruna","rate":0.041198071701657,"date":"Sun, 27 Jun 2021 23:55:01 GMT","inverseRate":24.272980717196},"pgk":{"code":"PGK","alphaCode":"PGK","numericCode":"598","name":"Papua New Guinean kina","rate":0.0067796079474414,"date":"Sun, 27 Jun 2021 23:55:01 GMT","inverseRate":147.50115460252},"uah":{"code":"UAH","alphaCode":"UAH","numericCode":"980","name":"Ukrainian Hryvnia","rate":0.052920050711943,"date":"Sun, 27 Jun 2021 23:55:01 GMT","inverseRate":18.896429359889},"etb":{"code":"ETB","alphaCode":"ETB","numericCode":"230","name":"Ethiopian birr","rate":0.084301580473638,"date":"Sun, 27 Jun 2021 23:55:01 GMT","inverseRate":11.862173809573},"xcd":{"code":"XCD","alphaCode":"XCD","numericCode":"951","name":"East Caribbean Dollar","rate":0.0052190715079947,"date":"Sun, 27 Jun 2021 23:55:01 GMT","inverseRate":191.60496238999},"lak":{"code":"LAK","alphaCode":"LAK","numericCode":"418","name":"Lao kip","rate":18.275906543785,"date":"Sun, 27 Jun 2021 23:55:01 GMT","inverseRate":0.054716847977103},"bwp":{"code":"BWP","alphaCode":"BWP","numericCode":"072","name":"Botswana Pula","rate":0.020936223689263,"date":"Sun, 27 Jun 2021 23:55:01 GMT","inverseRate":47.76410564016},"nok":{"code":"NOK","alphaCode":"NOK","numericCode":"578","name":"Norwegian Krone","rate":0.016389038990889,"date":"Sun, 27 Jun 2021 23:55:01 GMT","inverseRate":61.016390317695},"mad":{"code":"MAD","alphaCode":"MAD","numericCode":"504","name":"Moroccan Dirham","rate":0.017064042990535,"date":"Sun, 27 Jun 2021 23:55:01 GMT","inverseRate":58.602759062121},"ron":{"code":"RON","alphaCode":"RON","numericCode":"946","name":"Romanian New Leu","rate":0.0079641915170129,"date":"Sun, 27 Jun 2021 23:55:01 GMT","inverseRate":125.56202319643},"byn":{"code":"BYN","alphaCode":"BYN","numericCode":"933","name":"Belarussian Ruble","rate":0.0048800063073853,"date":"Sun, 27 Jun 2021 23:55:01 GMT","inverseRate":204.91776793129},"rsd":{"code":"RSD","alphaCode":"RSD","numericCode":"941","name":"Serbian Dinar","rate":0.18645140247476,"date":"Sun, 27 Jun 2021 23:55:01 GMT","inverseRate":5.3633278523361},"gmd":{"code":"GMD","alphaCode":"GMD","numericCode":"270","name":"Gambian dalasi","rate":0.10002862429315,"date":"Sun, 27 Jun 2021 23:55:01 GMT","inverseRate":9.9971383898011},"awg":{"code":"AWG","alphaCode":"AWG","numericCode":"533","name":"Aruban florin","rate":0.0034863677141758,"date":"Sun, 27 Jun 2021 23:55:01 GMT","inverseRate":286.83147676418},"aoa":{"code":"AOA","alphaCode":"AOA","numericCode":"973","name":"Angolan kwanza","rate":1.2572563294776,"date":"Sun, 27 Jun 2021 23:55:01 GMT","inverseRate":0.79538275254936},"khr":{"code":"KHR","alphaCode":"KHR","numericCode":"116","name":"Cambodian riel","rate":7.8493936608938,"date":"Sun, 27 Jun 2021 23:55:01 GMT","inverseRate":0.12739837536523},"scr":{"code":"SCR","alphaCode":"SCR","numericCode":"690","name":"Seychelles rupee","rate":0.028868118412392,"date":"Sun, 27 Jun 2021 23:55:01 GMT","inverseRate":34.640290223097},"bhd":{"code":"BHD","alphaCode":"BHD","numericCode":"048","name":"Bahrain Dinar","rate":0.00072696381554527,"date":"Sun, 27 Jun 2021 23:55:01 GMT","inverseRate":1375.5842844116},"omr":{"code":"OMR","alphaCode":"OMR","numericCode":"512","name":"Omani Rial","rate":0.0007429899785658,"date":"Sun, 27 Jun 2021 23:55:01 GMT","inverseRate":1345.913173594},"rub":{"code":"RUB","alphaCode":"RUB","numericCode":"643","name":"Russian Rouble","rate":0.13940596162293,"date":"Sun, 27 Jun 2021 23:55:01 GMT","inverseRate":7.1732943724803},"lyd":{"code":"LYD","alphaCode":"LYD","numericCode":"434","name":"Libyan Dinar","rate":0.0085976370936123,"date":"Sun, 27 Jun 2021 23:55:01 GMT","inverseRate":116.31102698472},"clp":{"code":"CLP","alphaCode":"CLP","numericCode":"152","name":"Chilean Peso","rate":1.4175784348268,"date":"Sun, 27 Jun 2021 23:55:01 GMT","inverseRate":0.70542833851884},"bsd":{"code":"BSD","alphaCode":"BSD","numericCode":"044","name":"Bahamian Dollar","rate":0.0019251509348355,"date":"Sun, 27 Jun 2021 23:55:01 GMT","inverseRate":519.43979139767},"djf":{"code":"DJF","alphaCode":"DJF","numericCode":"262","name":"Djiboutian franc","rate":0.34288271552029,"date":"Sun, 27 Jun 2021 23:55:01 GMT","inverseRate":2.9164491376668},"hnl":{"code":"HNL","alphaCode":"HNL","numericCode":"340","name":"Honduran Lempira","rate":0.046152447537785,"date":"Sun, 27 Jun 2021 23:55:01 GMT","inverseRate":21.667323259103},"tzs":{"code":"TZS","alphaCode":"TZS","numericCode":"834","name":"Tanzanian shilling","rate":4.4654542014514,"date":"Sun, 27 Jun 2021 23:55:01 GMT","inverseRate":0.22394138532984},"bbd":{"code":"BBD","alphaCode":"BBD","numericCode":"052","name":"Barbadian Dollar","rate":0.0038657728105331,"date":"Sun, 27 Jun 2021 23:55:01 GMT","inverseRate":258.68048874349},"bdt":{"code":"BDT","alphaCode":"BDT","numericCode":"050","name":"Bangladeshi taka","rate":0.16342215009827,"date":"Sun, 27 Jun 2021 23:55:01 GMT","inverseRate":6.1191215474689},"qar":{"code":"QAR","alphaCode":"QAR","numericCode":"634","name":"Qatari Rial","rate":0.0070659227816877,"date":"Sun, 27 Jun 2021 23:55:01 GMT","inverseRate":141.52433176763},"mxn":{"code":"MXN","alphaCode":"MXN","numericCode":"484","name":"Mexican Peso","rate":0.038239507316116,"date":"Sun, 27 Jun 2021 23:55:01 GMT","inverseRate":26.150964543901},"uyu":{"code":"UYU","alphaCode":"UYU","numericCode":"858","name":"Uruguayan Peso","rate":0.084074961010782,"date":"Sun, 27 Jun 2021 23:55:01 GMT","inverseRate":11.89414765083},"fjd":{"code":"FJD","alphaCode":"FJD","numericCode":"242","name":"Fiji Dollar","rate":0.003972806707148,"date":"Sun, 27 Jun 2021 23:55:01 GMT","inverseRate":251.7112141904},"cdf":{"code":"CDF","alphaCode":"CDF","numericCode":"976","name":"Congolese franc","rate":3.829877474249,"date":"Sun, 27 Jun 2021 23:55:01 GMT","inverseRate":0.26110495876793},"lsl":{"code":"LSL","alphaCode":"LSL","numericCode":"426","name":"Lesotho loti","rate":0.027393263377048,"date":"Sun, 27 Jun 2021 23:55:01 GMT","inverseRate":36.505325642869},"mnt":{"code":"MNT","alphaCode":"MNT","numericCode":"496","name":"Mongolian togrog","rate":5.4910291498268,"date":"Sun, 27 Jun 2021 23:55:01 GMT","inverseRate":0.18211522334234},"brl":{"code":"BRL","alphaCode":"BRL","numericCode":"986","name":"Brazilian Real","rate":0.0096542145843487,"date":"Sun, 27 Jun 2021 23:55:01 GMT","inverseRate":103.58170426636},"hkd":{"code":"HKD","alphaCode":"HKD","numericCode":"344","name":"Hong Kong Dollar","rate":0.014993330017774,"date":"Sun, 27 Jun 2021 23:55:01 GMT","inverseRate":66.696324219804},"thb":{"code":"THB","alphaCode":"THB","numericCode":"764","name":"Thai Baht","rate":0.061046416709924,"date":"Sun, 27 Jun 2021 23:55:01 GMT","inverseRate":16.380977850866},"xaf":{"code":"XAF","alphaCode":"XAF","numericCode":"950","name":"Central African CFA Franc","rate":1.0627003372931,"date":"Sun, 27 Jun 2021 23:55:01 GMT","inverseRate":0.9409990426343},"mdl":{"code":"MDL","alphaCode":"MDL","numericCode":"498","name":"Moldova Lei","rate":0.034753540838676,"date":"Sun, 27 Jun 2021 23:55:01 GMT","inverseRate":28.77404649621},"nio":{"code":"NIO","alphaCode":"NIO","numericCode":"558","name":"Nicaraguan C\u00f3rdoba","rate":0.067562249438921,"date":"Sun, 27 Jun 2021 23:55:01 GMT","inverseRate":14.801164974592},"lrd":{"code":"LRD","alphaCode":"LRD","numericCode":"430","name":"Liberian dollar","rate":0.32995867470454,"date":"Sun, 27 Jun 2021 23:55:01 GMT","inverseRate":3.0306825571276},"sdg":{"code":"SDG","alphaCode":"SDG","numericCode":"938","name":"Sudanese pound","rate":0.84791705941512,"date":"Sun, 27 Jun 2021 23:55:01 GMT","inverseRate":1.1793606330904},"mru":{"code":"MRU","alphaCode":"MRU","numericCode":"929","name":"Mauritanian ouguiya","rate":0.069580980066507,"date":"Sun, 27 Jun 2021 23:55:01 GMT","inverseRate":14.371743528823},"dkk":{"code":"DKK","alphaCode":"DKK","numericCode":"208","name":"Danish Krone","rate":0.012023225305135,"date":"Sun, 27 Jun 2021 23:55:01 GMT","inverseRate":83.172358050458},"jod":{"code":"JOD","alphaCode":"JOD","numericCode":"400","name":"Jordanian Dinar","rate":0.0013686089075989,"date":"Sun, 27 Jun 2021 23:55:01 GMT","inverseRate":730.66892554019},"bgn":{"code":"BGN","alphaCode":"BGN","numericCode":"975","name":"Bulgarian Lev","rate":0.0031622410583547,"date":"Sun, 27 Jun 2021 23:55:01 GMT","inverseRate":316.23142624057},"vnd":{"code":"VND","alphaCode":"VND","numericCode":"704","name":"Vietnamese Dong","rate":44.431164423246,"date":"Sun, 27 Jun 2021 23:55:01 GMT","inverseRate":0.022506725020171},"uzs":{"code":"UZS","alphaCode":"UZS","numericCode":"860","name":"Uzbekistan Sum","rate":20.366329588686,"date":"Sun, 27 Jun 2021 23:55:01 GMT","inverseRate":0.049100648972878},"pab":{"code":"PAB","alphaCode":"PAB","numericCode":"590","name":"Panamanian Balboa","rate":0.0019251509348355,"date":"Sun, 27 Jun 2021 23:55:01 GMT","inverseRate":519.43979139767},"ttd":{"code":"TTD","alphaCode":"TTD","numericCode":"780","name":"Trinidad Tobago Dollar","rate":0.01309171761395,"date":"Sun, 27 Jun 2021 23:55:01 GMT","inverseRate":76.384171236208},"htg":{"code":"HTG","alphaCode":"HTG","numericCode":"332","name":"Haitian gourde","rate":0.18094507967668,"date":"Sun, 27 Jun 2021 23:55:01 GMT","inverseRate":5.5265387806446},"cup":{"code":"CUP","alphaCode":"CUP","numericCode":"192","name":"Cuban peso","rate":0.0019251509348355,"date":"Sun, 27 Jun 2021 23:55:01 GMT","inverseRate":519.43979139767}}