{"usd":{"code":"USD","alphaCode":"USD","numericCode":"840","name":"U.S. Dollar","rate":0.010487930052975,"date":"Sun, 27 Jun 2021 23:55:01 GMT","inverseRate":95.347699207469},"eur":{"code":"EUR","alphaCode":"EUR","numericCode":"978","name":"Euro","rate":0.0087799570795191,"date":"Sun, 27 Jun 2021 23:55:01 GMT","inverseRate":113.89577317327},"gbp":{"code":"GBP","alphaCode":"GBP","numericCode":"826","name":"U.K. Pound Sterling","rate":0.0075416866585245,"date":"Sun, 27 Jun 2021 23:55:01 GMT","inverseRate":132.59633358934},"jpy":{"code":"JPY","alphaCode":"JPY","numericCode":"392","name":"Japanese Yen","rate":1.1613582988933,"date":"Sun, 27 Jun 2021 23:55:01 GMT","inverseRate":0.86106070878634},"aud":{"code":"AUD","alphaCode":"AUD","numericCode":"036","name":"Australian Dollar","rate":0.013805416666404,"date":"Sun, 27 Jun 2021 23:55:01 GMT","inverseRate":72.43533637297},"chf":{"code":"CHF","alphaCode":"CHF","numericCode":"756","name":"Swiss Franc","rate":0.0096175863748858,"date":"Sun, 27 Jun 2021 23:55:01 GMT","inverseRate":103.97619122104},"cad":{"code":"CAD","alphaCode":"CAD","numericCode":"124","name":"Canadian Dollar","rate":0.012900094288076,"date":"Sun, 27 Jun 2021 23:55:01 GMT","inverseRate":77.518813248078},"lkr":{"code":"LKR","alphaCode":"LKR","numericCode":"144","name":"Sri Lanka Rupee","rate":2.0839649546342,"date":"Sun, 27 Jun 2021 23:55:01 GMT","inverseRate":0.47985451855908},"pln":{"code":"PLN","alphaCode":"PLN","numericCode":"985","name":"Polish Zloty","rate":0.039600136649687,"date":"Sun, 27 Jun 2021 23:55:01 GMT","inverseRate":25.252438112683},"pen":{"code":"PEN","alphaCode":"PEN","numericCode":"604","name":"Peruvian Nuevo Sol","rate":0.041744070923992,"date":"Sun, 27 Jun 2021 23:55:01 GMT","inverseRate":23.955497819578},"iqd":{"code":"IQD","alphaCode":"IQD","numericCode":"368","name":"Iraqi dinar","rate":15.271537372456,"date":"Sun, 27 Jun 2021 23:55:01 GMT","inverseRate":0.065481292132617},"svc":{"code":"SVC","alphaCode":"SVC","numericCode":"222","name":"Salvadoran colon","rate":0.091539623484335,"date":"Sun, 27 Jun 2021 23:55:01 GMT","inverseRate":10.924231080884},"cve":{"code":"CVE","alphaCode":"CVE","numericCode":"132","name":"Cape Verde escudo","rate":0.97755276930799,"date":"Sun, 27 Jun 2021 23:55:01 GMT","inverseRate":1.0229626792504},"zmw":{"code":"ZMW","alphaCode":"ZMW","numericCode":"967","name":"Zambian kwacha","rate":0.23622247707026,"date":"Sun, 27 Jun 2021 23:55:01 GMT","inverseRate":4.2332974084536},"yer":{"code":"YER","alphaCode":"YER","numericCode":"886","name":"Yemeni rial","rate":2.6299247480387,"date":"Sun, 27 Jun 2021 23:55:01 GMT","inverseRate":0.38023901662805},"dop":{"code":"DOP","alphaCode":"DOP","numericCode":"214","name":"Dominican Peso","rate":0.59544163689315,"date":"Sun, 27 Jun 2021 23:55:01 GMT","inverseRate":1.6794257204077},"nzd":{"code":"NZD","alphaCode":"NZD","numericCode":"554","name":"New Zealand Dollar","rate":0.014817726462768,"date":"Sun, 27 Jun 2021 23:55:01 GMT","inverseRate":67.486736410787},"hrk":{"code":"HRK","alphaCode":"HRK","numericCode":"191","name":"Croatian Kuna","rate":0.065806770889049,"date":"Sun, 27 Jun 2021 23:55:01 GMT","inverseRate":15.196004704227},"dzd":{"code":"DZD","alphaCode":"DZD","numericCode":"012","name":"Algerian Dinar","rate":1.3966235048983,"date":"Sun, 27 Jun 2021 23:55:01 GMT","inverseRate":0.71601258069393},"stn":{"code":"STN","alphaCode":"STN","numericCode":"930","name":"S\u00e3o Tom\u00e9 and Pr\u00edncipe Dobra","rate":0.21717436729004,"date":"Sun, 27 Jun 2021 23:55:01 GMT","inverseRate":4.6045949735149},"xpf":{"code":"XPF","alphaCode":"XPF","numericCode":"953","name":"CFP Franc","rate":1.0461878592335,"date":"Sun, 27 Jun 2021 23:55:01 GMT","inverseRate":0.95585127582404},"all":{"code":"ALL","alphaCode":"ALL","numericCode":"008","name":"Albanian lek","rate":1.074117234786,"date":"Sun, 27 Jun 2021 23:55:01 GMT","inverseRate":0.9309970714689},"mur":{"code":"MUR","alphaCode":"MUR","numericCode":"480","name":"Mauritian Rupee","rate":0.42940224682186,"date":"Sun, 27 Jun 2021 23:55:01 GMT","inverseRate":2.3288187414046},"sos":{"code":"SOS","alphaCode":"SOS","numericCode":"706","name":"Somali shilling","rate":6.0490278314707,"date":"Sun, 27 Jun 2021 23:55:01 GMT","inverseRate":0.16531582063441},"ang":{"code":"ANG","alphaCode":"ANG","numericCode":"532","name":"Neth. Antillean Guilder","rate":0.018651811184916,"date":"Sun, 27 Jun 2021 23:55:01 GMT","inverseRate":53.614096244374},"pkr":{"code":"PKR","alphaCode":"PKR","numericCode":"586","name":"Pakistani Rupee","rate":1.621949666584,"date":"Sun, 27 Jun 2021 23:55:01 GMT","inverseRate":0.6165419436881},"krw":{"code":"KRW","alphaCode":"KRW","numericCode":"410","name":"South Korean Won","rate":11.822025304513,"date":"Sun, 27 Jun 2021 23:55:01 GMT","inverseRate":0.084587875109542},"azn":{"code":"AZN","alphaCode":"AZN","numericCode":"944","name":"Azerbaijan Manat","rate":0.017777979721504,"date":"Sun, 27 Jun 2021 23:55:01 GMT","inverseRate":56.249361044688},"pyg":{"code":"PYG","alphaCode":"PYG","numericCode":"600","name":"Paraguayan Guaran\u00ed","rate":71.093131161258,"date":"Sun, 27 Jun 2021 23:55:01 GMT","inverseRate":0.014066056504555},"bnd":{"code":"BND","alphaCode":"BND","numericCode":"096","name":"Brunei Dollar","rate":0.014075258517127,"date":"Sun, 27 Jun 2021 23:55:01 GMT","inverseRate":71.046652449273},"kmf":{"code":"KMF","alphaCode":"KMF","numericCode":"174","name":"\tComoro franc","rate":4.3344522834437,"date":"Sun, 27 Jun 2021 23:55:01 GMT","inverseRate":0.23070965709317},"szl":{"code":"SZL","alphaCode":"SZL","numericCode":"748","name":"Swazi lilangeni","rate":0.14867024843025,"date":"Sun, 27 Jun 2021 23:55:01 GMT","inverseRate":6.7262953452935},"wst":{"code":"WST","alphaCode":"WST","numericCode":"882","name":"Samoan tala","rate":0.026583554124068,"date":"Sun, 27 Jun 2021 23:55:01 GMT","inverseRate":37.617242424881},"egp":{"code":"EGP","alphaCode":"EGP","numericCode":"818","name":"Egyptian Pound","rate":0.16441759783237,"date":"Sun, 27 Jun 2021 23:55:01 GMT","inverseRate":6.0820740187408},"sgd":{"code":"SGD","alphaCode":"SGD","numericCode":"702","name":"Singapore Dollar","rate":0.014073050302693,"date":"Sun, 27 Jun 2021 23:55:01 GMT","inverseRate":71.057800440648},"zar":{"code":"ZAR","alphaCode":"ZAR","numericCode":"710","name":"South African Rand","rate":0.14785537727345,"date":"Sun, 27 Jun 2021 23:55:01 GMT","inverseRate":6.7633657864911},"kgs":{"code":"KGS","alphaCode":"KGS","numericCode":"417","name":"Kyrgyzstan Som","rate":0.87658206312879,"date":"Sun, 27 Jun 2021 23:55:01 GMT","inverseRate":1.1407945040886},"crc":{"code":"CRC","alphaCode":"CRC","numericCode":"188","name":"Costa Rican Col\u00f3n","rate":6.4777296718054,"date":"Sun, 27 Jun 2021 23:55:01 GMT","inverseRate":0.15437507439567},"jmd":{"code":"JMD","alphaCode":"JMD","numericCode":"388","name":"Jamaican Dollar","rate":1.5648571998804,"date":"Sun, 27 Jun 2021 23:55:01 GMT","inverseRate":0.63903594530953},"ssp":{"code":"SSP","alphaCode":"SSP","numericCode":"728","name":"South Sudanese pound","rate":1.8599495986552,"date":"Sun, 27 Jun 2021 23:55:01 GMT","inverseRate":0.53764897754381},"ern":{"code":"ERN","alphaCode":"ERN","numericCode":"232","name":"Eritrean nakfa","rate":0.1576698015013,"date":"Sun, 27 Jun 2021 23:55:01 GMT","inverseRate":6.3423686113525},"bam":{"code":"BAM","alphaCode":"BAM","numericCode":"977","name":"Bosnia and Herzegovina convertible mark","rate":0.017313546664178,"date":"Sun, 27 Jun 2021 23:55:01 GMT","inverseRate":57.758240954121},"inr":{"code":"INR","alphaCode":"INR","numericCode":"356","name":"Indian Rupee","rate":0.77807247205146,"date":"Sun, 27 Jun 2021 23:55:01 GMT","inverseRate":1.2852273225441},"try":{"code":"TRY","alphaCode":"TRY","numericCode":"949","name":"Turkish Lira","rate":0.0913618109533,"date":"Sun, 27 Jun 2021 23:55:01 GMT","inverseRate":10.94549231857},"twd":{"code":"TWD","alphaCode":"TWD","numericCode":"901","name":"New Taiwan Dollar ","rate":0.2925961342751,"date":"Sun, 27 Jun 2021 23:55:01 GMT","inverseRate":3.4176801497309},"tmt":{"code":"TMT","alphaCode":"TMT","numericCode":"934","name":"New Turkmenistan Manat","rate":0.036612965545795,"date":"Sun, 27 Jun 2021 23:55:01 GMT","inverseRate":27.312728840531},"mga":{"code":"MGA","alphaCode":"MGA","numericCode":"969","name":"Malagasy ariary","rate":39.590887156975,"date":"Sun, 27 Jun 2021 23:55:01 GMT","inverseRate":0.02525833775927},"srd":{"code":"SRD","alphaCode":"SRD","numericCode":"968","name":"Surinamese dollar","rate":0.21765193599216,"date":"Sun, 27 Jun 2021 23:55:01 GMT","inverseRate":4.5944916384112},"ghs":{"code":"GHS","alphaCode":"GHS","numericCode":"936","name":"Ghanaian Cedi","rate":0.060965332856446,"date":"Sun, 27 Jun 2021 23:55:01 GMT","inverseRate":16.402764540869},"mop":{"code":"MOP","alphaCode":"MOP","numericCode":"446","name":"Macanese pataca","rate":0.083701664179651,"date":"Sun, 27 Jun 2021 23:55:01 GMT","inverseRate":11.947193760135},"lbp":{"code":"LBP","alphaCode":"LBP","numericCode":"422","name":"Lebanese Pound","rate":15.793119467797,"date":"Sun, 27 Jun 2021 23:55:01 GMT","inverseRate":0.063318713066096},"huf":{"code":"HUF","alphaCode":"HUF","numericCode":"348","name":"Hungarian Forint","rate":3.0861222882695,"date":"Sun, 27 Jun 2021 23:55:01 GMT","inverseRate":0.32403122967649},"ngn":{"code":"NGN","alphaCode":"NGN","numericCode":"566","name":"Nigerian Naira","rate":4.2992723966134,"date":"Sun, 27 Jun 2021 23:55:01 GMT","inverseRate":0.23259749737833},"irr":{"code":"IRR","alphaCode":"IRR","numericCode":"364","name":"Iranian rial","rate":439.40130444766,"date":"Sun, 27 Jun 2021 23:55:01 GMT","inverseRate":0.0022758239219545},"ves":{"code":"VES","alphaCode":"VES","numericCode":"928","name":"Venezuelan Bolivar","rate":33269.653073088,"date":"Sun, 27 Jun 2021 23:55:01 GMT","inverseRate":3.0057421933531e-5},"sbd":{"code":"SBD","alphaCode":"SBD","numericCode":"090","name":"Solomon Islands dollar","rate":0.085270056336366,"date":"Sun, 27 Jun 2021 23:55:01 GMT","inverseRate":11.727446221629},"mwk":{"code":"MWK","alphaCode":"MWK","numericCode":"454","name":"Malawian kwacha","rate":8.4235930121222,"date":"Sun, 27 Jun 2021 23:55:01 GMT","inverseRate":0.11871418746857},"gtq":{"code":"GTQ","alphaCode":"GTQ","numericCode":"320","name":"Guatemalan Quetzal","rate":0.0808802597691,"date":"Sun, 27 Jun 2021 23:55:01 GMT","inverseRate":12.363956333163},"sek":{"code":"SEK","alphaCode":"SEK","numericCode":"752","name":"Swedish Krona","rate":0.088795995854611,"date":"Sun, 27 Jun 2021 23:55:01 GMT","inverseRate":11.261769073882},"npr":{"code":"NPR","alphaCode":"NPR","numericCode":"524","name":"Nepalese Rupee","rate":1.2436158468952,"date":"Sun, 27 Jun 2021 23:55:01 GMT","inverseRate":0.80410683290708},"isk":{"code":"ISK","alphaCode":"ISK","numericCode":"352","name":"Icelandic Krona","rate":1.2906861594177,"date":"Sun, 27 Jun 2021 23:55:01 GMT","inverseRate":0.77478168701458},"gip":{"code":"GIP","alphaCode":"GIP","numericCode":"292","name":"Gibraltar pound","rate":0.007507093997969,"date":"Sun, 27 Jun 2021 23:55:01 GMT","inverseRate":133.20733698959},"gel":{"code":"GEL","alphaCode":"GEL","numericCode":"981","name":"Georgian lari","rate":0.033970836407274,"date":"Sun, 27 Jun 2021 23:55:01 GMT","inverseRate":29.437014385253},"mkd":{"code":"MKD","alphaCode":"MKD","numericCode":"807","name":"Macedonian denar","rate":0.54161382195098,"date":"Sun, 27 Jun 2021 23:55:01 GMT","inverseRate":1.8463339735272},"bif":{"code":"BIF","alphaCode":"BIF","numericCode":"108","name":"Burundian franc","rate":20.695706825392,"date":"Sun, 27 Jun 2021 23:55:01 GMT","inverseRate":0.048319200133484},"mmk":{"code":"MMK","alphaCode":"MMK","numericCode":"104","name":"Myanma Kyat","rate":17.213429198684,"date":"Sun, 27 Jun 2021 23:55:01 GMT","inverseRate":0.058094176846322},"mvr":{"code":"MVR","alphaCode":"MVR","numericCode":"462","name":"Maldivian rufiyaa","rate":0.16166144204563,"date":"Sun, 27 Jun 2021 23:55:01 GMT","inverseRate":6.1857669172453},"kes":{"code":"KES","alphaCode":"KES","numericCode":"404","name":"Kenyan shilling","rate":1.1267256860657,"date":"Sun, 27 Jun 2021 23:55:01 GMT","inverseRate":0.88752747218519},"aed":{"code":"AED","alphaCode":"AED","numericCode":"784","name":"U.A.E Dirham","rate":0.038448543307869,"date":"Sun, 27 Jun 2021 23:55:01 GMT","inverseRate":26.008787693014},"php":{"code":"PHP","alphaCode":"PHP","numericCode":"608","name":"Philippine Peso","rate":0.50868562401566,"date":"Sun, 27 Jun 2021 23:55:01 GMT","inverseRate":1.965850719558},"ils":{"code":"ILS","alphaCode":"ILS","numericCode":"376","name":"Israeli New Sheqel","rate":0.034059050448264,"date":"Sun, 27 Jun 2021 23:55:01 GMT","inverseRate":29.360771566988},"mro":{"code":"MRO","alphaCode":"MRO","numericCode":"478","name":"Mauritanian Ouguiya","rate":0.37976807527597,"date":"Sun, 27 Jun 2021 23:55:01 GMT","inverseRate":2.6331860551293},"cop":{"code":"COP","alphaCode":"COP","numericCode":"170","name":"Colombian Peso","rate":39.433372873255,"date":"Sun, 27 Jun 2021 23:55:01 GMT","inverseRate":0.02535923070071},"bzd":{"code":"BZD","alphaCode":"BZD","numericCode":"084","name":"Belize dollar","rate":0.021079164709283,"date":"Sun, 27 Jun 2021 23:55:01 GMT","inverseRate":47.44020997946},"gnf":{"code":"GNF","alphaCode":"GNF","numericCode":"324","name":"Guinean franc","rate":102.56706517351,"date":"Sun, 27 Jun 2021 23:55:01 GMT","inverseRate":0.0097497183750783},"sll":{"code":"SLL","alphaCode":"SLL","numericCode":"694","name":"Sierra Leonean leone","rate":107.29237711917,"date":"Sun, 27 Jun 2021 23:55:01 GMT","inverseRate":0.0093203266331707},"ugx":{"code":"UGX","alphaCode":"UGX","numericCode":"800","name":"Ugandan shilling","rate":37.385162565604,"date":"Sun, 27 Jun 2021 23:55:01 GMT","inverseRate":0.026748579687067},"cny":{"code":"CNY","alphaCode":"CNY","numericCode":"156","name":"Chinese Yuan","rate":0.067706722278522,"date":"Sun, 27 Jun 2021 23:55:01 GMT","inverseRate":14.769582197265},"sar":{"code":"SAR","alphaCode":"SAR","numericCode":"682","name":"Saudi Riyal","rate":0.03932861512609,"date":"Sun, 27 Jun 2021 23:55:01 GMT","inverseRate":25.426778868108},"myr":{"code":"MYR","alphaCode":"MYR","numericCode":"458","name":"Malaysian Ringgit","rate":0.043459271087569,"date":"Sun, 27 Jun 2021 23:55:01 GMT","inverseRate":23.010049984157},"kzt":{"code":"KZT","alphaCode":"KZT","numericCode":"398","name":"Kazakhstani Tenge","rate":4.4706220217923,"date":"Sun, 27 Jun 2021 23:55:01 GMT","inverseRate":0.22368252004429},"bob":{"code":"BOB","alphaCode":"BOB","numericCode":"068","name":"Bolivian Boliviano","rate":0.072076907720744,"date":"Sun, 27 Jun 2021 23:55:01 GMT","inverseRate":13.87406912453},"gyd":{"code":"GYD","alphaCode":"GYD","numericCode":"328","name":"Guyanese dollar","rate":2.1840838063096,"date":"Sun, 27 Jun 2021 23:55:01 GMT","inverseRate":0.45785788856229},"rwf":{"code":"RWF","alphaCode":"RWF","numericCode":"646","name":"Rwandan franc","rate":10.515507877018,"date":"Sun, 27 Jun 2021 23:55:01 GMT","inverseRate":0.095097641663653},"mzn":{"code":"MZN","alphaCode":"MZN","numericCode":"943","name":"Mozambican metical","rate":0.66651325180093,"date":"Sun, 27 Jun 2021 23:55:01 GMT","inverseRate":1.5003452629006},"vuv":{"code":"VUV","alphaCode":"VUV","numericCode":"548","name":"Vanuatu vatu","rate":1.1488939975907,"date":"Sun, 27 Jun 2021 23:55:01 GMT","inverseRate":0.87040231918445},"idr":{"code":"IDR","alphaCode":"IDR","numericCode":"360","name":"Indonesian Rupiah","rate":151.4535732305,"date":"Sun, 27 Jun 2021 23:55:01 GMT","inverseRate":0.0066026834406745},"tnd":{"code":"TND","alphaCode":"TND","numericCode":"788","name":"Tunisian Dinar","rate":0.028680028176267,"date":"Sun, 27 Jun 2021 23:55:01 GMT","inverseRate":34.867469231691},"xof":{"code":"XOF","alphaCode":"XOF","numericCode":"952","name":"West African CFA Franc","rate":5.7648259182667,"date":"Sun, 27 Jun 2021 23:55:01 GMT","inverseRate":0.17346577575419},"tjs":{"code":"TJS","alphaCode":"TJS","numericCode":"972","name":"Tajikistan Ruble","rate":0.11858776613819,"date":"Sun, 27 Jun 2021 23:55:01 GMT","inverseRate":8.4325730432824},"afn":{"code":"AFN","alphaCode":"AFN","numericCode":"971","name":"Afghan afghani","rate":0.82715375139928,"date":"Sun, 27 Jun 2021 23:55:01 GMT","inverseRate":1.2089650785097},"nad":{"code":"NAD","alphaCode":"NAD","numericCode":"516","name":"Namibian dollar","rate":0.14867024843025,"date":"Sun, 27 Jun 2021 23:55:01 GMT","inverseRate":6.7262953452935},"syp":{"code":"SYP","alphaCode":"SYP","numericCode":"760","name":"Syrian pound","rate":26.393924771316,"date":"Sun, 27 Jun 2021 23:55:01 GMT","inverseRate":0.037887506638905},"top":{"code":"TOP","alphaCode":"TOP","numericCode":"776","name":"Tongan pa\u02bbanga","rate":0.023167468638876,"date":"Sun, 27 Jun 2021 23:55:01 GMT","inverseRate":43.163973396816},"kwd":{"code":"KWD","alphaCode":"KWD","numericCode":"414","name":"Kuwaiti Dinar","rate":0.0031543531925598,"date":"Sun, 27 Jun 2021 23:55:01 GMT","inverseRate":317.02220358795},"czk":{"code":"CZK","alphaCode":"CZK","numericCode":"203","name":"Czech Koruna","rate":0.22367646909238,"date":"Sun, 27 Jun 2021 23:55:01 GMT","inverseRate":4.4707429621799},"pgk":{"code":"PGK","alphaCode":"PGK","numericCode":"598","name":"Papua New Guinean kina","rate":0.036808488962685,"date":"Sun, 27 Jun 2021 23:55:01 GMT","inverseRate":27.167646056152},"uah":{"code":"UAH","alphaCode":"UAH","numericCode":"980","name":"Ukrainian Hryvnia","rate":0.28731854668239,"date":"Sun, 27 Jun 2021 23:55:01 GMT","inverseRate":3.4804575324036},"etb":{"code":"ETB","alphaCode":"ETB","numericCode":"230","name":"Ethiopian birr","rate":0.45769811742165,"date":"Sun, 27 Jun 2021 23:55:01 GMT","inverseRate":2.184846216177},"xcd":{"code":"XCD","alphaCode":"XCD","numericCode":"951","name":"East Caribbean Dollar","rate":0.028335876865857,"date":"Sun, 27 Jun 2021 23:55:01 GMT","inverseRate":35.290949517251},"lak":{"code":"LAK","alphaCode":"LAK","numericCode":"418","name":"Lao kip","rate":99.225281095174,"date":"Sun, 27 Jun 2021 23:55:01 GMT","inverseRate":0.010078076765949},"bwp":{"code":"BWP","alphaCode":"BWP","numericCode":"072","name":"Botswana Pula","rate":0.11366892666373,"date":"Sun, 27 Jun 2021 23:55:01 GMT","inverseRate":8.7974790415532},"nok":{"code":"NOK","alphaCode":"NOK","numericCode":"578","name":"Norwegian Krone","rate":0.088980921239377,"date":"Sun, 27 Jun 2021 23:55:01 GMT","inverseRate":11.238364202926},"mad":{"code":"MAD","alphaCode":"MAD","numericCode":"504","name":"Moroccan Dirham","rate":0.092645716823924,"date":"Sun, 27 Jun 2021 23:55:01 GMT","inverseRate":10.793807142758},"ron":{"code":"RON","alphaCode":"RON","numericCode":"946","name":"Romanian New Leu","rate":0.043239942165286,"date":"Sun, 27 Jun 2021 23:55:01 GMT","inverseRate":23.126765437786},"byn":{"code":"BYN","alphaCode":"BYN","numericCode":"933","name":"Belarussian Ruble","rate":0.026494991995962,"date":"Sun, 27 Jun 2021 23:55:01 GMT","inverseRate":37.742981773778},"rsd":{"code":"RSD","alphaCode":"RSD","numericCode":"941","name":"Serbian Dinar","rate":1.0122995965658,"date":"Sun, 27 Jun 2021 23:55:01 GMT","inverseRate":0.98784984543358},"gmd":{"code":"GMD","alphaCode":"GMD","numericCode":"270","name":"Gambian dalasi","rate":0.54308487183781,"date":"Sun, 27 Jun 2021 23:55:01 GMT","inverseRate":1.8413328226507},"awg":{"code":"AWG","alphaCode":"AWG","numericCode":"533","name":"Aruban florin","rate":0.018928517477995,"date":"Sun, 27 Jun 2021 23:55:01 GMT","inverseRate":52.830339257289},"aoa":{"code":"AOA","alphaCode":"AOA","numericCode":"973","name":"Angolan kwanza","rate":6.8260150270646,"date":"Sun, 27 Jun 2021 23:55:01 GMT","inverseRate":0.14649835900376},"khr":{"code":"KHR","alphaCode":"KHR","numericCode":"116","name":"Cambodian riel","rate":42.616670782536,"date":"Sun, 27 Jun 2021 23:55:01 GMT","inverseRate":0.023464995778361},"scr":{"code":"SCR","alphaCode":"SCR","numericCode":"690","name":"Seychelles rupee","rate":0.1567335200197,"date":"Sun, 27 Jun 2021 23:55:01 GMT","inverseRate":6.3802561179914},"bhd":{"code":"BHD","alphaCode":"BHD","numericCode":"048","name":"Bahrain Dinar","rate":0.0039469007335251,"date":"Sun, 27 Jun 2021 23:55:01 GMT","inverseRate":253.36335203619},"omr":{"code":"OMR","alphaCode":"OMR","numericCode":"512","name":"Omani Rial","rate":0.0040339114942105,"date":"Sun, 27 Jun 2021 23:55:01 GMT","inverseRate":247.89834914207},"rub":{"code":"RUB","alphaCode":"RUB","numericCode":"643","name":"Russian Rouble","rate":0.75687603759842,"date":"Sun, 27 Jun 2021 23:55:01 GMT","inverseRate":1.3212203192124},"lyd":{"code":"LYD","alphaCode":"LYD","numericCode":"434","name":"Libyan Dinar","rate":0.046679104827121,"date":"Sun, 27 Jun 2021 23:55:01 GMT","inverseRate":21.422861550228},"clp":{"code":"CLP","alphaCode":"CLP","numericCode":"152","name":"Chilean Peso","rate":7.6964509712916,"date":"Sun, 27 Jun 2021 23:55:01 GMT","inverseRate":0.12993001628024},"bsd":{"code":"BSD","alphaCode":"BSD","numericCode":"044","name":"Bahamian Dollar","rate":0.010452211615443,"date":"Sun, 27 Jun 2021 23:55:01 GMT","inverseRate":95.673531764562},"djf":{"code":"DJF","alphaCode":"DJF","numericCode":"262","name":"Djiboutian franc","rate":1.8616112830664,"date":"Sun, 27 Jun 2021 23:55:01 GMT","inverseRate":0.5371690691264},"hnl":{"code":"HNL","alphaCode":"HNL","numericCode":"340","name":"Honduran Lempira","rate":0.25057523517072,"date":"Sun, 27 Jun 2021 23:55:01 GMT","inverseRate":3.9908173659646},"tzs":{"code":"TZS","alphaCode":"TZS","numericCode":"834","name":"Tanzanian shilling","rate":24.244266477021,"date":"Sun, 27 Jun 2021 23:55:01 GMT","inverseRate":0.041246865560887},"bbd":{"code":"BBD","alphaCode":"BBD","numericCode":"052","name":"Barbadian Dollar","rate":0.020988419526892,"date":"Sun, 27 Jun 2021 23:55:01 GMT","inverseRate":47.645321684118},"bdt":{"code":"BDT","alphaCode":"BDT","numericCode":"050","name":"Bangladeshi taka","rate":0.88726700050855,"date":"Sun, 27 Jun 2021 23:55:01 GMT","inverseRate":1.1270564547389},"qar":{"code":"QAR","alphaCode":"QAR","numericCode":"634","name":"Qatari Rial","rate":0.038362976552219,"date":"Sun, 27 Jun 2021 23:55:01 GMT","inverseRate":26.066799030539},"mxn":{"code":"MXN","alphaCode":"MXN","numericCode":"484","name":"Mexican Peso","rate":0.20761355138758,"date":"Sun, 27 Jun 2021 23:55:01 GMT","inverseRate":4.8166412708445},"amd":{"code":"AMD","alphaCode":"AMD","numericCode":"051","name":"Armenia Dram","rate":5.4292946211699,"date":"Sun, 27 Jun 2021 23:55:01 GMT","inverseRate":0.18418598911556},"uyu":{"code":"UYU","alphaCode":"UYU","numericCode":"858","name":"Uruguayan Peso","rate":0.45646773359091,"date":"Sun, 27 Jun 2021 23:55:01 GMT","inverseRate":2.1907353497547},"fjd":{"code":"FJD","alphaCode":"FJD","numericCode":"242","name":"Fiji Dollar","rate":0.021569538086066,"date":"Sun, 27 Jun 2021 23:55:01 GMT","inverseRate":46.361678957139},"cdf":{"code":"CDF","alphaCode":"CDF","numericCode":"976","name":"Congolese franc","rate":20.79353317068,"date":"Sun, 27 Jun 2021 23:55:01 GMT","inverseRate":0.04809187509365},"lsl":{"code":"LSL","alphaCode":"LSL","numericCode":"426","name":"Lesotho loti","rate":0.1487260975093,"date":"Sun, 27 Jun 2021 23:55:01 GMT","inverseRate":6.7237695115176},"mnt":{"code":"MNT","alphaCode":"MNT","numericCode":"496","name":"Mongolian togrog","rate":29.812415027842,"date":"Sun, 27 Jun 2021 23:55:01 GMT","inverseRate":0.033543072544311},"brl":{"code":"BRL","alphaCode":"BRL","numericCode":"986","name":"Brazilian Real","rate":0.052415575314425,"date":"Sun, 27 Jun 2021 23:55:01 GMT","inverseRate":19.078298654576},"hkd":{"code":"HKD","alphaCode":"HKD","numericCode":"344","name":"Hong Kong Dollar","rate":0.081403206018928,"date":"Sun, 27 Jun 2021 23:55:01 GMT","inverseRate":12.284528446797},"thb":{"code":"THB","alphaCode":"THB","numericCode":"764","name":"Thai Baht","rate":0.33143898188489,"date":"Sun, 27 Jun 2021 23:55:01 GMT","inverseRate":3.0171466081419},"xaf":{"code":"XAF","alphaCode":"XAF","numericCode":"950","name":"Central African CFA Franc","rate":5.7697132251812,"date":"Sun, 27 Jun 2021 23:55:01 GMT","inverseRate":0.1733188394244},"mdl":{"code":"MDL","alphaCode":"MDL","numericCode":"498","name":"Moldova Lei","rate":0.18868721234203,"date":"Sun, 27 Jun 2021 23:55:01 GMT","inverseRate":5.2997762147617},"nio":{"code":"NIO","alphaCode":"NIO","numericCode":"558","name":"Nicaraguan C\u00f3rdoba","rate":0.36681535747288,"date":"Sun, 27 Jun 2021 23:55:01 GMT","inverseRate":2.7261672109079},"lrd":{"code":"LRD","alphaCode":"LRD","numericCode":"430","name":"Liberian dollar","rate":1.7914428577817,"date":"Sun, 27 Jun 2021 23:55:01 GMT","inverseRate":0.55820926447984},"sdg":{"code":"SDG","alphaCode":"SDG","numericCode":"938","name":"Sudanese pound","rate":4.6035915298807,"date":"Sun, 27 Jun 2021 23:55:01 GMT","inverseRate":0.21722170472972},"mru":{"code":"MRU","alphaCode":"MRU","numericCode":"929","name":"Mauritanian ouguiya","rate":0.37777564081082,"date":"Sun, 27 Jun 2021 23:55:01 GMT","inverseRate":2.6470737971715},"dkk":{"code":"DKK","alphaCode":"DKK","numericCode":"208","name":"Danish Krone","rate":0.065277632478283,"date":"Sun, 27 Jun 2021 23:55:01 GMT","inverseRate":15.319183034598},"jod":{"code":"JOD","alphaCode":"JOD","numericCode":"400","name":"Jordanian Dinar","rate":0.0074305809805118,"date":"Sun, 27 Jun 2021 23:55:01 GMT","inverseRate":134.57897876663},"bgn":{"code":"BGN","alphaCode":"BGN","numericCode":"975","name":"Bulgarian Lev","rate":0.017168738368968,"date":"Sun, 27 Jun 2021 23:55:01 GMT","inverseRate":58.245398031545},"vnd":{"code":"VND","alphaCode":"VND","numericCode":"704","name":"Vietnamese Dong","rate":241.22988201545,"date":"Sun, 27 Jun 2021 23:55:01 GMT","inverseRate":0.0041454234095922},"uzs":{"code":"UZS","alphaCode":"UZS","numericCode":"860","name":"Uzbekistan Sum","rate":110.57480368882,"date":"Sun, 27 Jun 2021 23:55:01 GMT","inverseRate":0.0090436515972858},"pab":{"code":"PAB","alphaCode":"PAB","numericCode":"590","name":"Panamanian Balboa","rate":0.010452211615443,"date":"Sun, 27 Jun 2021 23:55:01 GMT","inverseRate":95.673531764562},"ttd":{"code":"TTD","alphaCode":"TTD","numericCode":"780","name":"Trinidad Tobago Dollar","rate":0.071078792023292,"date":"Sun, 27 Jun 2021 23:55:01 GMT","inverseRate":14.068894131914},"htg":{"code":"HTG","alphaCode":"HTG","numericCode":"332","name":"Haitian gourde","rate":0.98240414781576,"date":"Sun, 27 Jun 2021 23:55:01 GMT","inverseRate":1.0179110116986},"cup":{"code":"CUP","alphaCode":"CUP","numericCode":"192","name":"Cuban peso","rate":0.010452211615443,"date":"Sun, 27 Jun 2021 23:55:01 GMT","inverseRate":95.673531764562}}