{"usd":{"code":"USD","alphaCode":"USD","numericCode":"840","name":"U.S. Dollar","rate":0.7596967412434,"date":"Sun, 27 Jun 2021 23:55:01 GMT","inverseRate":1.3163147157421},"eur":{"code":"EUR","alphaCode":"EUR","numericCode":"978","name":"Euro","rate":0.63597914439521,"date":"Sun, 27 Jun 2021 23:55:01 GMT","inverseRate":1.5723786051993},"gbp":{"code":"GBP","alphaCode":"GBP","numericCode":"826","name":"U.K. Pound Sterling","rate":0.54628460992976,"date":"Sun, 27 Jun 2021 23:55:01 GMT","inverseRate":1.8305476336384},"jpy":{"code":"JPY","alphaCode":"JPY","numericCode":"392","name":"Japanese Yen","rate":84.123379029879,"date":"Sun, 27 Jun 2021 23:55:01 GMT","inverseRate":0.011887301859865},"chf":{"code":"CHF","alphaCode":"CHF","numericCode":"756","name":"Swiss Franc","rate":0.69665310416094,"date":"Sun, 27 Jun 2021 23:55:01 GMT","inverseRate":1.4354346431922},"cad":{"code":"CAD","alphaCode":"CAD","numericCode":"124","name":"Canadian Dollar","rate":0.93442266899984,"date":"Sun, 27 Jun 2021 23:55:01 GMT","inverseRate":1.0701795163749},"lkr":{"code":"LKR","alphaCode":"LKR","numericCode":"144","name":"Sri Lanka Rupee","rate":150.95270247841,"date":"Sun, 27 Jun 2021 23:55:01 GMT","inverseRate":0.006624591567965},"pln":{"code":"PLN","alphaCode":"PLN","numericCode":"985","name":"Polish Zloty","rate":2.8684492186356,"date":"Sun, 27 Jun 2021 23:55:01 GMT","inverseRate":0.34862042998818},"pen":{"code":"PEN","alphaCode":"PEN","numericCode":"604","name":"Peruvian Nuevo Sol","rate":3.0237458189564,"date":"Sun, 27 Jun 2021 23:55:01 GMT","inverseRate":0.33071562885042},"iqd":{"code":"IQD","alphaCode":"IQD","numericCode":"368","name":"Iraqi dinar","rate":1106.1989465063,"date":"Sun, 27 Jun 2021 23:55:01 GMT","inverseRate":0.00090399652174532},"svc":{"code":"SVC","alphaCode":"SVC","numericCode":"222","name":"Salvadoran colon","rate":6.6307034185428,"date":"Sun, 27 Jun 2021 23:55:01 GMT","inverseRate":0.15081356183169},"cve":{"code":"CVE","alphaCode":"CVE","numericCode":"132","name":"Cape Verde escudo","rate":70.809363667153,"date":"Sun, 27 Jun 2021 23:55:01 GMT","inverseRate":0.014122426021234},"zmw":{"code":"ZMW","alphaCode":"ZMW","numericCode":"967","name":"Zambian kwacha","rate":17.11085458544,"date":"Sun, 27 Jun 2021 23:55:01 GMT","inverseRate":0.058442434596511},"yer":{"code":"YER","alphaCode":"YER","numericCode":"886","name":"Yemeni rial","rate":190.49948375978,"date":"Sun, 27 Jun 2021 23:55:01 GMT","inverseRate":0.0052493580573741},"dop":{"code":"DOP","alphaCode":"DOP","numericCode":"214","name":"Dominican Peso","rate":43.131015258827,"date":"Sun, 27 Jun 2021 23:55:01 GMT","inverseRate":0.023185171830504},"nzd":{"code":"NZD","alphaCode":"NZD","numericCode":"554","name":"New Zealand Dollar","rate":1.0733270006133,"date":"Sun, 27 Jun 2021 23:55:01 GMT","inverseRate":0.93168251560672},"hrk":{"code":"HRK","alphaCode":"HRK","numericCode":"191","name":"Croatian Kuna","rate":4.7667355849672,"date":"Sun, 27 Jun 2021 23:55:01 GMT","inverseRate":0.2097871766065},"dzd":{"code":"DZD","alphaCode":"DZD","numericCode":"012","name":"Algerian Dinar","rate":101.1648933637,"date":"Sun, 27 Jun 2021 23:55:01 GMT","inverseRate":0.0098848520148671},"ars":{"code":"ARS","alphaCode":"ARS","numericCode":"032","name":"Argentine Peso","rate":72.43533637297,"date":"Sun, 27 Jun 2021 23:55:01 GMT","inverseRate":0.013805416666404},"stn":{"code":"STN","alphaCode":"STN","numericCode":"930","name":"S\u00e3o Tom\u00e9 and Pr\u00edncipe Dobra","rate":15.731098346241,"date":"Sun, 27 Jun 2021 23:55:01 GMT","inverseRate":0.063568352189405},"xpf":{"code":"XPF","alphaCode":"XPF","numericCode":"953","name":"CFP Franc","rate":75.780969492898,"date":"Sun, 27 Jun 2021 23:55:01 GMT","inverseRate":0.013195925133865},"all":{"code":"ALL","alphaCode":"ALL","numericCode":"008","name":"Albanian lek","rate":77.804043205725,"date":"Sun, 27 Jun 2021 23:55:01 GMT","inverseRate":0.01285280248683},"mur":{"code":"MUR","alphaCode":"MUR","numericCode":"480","name":"Mauritian Rupee","rate":31.10389618785,"date":"Sun, 27 Jun 2021 23:55:01 GMT","inverseRate":0.032150313065622},"sos":{"code":"SOS","alphaCode":"SOS","numericCode":"706","name":"Somali shilling","rate":438.16336570204,"date":"Sun, 27 Jun 2021 23:55:01 GMT","inverseRate":0.0022822537854067},"ang":{"code":"ANG","alphaCode":"ANG","numericCode":"532","name":"Neth. Antillean Guilder","rate":1.3510502171445,"date":"Sun, 27 Jun 2021 23:55:01 GMT","inverseRate":0.74016493784629},"pkr":{"code":"PKR","alphaCode":"PKR","numericCode":"586","name":"Pakistani Rupee","rate":117.48646967904,"date":"Sun, 27 Jun 2021 23:55:01 GMT","inverseRate":0.0085116184249291},"krw":{"code":"KRW","alphaCode":"KRW","numericCode":"410","name":"South Korean Won","rate":856.33237954216,"date":"Sun, 27 Jun 2021 23:55:01 GMT","inverseRate":0.001167770860813},"azn":{"code":"AZN","alphaCode":"AZN","numericCode":"944","name":"Azerbaijan Manat","rate":1.2877539411589,"date":"Sun, 27 Jun 2021 23:55:01 GMT","inverseRate":0.77654586644094},"pyg":{"code":"PYG","alphaCode":"PYG","numericCode":"600","name":"Paraguayan Guaran\u00ed","rate":5149.6548694734,"date":"Sun, 27 Jun 2021 23:55:01 GMT","inverseRate":0.00019418777089857},"bnd":{"code":"BND","alphaCode":"BND","numericCode":"096","name":"Brunei Dollar","rate":1.0195460852246,"date":"Sun, 27 Jun 2021 23:55:01 GMT","inverseRate":0.98082863981543},"kmf":{"code":"KMF","alphaCode":"KMF","numericCode":"174","name":"\tComoro franc","rate":313.96750914383,"date":"Sun, 27 Jun 2021 23:55:01 GMT","inverseRate":0.0031850429451344},"szl":{"code":"SZL","alphaCode":"SZL","numericCode":"748","name":"Swazi lilangeni","rate":10.768979453698,"date":"Sun, 27 Jun 2021 23:55:01 GMT","inverseRate":0.092859309863072},"wst":{"code":"WST","alphaCode":"WST","numericCode":"882","name":"Samoan tala","rate":1.9255886849659,"date":"Sun, 27 Jun 2021 23:55:01 GMT","inverseRate":0.51932170551662},"egp":{"code":"EGP","alphaCode":"EGP","numericCode":"818","name":"Egyptian Pound","rate":11.909644004623,"date":"Sun, 27 Jun 2021 23:55:01 GMT","inverseRate":0.083965566024629},"sgd":{"code":"SGD","alphaCode":"SGD","numericCode":"702","name":"Singapore Dollar","rate":1.0193861324693,"date":"Sun, 27 Jun 2021 23:55:01 GMT","inverseRate":0.98098254248136},"zar":{"code":"ZAR","alphaCode":"ZAR","numericCode":"710","name":"South African Rand","rate":10.709953987355,"date":"Sun, 27 Jun 2021 23:55:01 GMT","inverseRate":0.093371082749813},"kgs":{"code":"KGS","alphaCode":"KGS","numericCode":"417","name":"Kyrgyzstan Som","rate":63.495516601245,"date":"Sun, 27 Jun 2021 23:55:01 GMT","inverseRate":0.015749143459688},"crc":{"code":"CRC","alphaCode":"CRC","numericCode":"188","name":"Costa Rican Col\u00f3n","rate":469.21652771039,"date":"Sun, 27 Jun 2021 23:55:01 GMT","inverseRate":0.0021312122249394},"jmd":{"code":"JMD","alphaCode":"JMD","numericCode":"388","name":"Jamaican Dollar","rate":113.350957649,"date":"Sun, 27 Jun 2021 23:55:01 GMT","inverseRate":0.0088221574898076},"ssp":{"code":"SSP","alphaCode":"SSP","numericCode":"728","name":"South Sudanese pound","rate":134.72607481536,"date":"Sun, 27 Jun 2021 23:55:01 GMT","inverseRate":0.0074224681552586},"ern":{"code":"ERN","alphaCode":"ERN","numericCode":"232","name":"Eritrean nakfa","rate":11.420865107606,"date":"Sun, 27 Jun 2021 23:55:01 GMT","inverseRate":0.087559041331645},"bam":{"code":"BAM","alphaCode":"BAM","numericCode":"977","name":"Bosnia and Herzegovina convertible mark","rate":1.2541125764288,"date":"Sun, 27 Jun 2021 23:55:01 GMT","inverseRate":0.79737658229022},"inr":{"code":"INR","alphaCode":"INR","numericCode":"356","name":"Indian Rupee","rate":56.359941235595,"date":"Sun, 27 Jun 2021 23:55:01 GMT","inverseRate":0.017743098698769},"try":{"code":"TRY","alphaCode":"TRY","numericCode":"949","name":"Turkish Lira","rate":6.617823508046,"date":"Sun, 27 Jun 2021 23:55:01 GMT","inverseRate":0.15110708207679},"twd":{"code":"TWD","alphaCode":"TWD","numericCode":"901","name":"New Taiwan Dollar ","rate":21.194299407647,"date":"Sun, 27 Jun 2021 23:55:01 GMT","inverseRate":0.047182498499535},"tmt":{"code":"TMT","alphaCode":"TMT","numericCode":"934","name":"New Turkmenistan Manat","rate":2.6520724749216,"date":"Sun, 27 Jun 2021 23:55:01 GMT","inverseRate":0.37706360194005},"mga":{"code":"MGA","alphaCode":"MGA","numericCode":"969","name":"Malagasy ariary","rate":2867.7792285198,"date":"Sun, 27 Jun 2021 23:55:01 GMT","inverseRate":0.00034870187706749},"srd":{"code":"SRD","alphaCode":"SRD","numericCode":"968","name":"Surinamese dollar","rate":15.76569119582,"date":"Sun, 27 Jun 2021 23:55:01 GMT","inverseRate":0.063428871438577},"ghs":{"code":"GHS","alphaCode":"GHS","numericCode":"936","name":"Ghanaian Cedi","rate":4.4160443925467,"date":"Sun, 27 Jun 2021 23:55:01 GMT","inverseRate":0.22644699896762},"mop":{"code":"MOP","alphaCode":"MOP","numericCode":"446","name":"Macanese pataca","rate":6.0629581998303,"date":"Sun, 27 Jun 2021 23:55:01 GMT","inverseRate":0.16493598785292},"lbp":{"code":"LBP","alphaCode":"LBP","numericCode":"422","name":"Lebanese Pound","rate":1143.9799210283,"date":"Sun, 27 Jun 2021 23:55:01 GMT","inverseRate":0.00087414121665796},"huf":{"code":"HUF","alphaCode":"HUF","numericCode":"348","name":"Hungarian Forint","rate":223.54430603892,"date":"Sun, 27 Jun 2021 23:55:01 GMT","inverseRate":0.0044733861386113},"ngn":{"code":"NGN","alphaCode":"NGN","numericCode":"566","name":"Nigerian Naira","rate":311.41924220772,"date":"Sun, 27 Jun 2021 23:55:01 GMT","inverseRate":0.0032111053668707},"irr":{"code":"IRR","alphaCode":"IRR","numericCode":"364","name":"Iranian rial","rate":31828.181290388,"date":"Sun, 27 Jun 2021 23:55:01 GMT","inverseRate":3.1418697501952e-5},"ves":{"code":"VES","alphaCode":"VES","numericCode":"928","name":"Venezuelan Bolivar","rate":2409898.5113611,"date":"Sun, 27 Jun 2021 23:55:01 GMT","inverseRate":4.1495523371032e-7},"sbd":{"code":"SBD","alphaCode":"SBD","numericCode":"090","name":"Solomon Islands dollar","rate":6.1765652132668,"date":"Sun, 27 Jun 2021 23:55:01 GMT","inverseRate":0.16190228152244},"mwk":{"code":"MWK","alphaCode":"MWK","numericCode":"454","name":"Malawian kwacha","rate":610.16579330207,"date":"Sun, 27 Jun 2021 23:55:01 GMT","inverseRate":0.0016388988222172},"gtq":{"code":"GTQ","alphaCode":"GTQ","numericCode":"320","name":"Guatemalan Quetzal","rate":5.8585888223079,"date":"Sun, 27 Jun 2021 23:55:01 GMT","inverseRate":0.17068956882454},"sek":{"code":"SEK","alphaCode":"SEK","numericCode":"752","name":"Swedish Krona","rate":6.4319678283016,"date":"Sun, 27 Jun 2021 23:55:01 GMT","inverseRate":0.15547341446577},"npr":{"code":"NPR","alphaCode":"NPR","numericCode":"524","name":"Nepalese Rupee","rate":90.081732188613,"date":"Sun, 27 Jun 2021 23:55:01 GMT","inverseRate":0.011101029872585},"isk":{"code":"ISK","alphaCode":"ISK","numericCode":"352","name":"Icelandic Krona","rate":93.491286109356,"date":"Sun, 27 Jun 2021 23:55:01 GMT","inverseRate":0.010696184014736},"gip":{"code":"GIP","alphaCode":"GIP","numericCode":"292","name":"Gibraltar pound","rate":0.54377887892638,"date":"Sun, 27 Jun 2021 23:55:01 GMT","inverseRate":1.8389827901635},"gel":{"code":"GEL","alphaCode":"GEL","numericCode":"981","name":"Georgian lari","rate":2.460688962032,"date":"Sun, 27 Jun 2021 23:55:01 GMT","inverseRate":0.40639024900336},"mkd":{"code":"MKD","alphaCode":"MKD","numericCode":"807","name":"Macedonian denar","rate":39.231979377269,"date":"Sun, 27 Jun 2021 23:55:01 GMT","inverseRate":0.025489409809881},"bif":{"code":"BIF","alphaCode":"BIF","numericCode":"108","name":"Burundian franc","rate":1499.1004853736,"date":"Sun, 27 Jun 2021 23:55:01 GMT","inverseRate":0.00066706669083012},"mmk":{"code":"MMK","alphaCode":"MMK","numericCode":"104","name":"Myanma Kyat","rate":1246.860534139,"date":"Sun, 27 Jun 2021 23:55:01 GMT","inverseRate":0.00080201431725526},"mvr":{"code":"MVR","alphaCode":"MVR","numericCode":"462","name":"Maldivian rufiyaa","rate":11.710000933114,"date":"Sun, 27 Jun 2021 23:55:01 GMT","inverseRate":0.085397089693831},"kes":{"code":"KES","alphaCode":"KES","numericCode":"404","name":"Kenyan shilling","rate":81.614754070233,"date":"Sun, 27 Jun 2021 23:55:01 GMT","inverseRate":0.012252686556397},"aed":{"code":"AED","alphaCode":"AED","numericCode":"784","name":"U.A.E Dirham","rate":2.7850331675562,"date":"Sun, 27 Jun 2021 23:55:01 GMT","inverseRate":0.3590621510901},"php":{"code":"PHP","alphaCode":"PHP","numericCode":"608","name":"Philippine Peso","rate":36.846814283668,"date":"Sun, 27 Jun 2021 23:55:01 GMT","inverseRate":0.027139388287449},"ils":{"code":"ILS","alphaCode":"ILS","numericCode":"376","name":"Israeli New Sheqel","rate":2.467078775764,"date":"Sun, 27 Jun 2021 23:55:01 GMT","inverseRate":0.40533768512939},"mro":{"code":"MRO","alphaCode":"MRO","numericCode":"478","name":"Mauritanian Ouguiya","rate":27.50862827633,"date":"Sun, 27 Jun 2021 23:55:01 GMT","inverseRate":0.036352230651226},"cop":{"code":"COP","alphaCode":"COP","numericCode":"170","name":"Colombian Peso","rate":2856.369628395,"date":"Sun, 27 Jun 2021 23:55:01 GMT","inverseRate":0.00035009474616278},"bzd":{"code":"BZD","alphaCode":"BZD","numericCode":"084","name":"Belize dollar","rate":1.5268763861781,"date":"Sun, 27 Jun 2021 23:55:01 GMT","inverseRate":0.65493186550816},"gnf":{"code":"GNF","alphaCode":"GNF","numericCode":"324","name":"Guinean franc","rate":7429.4798666313,"date":"Sun, 27 Jun 2021 23:55:01 GMT","inverseRate":0.00013459892454805},"sll":{"code":"SLL","alphaCode":"SLL","numericCode":"694","name":"Sierra Leonean leone","rate":7771.7594268826,"date":"Sun, 27 Jun 2021 23:55:01 GMT","inverseRate":0.00012867099263791},"ugx":{"code":"UGX","alphaCode":"UGX","numericCode":"800","name":"Ugandan shilling","rate":2708.0068257976,"date":"Sun, 27 Jun 2021 23:55:01 GMT","inverseRate":0.00036927528781448},"cny":{"code":"CNY","alphaCode":"CNY","numericCode":"156","name":"Chinese Yuan","rate":4.904359202956,"date":"Sun, 27 Jun 2021 23:55:01 GMT","inverseRate":0.20390023622194},"sar":{"code":"SAR","alphaCode":"SAR","numericCode":"682","name":"Saudi Riyal","rate":2.8487814657414,"date":"Sun, 27 Jun 2021 23:55:01 GMT","inverseRate":0.35102727675875},"myr":{"code":"MYR","alphaCode":"MYR","numericCode":"458","name":"Malaysian Ringgit","rate":3.1479869197521,"date":"Sun, 27 Jun 2021 23:55:01 GMT","inverseRate":0.31766332754608},"kzt":{"code":"KZT","alphaCode":"KZT","numericCode":"398","name":"Kazakhstani Tenge","rate":323.83100994493,"date":"Sun, 27 Jun 2021 23:55:01 GMT","inverseRate":0.0030880303902028},"bob":{"code":"BOB","alphaCode":"BOB","numericCode":"068","name":"Bolivian Boliviano","rate":5.2209150554756,"date":"Sun, 27 Jun 2021 23:55:01 GMT","inverseRate":0.19153730512264},"gyd":{"code":"GYD","alphaCode":"GYD","numericCode":"328","name":"Guyanese dollar","rate":158.20484517679,"date":"Sun, 27 Jun 2021 23:55:01 GMT","inverseRate":0.0063209189256026},"rwf":{"code":"RWF","alphaCode":"RWF","numericCode":"646","name":"Rwandan franc","rate":761.69435020442,"date":"Sun, 27 Jun 2021 23:55:01 GMT","inverseRate":0.0013128625671591},"mzn":{"code":"MZN","alphaCode":"MZN","numericCode":"943","name":"Mozambican metical","rate":48.279111591242,"date":"Sun, 27 Jun 2021 23:55:01 GMT","inverseRate":0.020712891497809},"vuv":{"code":"VUV","alphaCode":"VUV","numericCode":"548","name":"Vanuatu vatu","rate":83.220523172365,"date":"Sun, 27 Jun 2021 23:55:01 GMT","inverseRate":0.012016266683746},"idr":{"code":"IDR","alphaCode":"IDR","numericCode":"360","name":"Indonesian Rupiah","rate":10970.590521839,"date":"Sun, 27 Jun 2021 23:55:01 GMT","inverseRate":9.115279601488e-5},"tnd":{"code":"TND","alphaCode":"TND","numericCode":"788","name":"Tunisian Dinar","rate":2.0774474881341,"date":"Sun, 27 Jun 2021 23:55:01 GMT","inverseRate":0.48135994084652},"xof":{"code":"XOF","alphaCode":"XOF","numericCode":"952","name":"West African CFA Franc","rate":417.57710452126,"date":"Sun, 27 Jun 2021 23:55:01 GMT","inverseRate":0.0023947673116477},"tjs":{"code":"TJS","alphaCode":"TJS","numericCode":"972","name":"Tajikistan Ruble","rate":8.589944729939,"date":"Sun, 27 Jun 2021 23:55:01 GMT","inverseRate":0.1164151844324},"afn":{"code":"AFN","alphaCode":"AFN","numericCode":"971","name":"Afghan afghani","rate":59.91516021477,"date":"Sun, 27 Jun 2021 23:55:01 GMT","inverseRate":0.016690266643958},"nad":{"code":"NAD","alphaCode":"NAD","numericCode":"516","name":"Namibian dollar","rate":10.768979453698,"date":"Sun, 27 Jun 2021 23:55:01 GMT","inverseRate":0.092859309863072},"syp":{"code":"SYP","alphaCode":"SYP","numericCode":"760","name":"Syrian pound","rate":1911.8528190131,"date":"Sun, 27 Jun 2021 23:55:01 GMT","inverseRate":0.00052305281560125},"top":{"code":"TOP","alphaCode":"TOP","numericCode":"776","name":"Tongan pa\u02bbanga","rate":1.6781433837672,"date":"Sun, 27 Jun 2021 23:55:01 GMT","inverseRate":0.59589663772063},"kwd":{"code":"KWD","alphaCode":"KWD","numericCode":"414","name":"Kuwaiti Dinar","rate":0.22848663454222,"date":"Sun, 27 Jun 2021 23:55:01 GMT","inverseRate":4.3766236130334},"czk":{"code":"CZK","alphaCode":"CZK","numericCode":"203","name":"Czech Koruna","rate":16.202080277425,"date":"Sun, 27 Jun 2021 23:55:01 GMT","inverseRate":0.061720469401288},"pgk":{"code":"PGK","alphaCode":"PGK","numericCode":"598","name":"Papua New Guinean kina","rate":2.6662352793928,"date":"Sun, 27 Jun 2021 23:55:01 GMT","inverseRate":0.37506067365058},"uah":{"code":"UAH","alphaCode":"UAH","numericCode":"980","name":"Ukrainian Hryvnia","rate":20.812015575132,"date":"Sun, 27 Jun 2021 23:55:01 GMT","inverseRate":0.048049166424558},"etb":{"code":"ETB","alphaCode":"ETB","numericCode":"230","name":"Ethiopian birr","rate":33.153517092712,"date":"Sun, 27 Jun 2021 23:55:01 GMT","inverseRate":0.03016271236634},"xcd":{"code":"XCD","alphaCode":"XCD","numericCode":"951","name":"East Caribbean Dollar","rate":2.0525187722014,"date":"Sun, 27 Jun 2021 23:55:01 GMT","inverseRate":0.48720626263869},"lak":{"code":"LAK","alphaCode":"LAK","numericCode":"418","name":"Lao kip","rate":7187.4166128314,"date":"Sun, 27 Jun 2021 23:55:01 GMT","inverseRate":0.00013913204894993},"bwp":{"code":"BWP","alphaCode":"BWP","numericCode":"072","name":"Botswana Pula","rate":8.2336469380416,"date":"Sun, 27 Jun 2021 23:55:01 GMT","inverseRate":0.1214528637826},"nok":{"code":"NOK","alphaCode":"NOK","numericCode":"578","name":"Norwegian Krone","rate":6.445362960751,"date":"Sun, 27 Jun 2021 23:55:01 GMT","inverseRate":0.1551503004702},"mad":{"code":"MAD","alphaCode":"MAD","numericCode":"504","name":"Moroccan Dirham","rate":6.7108236616559,"date":"Sun, 27 Jun 2021 23:55:01 GMT","inverseRate":0.14901300502258},"ron":{"code":"RON","alphaCode":"RON","numericCode":"946","name":"Romanian New Leu","rate":3.1320997554902,"date":"Sun, 27 Jun 2021 23:55:01 GMT","inverseRate":0.31927463301484},"byn":{"code":"BYN","alphaCode":"BYN","numericCode":"933","name":"Belarussian Ruble","rate":1.9191736574267,"date":"Sun, 27 Jun 2021 23:55:01 GMT","inverseRate":0.52105758961951},"rsd":{"code":"RSD","alphaCode":"RSD","numericCode":"941","name":"Serbian Dinar","rate":73.326261787465,"date":"Sun, 27 Jun 2021 23:55:01 GMT","inverseRate":0.013637678720054},"gmd":{"code":"GMD","alphaCode":"GMD","numericCode":"270","name":"Gambian dalasi","rate":39.338535370643,"date":"Sun, 27 Jun 2021 23:55:01 GMT","inverseRate":0.025420366838219},"awg":{"code":"AWG","alphaCode":"AWG","numericCode":"533","name":"Aruban florin","rate":1.3710935305602,"date":"Sun, 27 Jun 2021 23:55:01 GMT","inverseRate":0.72934484607437},"aoa":{"code":"AOA","alphaCode":"AOA","numericCode":"973","name":"Angolan kwanza","rate":494.44469457237,"date":"Sun, 27 Jun 2021 23:55:01 GMT","inverseRate":0.0020224708869915},"khr":{"code":"KHR","alphaCode":"KHR","numericCode":"116","name":"Cambodian riel","rate":3086.9528832291,"date":"Sun, 27 Jun 2021 23:55:01 GMT","inverseRate":0.00032394404379569},"scr":{"code":"SCR","alphaCode":"SCR","numericCode":"690","name":"Seychelles rupee","rate":11.353045243546,"date":"Sun, 27 Jun 2021 23:55:01 GMT","inverseRate":0.088082094147246},"bhd":{"code":"BHD","alphaCode":"BHD","numericCode":"048","name":"Bahrain Dinar","rate":0.28589508226361,"date":"Sun, 27 Jun 2021 23:55:01 GMT","inverseRate":3.4977866428564},"omr":{"code":"OMR","alphaCode":"OMR","numericCode":"512","name":"Omani Rial","rate":0.29219773598192,"date":"Sun, 27 Jun 2021 23:55:01 GMT","inverseRate":3.4223400008201},"rub":{"code":"RUB","alphaCode":"RUB","numericCode":"643","name":"Russian Rouble","rate":54.824570376082,"date":"Sun, 27 Jun 2021 23:55:01 GMT","inverseRate":0.018239997014847},"lyd":{"code":"LYD","alphaCode":"LYD","numericCode":"434","name":"Libyan Dinar","rate":3.3812166597416,"date":"Sun, 27 Jun 2021 23:55:01 GMT","inverseRate":0.2957515298876},"clp":{"code":"CLP","alphaCode":"CLP","numericCode":"152","name":"Chilean Peso","rate":557.49501498357,"date":"Sun, 27 Jun 2021 23:55:01 GMT","inverseRate":0.0017937380122214},"bsd":{"code":"BSD","alphaCode":"BSD","numericCode":"044","name":"Bahamian Dollar","rate":0.75710946420606,"date":"Sun, 27 Jun 2021 23:55:01 GMT","inverseRate":1.3208129699563},"djf":{"code":"DJF","alphaCode":"DJF","numericCode":"262","name":"Djiboutian franc","rate":134.84643948463,"date":"Sun, 27 Jun 2021 23:55:01 GMT","inverseRate":0.0074158428195945},"hnl":{"code":"HNL","alphaCode":"HNL","numericCode":"340","name":"Honduran Lempira","rate":18.150501446327,"date":"Sun, 27 Jun 2021 23:55:01 GMT","inverseRate":0.055094896576664},"tzs":{"code":"TZS","alphaCode":"TZS","numericCode":"834","name":"Tanzanian shilling","rate":1756.1415973789,"date":"Sun, 27 Jun 2021 23:55:01 GMT","inverseRate":0.00056943016525121},"bbd":{"code":"BBD","alphaCode":"BBD","numericCode":"052","name":"Barbadian Dollar","rate":1.5203032283675,"date":"Sun, 27 Jun 2021 23:55:01 GMT","inverseRate":0.65776351805411},"bdt":{"code":"BDT","alphaCode":"BDT","numericCode":"050","name":"Bangladeshi taka","rate":64.269483634472,"date":"Sun, 27 Jun 2021 23:55:01 GMT","inverseRate":0.015559483964231},"qar":{"code":"QAR","alphaCode":"QAR","numericCode":"634","name":"Qatari Rial","rate":2.7788351108284,"date":"Sun, 27 Jun 2021 23:55:01 GMT","inverseRate":0.35986302177602},"mxn":{"code":"MXN","alphaCode":"MXN","numericCode":"484","name":"Mexican Peso","rate":15.038557430346,"date":"Sun, 27 Jun 2021 23:55:01 GMT","inverseRate":0.066495739676608},"amd":{"code":"AMD","alphaCode":"AMD","numericCode":"051","name":"Armenia Dram","rate":393.2727821524,"date":"Sun, 27 Jun 2021 23:55:01 GMT","inverseRate":0.0025427643238542},"uyu":{"code":"UYU","alphaCode":"UYU","numericCode":"858","name":"Uruguayan Peso","rate":33.064393826065,"date":"Sun, 27 Jun 2021 23:55:01 GMT","inverseRate":0.030244014309184},"fjd":{"code":"FJD","alphaCode":"FJD","numericCode":"242","name":"Fiji Dollar","rate":1.5623967466738,"date":"Sun, 27 Jun 2021 23:55:01 GMT","inverseRate":0.64004229535738},"cdf":{"code":"CDF","alphaCode":"CDF","numericCode":"976","name":"Congolese franc","rate":1506.1865696007,"date":"Sun, 27 Jun 2021 23:55:01 GMT","inverseRate":0.00066392837393651},"lsl":{"code":"LSL","alphaCode":"LSL","numericCode":"426","name":"Lesotho loti","rate":10.773024900525,"date":"Sun, 27 Jun 2021 23:55:01 GMT","inverseRate":0.092824439675367},"mnt":{"code":"MNT","alphaCode":"MNT","numericCode":"496","name":"Mongolian togrog","rate":2159.4723106323,"date":"Sun, 27 Jun 2021 23:55:01 GMT","inverseRate":0.00046307609274564},"brl":{"code":"BRL","alphaCode":"BRL","numericCode":"986","name":"Brazilian Real","rate":3.7967398290831,"date":"Sun, 27 Jun 2021 23:55:01 GMT","inverseRate":0.26338386221252},"hkd":{"code":"HKD","alphaCode":"HKD","numericCode":"344","name":"Hong Kong Dollar","rate":5.8964686098192,"date":"Sun, 27 Jun 2021 23:55:01 GMT","inverseRate":0.16959303375833},"thb":{"code":"THB","alphaCode":"THB","numericCode":"764","name":"Thai Baht","rate":24.007894139946,"date":"Sun, 27 Jun 2021 23:55:01 GMT","inverseRate":0.041652966069028},"xaf":{"code":"XAF","alphaCode":"XAF","numericCode":"950","name":"Central African CFA Franc","rate":417.93111824157,"date":"Sun, 27 Jun 2021 23:55:01 GMT","inverseRate":0.0023927387943914},"mdl":{"code":"MDL","alphaCode":"MDL","numericCode":"498","name":"Moldova Lei","rate":13.667621695273,"date":"Sun, 27 Jun 2021 23:55:01 GMT","inverseRate":0.073165618883485},"nio":{"code":"NIO","alphaCode":"NIO","numericCode":"558","name":"Nicaraguan C\u00f3rdoba","rate":26.570393805319,"date":"Sun, 27 Jun 2021 23:55:01 GMT","inverseRate":0.037635874248872},"lrd":{"code":"LRD","alphaCode":"LRD","numericCode":"430","name":"Liberian dollar","rate":129.76376599637,"date":"Sun, 27 Jun 2021 23:55:01 GMT","inverseRate":0.0077063114831913},"sdg":{"code":"SDG","alphaCode":"SDG","numericCode":"938","name":"Sudanese pound","rate":333.46270099066,"date":"Sun, 27 Jun 2021 23:55:01 GMT","inverseRate":0.0029988361427805},"mru":{"code":"MRU","alphaCode":"MRU","numericCode":"929","name":"Mauritanian ouguiya","rate":27.364305615646,"date":"Sun, 27 Jun 2021 23:55:01 GMT","inverseRate":0.036543956716674},"dkk":{"code":"DKK","alphaCode":"DKK","numericCode":"208","name":"Danish Krone","rate":4.7284072661955,"date":"Sun, 27 Jun 2021 23:55:01 GMT","inverseRate":0.21148770478153},"jod":{"code":"JOD","alphaCode":"JOD","numericCode":"400","name":"Jordanian Dinar","rate":0.53823663276996,"date":"Sun, 27 Jun 2021 23:55:01 GMT","inverseRate":1.8579188764125},"bgn":{"code":"BGN","alphaCode":"BGN","numericCode":"975","name":"Bulgarian Lev","rate":1.2436233388557,"date":"Sun, 27 Jun 2021 23:55:01 GMT","inverseRate":0.80410198872604},"vnd":{"code":"VND","alphaCode":"VND","numericCode":"704","name":"Vietnamese Dong","rate":17473.567647001,"date":"Sun, 27 Jun 2021 23:55:01 GMT","inverseRate":5.7229297428087e-5},"uzs":{"code":"UZS","alphaCode":"UZS","numericCode":"860","name":"Uzbekistan Sum","rate":8009.5230995751,"date":"Sun, 27 Jun 2021 23:55:01 GMT","inverseRate":0.00012485137848632},"pab":{"code":"PAB","alphaCode":"PAB","numericCode":"590","name":"Panamanian Balboa","rate":0.75710946420606,"date":"Sun, 27 Jun 2021 23:55:01 GMT","inverseRate":1.3208129699563},"ttd":{"code":"TTD","alphaCode":"TTD","numericCode":"780","name":"Trinidad Tobago Dollar","rate":5.1486162091915,"date":"Sun, 27 Jun 2021 23:55:01 GMT","inverseRate":0.1942269455266},"htg":{"code":"HTG","alphaCode":"HTG","numericCode":"332","name":"Haitian gourde","rate":71.160774901235,"date":"Sun, 27 Jun 2021 23:55:01 GMT","inverseRate":0.01405268564582},"cup":{"code":"CUP","alphaCode":"CUP","numericCode":"192","name":"Cuban peso","rate":0.75710946420606,"date":"Sun, 27 Jun 2021 23:55:01 GMT","inverseRate":1.3208129699563}}