{"usd":{"code":"USD","alphaCode":"USD","numericCode":"840","name":"U.S. Dollar","rate":0.58993936416121,"date":"Sun, 27 Jun 2021 23:55:01 GMT","inverseRate":1.6950894630024},"eur":{"code":"EUR","alphaCode":"EUR","numericCode":"978","name":"Euro","rate":0.49386697572274,"date":"Sun, 27 Jun 2021 23:55:01 GMT","inverseRate":2.0248367458394},"gbp":{"code":"GBP","alphaCode":"GBP","numericCode":"826","name":"U.K. Pound Sterling","rate":0.42421505574126,"date":"Sun, 27 Jun 2021 23:55:01 GMT","inverseRate":2.357294929697},"jpy":{"code":"JPY","alphaCode":"JPY","numericCode":"392","name":"Japanese Yen","rate":65.325662256697,"date":"Sun, 27 Jun 2021 23:55:01 GMT","inverseRate":0.015307919819787},"aud":{"code":"AUD","alphaCode":"AUD","numericCode":"036","name":"Australian Dollar","rate":0.77654586644094,"date":"Sun, 27 Jun 2021 23:55:01 GMT","inverseRate":1.2877539411589},"chf":{"code":"CHF","alphaCode":"CHF","numericCode":"756","name":"Swiss Franc","rate":0.54098308837943,"date":"Sun, 27 Jun 2021 23:55:01 GMT","inverseRate":1.8484866190468},"cad":{"code":"CAD","alphaCode":"CAD","numericCode":"124","name":"Canadian Dollar","rate":0.72562206112053,"date":"Sun, 27 Jun 2021 23:55:01 GMT","inverseRate":1.3781278899594},"lkr":{"code":"LKR","alphaCode":"LKR","numericCode":"144","name":"Sri Lanka Rupee","rate":117.2216971377,"date":"Sun, 27 Jun 2021 23:55:01 GMT","inverseRate":0.0085308439002152},"pln":{"code":"PLN","alphaCode":"PLN","numericCode":"985","name":"Polish Zloty","rate":2.2274823838272,"date":"Sun, 27 Jun 2021 23:55:01 GMT","inverseRate":0.4489373326858},"pen":{"code":"PEN","alphaCode":"PEN","numericCode":"604","name":"Peruvian Nuevo Sol","rate":2.3480773168787,"date":"Sun, 27 Jun 2021 23:55:01 GMT","inverseRate":0.42588035445498},"iqd":{"code":"IQD","alphaCode":"IQD","numericCode":"368","name":"Iraqi dinar","rate":859.01421937076,"date":"Sun, 27 Jun 2021 23:55:01 GMT","inverseRate":0.0011641250836715},"svc":{"code":"SVC","alphaCode":"SVC","numericCode":"222","name":"Salvadoran colon","rate":5.1490453312652,"date":"Sun, 27 Jun 2021 23:55:01 GMT","inverseRate":0.19421075862898},"cve":{"code":"CVE","alphaCode":"CVE","numericCode":"132","name":"Cape Verde escudo","rate":54.98671866104,"date":"Sun, 27 Jun 2021 23:55:01 GMT","inverseRate":0.018186209767569},"zmw":{"code":"ZMW","alphaCode":"ZMW","numericCode":"967","name":"Zambian kwacha","rate":13.287363399595,"date":"Sun, 27 Jun 2021 23:55:01 GMT","inverseRate":0.075259475482581},"yer":{"code":"YER","alphaCode":"YER","numericCode":"886","name":"Yemeni rial","rate":147.93158667279,"date":"Sun, 27 Jun 2021 23:55:01 GMT","inverseRate":0.0067598815269379},"dop":{"code":"DOP","alphaCode":"DOP","numericCode":"214","name":"Dominican Peso","rate":33.493211614643,"date":"Sun, 27 Jun 2021 23:55:01 GMT","inverseRate":0.029856796401179},"nzd":{"code":"NZD","alphaCode":"NZD","numericCode":"554","name":"New Zealand Dollar","rate":0.8334876456657,"date":"Sun, 27 Jun 2021 23:55:01 GMT","inverseRate":1.1997778313814},"hrk":{"code":"HRK","alphaCode":"HRK","numericCode":"191","name":"Croatian Kuna","rate":3.7015888149232,"date":"Sun, 27 Jun 2021 23:55:01 GMT","inverseRate":0.27015426347962},"dzd":{"code":"DZD","alphaCode":"DZD","numericCode":"012","name":"Algerian Dinar","rate":78.55917977052,"date":"Sun, 27 Jun 2021 23:55:01 GMT","inverseRate":0.012729257139918},"ars":{"code":"ARS","alphaCode":"ARS","numericCode":"032","name":"Argentine Peso","rate":56.249361044688,"date":"Sun, 27 Jun 2021 23:55:01 GMT","inverseRate":0.017777979721504},"stn":{"code":"STN","alphaCode":"STN","numericCode":"930","name":"S\u00e3o Tom\u00e9 and Pr\u00edncipe Dobra","rate":12.215919395349,"date":"Sun, 27 Jun 2021 23:55:01 GMT","inverseRate":0.081860396064886},"xpf":{"code":"XPF","alphaCode":"XPF","numericCode":"953","name":"CFP Franc","rate":58.847398614597,"date":"Sun, 27 Jun 2021 23:55:01 GMT","inverseRate":0.016993104598373},"all":{"code":"ALL","alphaCode":"ALL","numericCode":"008","name":"Albanian lek","rate":60.418408143798,"date":"Sun, 27 Jun 2021 23:55:01 GMT","inverseRate":0.016551247057353},"mur":{"code":"MUR","alphaCode":"MUR","numericCode":"480","name":"Mauritian Rupee","rate":24.153602014883,"date":"Sun, 27 Jun 2021 23:55:01 GMT","inverseRate":0.041401692359749},"sos":{"code":"SOS","alphaCode":"SOS","numericCode":"706","name":"Somali shilling","rate":340.25395046177,"date":"Sun, 27 Jun 2021 23:55:01 GMT","inverseRate":0.0029389813068823},"ang":{"code":"ANG","alphaCode":"ANG","numericCode":"532","name":"Neth. Antillean Guilder","rate":1.0491524614777,"date":"Sun, 27 Jun 2021 23:55:01 GMT","inverseRate":0.95315031581923},"pkr":{"code":"PKR","alphaCode":"PKR","numericCode":"586","name":"Pakistani Rupee","rate":91.233632391998,"date":"Sun, 27 Jun 2021 23:55:01 GMT","inverseRate":0.010960870172343},"krw":{"code":"KRW","alphaCode":"KRW","numericCode":"410","name":"South Korean Won","rate":664.981369633,"date":"Sun, 27 Jun 2021 23:55:01 GMT","inverseRate":0.0015038015283825},"pyg":{"code":"PYG","alphaCode":"PYG","numericCode":"600","name":"Paraguayan Guaran\u00ed","rate":3998.943202487,"date":"Sun, 27 Jun 2021 23:55:01 GMT","inverseRate":0.0002500660672995},"bnd":{"code":"BND","alphaCode":"BND","numericCode":"096","name":"Brunei Dollar","rate":0.79172429812721,"date":"Sun, 27 Jun 2021 23:55:01 GMT","inverseRate":1.2630659465239},"kmf":{"code":"KMF","alphaCode":"KMF","numericCode":"174","name":"\tComoro franc","rate":243.8101714224,"date":"Sun, 27 Jun 2021 23:55:01 GMT","inverseRate":0.0041015516053574},"szl":{"code":"SZL","alphaCode":"SZL","numericCode":"748","name":"Swazi lilangeni","rate":8.3626064805566,"date":"Sun, 27 Jun 2021 23:55:01 GMT","inverseRate":0.11957994224947},"wst":{"code":"WST","alphaCode":"WST","numericCode":"882","name":"Samoan tala","rate":1.4953079337757,"date":"Sun, 27 Jun 2021 23:55:01 GMT","inverseRate":0.66875857300841},"egp":{"code":"EGP","alphaCode":"EGP","numericCode":"818","name":"Egyptian Pound","rate":9.2483848225731,"date":"Sun, 27 Jun 2021 23:55:01 GMT","inverseRate":0.10812698856986},"sgd":{"code":"SGD","alphaCode":"SGD","numericCode":"702","name":"Singapore Dollar","rate":0.79160008747627,"date":"Sun, 27 Jun 2021 23:55:01 GMT","inverseRate":1.2632641352885},"zar":{"code":"ZAR","alphaCode":"ZAR","numericCode":"710","name":"South African Rand","rate":8.316770498653,"date":"Sun, 27 Jun 2021 23:55:01 GMT","inverseRate":0.12023897980135},"kgs":{"code":"KGS","alphaCode":"KGS","numericCode":"417","name":"Kyrgyzstan Som","rate":49.307180954229,"date":"Sun, 27 Jun 2021 23:55:01 GMT","inverseRate":0.020281021560091},"crc":{"code":"CRC","alphaCode":"CRC","numericCode":"188","name":"Costa Rican Col\u00f3n","rate":364.36815505927,"date":"Sun, 27 Jun 2021 23:55:01 GMT","inverseRate":0.0027444769421118},"jmd":{"code":"JMD","alphaCode":"JMD","numericCode":"388","name":"Jamaican Dollar","rate":88.022217619454,"date":"Sun, 27 Jun 2021 23:55:01 GMT","inverseRate":0.011360768077025},"ssp":{"code":"SSP","alphaCode":"SSP","numericCode":"728","name":"South Sudanese pound","rate":104.62097649968,"date":"Sun, 27 Jun 2021 23:55:01 GMT","inverseRate":0.009558312620061},"ern":{"code":"ERN","alphaCode":"ERN","numericCode":"232","name":"Eritrean nakfa","rate":8.8688255904908,"date":"Sun, 27 Jun 2021 23:55:01 GMT","inverseRate":0.11275450055892},"bam":{"code":"BAM","alphaCode":"BAM","numericCode":"977","name":"Bosnia and Herzegovina convertible mark","rate":0.9738759372774,"date":"Sun, 27 Jun 2021 23:55:01 GMT","inverseRate":1.0268248364321},"inr":{"code":"INR","alphaCode":"INR","numericCode":"356","name":"Indian Rupee","rate":43.766079399356,"date":"Sun, 27 Jun 2021 23:55:01 GMT","inverseRate":0.022848745277712},"try":{"code":"TRY","alphaCode":"TRY","numericCode":"949","name":"Turkish Lira","rate":5.1390434900087,"date":"Sun, 27 Jun 2021 23:55:01 GMT","inverseRate":0.19458874048141},"twd":{"code":"TWD","alphaCode":"TWD","numericCode":"901","name":"New Taiwan Dollar ","rate":16.45834559712,"date":"Sun, 27 Jun 2021 23:55:01 GMT","inverseRate":0.060759448396502},"tmt":{"code":"TMT","alphaCode":"TMT","numericCode":"934","name":"New Turkmenistan Manat","rate":2.0594559179022,"date":"Sun, 27 Jun 2021 23:55:01 GMT","inverseRate":0.48556513946588},"mga":{"code":"MGA","alphaCode":"MGA","numericCode":"969","name":"Malagasy ariary","rate":2226.9621057722,"date":"Sun, 27 Jun 2021 23:55:01 GMT","inverseRate":0.00044904221648318},"srd":{"code":"SRD","alphaCode":"SRD","numericCode":"968","name":"Surinamese dollar","rate":12.242782329699,"date":"Sun, 27 Jun 2021 23:55:01 GMT","inverseRate":0.081680779178292},"ghs":{"code":"GHS","alphaCode":"GHS","numericCode":"936","name":"Ghanaian Cedi","rate":3.4292610190518,"date":"Sun, 27 Jun 2021 23:55:01 GMT","inverseRate":0.29160801538417},"mop":{"code":"MOP","alphaCode":"MOP","numericCode":"446","name":"Macanese pataca","rate":4.7081651284824,"date":"Sun, 27 Jun 2021 23:55:01 GMT","inverseRate":0.21239696839655},"lbp":{"code":"LBP","alphaCode":"LBP","numericCode":"422","name":"Lebanese Pound","rate":888.35287896599,"date":"Sun, 27 Jun 2021 23:55:01 GMT","inverseRate":0.0011256787968808},"huf":{"code":"HUF","alphaCode":"HUF","numericCode":"348","name":"Hungarian Forint","rate":173.59240682093,"date":"Sun, 27 Jun 2021 23:55:01 GMT","inverseRate":0.0057606206303225},"ngn":{"code":"NGN","alphaCode":"NGN","numericCode":"566","name":"Nigerian Naira","rate":241.83132526657,"date":"Sun, 27 Jun 2021 23:55:01 GMT","inverseRate":0.0041351135916644},"irr":{"code":"IRR","alphaCode":"IRR","numericCode":"364","name":"Iranian rial","rate":24716.042617383,"date":"Sun, 27 Jun 2021 23:55:01 GMT","inverseRate":4.045955153422e-5},"ves":{"code":"VES","alphaCode":"VES","numericCode":"928","name":"Venezuelan Bolivar","rate":1871396.7275396,"date":"Sun, 27 Jun 2021 23:55:01 GMT","inverseRate":5.3436023761499e-7},"sbd":{"code":"SBD","alphaCode":"SBD","numericCode":"090","name":"Solomon Islands dollar","rate":4.7963861851652,"date":"Sun, 27 Jun 2021 23:55:01 GMT","inverseRate":0.20849030111314},"mwk":{"code":"MWK","alphaCode":"MWK","numericCode":"454","name":"Malawian kwacha","rate":473.82172463238,"date":"Sun, 27 Jun 2021 23:55:01 GMT","inverseRate":0.002110498417471},"gtq":{"code":"GTQ","alphaCode":"GTQ","numericCode":"320","name":"Guatemalan Quetzal","rate":4.5494629331403,"date":"Sun, 27 Jun 2021 23:55:01 GMT","inverseRate":0.21980616496852},"sek":{"code":"SEK","alphaCode":"SEK","numericCode":"752","name":"Swedish Krona","rate":4.9947180301487,"date":"Sun, 27 Jun 2021 23:55:01 GMT","inverseRate":0.20021150222373},"npr":{"code":"NPR","alphaCode":"NPR","numericCode":"524","name":"Nepalese Rupee","rate":69.952596772907,"date":"Sun, 27 Jun 2021 23:55:01 GMT","inverseRate":0.014295394969345},"isk":{"code":"ISK","alphaCode":"ISK","numericCode":"352","name":"Icelandic Krona","rate":72.600271776467,"date":"Sun, 27 Jun 2021 23:55:01 GMT","inverseRate":0.013774053120338},"gip":{"code":"GIP","alphaCode":"GIP","numericCode":"292","name":"Gibraltar pound","rate":0.42226924068817,"date":"Sun, 27 Jun 2021 23:55:01 GMT","inverseRate":2.3681573357565},"gel":{"code":"GEL","alphaCode":"GEL","numericCode":"981","name":"Georgian lari","rate":1.9108378420628,"date":"Sun, 27 Jun 2021 23:55:01 GMT","inverseRate":0.52333064480263},"mkd":{"code":"MKD","alphaCode":"MKD","numericCode":"807","name":"Macedonian denar","rate":30.465431417714,"date":"Sun, 27 Jun 2021 23:55:01 GMT","inverseRate":0.032824087940489},"bif":{"code":"BIF","alphaCode":"BIF","numericCode":"108","name":"Burundian franc","rate":1164.1202852965,"date":"Sun, 27 Jun 2021 23:55:01 GMT","inverseRate":0.00085901776013234},"mmk":{"code":"MMK","alphaCode":"MMK","numericCode":"104","name":"Myanma Kyat","rate":968.24439381397,"date":"Sun, 27 Jun 2021 23:55:01 GMT","inverseRate":0.0010327970979114},"mvr":{"code":"MVR","alphaCode":"MVR","numericCode":"462","name":"Maldivian rufiyaa","rate":9.0933528206294,"date":"Sun, 27 Jun 2021 23:55:01 GMT","inverseRate":0.10997043881673},"kes":{"code":"KES","alphaCode":"KES","numericCode":"404","name":"Kenyan shilling","rate":63.377599913833,"date":"Sun, 27 Jun 2021 23:55:01 GMT","inverseRate":0.015778445402786},"aed":{"code":"AED","alphaCode":"AED","numericCode":"784","name":"U.A.E Dirham","rate":2.1627059941666,"date":"Sun, 27 Jun 2021 23:55:01 GMT","inverseRate":0.46238370018729},"php":{"code":"PHP","alphaCode":"PHP","numericCode":"608","name":"Philippine Peso","rate":28.6132413235,"date":"Sun, 27 Jun 2021 23:55:01 GMT","inverseRate":0.034948854227805},"ils":{"code":"ILS","alphaCode":"ILS","numericCode":"376","name":"Israeli New Sheqel","rate":1.9157998255037,"date":"Sun, 27 Jun 2021 23:55:01 GMT","inverseRate":0.52197520152561},"mro":{"code":"MRO","alphaCode":"MRO","numericCode":"478","name":"Mauritanian Ouguiya","rate":21.361711579445,"date":"Sun, 27 Jun 2021 23:55:01 GMT","inverseRate":0.046812728291035},"cop":{"code":"COP","alphaCode":"COP","numericCode":"170","name":"Colombian Peso","rate":2218.1020279576,"date":"Sun, 27 Jun 2021 23:55:01 GMT","inverseRate":0.00045083588915015},"bzd":{"code":"BZD","alphaCode":"BZD","numericCode":"084","name":"Belize dollar","rate":1.1856895462529,"date":"Sun, 27 Jun 2021 23:55:01 GMT","inverseRate":0.84339109099871},"gnf":{"code":"GNF","alphaCode":"GNF","numericCode":"324","name":"Guinean franc","rate":5769.3318802387,"date":"Sun, 27 Jun 2021 23:55:01 GMT","inverseRate":0.00017333029556251},"sll":{"code":"SLL","alphaCode":"SLL","numericCode":"694","name":"Sierra Leonean leone","rate":6035.1276579191,"date":"Sun, 27 Jun 2021 23:55:01 GMT","inverseRate":0.0001656965778823},"ugx":{"code":"UGX","alphaCode":"UGX","numericCode":"800","name":"Ugandan shilling","rate":2102.891506867,"date":"Sun, 27 Jun 2021 23:55:01 GMT","inverseRate":0.0004755357072557},"cny":{"code":"CNY","alphaCode":"CNY","numericCode":"156","name":"Chinese Yuan","rate":3.8084598665971,"date":"Sun, 27 Jun 2021 23:55:01 GMT","inverseRate":0.26257333279805},"sar":{"code":"SAR","alphaCode":"SAR","numericCode":"682","name":"Saudi Riyal","rate":2.212209471615,"date":"Sun, 27 Jun 2021 23:55:01 GMT","inverseRate":0.45203675910038},"myr":{"code":"MYR","alphaCode":"MYR","numericCode":"458","name":"Malaysian Ringgit","rate":2.4445562301437,"date":"Sun, 27 Jun 2021 23:55:01 GMT","inverseRate":0.40907220200913},"kzt":{"code":"KZT","alphaCode":"KZT","numericCode":"398","name":"Kazakhstani Tenge","rate":251.46963219813,"date":"Sun, 27 Jun 2021 23:55:01 GMT","inverseRate":0.0039766233054022},"bob":{"code":"BOB","alphaCode":"BOB","numericCode":"068","name":"Bolivian Boliviano","rate":4.0542800053688,"date":"Sun, 27 Jun 2021 23:55:01 GMT","inverseRate":0.24665291955064},"gyd":{"code":"GYD","alphaCode":"GYD","numericCode":"328","name":"Guyanese dollar","rate":122.85331857296,"date":"Sun, 27 Jun 2021 23:55:01 GMT","inverseRate":0.0081397882581908},"rwf":{"code":"RWF","alphaCode":"RWF","numericCode":"646","name":"Rwandan franc","rate":591.49059914266,"date":"Sun, 27 Jun 2021 23:55:01 GMT","inverseRate":0.0016906439450592},"mzn":{"code":"MZN","alphaCode":"MZN","numericCode":"943","name":"Mozambican metical","rate":37.49094454162,"date":"Sun, 27 Jun 2021 23:55:01 GMT","inverseRate":0.026673107659101},"vuv":{"code":"VUV","alphaCode":"VUV","numericCode":"548","name":"Vanuatu vatu","rate":64.624553272552,"date":"Sun, 27 Jun 2021 23:55:01 GMT","inverseRate":0.015473994780011},"idr":{"code":"IDR","alphaCode":"IDR","numericCode":"360","name":"Indonesian Rupiah","rate":8519.1667221505,"date":"Sun, 27 Jun 2021 23:55:01 GMT","inverseRate":0.00011738237231582},"tnd":{"code":"TND","alphaCode":"TND","numericCode":"788","name":"Tunisian Dinar","rate":1.6132332596587,"date":"Sun, 27 Jun 2021 23:55:01 GMT","inverseRate":0.61987316094115},"xof":{"code":"XOF","alphaCode":"XOF","numericCode":"952","name":"West African CFA Franc","rate":324.26777443636,"date":"Sun, 27 Jun 2021 23:55:01 GMT","inverseRate":0.0030838710437329},"tjs":{"code":"TJS","alphaCode":"TJS","numericCode":"972","name":"Tajikistan Ruble","rate":6.6704860729902,"date":"Sun, 27 Jun 2021 23:55:01 GMT","inverseRate":0.14991411256357},"afn":{"code":"AFN","alphaCode":"AFN","numericCode":"971","name":"Afghan afghani","rate":46.526870001926,"date":"Sun, 27 Jun 2021 23:55:01 GMT","inverseRate":0.021492956649751},"nad":{"code":"NAD","alphaCode":"NAD","numericCode":"516","name":"Namibian dollar","rate":8.3626064805566,"date":"Sun, 27 Jun 2021 23:55:01 GMT","inverseRate":0.11957994224947},"syp":{"code":"SYP","alphaCode":"SYP","numericCode":"760","name":"Syrian pound","rate":1484.6414038481,"date":"Sun, 27 Jun 2021 23:55:01 GMT","inverseRate":0.00067356332472479},"top":{"code":"TOP","alphaCode":"TOP","numericCode":"776","name":"Tongan pa\u02bbanga","rate":1.3031553079596,"date":"Sun, 27 Jun 2021 23:55:01 GMT","inverseRate":0.76736824374811},"kwd":{"code":"KWD","alphaCode":"KWD","numericCode":"414","name":"Kuwaiti Dinar","rate":0.17743035159076,"date":"Sun, 27 Jun 2021 23:55:01 GMT","inverseRate":5.636014306653},"czk":{"code":"CZK","alphaCode":"CZK","numericCode":"203","name":"Czech Koruna","rate":12.581658467178,"date":"Sun, 27 Jun 2021 23:55:01 GMT","inverseRate":0.079480777721688},"pgk":{"code":"PGK","alphaCode":"PGK","numericCode":"598","name":"Papua New Guinean kina","rate":2.0704539851715,"date":"Sun, 27 Jun 2021 23:55:01 GMT","inverseRate":0.48298586066726},"uah":{"code":"UAH","alphaCode":"UAH","numericCode":"980","name":"Ukrainian Hryvnia","rate":16.161484667173,"date":"Sun, 27 Jun 2021 23:55:01 GMT","inverseRate":0.061875503432626},"etb":{"code":"ETB","alphaCode":"ETB","numericCode":"230","name":"Ethiopian birr","rate":25.745226656324,"date":"Sun, 27 Jun 2021 23:55:01 GMT","inverseRate":0.038842151725798},"xcd":{"code":"XCD","alphaCode":"XCD","numericCode":"951","name":"East Caribbean Dollar","rate":1.5938749683454,"date":"Sun, 27 Jun 2021 23:55:01 GMT","inverseRate":0.6274017848703},"lak":{"code":"LAK","alphaCode":"LAK","numericCode":"418","name":"Lao kip","rate":5581.3586610831,"date":"Sun, 27 Jun 2021 23:55:01 GMT","inverseRate":0.00017916784437679},"bwp":{"code":"BWP","alphaCode":"BWP","numericCode":"072","name":"Botswana Pula","rate":6.3938044954703,"date":"Sun, 27 Jun 2021 23:55:01 GMT","inverseRate":0.15640140400109},"nok":{"code":"NOK","alphaCode":"NOK","numericCode":"578","name":"Norwegian Krone","rate":5.0051199648827,"date":"Sun, 27 Jun 2021 23:55:01 GMT","inverseRate":0.19979541090249},"mad":{"code":"MAD","alphaCode":"MAD","numericCode":"504","name":"Moroccan Dirham","rate":5.2112623748729,"date":"Sun, 27 Jun 2021 23:55:01 GMT","inverseRate":0.19189208450177},"ron":{"code":"RON","alphaCode":"RON","numericCode":"946","name":"Romanian New Leu","rate":2.4322191184066,"date":"Sun, 27 Jun 2021 23:55:01 GMT","inverseRate":0.41114716697693},"byn":{"code":"BYN","alphaCode":"BYN","numericCode":"933","name":"Belarussian Ruble","rate":1.490326370657,"date":"Sun, 27 Jun 2021 23:55:01 GMT","inverseRate":0.67099396460331},"rsd":{"code":"RSD","alphaCode":"RSD","numericCode":"941","name":"Serbian Dinar","rate":56.941205492622,"date":"Sun, 27 Jun 2021 23:55:01 GMT","inverseRate":0.017561974520009},"gmd":{"code":"GMD","alphaCode":"GMD","numericCode":"270","name":"Gambian dalasi","rate":30.548177033913,"date":"Sun, 27 Jun 2021 23:55:01 GMT","inverseRate":0.032735177581623},"awg":{"code":"AWG","alphaCode":"AWG","numericCode":"533","name":"Aruban florin","rate":1.0647170136604,"date":"Sun, 27 Jun 2021 23:55:01 GMT","inverseRate":0.93921669999623},"aoa":{"code":"AOA","alphaCode":"AOA","numericCode":"973","name":"Angolan kwanza","rate":383.95898375383,"date":"Sun, 27 Jun 2021 23:55:01 GMT","inverseRate":0.0026044448556025},"khr":{"code":"KHR","alphaCode":"KHR","numericCode":"116","name":"Cambodian riel","rate":2397.1605013695,"date":"Sun, 27 Jun 2021 23:55:01 GMT","inverseRate":0.00041716021911286},"scr":{"code":"SCR","alphaCode":"SCR","numericCode":"690","name":"Seychelles rupee","rate":8.8161603553929,"date":"Sun, 27 Jun 2021 23:55:01 GMT","inverseRate":0.11342806388365},"bhd":{"code":"BHD","alphaCode":"BHD","numericCode":"048","name":"Bahrain Dinar","rate":0.2220106443676,"date":"Sun, 27 Jun 2021 23:55:01 GMT","inverseRate":4.5042885346715},"omr":{"code":"OMR","alphaCode":"OMR","numericCode":"512","name":"Omani Rial","rate":0.22690494406016,"date":"Sun, 27 Jun 2021 23:55:01 GMT","inverseRate":4.407131824042},"rub":{"code":"RUB","alphaCode":"RUB","numericCode":"643","name":"Russian Rouble","rate":42.573793504947,"date":"Sun, 27 Jun 2021 23:55:01 GMT","inverseRate":0.023488628042596},"lyd":{"code":"LYD","alphaCode":"LYD","numericCode":"434","name":"Libyan Dinar","rate":2.6256698206636,"date":"Sun, 27 Jun 2021 23:55:01 GMT","inverseRate":0.38085519821654},"clp":{"code":"CLP","alphaCode":"CLP","numericCode":"152","name":"Chilean Peso","rate":432.92044944692,"date":"Sun, 27 Jun 2021 23:55:01 GMT","inverseRate":0.0023098931946448},"bsd":{"code":"BSD","alphaCode":"BSD","numericCode":"044","name":"Bahamian Dollar","rate":0.58793022487253,"date":"Sun, 27 Jun 2021 23:55:01 GMT","inverseRate":1.700882107595},"djf":{"code":"DJF","alphaCode":"DJF","numericCode":"262","name":"Djiboutian franc","rate":104.71444518607,"date":"Sun, 27 Jun 2021 23:55:01 GMT","inverseRate":0.009549780817948},"hnl":{"code":"HNL","alphaCode":"HNL","numericCode":"340","name":"Honduran Lempira","rate":14.094696871976,"date":"Sun, 27 Jun 2021 23:55:01 GMT","inverseRate":0.070948670204343},"tzs":{"code":"TZS","alphaCode":"TZS","numericCode":"834","name":"Tanzanian shilling","rate":1363.7244983296,"date":"Sun, 27 Jun 2021 23:55:01 GMT","inverseRate":0.00073328593951703},"bbd":{"code":"BBD","alphaCode":"BBD","numericCode":"052","name":"Barbadian Dollar","rate":1.1805851877256,"date":"Sun, 27 Jun 2021 23:55:01 GMT","inverseRate":0.84703756272475},"bdt":{"code":"BDT","alphaCode":"BDT","numericCode":"050","name":"Bangladeshi taka","rate":49.908201854643,"date":"Sun, 27 Jun 2021 23:55:01 GMT","inverseRate":0.020036786797338},"qar":{"code":"QAR","alphaCode":"QAR","numericCode":"634","name":"Qatari Rial","rate":2.1578929188347,"date":"Sun, 27 Jun 2021 23:55:01 GMT","inverseRate":0.46341502456944},"mxn":{"code":"MXN","alphaCode":"MXN","numericCode":"484","name":"Mexican Peso","rate":11.67812960977,"date":"Sun, 27 Jun 2021 23:55:01 GMT","inverseRate":0.085630150838831},"amd":{"code":"AMD","alphaCode":"AMD","numericCode":"051","name":"Armenia Dram","rate":305.39435336417,"date":"Sun, 27 Jun 2021 23:55:01 GMT","inverseRate":0.0032744547794816},"uyu":{"code":"UYU","alphaCode":"UYU","numericCode":"858","name":"Uruguayan Peso","rate":25.676018352006,"date":"Sun, 27 Jun 2021 23:55:01 GMT","inverseRate":0.038946848623119},"fjd":{"code":"FJD","alphaCode":"FJD","numericCode":"242","name":"Fiji Dollar","rate":1.2132727353703,"date":"Sun, 27 Jun 2021 23:55:01 GMT","inverseRate":0.82421698835488},"cdf":{"code":"CDF","alphaCode":"CDF","numericCode":"976","name":"Congolese franc","rate":1169.6229547123,"date":"Sun, 27 Jun 2021 23:55:01 GMT","inverseRate":0.00085497638018399},"lsl":{"code":"LSL","alphaCode":"LSL","numericCode":"426","name":"Lesotho loti","rate":8.3657479555679,"date":"Sun, 27 Jun 2021 23:55:01 GMT","inverseRate":0.11953503802782},"mnt":{"code":"MNT","alphaCode":"MNT","numericCode":"496","name":"Mongolian togrog","rate":1676.9292965152,"date":"Sun, 27 Jun 2021 23:55:01 GMT","inverseRate":0.00059632806348968},"brl":{"code":"BRL","alphaCode":"BRL","numericCode":"986","name":"Brazilian Real","rate":2.9483426202261,"date":"Sun, 27 Jun 2021 23:55:01 GMT","inverseRate":0.33917360660183},"hkd":{"code":"HKD","alphaCode":"HKD","numericCode":"344","name":"Hong Kong Dollar","rate":4.5788783255538,"date":"Sun, 27 Jun 2021 23:55:01 GMT","inverseRate":0.21839409761539},"thb":{"code":"THB","alphaCode":"THB","numericCode":"764","name":"Thai Baht","rate":18.643230956327,"date":"Sun, 27 Jun 2021 23:55:01 GMT","inverseRate":0.05363877121635},"xaf":{"code":"XAF","alphaCode":"XAF","numericCode":"950","name":"Central African CFA Franc","rate":324.54268232753,"date":"Sun, 27 Jun 2021 23:55:01 GMT","inverseRate":0.0030812588126415},"mdl":{"code":"MDL","alphaCode":"MDL","numericCode":"498","name":"Moldova Lei","rate":10.613535131543,"date":"Sun, 27 Jun 2021 23:55:01 GMT","inverseRate":0.09421931407454},"nio":{"code":"NIO","alphaCode":"NIO","numericCode":"558","name":"Nicaraguan C\u00f3rdoba","rate":20.633129479228,"date":"Sun, 27 Jun 2021 23:55:01 GMT","inverseRate":0.048465745392948},"lrd":{"code":"LRD","alphaCode":"LRD","numericCode":"430","name":"Liberian dollar","rate":100.76751609829,"date":"Sun, 27 Jun 2021 23:55:01 GMT","inverseRate":0.009923832984278},"sdg":{"code":"SDG","alphaCode":"SDG","numericCode":"938","name":"Sudanese pound","rate":258.94908206653,"date":"Sun, 27 Jun 2021 23:55:01 GMT","inverseRate":0.0038617630617554},"mru":{"code":"MRU","alphaCode":"MRU","numericCode":"929","name":"Mauritanian ouguiya","rate":21.249638413856,"date":"Sun, 27 Jun 2021 23:55:01 GMT","inverseRate":0.047059624287438},"dkk":{"code":"DKK","alphaCode":"DKK","numericCode":"208","name":"Danish Krone","rate":3.6718251174134,"date":"Sun, 27 Jun 2021 23:55:01 GMT","inverseRate":0.27234412533908},"jod":{"code":"JOD","alphaCode":"JOD","numericCode":"400","name":"Jordanian Dinar","rate":0.4179654323446,"date":"Sun, 27 Jun 2021 23:55:01 GMT","inverseRate":2.3925423554537},"bgn":{"code":"BGN","alphaCode":"BGN","numericCode":"975","name":"Bulgarian Lev","rate":0.96573056319788,"date":"Sun, 27 Jun 2021 23:55:01 GMT","inverseRate":1.0354855050757},"vnd":{"code":"VND","alphaCode":"VND","numericCode":"704","name":"Vietnamese Dong","rate":13569.026728254,"date":"Sun, 27 Jun 2021 23:55:01 GMT","inverseRate":7.3697253312776e-5},"uzs":{"code":"UZS","alphaCode":"UZS","numericCode":"860","name":"Uzbekistan Sum","rate":6219.7620551382,"date":"Sun, 27 Jun 2021 23:55:01 GMT","inverseRate":0.00016077785470489},"pab":{"code":"PAB","alphaCode":"PAB","numericCode":"590","name":"Panamanian Balboa","rate":0.58793022487253,"date":"Sun, 27 Jun 2021 23:55:01 GMT","inverseRate":1.700882107595},"ttd":{"code":"TTD","alphaCode":"TTD","numericCode":"780","name":"Trinidad Tobago Dollar","rate":3.9981366351385,"date":"Sun, 27 Jun 2021 23:55:01 GMT","inverseRate":0.25011651458114},"htg":{"code":"HTG","alphaCode":"HTG","numericCode":"332","name":"Haitian gourde","rate":55.259605602288,"date":"Sun, 27 Jun 2021 23:55:01 GMT","inverseRate":0.018096401324272},"cup":{"code":"CUP","alphaCode":"CUP","numericCode":"192","name":"Cuban peso","rate":0.58793022487253,"date":"Sun, 27 Jun 2021 23:55:01 GMT","inverseRate":1.700882107595}}