{"usd":{"code":"USD","alphaCode":"USD","numericCode":"840","name":"U.S. Dollar","rate":0.60576439110968,"date":"Sun, 27 Jun 2021 23:55:01 GMT","inverseRate":1.6508068395505},"eur":{"code":"EUR","alphaCode":"EUR","numericCode":"978","name":"Euro","rate":0.50711487656571,"date":"Sun, 27 Jun 2021 23:55:01 GMT","inverseRate":1.9719397836881},"gbp":{"code":"GBP","alphaCode":"GBP","numericCode":"826","name":"U.K. Pound Sterling","rate":0.43559455522354,"date":"Sun, 27 Jun 2021 23:55:01 GMT","inverseRate":2.2957128090979},"jpy":{"code":"JPY","alphaCode":"JPY","numericCode":"392","name":"Japanese Yen","rate":67.07801246155,"date":"Sun, 27 Jun 2021 23:55:01 GMT","inverseRate":0.014908014762262},"aud":{"code":"AUD","alphaCode":"AUD","numericCode":"036","name":"Australian Dollar","rate":0.79737658229022,"date":"Sun, 27 Jun 2021 23:55:01 GMT","inverseRate":1.2541125764288},"chf":{"code":"CHF","alphaCode":"CHF","numericCode":"756","name":"Swiss Franc","rate":0.55549487123772,"date":"Sun, 27 Jun 2021 23:55:01 GMT","inverseRate":1.800196638669},"cad":{"code":"CAD","alphaCode":"CAD","numericCode":"124","name":"Canadian Dollar","rate":0.7450867542216,"date":"Sun, 27 Jun 2021 23:55:01 GMT","inverseRate":1.3421255905223},"lkr":{"code":"LKR","alphaCode":"LKR","numericCode":"144","name":"Sri Lanka Rupee","rate":120.36614998971,"date":"Sun, 27 Jun 2021 23:55:01 GMT","inverseRate":0.0083079835990892},"pln":{"code":"PLN","alphaCode":"PLN","numericCode":"985","name":"Polish Zloty","rate":2.2872342344287,"date":"Sun, 27 Jun 2021 23:55:01 GMT","inverseRate":0.4372092656482},"pen":{"code":"PEN","alphaCode":"PEN","numericCode":"604","name":"Peruvian Nuevo Sol","rate":2.4110641068338,"date":"Sun, 27 Jun 2021 23:55:01 GMT","inverseRate":0.41475462936288},"iqd":{"code":"IQD","alphaCode":"IQD","numericCode":"368","name":"Iraqi dinar","rate":882.05713529821,"date":"Sun, 27 Jun 2021 23:55:01 GMT","inverseRate":0.0011337134069687},"svc":{"code":"SVC","alphaCode":"SVC","numericCode":"222","name":"Salvadoran colon","rate":5.2871676300577,"date":"Sun, 27 Jun 2021 23:55:01 GMT","inverseRate":0.18913718458915},"cve":{"code":"CVE","alphaCode":"CVE","numericCode":"132","name":"Cape Verde escudo","rate":56.46172839506,"date":"Sun, 27 Jun 2021 23:55:01 GMT","inverseRate":0.017711112082915},"zmw":{"code":"ZMW","alphaCode":"ZMW","numericCode":"967","name":"Zambian kwacha","rate":13.643794749403,"date":"Sun, 27 Jun 2021 23:55:01 GMT","inverseRate":0.073293392224604},"yer":{"code":"YER","alphaCode":"YER","numericCode":"886","name":"Yemeni rial","rate":151.89982728842,"date":"Sun, 27 Jun 2021 23:55:01 GMT","inverseRate":0.0065832859579308},"dop":{"code":"DOP","alphaCode":"DOP","numericCode":"214","name":"Dominican Peso","rate":34.391661537791,"date":"Sun, 27 Jun 2021 23:55:01 GMT","inverseRate":0.029076815579299},"nzd":{"code":"NZD","alphaCode":"NZD","numericCode":"554","name":"New Zealand Dollar","rate":0.85584581542884,"date":"Sun, 27 Jun 2021 23:55:01 GMT","inverseRate":1.1684347600612},"hrk":{"code":"HRK","alphaCode":"HRK","numericCode":"191","name":"Croatian Kuna","rate":3.8008833294224,"date":"Sun, 27 Jun 2021 23:55:01 GMT","inverseRate":0.2630967365557},"dzd":{"code":"DZD","alphaCode":"DZD","numericCode":"012","name":"Algerian Dinar","rate":80.666516918103,"date":"Sun, 27 Jun 2021 23:55:01 GMT","inverseRate":0.012396717227983},"ars":{"code":"ARS","alphaCode":"ARS","numericCode":"032","name":"Argentine Peso","rate":57.758240954121,"date":"Sun, 27 Jun 2021 23:55:01 GMT","inverseRate":0.017313546664178},"stn":{"code":"STN","alphaCode":"STN","numericCode":"930","name":"S\u00e3o Tom\u00e9 and Pr\u00edncipe Dobra","rate":12.543609434997,"date":"Sun, 27 Jun 2021 23:55:01 GMT","inverseRate":0.079721869943589},"xpf":{"code":"XPF","alphaCode":"XPF","numericCode":"953","name":"CFP Franc","rate":60.425970456887,"date":"Sun, 27 Jun 2021 23:55:01 GMT","inverseRate":0.016549175667993},"all":{"code":"ALL","alphaCode":"ALL","numericCode":"008","name":"Albanian lek","rate":62.039122059742,"date":"Sun, 27 Jun 2021 23:55:01 GMT","inverseRate":0.01611886124109},"mur":{"code":"MUR","alphaCode":"MUR","numericCode":"480","name":"Mauritian Rupee","rate":24.801518438178,"date":"Sun, 27 Jun 2021 23:55:01 GMT","inverseRate":0.040320111951721},"sos":{"code":"SOS","alphaCode":"SOS","numericCode":"706","name":"Somali shilling","rate":349.38120702827,"date":"Sun, 27 Jun 2021 23:55:01 GMT","inverseRate":0.0028622031748808},"ang":{"code":"ANG","alphaCode":"ANG","numericCode":"532","name":"Neth. Antillean Guilder","rate":1.0772958046492,"date":"Sun, 27 Jun 2021 23:55:01 GMT","inverseRate":0.9282501571847},"pkr":{"code":"PKR","alphaCode":"PKR","numericCode":"586","name":"Pakistani Rupee","rate":93.680959658018,"date":"Sun, 27 Jun 2021 23:55:01 GMT","inverseRate":0.010674527712467},"krw":{"code":"KRW","alphaCode":"KRW","numericCode":"410","name":"South Korean Won","rate":682.81938610378,"date":"Sun, 27 Jun 2021 23:55:01 GMT","inverseRate":0.0014645161229327},"azn":{"code":"AZN","alphaCode":"AZN","numericCode":"944","name":"Azerbaijan Manat","rate":1.0268248364321,"date":"Sun, 27 Jun 2021 23:55:01 GMT","inverseRate":0.9738759372774},"pyg":{"code":"PYG","alphaCode":"PYG","numericCode":"600","name":"Paraguayan Guaran\u00ed","rate":4106.2141997949,"date":"Sun, 27 Jun 2021 23:55:01 GMT","inverseRate":0.00024353332567257},"bnd":{"code":"BND","alphaCode":"BND","numericCode":"096","name":"Brunei Dollar","rate":0.81296217292377,"date":"Sun, 27 Jun 2021 23:55:01 GMT","inverseRate":1.2300695325141},"kmf":{"code":"KMF","alphaCode":"KMF","numericCode":"174","name":"\tComoro franc","rate":250.35033939128,"date":"Sun, 27 Jun 2021 23:55:01 GMT","inverseRate":0.003994402413959},"szl":{"code":"SZL","alphaCode":"SZL","numericCode":"748","name":"Swazi lilangeni","rate":8.5869320315433,"date":"Sun, 27 Jun 2021 23:55:01 GMT","inverseRate":0.11645602833778},"wst":{"code":"WST","alphaCode":"WST","numericCode":"882","name":"Samoan tala","rate":1.5354193245148,"date":"Sun, 27 Jun 2021 23:55:01 GMT","inverseRate":0.65128788210086},"egp":{"code":"EGP","alphaCode":"EGP","numericCode":"818","name":"Egyptian Pound","rate":9.4964712326996,"date":"Sun, 27 Jun 2021 23:55:01 GMT","inverseRate":0.10530227233845},"sgd":{"code":"SGD","alphaCode":"SGD","numericCode":"702","name":"Singapore Dollar","rate":0.81283463034244,"date":"Sun, 27 Jun 2021 23:55:01 GMT","inverseRate":1.230262543783},"zar":{"code":"ZAR","alphaCode":"ZAR","numericCode":"710","name":"South African Rand","rate":8.5398665069226,"date":"Sun, 27 Jun 2021 23:55:01 GMT","inverseRate":0.11709784915132},"kgs":{"code":"KGS","alphaCode":"KGS","numericCode":"417","name":"Kyrgyzstan Som","rate":50.629838018253,"date":"Sun, 27 Jun 2021 23:55:01 GMT","inverseRate":0.019751198880776},"crc":{"code":"CRC","alphaCode":"CRC","numericCode":"188","name":"Costa Rican Col\u00f3n","rate":374.1422712198,"date":"Sun, 27 Jun 2021 23:55:01 GMT","inverseRate":0.0026727800543353},"jmd":{"code":"JMD","alphaCode":"JMD","numericCode":"388","name":"Jamaican Dollar","rate":90.383399209484,"date":"Sun, 27 Jun 2021 23:55:01 GMT","inverseRate":0.011063978659203},"ssp":{"code":"SSP","alphaCode":"SSP","numericCode":"728","name":"South Sudanese pound","rate":107.42741708165,"date":"Sun, 27 Jun 2021 23:55:01 GMT","inverseRate":0.0093086106616523},"ern":{"code":"ERN","alphaCode":"ERN","numericCode":"232","name":"Eritrean nakfa","rate":9.1067303863004,"date":"Sun, 27 Jun 2021 23:55:01 GMT","inverseRate":0.10980889491407},"inr":{"code":"INR","alphaCode":"INR","numericCode":"356","name":"Indian Rupee","rate":44.940097320517,"date":"Sun, 27 Jun 2021 23:55:01 GMT","inverseRate":0.022251843222944},"try":{"code":"TRY","alphaCode":"TRY","numericCode":"949","name":"Turkish Lira","rate":5.2768974910456,"date":"Sun, 27 Jun 2021 23:55:01 GMT","inverseRate":0.18950529201996},"twd":{"code":"TWD","alphaCode":"TWD","numericCode":"901","name":"New Taiwan Dollar ","rate":16.899838025705,"date":"Sun, 27 Jun 2021 23:55:01 GMT","inverseRate":0.059172164755601},"tmt":{"code":"TMT","alphaCode":"TMT","numericCode":"934","name":"New Turkmenistan Manat","rate":2.114700486039,"date":"Sun, 27 Jun 2021 23:55:01 GMT","inverseRate":0.47288020530656},"mga":{"code":"MGA","alphaCode":"MGA","numericCode":"969","name":"Malagasy ariary","rate":2286.7,"date":"Sun, 27 Jun 2021 23:55:01 GMT","inverseRate":0.00043731140945468},"srd":{"code":"SRD","alphaCode":"SRD","numericCode":"968","name":"Surinamese dollar","rate":12.571192963166,"date":"Sun, 27 Jun 2021 23:55:01 GMT","inverseRate":0.079546945379807},"ghs":{"code":"GHS","alphaCode":"GHS","numericCode":"936","name":"Ghanaian Cedi","rate":3.5212503849708,"date":"Sun, 27 Jun 2021 23:55:01 GMT","inverseRate":0.28399002929986},"mop":{"code":"MOP","alphaCode":"MOP","numericCode":"446","name":"Macanese pataca","rate":4.8344608879492,"date":"Sun, 27 Jun 2021 23:55:01 GMT","inverseRate":0.20684829667206},"lbp":{"code":"LBP","alphaCode":"LBP","numericCode":"422","name":"Lebanese Pound","rate":912.18279963822,"date":"Sun, 27 Jun 2021 23:55:01 GMT","inverseRate":0.0010962714933855},"huf":{"code":"HUF","alphaCode":"HUF","numericCode":"348","name":"Hungarian Forint","rate":178.24899473976,"date":"Sun, 27 Jun 2021 23:55:01 GMT","inverseRate":0.0056101298156548},"ngn":{"code":"NGN","alphaCode":"NGN","numericCode":"566","name":"Nigerian Naira","rate":248.318411011,"date":"Sun, 27 Jun 2021 23:55:01 GMT","inverseRate":0.0040270876248306},"irr":{"code":"IRR","alphaCode":"IRR","numericCode":"364","name":"Iranian rial","rate":25379.046417843,"date":"Sun, 27 Jun 2021 23:55:01 GMT","inverseRate":3.9402583672211e-5},"ves":{"code":"VES","alphaCode":"VES","numericCode":"928","name":"Venezuelan Bolivar","rate":1921596.6386554,"date":"Sun, 27 Jun 2021 23:55:01 GMT","inverseRate":5.2040057725107e-7},"sbd":{"code":"SBD","alphaCode":"SBD","numericCode":"090","name":"Solomon Islands dollar","rate":4.9250484600473,"date":"Sun, 27 Jun 2021 23:55:01 GMT","inverseRate":0.20304368740981},"mwk":{"code":"MWK","alphaCode":"MWK","numericCode":"454","name":"Malawian kwacha","rate":486.53191489361,"date":"Sun, 27 Jun 2021 23:55:01 GMT","inverseRate":0.002055363624437},"gtq":{"code":"GTQ","alphaCode":"GTQ","numericCode":"320","name":"Guatemalan Quetzal","rate":4.6715015321756,"date":"Sun, 27 Jun 2021 23:55:01 GMT","inverseRate":0.21406393492807},"sek":{"code":"SEK","alphaCode":"SEK","numericCode":"752","name":"Swedish Krona","rate":5.1287005243318,"date":"Sun, 27 Jun 2021 23:55:01 GMT","inverseRate":0.19498116438185},"npr":{"code":"NPR","alphaCode":"NPR","numericCode":"524","name":"Nepalese Rupee","rate":71.829063739339,"date":"Sun, 27 Jun 2021 23:55:01 GMT","inverseRate":0.013921941174521},"isk":{"code":"ISK","alphaCode":"ISK","numericCode":"352","name":"Icelandic Krona","rate":74.547762191795,"date":"Sun, 27 Jun 2021 23:55:01 GMT","inverseRate":0.013414218892677},"gip":{"code":"GIP","alphaCode":"GIP","numericCode":"292","name":"Gibraltar pound","rate":0.43359654399993,"date":"Sun, 27 Jun 2021 23:55:01 GMT","inverseRate":2.3062914449802},"gel":{"code":"GEL","alphaCode":"GEL","numericCode":"981","name":"Georgian lari","rate":1.9620957546244,"date":"Sun, 27 Jun 2021 23:55:01 GMT","inverseRate":0.50965912221315},"mkd":{"code":"MKD","alphaCode":"MKD","numericCode":"807","name":"Macedonian denar","rate":31.282661632327,"date":"Sun, 27 Jun 2021 23:55:01 GMT","inverseRate":0.03196658940832},"bif":{"code":"BIF","alphaCode":"BIF","numericCode":"108","name":"Burundian franc","rate":1195.3476215368,"date":"Sun, 27 Jun 2021 23:55:01 GMT","inverseRate":0.00083657672628681},"mmk":{"code":"MMK","alphaCode":"MMK","numericCode":"104","name":"Myanma Kyat","rate":994.2173913043,"date":"Sun, 27 Jun 2021 23:55:01 GMT","inverseRate":0.0010058162417458},"mvr":{"code":"MVR","alphaCode":"MVR","numericCode":"462","name":"Maldivian rufiyaa","rate":9.3372805226619,"date":"Sun, 27 Jun 2021 23:55:01 GMT","inverseRate":0.10709756417545},"kes":{"code":"KES","alphaCode":"KES","numericCode":"404","name":"Kenyan shilling","rate":65.077693664979,"date":"Sun, 27 Jun 2021 23:55:01 GMT","inverseRate":0.015366248305418},"aed":{"code":"AED","alphaCode":"AED","numericCode":"784","name":"U.A.E Dirham","rate":2.2207202287108,"date":"Sun, 27 Jun 2021 23:55:01 GMT","inverseRate":0.45030435940169},"php":{"code":"PHP","alphaCode":"PHP","numericCode":"608","name":"Philippine Peso","rate":29.380786841794,"date":"Sun, 27 Jun 2021 23:55:01 GMT","inverseRate":0.034035848167875},"ils":{"code":"ILS","alphaCode":"ILS","numericCode":"376","name":"Israeli New Sheqel","rate":1.9671908424594,"date":"Sun, 27 Jun 2021 23:55:01 GMT","inverseRate":0.50833908862131},"mro":{"code":"MRO","alphaCode":"MRO","numericCode":"478","name":"Mauritanian Ouguiya","rate":21.934735998473,"date":"Sun, 27 Jun 2021 23:55:01 GMT","inverseRate":0.045589789640944},"cop":{"code":"COP","alphaCode":"COP","numericCode":"170","name":"Colombian Peso","rate":2277.6022520472,"date":"Sun, 27 Jun 2021 23:55:01 GMT","inverseRate":0.00043905822410439},"bzd":{"code":"BZD","alphaCode":"BZD","numericCode":"084","name":"Belize dollar","rate":1.2174954743904,"date":"Sun, 27 Jun 2021 23:55:01 GMT","inverseRate":0.82135828923777},"gnf":{"code":"GNF","alphaCode":"GNF","numericCode":"324","name":"Guinean franc","rate":5924.0932642485,"date":"Sun, 27 Jun 2021 23:55:01 GMT","inverseRate":0.00016880220404951},"sll":{"code":"SLL","alphaCode":"SLL","numericCode":"694","name":"Sierra Leonean leone","rate":6197.0189701895,"date":"Sun, 27 Jun 2021 23:55:01 GMT","inverseRate":0.00016136791008878},"ugx":{"code":"UGX","alphaCode":"UGX","numericCode":"800","name":"Ugandan shilling","rate":2159.3012275731,"date":"Sun, 27 Jun 2021 23:55:01 GMT","inverseRate":0.00046311278261251},"cny":{"code":"CNY","alphaCode":"CNY","numericCode":"156","name":"Chinese Yuan","rate":3.9106211795767,"date":"Sun, 27 Jun 2021 23:55:01 GMT","inverseRate":0.25571385058275},"sar":{"code":"SAR","alphaCode":"SAR","numericCode":"682","name":"Saudi Riyal","rate":2.2715516288446,"date":"Sun, 27 Jun 2021 23:55:01 GMT","inverseRate":0.44022772245271},"myr":{"code":"MYR","alphaCode":"MYR","numericCode":"458","name":"Malaysian Ringgit","rate":2.5101310511663,"date":"Sun, 27 Jun 2021 23:55:01 GMT","inverseRate":0.39838557414577},"kzt":{"code":"KZT","alphaCode":"KZT","numericCode":"398","name":"Kazakhstani Tenge","rate":258.21526394948,"date":"Sun, 27 Jun 2021 23:55:01 GMT","inverseRate":0.0038727377487477},"bob":{"code":"BOB","alphaCode":"BOB","numericCode":"068","name":"Bolivian Boliviano","rate":4.1630354033627,"date":"Sun, 27 Jun 2021 23:55:01 GMT","inverseRate":0.24020934320958},"gyd":{"code":"GYD","alphaCode":"GYD","numericCode":"328","name":"Guyanese dollar","rate":126.14883874882,"date":"Sun, 27 Jun 2021 23:55:01 GMT","inverseRate":0.0079271439191852},"rwf":{"code":"RWF","alphaCode":"RWF","numericCode":"646","name":"Rwandan franc","rate":607.35723771577,"date":"Sun, 27 Jun 2021 23:55:01 GMT","inverseRate":0.0016464774565969},"mzn":{"code":"MZN","alphaCode":"MZN","numericCode":"943","name":"Mozambican metical","rate":38.496632996633,"date":"Sun, 27 Jun 2021 23:55:01 GMT","inverseRate":0.025976297721608},"vuv":{"code":"VUV","alphaCode":"VUV","numericCode":"548","name":"Vanuatu vatu","rate":66.358096343584,"date":"Sun, 27 Jun 2021 23:55:01 GMT","inverseRate":0.015069751169809},"idr":{"code":"IDR","alphaCode":"IDR","numericCode":"360","name":"Indonesian Rupiah","rate":8747.6919760098,"date":"Sun, 27 Jun 2021 23:55:01 GMT","inverseRate":0.00011431586785891},"tnd":{"code":"TND","alphaCode":"TND","numericCode":"788","name":"Tunisian Dinar","rate":1.6565079779758,"date":"Sun, 27 Jun 2021 23:55:01 GMT","inverseRate":0.60367955560466},"xof":{"code":"XOF","alphaCode":"XOF","numericCode":"952","name":"West African CFA Franc","rate":332.96620444581,"date":"Sun, 27 Jun 2021 23:55:01 GMT","inverseRate":0.003003307803158},"tjs":{"code":"TJS","alphaCode":"TJS","numericCode":"972","name":"Tajikistan Ruble","rate":6.8494207708207,"date":"Sun, 27 Jun 2021 23:55:01 GMT","inverseRate":0.14599774688396},"afn":{"code":"AFN","alphaCode":"AFN","numericCode":"971","name":"Afghan afghani","rate":47.774945679425,"date":"Sun, 27 Jun 2021 23:55:01 GMT","inverseRate":0.020931473302139},"nad":{"code":"NAD","alphaCode":"NAD","numericCode":"516","name":"Namibian dollar","rate":8.5869320315433,"date":"Sun, 27 Jun 2021 23:55:01 GMT","inverseRate":0.11645602833778},"syp":{"code":"SYP","alphaCode":"SYP","numericCode":"760","name":"Syrian pound","rate":1524.4666666666,"date":"Sun, 27 Jun 2021 23:55:01 GMT","inverseRate":0.00065596711418203},"top":{"code":"TOP","alphaCode":"TOP","numericCode":"776","name":"Tongan pa\u02bbanga","rate":1.3381122359412,"date":"Sun, 27 Jun 2021 23:55:01 GMT","inverseRate":0.7473214676171},"kwd":{"code":"KWD","alphaCode":"KWD","numericCode":"414","name":"Kuwaiti Dinar","rate":0.18218989175027,"date":"Sun, 27 Jun 2021 23:55:01 GMT","inverseRate":5.4887787154005},"czk":{"code":"CZK","alphaCode":"CZK","numericCode":"203","name":"Czech Koruna","rate":12.919159397605,"date":"Sun, 27 Jun 2021 23:55:01 GMT","inverseRate":0.077404416899245},"pgk":{"code":"PGK","alphaCode":"PGK","numericCode":"598","name":"Papua New Guinean kina","rate":2.1259935746638,"date":"Sun, 27 Jun 2021 23:55:01 GMT","inverseRate":0.47036830774906},"uah":{"code":"UAH","alphaCode":"UAH","numericCode":"980","name":"Ukrainian Hryvnia","rate":16.59501384987,"date":"Sun, 27 Jun 2021 23:55:01 GMT","inverseRate":0.060259063899959},"etb":{"code":"ETB","alphaCode":"ETB","numericCode":"230","name":"Ethiopian birr","rate":26.435838150287,"date":"Sun, 27 Jun 2021 23:55:01 GMT","inverseRate":0.037827436917832},"xcd":{"code":"XCD","alphaCode":"XCD","numericCode":"951","name":"East Caribbean Dollar","rate":1.6366304036645,"date":"Sun, 27 Jun 2021 23:55:01 GMT","inverseRate":0.61101150129007},"lak":{"code":"LAK","alphaCode":"LAK","numericCode":"418","name":"Lao kip","rate":5731.0776942355,"date":"Sun, 27 Jun 2021 23:55:01 GMT","inverseRate":0.00017448725237242},"bwp":{"code":"BWP","alphaCode":"BWP","numericCode":"072","name":"Botswana Pula","rate":6.5653172552399,"date":"Sun, 27 Jun 2021 23:55:01 GMT","inverseRate":0.15231556391306},"nok":{"code":"NOK","alphaCode":"NOK","numericCode":"578","name":"Norwegian Krone","rate":5.1393814892636,"date":"Sun, 27 Jun 2021 23:55:01 GMT","inverseRate":0.19457594305639},"mad":{"code":"MAD","alphaCode":"MAD","numericCode":"504","name":"Moroccan Dirham","rate":5.3510536356835,"date":"Sun, 27 Jun 2021 23:55:01 GMT","inverseRate":0.18687908365027},"ron":{"code":"RON","alphaCode":"RON","numericCode":"946","name":"Romanian New Leu","rate":2.4974629984248,"date":"Sun, 27 Jun 2021 23:55:01 GMT","inverseRate":0.40040633259861},"byn":{"code":"BYN","alphaCode":"BYN","numericCode":"933","name":"Belarussian Ruble","rate":1.5303041317803,"date":"Sun, 27 Jun 2021 23:55:01 GMT","inverseRate":0.65346487618552},"rsd":{"code":"RSD","alphaCode":"RSD","numericCode":"941","name":"Serbian Dinar","rate":58.468644016207,"date":"Sun, 27 Jun 2021 23:55:01 GMT","inverseRate":0.017103184396115},"gmd":{"code":"GMD","alphaCode":"GMD","numericCode":"270","name":"Gambian dalasi","rate":31.367626886146,"date":"Sun, 27 Jun 2021 23:55:01 GMT","inverseRate":0.031880001749245},"awg":{"code":"AWG","alphaCode":"AWG","numericCode":"533","name":"Aruban florin","rate":1.0932778733983,"date":"Sun, 27 Jun 2021 23:55:01 GMT","inverseRate":0.91468054401541},"aoa":{"code":"AOA","alphaCode":"AOA","numericCode":"973","name":"Angolan kwanza","rate":394.25862068965,"date":"Sun, 27 Jun 2021 23:55:01 GMT","inverseRate":0.0025364061748371},"khr":{"code":"KHR","alphaCode":"KHR","numericCode":"116","name":"Cambodian riel","rate":2461.4639397202,"date":"Sun, 27 Jun 2021 23:55:01 GMT","inverseRate":0.00040626229938338},"scr":{"code":"SCR","alphaCode":"SCR","numericCode":"690","name":"Seychelles rupee","rate":9.0526524148853,"date":"Sun, 27 Jun 2021 23:55:01 GMT","inverseRate":0.11046486202825},"bhd":{"code":"BHD","alphaCode":"BHD","numericCode":"048","name":"Bahrain Dinar","rate":0.22796604358894,"date":"Sun, 27 Jun 2021 23:55:01 GMT","inverseRate":4.386618218471},"omr":{"code":"OMR","alphaCode":"OMR","numericCode":"512","name":"Omani Rial","rate":0.23299163207021,"date":"Sun, 27 Jun 2021 23:55:01 GMT","inverseRate":4.2919996358439},"rub":{"code":"RUB","alphaCode":"RUB","numericCode":"643","name":"Russian Rouble","rate":43.71582855201,"date":"Sun, 27 Jun 2021 23:55:01 GMT","inverseRate":0.022875009650344},"lyd":{"code":"LYD","alphaCode":"LYD","numericCode":"434","name":"Libyan Dinar","rate":2.6961029841275,"date":"Sun, 27 Jun 2021 23:55:01 GMT","inverseRate":0.3709057131301},"clp":{"code":"CLP","alphaCode":"CLP","numericCode":"152","name":"Chilean Peso","rate":444.53346969144,"date":"Sun, 27 Jun 2021 23:55:01 GMT","inverseRate":0.0022495493999454},"bsd":{"code":"BSD","alphaCode":"BSD","numericCode":"044","name":"Bahamian Dollar","rate":0.60370135698821,"date":"Sun, 27 Jun 2021 23:55:01 GMT","inverseRate":1.6564481567324},"djf":{"code":"DJF","alphaCode":"DJF","numericCode":"262","name":"Djiboutian franc","rate":107.52339305026,"date":"Sun, 27 Jun 2021 23:55:01 GMT","inverseRate":0.0093003017448728},"hnl":{"code":"HNL","alphaCode":"HNL","numericCode":"340","name":"Honduran Lempira","rate":14.472784810126,"date":"Sun, 27 Jun 2021 23:55:01 GMT","inverseRate":0.06909520269384},"tzs":{"code":"TZS","alphaCode":"TZS","numericCode":"834","name":"Tanzanian shilling","rate":1400.3061849357,"date":"Sun, 27 Jun 2021 23:55:01 GMT","inverseRate":0.00071412953163949},"bbd":{"code":"BBD","alphaCode":"BBD","numericCode":"052","name":"Barbadian Dollar","rate":1.2122541922804,"date":"Sun, 27 Jun 2021 23:55:01 GMT","inverseRate":0.82490950030773},"bdt":{"code":"BDT","alphaCode":"BDT","numericCode":"050","name":"Bangladeshi taka","rate":51.246981206013,"date":"Sun, 27 Jun 2021 23:55:01 GMT","inverseRate":0.019513344522285},"qar":{"code":"QAR","alphaCode":"QAR","numericCode":"634","name":"Qatari Rial","rate":2.2157780434204,"date":"Sun, 27 Jun 2021 23:55:01 GMT","inverseRate":0.45130874140099},"mxn":{"code":"MXN","alphaCode":"MXN","numericCode":"484","name":"Mexican Peso","rate":11.991393526384,"date":"Sun, 27 Jun 2021 23:55:01 GMT","inverseRate":0.083393143407371},"amd":{"code":"AMD","alphaCode":"AMD","numericCode":"051","name":"Armenia Dram","rate":313.58650694045,"date":"Sun, 27 Jun 2021 23:55:01 GMT","inverseRate":0.0031889127174401},"uyu":{"code":"UYU","alphaCode":"UYU","numericCode":"858","name":"Uruguayan Peso","rate":26.364773344525,"date":"Sun, 27 Jun 2021 23:55:01 GMT","inverseRate":0.037929398706841},"fjd":{"code":"FJD","alphaCode":"FJD","numericCode":"242","name":"Fiji Dollar","rate":1.2458185780441,"date":"Sun, 27 Jun 2021 23:55:01 GMT","inverseRate":0.80268509205406},"cdf":{"code":"CDF","alphaCode":"CDF","numericCode":"976","name":"Congolese franc","rate":1200.9978991596,"date":"Sun, 27 Jun 2021 23:55:01 GMT","inverseRate":0.00083264092360172},"lsl":{"code":"LSL","alphaCode":"LSL","numericCode":"426","name":"Lesotho loti","rate":8.590157776108,"date":"Sun, 27 Jun 2021 23:55:01 GMT","inverseRate":0.11641229719684},"mnt":{"code":"MNT","alphaCode":"MNT","numericCode":"496","name":"Mongolian togrog","rate":1721.9126506024,"date":"Sun, 27 Jun 2021 23:55:01 GMT","inverseRate":0.00058074955175582},"brl":{"code":"BRL","alphaCode":"BRL","numericCode":"986","name":"Brazilian Real","rate":3.0274314287594,"date":"Sun, 27 Jun 2021 23:55:01 GMT","inverseRate":0.33031301402912},"hkd":{"code":"HKD","alphaCode":"HKD","numericCode":"344","name":"Hong Kong Dollar","rate":4.7017059876792,"date":"Sun, 27 Jun 2021 23:55:01 GMT","inverseRate":0.21268875651104},"thb":{"code":"THB","alphaCode":"THB","numericCode":"764","name":"Thai Baht","rate":19.143332577296,"date":"Sun, 27 Jun 2021 23:55:01 GMT","inverseRate":0.052237508592731},"xaf":{"code":"XAF","alphaCode":"XAF","numericCode":"950","name":"Central African CFA Franc","rate":333.24848669619,"date":"Sun, 27 Jun 2021 23:55:01 GMT","inverseRate":0.0030007638141554},"mdl":{"code":"MDL","alphaCode":"MDL","numericCode":"498","name":"Moldova Lei","rate":10.898241475413,"date":"Sun, 27 Jun 2021 23:55:01 GMT","inverseRate":0.091757922803976},"nio":{"code":"NIO","alphaCode":"NIO","numericCode":"558","name":"Nicaraguan C\u00f3rdoba","rate":21.18660980259,"date":"Sun, 27 Jun 2021 23:55:01 GMT","inverseRate":0.047199623220405},"lrd":{"code":"LRD","alphaCode":"LRD","numericCode":"430","name":"Liberian dollar","rate":103.4705882353,"date":"Sun, 27 Jun 2021 23:55:01 GMT","inverseRate":0.0096645821489481},"sdg":{"code":"SDG","alphaCode":"SDG","numericCode":"938","name":"Sudanese pound","rate":265.8953488372,"date":"Sun, 27 Jun 2021 23:55:01 GMT","inverseRate":0.0037608781213103},"mru":{"code":"MRU","alphaCode":"MRU","numericCode":"929","name":"Mauritanian ouguiya","rate":21.819656488549,"date":"Sun, 27 Jun 2021 23:55:01 GMT","inverseRate":0.045830235710851},"dkk":{"code":"DKK","alphaCode":"DKK","numericCode":"208","name":"Danish Krone","rate":3.7703212255952,"date":"Sun, 27 Jun 2021 23:55:01 GMT","inverseRate":0.26522939032658},"jod":{"code":"JOD","alphaCode":"JOD","numericCode":"400","name":"Jordanian Dinar","rate":0.42917728670151,"date":"Sun, 27 Jun 2021 23:55:01 GMT","inverseRate":2.3300394288934},"bgn":{"code":"BGN","alphaCode":"BGN","numericCode":"975","name":"Bulgarian Lev","rate":0.99163612759312,"date":"Sun, 27 Jun 2021 23:55:01 GMT","inverseRate":1.0084344167928},"vnd":{"code":"VND","alphaCode":"VND","numericCode":"704","name":"Vietnamese Dong","rate":13933.013650782,"date":"Sun, 27 Jun 2021 23:55:01 GMT","inverseRate":7.177198164475e-5},"uzs":{"code":"UZS","alphaCode":"UZS","numericCode":"860","name":"Uzbekistan Sum","rate":6386.6061549138,"date":"Sun, 27 Jun 2021 23:55:01 GMT","inverseRate":0.00015657768394417},"pab":{"code":"PAB","alphaCode":"PAB","numericCode":"590","name":"Panamanian Balboa","rate":0.60370135698821,"date":"Sun, 27 Jun 2021 23:55:01 GMT","inverseRate":1.6564481567324},"ttd":{"code":"TTD","alphaCode":"TTD","numericCode":"780","name":"Trinidad Tobago Dollar","rate":4.1053859964092,"date":"Sun, 27 Jun 2021 23:55:01 GMT","inverseRate":0.24358245506626},"htg":{"code":"HTG","alphaCode":"HTG","numericCode":"332","name":"Haitian gourde","rate":56.741935483871,"date":"Sun, 27 Jun 2021 23:55:01 GMT","inverseRate":0.017623649801023},"cup":{"code":"CUP","alphaCode":"CUP","numericCode":"192","name":"Cuban peso","rate":0.60370135698821,"date":"Sun, 27 Jun 2021 23:55:01 GMT","inverseRate":1.6564481567324}}