{"usd":{"code":"USD","alphaCode":"USD","numericCode":"840","name":"U.S. Dollar","rate":0.011820489263055,"date":"Sun, 27 Jun 2021 23:55:01 GMT","inverseRate":84.598867081202},"eur":{"code":"EUR","alphaCode":"EUR","numericCode":"978","name":"Euro","rate":0.0098955072988028,"date":"Sun, 27 Jun 2021 23:55:01 GMT","inverseRate":101.05596103405},"gbp":{"code":"GBP","alphaCode":"GBP","numericCode":"826","name":"U.K. Pound Sterling","rate":0.0084999066281085,"date":"Sun, 27 Jun 2021 23:55:01 GMT","inverseRate":117.64835118224},"jpy":{"code":"JPY","alphaCode":"JPY","numericCode":"392","name":"Japanese Yen","rate":1.3089163670324,"date":"Sun, 27 Jun 2021 23:55:01 GMT","inverseRate":0.76399075234062},"aud":{"code":"AUD","alphaCode":"AUD","numericCode":"036","name":"Australian Dollar","rate":0.015559483964231,"date":"Sun, 27 Jun 2021 23:55:01 GMT","inverseRate":64.269483634472},"chf":{"code":"CHF","alphaCode":"CHF","numericCode":"756","name":"Swiss Franc","rate":0.010839562802824,"date":"Sun, 27 Jun 2021 23:55:01 GMT","inverseRate":92.254643308996},"cad":{"code":"CAD","alphaCode":"CAD","numericCode":"124","name":"Canadian Dollar","rate":0.014539134534117,"date":"Sun, 27 Jun 2021 23:55:01 GMT","inverseRate":68.779884913605},"lkr":{"code":"LKR","alphaCode":"LKR","numericCode":"144","name":"Sri Lanka Rupee","rate":2.3487461535702,"date":"Sun, 27 Jun 2021 23:55:01 GMT","inverseRate":0.42575907936239},"pln":{"code":"PLN","alphaCode":"PLN","numericCode":"985","name":"Polish Zloty","rate":0.044631589619573,"date":"Sun, 27 Jun 2021 23:55:01 GMT","inverseRate":22.405655019768},"pen":{"code":"PEN","alphaCode":"PEN","numericCode":"604","name":"Peruvian Nuevo Sol","rate":0.047047924581964,"date":"Sun, 27 Jun 2021 23:55:01 GMT","inverseRate":21.254922696066},"iqd":{"code":"IQD","alphaCode":"IQD","numericCode":"368","name":"Iraqi dinar","rate":17.211884769414,"date":"Sun, 27 Jun 2021 23:55:01 GMT","inverseRate":0.058099389659931},"svc":{"code":"SVC","alphaCode":"SVC","numericCode":"222","name":"Salvadoran colon","rate":0.10317032351239,"date":"Sun, 27 Jun 2021 23:55:01 GMT","inverseRate":9.6927097439983},"cve":{"code":"CVE","alphaCode":"CVE","numericCode":"132","name":"Cape Verde escudo","rate":1.1017571584965,"date":"Sun, 27 Jun 2021 23:55:01 GMT","inverseRate":0.90764102805073},"zmw":{"code":"ZMW","alphaCode":"ZMW","numericCode":"967","name":"Zambian kwacha","rate":0.26623606753645,"date":"Sun, 27 Jun 2021 23:55:01 GMT","inverseRate":3.7560650938592},"yer":{"code":"YER","alphaCode":"YER","numericCode":"886","name":"Yemeni rial","rate":2.9640736627546,"date":"Sun, 27 Jun 2021 23:55:01 GMT","inverseRate":0.33737353175989},"dop":{"code":"DOP","alphaCode":"DOP","numericCode":"214","name":"Dominican Peso","rate":0.67109634028073,"date":"Sun, 27 Jun 2021 23:55:01 GMT","inverseRate":1.490099021523},"nzd":{"code":"NZD","alphaCode":"NZD","numericCode":"554","name":"New Zealand Dollar","rate":0.016700414254419,"date":"Sun, 27 Jun 2021 23:55:01 GMT","inverseRate":59.87875418931},"hrk":{"code":"HRK","alphaCode":"HRK","numericCode":"191","name":"Croatian Kuna","rate":0.074167945896029,"date":"Sun, 27 Jun 2021 23:55:01 GMT","inverseRate":13.482913513633},"dzd":{"code":"DZD","alphaCode":"DZD","numericCode":"012","name":"Algerian Dinar","rate":1.5740735360357,"date":"Sun, 27 Jun 2021 23:55:01 GMT","inverseRate":0.63529433479868},"ars":{"code":"ARS","alphaCode":"ARS","numericCode":"032","name":"Argentine Peso","rate":1.1270564547389,"date":"Sun, 27 Jun 2021 23:55:01 GMT","inverseRate":0.88726700050855},"stn":{"code":"STN","alphaCode":"STN","numericCode":"930","name":"S\u00e3o Tom\u00e9 and Pr\u00edncipe Dobra","rate":0.24476777245808,"date":"Sun, 27 Jun 2021 23:55:01 GMT","inverseRate":4.0855051707073},"xpf":{"code":"XPF","alphaCode":"XPF","numericCode":"953","name":"CFP Franc","rate":1.1791127796187,"date":"Sun, 27 Jun 2021 23:55:01 GMT","inverseRate":0.84809529443267},"all":{"code":"ALL","alphaCode":"ALL","numericCode":"008","name":"Albanian lek","rate":1.2105907626118,"date":"Sun, 27 Jun 2021 23:55:01 GMT","inverseRate":0.82604297908445},"mur":{"code":"MUR","alphaCode":"MUR","numericCode":"480","name":"Mauritian Rupee","rate":0.48396057395997,"date":"Sun, 27 Jun 2021 23:55:01 GMT","inverseRate":2.0662840194142},"sos":{"code":"SOS","alphaCode":"SOS","numericCode":"706","name":"Somali shilling","rate":6.8175958623545,"date":"Sun, 27 Jun 2021 23:55:01 GMT","inverseRate":0.14667927231091},"ang":{"code":"ANG","alphaCode":"ANG","numericCode":"532","name":"Neth. Antillean Guilder","rate":0.021021644188532,"date":"Sun, 27 Jun 2021 23:55:01 GMT","inverseRate":47.570018359723},"pkr":{"code":"PKR","alphaCode":"PKR","numericCode":"586","name":"Pakistani Rupee","rate":1.8280288409852,"date":"Sun, 27 Jun 2021 23:55:01 GMT","inverseRate":0.54703732106385},"krw":{"code":"KRW","alphaCode":"KRW","numericCode":"410","name":"South Korean Won","rate":13.324089927538,"date":"Sun, 27 Jun 2021 23:55:01 GMT","inverseRate":0.075052030227835},"azn":{"code":"AZN","alphaCode":"AZN","numericCode":"944","name":"Azerbaijan Manat","rate":0.020036786797338,"date":"Sun, 27 Jun 2021 23:55:01 GMT","inverseRate":49.908201854643},"pyg":{"code":"PYG","alphaCode":"PYG","numericCode":"600","name":"Paraguayan Guaran\u00ed","rate":80.125972362897,"date":"Sun, 27 Jun 2021 23:55:01 GMT","inverseRate":0.01248034776378},"bnd":{"code":"BND","alphaCode":"BND","numericCode":"096","name":"Brunei Dollar","rate":0.015863610963847,"date":"Sun, 27 Jun 2021 23:55:01 GMT","inverseRate":63.03735021484},"kmf":{"code":"KMF","alphaCode":"KMF","numericCode":"174","name":"\tComoro franc","rate":4.8851724238131,"date":"Sun, 27 Jun 2021 23:55:01 GMT","inverseRate":0.20470106543741},"szl":{"code":"SZL","alphaCode":"SZL","numericCode":"748","name":"Swazi lilangeni","rate":0.16755976312095,"date":"Sun, 27 Jun 2021 23:55:01 GMT","inverseRate":5.9680198955531},"wst":{"code":"WST","alphaCode":"WST","numericCode":"882","name":"Samoan tala","rate":0.029961166265432,"date":"Sun, 27 Jun 2021 23:55:01 GMT","inverseRate":33.376537853727},"egp":{"code":"EGP","alphaCode":"EGP","numericCode":"818","name":"Egyptian Pound","rate":0.18530791490964,"date":"Sun, 27 Jun 2021 23:55:01 GMT","inverseRate":5.3964235714791},"sgd":{"code":"SGD","alphaCode":"SGD","numericCode":"702","name":"Singapore Dollar","rate":0.015861122181516,"date":"Sun, 27 Jun 2021 23:55:01 GMT","inverseRate":63.047241459709},"zar":{"code":"ZAR","alphaCode":"ZAR","numericCode":"710","name":"South African Rand","rate":0.1666413573239,"date":"Sun, 27 Jun 2021 23:55:01 GMT","inverseRate":6.0009112747221},"kgs":{"code":"KGS","alphaCode":"KGS","numericCode":"417","name":"Kyrgyzstan Som","rate":0.98795747235766,"date":"Sun, 27 Jun 2021 23:55:01 GMT","inverseRate":1.0121893178394},"crc":{"code":"CRC","alphaCode":"CRC","numericCode":"188","name":"Costa Rican Col\u00f3n","rate":7.3007670386622,"date":"Sun, 27 Jun 2021 23:55:01 GMT","inverseRate":0.13697190921233},"jmd":{"code":"JMD","alphaCode":"JMD","numericCode":"388","name":"Jamaican Dollar","rate":1.7636824078699,"date":"Sun, 27 Jun 2021 23:55:01 GMT","inverseRate":0.56699550641193},"ssp":{"code":"SSP","alphaCode":"SSP","numericCode":"728","name":"South Sudanese pound","rate":2.0962682006534,"date":"Sun, 27 Jun 2021 23:55:01 GMT","inverseRate":0.47703819563178},"ern":{"code":"ERN","alphaCode":"ERN","numericCode":"232","name":"Eritrean nakfa","rate":0.17770276749944,"date":"Sun, 27 Jun 2021 23:55:01 GMT","inverseRate":5.6273743739143},"bam":{"code":"BAM","alphaCode":"BAM","numericCode":"977","name":"Bosnia and Herzegovina convertible mark","rate":0.019513344522285,"date":"Sun, 27 Jun 2021 23:55:01 GMT","inverseRate":51.246981206013},"inr":{"code":"INR","alphaCode":"INR","numericCode":"356","name":"Indian Rupee","rate":0.87693160188026,"date":"Sun, 27 Jun 2021 23:55:01 GMT","inverseRate":1.1403397914454},"try":{"code":"TRY","alphaCode":"TRY","numericCode":"949","name":"Turkish Lira","rate":0.10296991875155,"date":"Sun, 27 Jun 2021 23:55:01 GMT","inverseRate":9.711574138587},"twd":{"code":"TWD","alphaCode":"TWD","numericCode":"901","name":"New Taiwan Dollar ","rate":0.3297723617664,"date":"Sun, 27 Jun 2021 23:55:01 GMT","inverseRate":3.0323948151494},"tmt":{"code":"TMT","alphaCode":"TMT","numericCode":"934","name":"New Turkmenistan Manat","rate":0.041264879145522,"date":"Sun, 27 Jun 2021 23:55:01 GMT","inverseRate":24.233682994041},"mga":{"code":"MGA","alphaCode":"MGA","numericCode":"969","name":"Malagasy ariary","rate":44.621164919109,"date":"Sun, 27 Jun 2021 23:55:01 GMT","inverseRate":0.022410889581499},"srd":{"code":"SRD","alphaCode":"SRD","numericCode":"968","name":"Surinamese dollar","rate":0.24530601934639,"date":"Sun, 27 Jun 2021 23:55:01 GMT","inverseRate":4.0765408148747},"ghs":{"code":"GHS","alphaCode":"GHS","numericCode":"936","name":"Ghanaian Cedi","rate":0.068711371911164,"date":"Sun, 27 Jun 2021 23:55:01 GMT","inverseRate":14.553631694225},"mop":{"code":"MOP","alphaCode":"MOP","numericCode":"446","name":"Macanese pataca","rate":0.094336500886065,"date":"Sun, 27 Jun 2021 23:55:01 GMT","inverseRate":10.600350772049},"lbp":{"code":"LBP","alphaCode":"LBP","numericCode":"422","name":"Lebanese Pound","rate":17.799737236643,"date":"Sun, 27 Jun 2021 23:55:01 GMT","inverseRate":0.056180604618217},"huf":{"code":"HUF","alphaCode":"HUF","numericCode":"348","name":"Hungarian Forint","rate":3.4782340451078,"date":"Sun, 27 Jun 2021 23:55:01 GMT","inverseRate":0.28750221722615},"ngn":{"code":"NGN","alphaCode":"NGN","numericCode":"566","name":"Nigerian Naira","rate":4.845522705284,"date":"Sun, 27 Jun 2021 23:55:01 GMT","inverseRate":0.20637608382466},"irr":{"code":"IRR","alphaCode":"IRR","numericCode":"364","name":"Iranian rial","rate":495.23007639844,"date":"Sun, 27 Jun 2021 23:55:01 GMT","inverseRate":0.0020192634649182},"ves":{"code":"VES","alphaCode":"VES","numericCode":"928","name":"Venezuelan Bolivar","rate":37496.777242948,"date":"Sun, 27 Jun 2021 23:55:01 GMT","inverseRate":2.6668958601984e-5},"sbd":{"code":"SBD","alphaCode":"SBD","numericCode":"090","name":"Solomon Islands dollar","rate":0.096104167389853,"date":"Sun, 27 Jun 2021 23:55:01 GMT","inverseRate":10.40537603269},"mwk":{"code":"MWK","alphaCode":"MWK","numericCode":"454","name":"Malawian kwacha","rate":9.4938648764061,"date":"Sun, 27 Jun 2021 23:55:01 GMT","inverseRate":0.10533118103305},"gtq":{"code":"GTQ","alphaCode":"GTQ","numericCode":"320","name":"Guatemalan Quetzal","rate":0.091156618833725,"date":"Sun, 27 Jun 2021 23:55:01 GMT","inverseRate":10.970130450144},"sek":{"code":"SEK","alphaCode":"SEK","numericCode":"752","name":"Swedish Krona","rate":0.10007810028291,"date":"Sun, 27 Jun 2021 23:55:01 GMT","inverseRate":9.9921960666031},"npr":{"code":"NPR","alphaCode":"NPR","numericCode":"524","name":"Nepalese Rupee","rate":1.4016252674589,"date":"Sun, 27 Jun 2021 23:55:01 GMT","inverseRate":0.71345745772189},"isk":{"code":"ISK","alphaCode":"ISK","numericCode":"352","name":"Icelandic Krona","rate":1.4546761670139,"date":"Sun, 27 Jun 2021 23:55:01 GMT","inverseRate":0.68743822348638},"gip":{"code":"GIP","alphaCode":"GIP","numericCode":"292","name":"Gibraltar pound","rate":0.0084609187467427,"date":"Sun, 27 Jun 2021 23:55:01 GMT","inverseRate":118.19047433649},"gel":{"code":"GEL","alphaCode":"GEL","numericCode":"981","name":"Georgian lari","rate":0.038287050445698,"date":"Sun, 27 Jun 2021 23:55:01 GMT","inverseRate":26.11849145753},"mkd":{"code":"MKD","alphaCode":"MKD","numericCode":"807","name":"Macedonian denar","rate":0.61042935400567,"date":"Sun, 27 Jun 2021 23:55:01 GMT","inverseRate":1.6381912066285},"bif":{"code":"BIF","alphaCode":"BIF","numericCode":"108","name":"Burundian franc","rate":23.325229962942,"date":"Sun, 27 Jun 2021 23:55:01 GMT","inverseRate":0.042872031769408},"mmk":{"code":"MMK","alphaCode":"MMK","numericCode":"104","name":"Myanma Kyat","rate":19.400506486568,"date":"Sun, 27 Jun 2021 23:55:01 GMT","inverseRate":0.051545046037449},"mvr":{"code":"MVR","alphaCode":"MVR","numericCode":"462","name":"Maldivian rufiyaa","rate":0.18220157173992,"date":"Sun, 27 Jun 2021 23:55:01 GMT","inverseRate":5.4884268585092},"kes":{"code":"KES","alphaCode":"KES","numericCode":"404","name":"Kenyan shilling","rate":1.2698834572005,"date":"Sun, 27 Jun 2021 23:55:01 GMT","inverseRate":0.78747383811468},"aed":{"code":"AED","alphaCode":"AED","numericCode":"784","name":"U.A.E Dirham","rate":0.043333678910442,"date":"Sun, 27 Jun 2021 23:55:01 GMT","inverseRate":23.076739043244},"php":{"code":"PHP","alphaCode":"PHP","numericCode":"608","name":"Philippine Peso","rate":0.57331741597975,"date":"Sun, 27 Jun 2021 23:55:01 GMT","inverseRate":1.7442344713898},"ils":{"code":"ILS","alphaCode":"ILS","numericCode":"376","name":"Israeli New Sheqel","rate":0.038386472649995,"date":"Sun, 27 Jun 2021 23:55:01 GMT","inverseRate":26.050843720858},"mro":{"code":"MRO","alphaCode":"MRO","numericCode":"478","name":"Mauritanian Ouguiya","rate":0.42802006054356,"date":"Sun, 27 Jun 2021 23:55:01 GMT","inverseRate":2.3363390929155},"cop":{"code":"COP","alphaCode":"COP","numericCode":"170","name":"Colombian Peso","rate":44.443637428929,"date":"Sun, 27 Jun 2021 23:55:01 GMT","inverseRate":0.022500408559023},"bzd":{"code":"BZD","alphaCode":"BZD","numericCode":"084","name":"Belize dollar","rate":0.023757408646102,"date":"Sun, 27 Jun 2021 23:55:01 GMT","inverseRate":42.092132811971},"gnf":{"code":"GNF","alphaCode":"GNF","numericCode":"324","name":"Guinean franc","rate":115.59887284743,"date":"Sun, 27 Jun 2021 23:55:01 GMT","inverseRate":0.0086506033784587},"sll":{"code":"SLL","alphaCode":"SLL","numericCode":"694","name":"Sierra Leonean leone","rate":120.92456617644,"date":"Sun, 27 Jun 2021 23:55:01 GMT","inverseRate":0.0082696182555733},"ugx":{"code":"UGX","alphaCode":"UGX","numericCode":"800","name":"Ugandan shilling","rate":42.135188781028,"date":"Sun, 27 Jun 2021 23:55:01 GMT","inverseRate":0.023733132066808},"cny":{"code":"CNY","alphaCode":"CNY","numericCode":"156","name":"Chinese Yuan","rate":0.076309298373224,"date":"Sun, 27 Jun 2021 23:55:01 GMT","inverseRate":13.104562894931},"sar":{"code":"SAR","alphaCode":"SAR","numericCode":"682","name":"Saudi Riyal","rate":0.044325569533802,"date":"Sun, 27 Jun 2021 23:55:01 GMT","inverseRate":22.5603418189},"myr":{"code":"MYR","alphaCode":"MYR","numericCode":"458","name":"Malaysian Ringgit","rate":0.048981051997494,"date":"Sun, 27 Jun 2021 23:55:01 GMT","inverseRate":20.416058030995},"kzt":{"code":"KZT","alphaCode":"KZT","numericCode":"398","name":"Kazakhstani Tenge","rate":5.038643406359,"date":"Sun, 27 Jun 2021 23:55:01 GMT","inverseRate":0.19846611862589},"bob":{"code":"BOB","alphaCode":"BOB","numericCode":"068","name":"Bolivian Boliviano","rate":0.081234744084286,"date":"Sun, 27 Jun 2021 23:55:01 GMT","inverseRate":12.31000369697},"gyd":{"code":"GYD","alphaCode":"GYD","numericCode":"328","name":"Guyanese dollar","rate":2.461585751592,"date":"Sun, 27 Jun 2021 23:55:01 GMT","inverseRate":0.40624219544384},"rwf":{"code":"RWF","alphaCode":"RWF","numericCode":"646","name":"Rwandan franc","rate":11.851571027651,"date":"Sun, 27 Jun 2021 23:55:01 GMT","inverseRate":0.084376999274346},"mzn":{"code":"MZN","alphaCode":"MZN","numericCode":"943","name":"Mozambican metical","rate":0.75119806261127,"date":"Sun, 27 Jun 2021 23:55:01 GMT","inverseRate":1.331206841141},"vuv":{"code":"VUV","alphaCode":"VUV","numericCode":"548","name":"Vanuatu vatu","rate":1.2948683957953,"date":"Sun, 27 Jun 2021 23:55:01 GMT","inverseRate":0.77227925497847},"idr":{"code":"IDR","alphaCode":"IDR","numericCode":"360","name":"Indonesian Rupiah","rate":170.69672730271,"date":"Sun, 27 Jun 2021 23:55:01 GMT","inverseRate":0.0058583431317147},"tnd":{"code":"TND","alphaCode":"TND","numericCode":"788","name":"Tunisian Dinar","rate":0.032324010878155,"date":"Sun, 27 Jun 2021 23:55:01 GMT","inverseRate":30.936754840526},"xof":{"code":"XOF","alphaCode":"XOF","numericCode":"952","name":"West African CFA Franc","rate":6.4972842616287,"date":"Sun, 27 Jun 2021 23:55:01 GMT","inverseRate":0.15391045854431},"tjs":{"code":"TJS","alphaCode":"TJS","numericCode":"972","name":"Tajikistan Ruble","rate":0.13365510727912,"date":"Sun, 27 Jun 2021 23:55:01 GMT","inverseRate":7.4819437906824},"afn":{"code":"AFN","alphaCode":"AFN","numericCode":"971","name":"Afghan afghani","rate":0.93224897457607,"date":"Sun, 27 Jun 2021 23:55:01 GMT","inverseRate":1.0726748189289},"nad":{"code":"NAD","alphaCode":"NAD","numericCode":"516","name":"Namibian dollar","rate":0.16755976312095,"date":"Sun, 27 Jun 2021 23:55:01 GMT","inverseRate":5.9680198955531},"syp":{"code":"SYP","alphaCode":"SYP","numericCode":"760","name":"Syrian pound","rate":29.747443279405,"date":"Sun, 27 Jun 2021 23:55:01 GMT","inverseRate":0.033616334372249},"top":{"code":"TOP","alphaCode":"TOP","numericCode":"776","name":"Tongan pa\u02bbanga","rate":0.026111045069407,"date":"Sun, 27 Jun 2021 23:55:01 GMT","inverseRate":38.297969205823},"kwd":{"code":"KWD","alphaCode":"KWD","numericCode":"414","name":"Kuwaiti Dinar","rate":0.0035551341262008,"date":"Sun, 27 Jun 2021 23:55:01 GMT","inverseRate":281.28333967209},"czk":{"code":"CZK","alphaCode":"CZK","numericCode":"203","name":"Czech Koruna","rate":0.25209600826378,"date":"Sun, 27 Jun 2021 23:55:01 GMT","inverseRate":3.966742698098},"pgk":{"code":"PGK","alphaCode":"PGK","numericCode":"598","name":"Papua New Guinean kina","rate":0.04148524507458,"date":"Sun, 27 Jun 2021 23:55:01 GMT","inverseRate":24.10495582712},"uah":{"code":"UAH","alphaCode":"UAH","numericCode":"980","name":"Ukrainian Hryvnia","rate":0.3238242226046,"date":"Sun, 27 Jun 2021 23:55:01 GMT","inverseRate":3.0880951151731},"etb":{"code":"ETB","alphaCode":"ETB","numericCode":"230","name":"Ethiopian birr","rate":0.51585161756192,"date":"Sun, 27 Jun 2021 23:55:01 GMT","inverseRate":1.9385419487998},"xcd":{"code":"XCD","alphaCode":"XCD","numericCode":"951","name":"East Caribbean Dollar","rate":0.031936132922351,"date":"Sun, 27 Jun 2021 23:55:01 GMT","inverseRate":31.31249492327},"lak":{"code":"LAK","alphaCode":"LAK","numericCode":"418","name":"Lao kip","rate":111.8324935316,"date":"Sun, 27 Jun 2021 23:55:01 GMT","inverseRate":0.0089419449430182},"bwp":{"code":"BWP","alphaCode":"BWP","numericCode":"072","name":"Botswana Pula","rate":0.1281112974996,"date":"Sun, 27 Jun 2021 23:55:01 GMT","inverseRate":7.8057128412357},"nok":{"code":"NOK","alphaCode":"NOK","numericCode":"578","name":"Norwegian Krone","rate":0.10028652163146,"date":"Sun, 27 Jun 2021 23:55:01 GMT","inverseRate":9.9714296969528},"mad":{"code":"MAD","alphaCode":"MAD","numericCode":"504","name":"Moroccan Dirham","rate":0.10441695315032,"date":"Sun, 27 Jun 2021 23:55:01 GMT","inverseRate":9.5769888876225},"ron":{"code":"RON","alphaCode":"RON","numericCode":"946","name":"Romanian New Leu","rate":0.048733855919923,"date":"Sun, 27 Jun 2021 23:55:01 GMT","inverseRate":20.519615801449},"byn":{"code":"BYN","alphaCode":"BYN","numericCode":"933","name":"Belarussian Ruble","rate":0.029861351747305,"date":"Sun, 27 Jun 2021 23:55:01 GMT","inverseRate":33.488102228669},"rsd":{"code":"RSD","alphaCode":"RSD","numericCode":"941","name":"Serbian Dinar","rate":1.1409187944391,"date":"Sun, 27 Jun 2021 23:55:01 GMT","inverseRate":0.87648656931068},"gmd":{"code":"GMD","alphaCode":"GMD","numericCode":"270","name":"Gambian dalasi","rate":0.61208731027586,"date":"Sun, 27 Jun 2021 23:55:01 GMT","inverseRate":1.6337538504912},"awg":{"code":"AWG","alphaCode":"AWG","numericCode":"533","name":"Aruban florin","rate":0.021333507802213,"date":"Sun, 27 Jun 2021 23:55:01 GMT","inverseRate":46.874616648663},"aoa":{"code":"AOA","alphaCode":"AOA","numericCode":"973","name":"Angolan kwanza","rate":7.6933042963981,"date":"Sun, 27 Jun 2021 23:55:01 GMT","inverseRate":0.12998315957269},"khr":{"code":"KHR","alphaCode":"KHR","numericCode":"116","name":"Cambodian riel","rate":48.031393884941,"date":"Sun, 27 Jun 2021 23:55:01 GMT","inverseRate":0.020819716421212},"scr":{"code":"SCR","alphaCode":"SCR","numericCode":"690","name":"Seychelles rupee","rate":0.17664752541215,"date":"Sun, 27 Jun 2021 23:55:01 GMT","inverseRate":5.6609907082865},"bhd":{"code":"BHD","alphaCode":"BHD","numericCode":"048","name":"Bahrain Dinar","rate":0.0044483799479333,"date":"Sun, 27 Jun 2021 23:55:01 GMT","inverseRate":224.80094139994},"omr":{"code":"OMR","alphaCode":"OMR","numericCode":"512","name":"Omani Rial","rate":0.0045464459873954,"date":"Sun, 27 Jun 2021 23:55:01 GMT","inverseRate":219.95202467431},"rub":{"code":"RUB","alphaCode":"RUB","numericCode":"643","name":"Russian Rouble","rate":0.85304202361252,"date":"Sun, 27 Jun 2021 23:55:01 GMT","inverseRate":1.1722751896385},"lyd":{"code":"LYD","alphaCode":"LYD","numericCode":"434","name":"Libyan Dinar","rate":0.052609986396841,"date":"Sun, 27 Jun 2021 23:55:01 GMT","inverseRate":19.007798109981},"clp":{"code":"CLP","alphaCode":"CLP","numericCode":"152","name":"Chilean Peso","rate":8.6743347457758,"date":"Sun, 27 Jun 2021 23:55:01 GMT","inverseRate":0.115282615821},"bsd":{"code":"BSD","alphaCode":"BSD","numericCode":"044","name":"Bahamian Dollar","rate":0.011780232567482,"date":"Sun, 27 Jun 2021 23:55:01 GMT","inverseRate":84.887967556802},"djf":{"code":"DJF","alphaCode":"DJF","numericCode":"262","name":"Djiboutian franc","rate":2.0981410127948,"date":"Sun, 27 Jun 2021 23:55:01 GMT","inverseRate":0.47661238872975},"hnl":{"code":"HNL","alphaCode":"HNL","numericCode":"340","name":"Honduran Lempira","rate":0.28241243619689,"date":"Sun, 27 Jun 2021 23:55:01 GMT","inverseRate":3.5409205538769},"tzs":{"code":"TZS","alphaCode":"TZS","numericCode":"834","name":"Tanzanian shilling","rate":27.324657023337,"date":"Sun, 27 Jun 2021 23:55:01 GMT","inverseRate":0.036596982686588},"bbd":{"code":"BBD","alphaCode":"BBD","numericCode":"052","name":"Barbadian Dollar","rate":0.023655133702552,"date":"Sun, 27 Jun 2021 23:55:01 GMT","inverseRate":42.274121658932},"qar":{"code":"QAR","alphaCode":"QAR","numericCode":"634","name":"Qatari Rial","rate":0.043237240346177,"date":"Sun, 27 Jun 2021 23:55:01 GMT","inverseRate":23.128210588686},"mxn":{"code":"MXN","alphaCode":"MXN","numericCode":"484","name":"Mexican Peso","rate":0.23399219318264,"date":"Sun, 27 Jun 2021 23:55:01 GMT","inverseRate":4.2736468529079},"amd":{"code":"AMD","alphaCode":"AMD","numericCode":"051","name":"Armenia Dram","rate":6.1191215474689,"date":"Sun, 27 Jun 2021 23:55:01 GMT","inverseRate":0.16342215009827},"uyu":{"code":"UYU","alphaCode":"UYU","numericCode":"858","name":"Uruguayan Peso","rate":0.51446490552368,"date":"Sun, 27 Jun 2021 23:55:01 GMT","inverseRate":1.9437671826849},"fjd":{"code":"FJD","alphaCode":"FJD","numericCode":"242","name":"Fiji Dollar","rate":0.024310087125638,"date":"Sun, 27 Jun 2021 23:55:01 GMT","inverseRate":41.135187826841},"cdf":{"code":"CDF","alphaCode":"CDF","numericCode":"976","name":"Congolese franc","rate":23.435485776843,"date":"Sun, 27 Jun 2021 23:55:01 GMT","inverseRate":0.042670333763175},"lsl":{"code":"LSL","alphaCode":"LSL","numericCode":"426","name":"Lesotho loti","rate":0.16762270818598,"date":"Sun, 27 Jun 2021 23:55:01 GMT","inverseRate":5.9657788065951},"mnt":{"code":"MNT","alphaCode":"MNT","numericCode":"496","name":"Mongolian togrog","rate":33.600274788485,"date":"Sun, 27 Jun 2021 23:55:01 GMT","inverseRate":0.029761661364231},"brl":{"code":"BRL","alphaCode":"BRL","numericCode":"986","name":"Brazilian Real","rate":0.059075312486977,"date":"Sun, 27 Jun 2021 23:55:01 GMT","inverseRate":16.927544822052},"hkd":{"code":"HKD","alphaCode":"HKD","numericCode":"344","name":"Hong Kong Dollar","rate":0.091746008780076,"date":"Sun, 27 Jun 2021 23:55:01 GMT","inverseRate":10.899656707651},"thb":{"code":"THB","alphaCode":"THB","numericCode":"764","name":"Thai Baht","rate":0.37355044388546,"date":"Sun, 27 Jun 2021 23:55:01 GMT","inverseRate":2.6770146211006},"xaf":{"code":"XAF","alphaCode":"XAF","numericCode":"950","name":"Central African CFA Franc","rate":6.502792532433,"date":"Sun, 27 Jun 2021 23:55:01 GMT","inverseRate":0.15378008678771},"mdl":{"code":"MDL","alphaCode":"MDL","numericCode":"498","name":"Moldova Lei","rate":0.21266114059678,"date":"Sun, 27 Jun 2021 23:55:01 GMT","inverseRate":4.7023165454382},"nio":{"code":"NIO","alphaCode":"NIO","numericCode":"558","name":"Nicaraguan C\u00f3rdoba","rate":0.41342161633717,"date":"Sun, 27 Jun 2021 23:55:01 GMT","inverseRate":2.418838204107},"lrd":{"code":"LRD","alphaCode":"LRD","numericCode":"430","name":"Liberian dollar","rate":2.0190572361588,"date":"Sun, 27 Jun 2021 23:55:01 GMT","inverseRate":0.49528065975111},"sdg":{"code":"SDG","alphaCode":"SDG","numericCode":"938","name":"Sudanese pound","rate":5.1885075487335,"date":"Sun, 27 Jun 2021 23:55:01 GMT","inverseRate":0.19273365040089},"mru":{"code":"MRU","alphaCode":"MRU","numericCode":"929","name":"Mauritanian ouguiya","rate":0.42577447441897,"date":"Sun, 27 Jun 2021 23:55:01 GMT","inverseRate":2.3486612281411},"dkk":{"code":"DKK","alphaCode":"DKK","numericCode":"208","name":"Danish Krone","rate":0.073571577034724,"date":"Sun, 27 Jun 2021 23:55:01 GMT","inverseRate":13.592205581349},"jod":{"code":"JOD","alphaCode":"JOD","numericCode":"400","name":"Jordanian Dinar","rate":0.0083746842565461,"date":"Sun, 27 Jun 2021 23:55:01 GMT","inverseRate":119.40748682177},"bgn":{"code":"BGN","alphaCode":"BGN","numericCode":"975","name":"Bulgarian Lev","rate":0.019350137398469,"date":"Sun, 27 Jun 2021 23:55:01 GMT","inverseRate":51.679219604875},"vnd":{"code":"VND","alphaCode":"VND","numericCode":"704","name":"Vietnamese Dong","rate":271.87969560142,"date":"Sun, 27 Jun 2021 23:55:01 GMT","inverseRate":0.0036780973944668},"uzs":{"code":"UZS","alphaCode":"UZS","numericCode":"860","name":"Uzbekistan Sum","rate":124.62404622898,"date":"Sun, 27 Jun 2021 23:55:01 GMT","inverseRate":0.0080241336263681},"pab":{"code":"PAB","alphaCode":"PAB","numericCode":"590","name":"Panamanian Balboa","rate":0.011780232567482,"date":"Sun, 27 Jun 2021 23:55:01 GMT","inverseRate":84.887967556802},"ttd":{"code":"TTD","alphaCode":"TTD","numericCode":"780","name":"Trinidad Tobago Dollar","rate":0.080109811344897,"date":"Sun, 27 Jun 2021 23:55:01 GMT","inverseRate":12.482865496895},"htg":{"code":"HTG","alphaCode":"HTG","numericCode":"332","name":"Haitian gourde","rate":1.107224935958,"date":"Sun, 27 Jun 2021 23:55:01 GMT","inverseRate":0.9031588501344},"cup":{"code":"CUP","alphaCode":"CUP","numericCode":"192","name":"Cuban peso","rate":0.011780232567482,"date":"Sun, 27 Jun 2021 23:55:01 GMT","inverseRate":84.887967556802}}