{"usd":{"code":"USD","alphaCode":"USD","numericCode":"840","name":"U.S. Dollar","rate":0.61087366046251,"date":"Sun, 27 Jun 2021 23:55:01 GMT","inverseRate":1.6369997017761},"eur":{"code":"EUR","alphaCode":"EUR","numericCode":"978","name":"Euro","rate":0.51139209479647,"date":"Sun, 27 Jun 2021 23:55:01 GMT","inverseRate":1.9554467309433},"gbp":{"code":"GBP","alphaCode":"GBP","numericCode":"826","name":"U.K. Pound Sterling","rate":0.43926854125495,"date":"Sun, 27 Jun 2021 23:55:01 GMT","inverseRate":2.2765117600798},"jpy":{"code":"JPY","alphaCode":"JPY","numericCode":"392","name":"Japanese Yen","rate":67.64377637628,"date":"Sun, 27 Jun 2021 23:55:01 GMT","inverseRate":0.014783326028951},"aud":{"code":"AUD","alphaCode":"AUD","numericCode":"036","name":"Australian Dollar","rate":0.80410198872604,"date":"Sun, 27 Jun 2021 23:55:01 GMT","inverseRate":1.2436233388557},"chf":{"code":"CHF","alphaCode":"CHF","numericCode":"756","name":"Swiss Franc","rate":0.56018014650798,"date":"Sun, 27 Jun 2021 23:55:01 GMT","inverseRate":1.7851400236758},"cad":{"code":"CAD","alphaCode":"CAD","numericCode":"124","name":"Canadian Dollar","rate":0.75137112645347,"date":"Sun, 27 Jun 2021 23:55:01 GMT","inverseRate":1.3309002233292},"lkr":{"code":"LKR","alphaCode":"LKR","numericCode":"144","name":"Sri Lanka Rupee","rate":121.38136826646,"date":"Sun, 27 Jun 2021 23:55:01 GMT","inverseRate":0.008238496684308},"pln":{"code":"PLN","alphaCode":"PLN","numericCode":"985","name":"Polish Zloty","rate":2.3065257212646,"date":"Sun, 27 Jun 2021 23:55:01 GMT","inverseRate":0.43355250313521},"pen":{"code":"PEN","alphaCode":"PEN","numericCode":"604","name":"Peruvian Nuevo Sol","rate":2.4314000264249,"date":"Sun, 27 Jun 2021 23:55:01 GMT","inverseRate":0.41128567456272},"iqd":{"code":"IQD","alphaCode":"IQD","numericCode":"368","name":"Iraqi dinar","rate":889.49677281234,"date":"Sun, 27 Jun 2021 23:55:01 GMT","inverseRate":0.0011242311726869},"svc":{"code":"SVC","alphaCode":"SVC","numericCode":"222","name":"Salvadoran colon","rate":5.3317618055028,"date":"Sun, 27 Jun 2021 23:55:01 GMT","inverseRate":0.18755526530985},"cve":{"code":"CVE","alphaCode":"CVE","numericCode":"132","name":"Cape Verde escudo","rate":56.937950145183,"date":"Sun, 27 Jun 2021 23:55:01 GMT","inverseRate":0.01756297860127},"zmw":{"code":"ZMW","alphaCode":"ZMW","numericCode":"967","name":"Zambian kwacha","rate":13.758872200955,"date":"Sun, 27 Jun 2021 23:55:01 GMT","inverseRate":0.07268037564377},"yer":{"code":"YER","alphaCode":"YER","numericCode":"886","name":"Yemeni rial","rate":153.18101374252,"date":"Sun, 27 Jun 2021 23:55:01 GMT","inverseRate":0.0065282241941607},"dop":{"code":"DOP","alphaCode":"DOP","numericCode":"214","name":"Dominican Peso","rate":34.681735145396,"date":"Sun, 27 Jun 2021 23:55:01 GMT","inverseRate":0.028833620803795},"nzd":{"code":"NZD","alphaCode":"NZD","numericCode":"554","name":"New Zealand Dollar","rate":0.8630643757465,"date":"Sun, 27 Jun 2021 23:55:01 GMT","inverseRate":1.1586621208123},"hrk":{"code":"HRK","alphaCode":"HRK","numericCode":"191","name":"Croatian Kuna","rate":3.8329415636033,"date":"Sun, 27 Jun 2021 23:55:01 GMT","inverseRate":0.26089622902049},"dzd":{"code":"DZD","alphaCode":"DZD","numericCode":"012","name":"Algerian Dinar","rate":81.34689194301,"date":"Sun, 27 Jun 2021 23:55:01 GMT","inverseRate":0.012293032666824},"ars":{"code":"ARS","alphaCode":"ARS","numericCode":"032","name":"Argentine Peso","rate":58.245398031545,"date":"Sun, 27 Jun 2021 23:55:01 GMT","inverseRate":0.017168738368968},"stn":{"code":"STN","alphaCode":"STN","numericCode":"930","name":"S\u00e3o Tom\u00e9 and Pr\u00edncipe Dobra","rate":12.649407465057,"date":"Sun, 27 Jun 2021 23:55:01 GMT","inverseRate":0.079055086395344},"xpf":{"code":"XPF","alphaCode":"XPF","numericCode":"953","name":"CFP Franc","rate":60.935628276827,"date":"Sun, 27 Jun 2021 23:55:01 GMT","inverseRate":0.016410760474267},"all":{"code":"ALL","alphaCode":"ALL","numericCode":"008","name":"Albanian lek","rate":62.56238587265,"date":"Sun, 27 Jun 2021 23:55:01 GMT","inverseRate":0.015984045142325},"mur":{"code":"MUR","alphaCode":"MUR","numericCode":"480","name":"Mauritian Rupee","rate":25.010704781779,"date":"Sun, 27 Jun 2021 23:55:01 GMT","inverseRate":0.039982879679926},"sos":{"code":"SOS","alphaCode":"SOS","numericCode":"706","name":"Somali shilling","rate":352.3280337479,"date":"Sun, 27 Jun 2021 23:55:01 GMT","inverseRate":0.0028382640727235},"ang":{"code":"ANG","alphaCode":"ANG","numericCode":"532","name":"Neth. Antillean Guilder","rate":1.0863821664747,"date":"Sun, 27 Jun 2021 23:55:01 GMT","inverseRate":0.92048639130834},"pkr":{"code":"PKR","alphaCode":"PKR","numericCode":"586","name":"Pakistani Rupee","rate":94.471103917319,"date":"Sun, 27 Jun 2021 23:55:01 GMT","inverseRate":0.010585247324676},"krw":{"code":"KRW","alphaCode":"KRW","numericCode":"410","name":"South Korean Won","rate":688.57856940036,"date":"Sun, 27 Jun 2021 23:55:01 GMT","inverseRate":0.0014522670969427},"azn":{"code":"AZN","alphaCode":"AZN","numericCode":"944","name":"Azerbaijan Manat","rate":1.0354855050757,"date":"Sun, 27 Jun 2021 23:55:01 GMT","inverseRate":0.96573056319788},"pyg":{"code":"PYG","alphaCode":"PYG","numericCode":"600","name":"Paraguayan Guaran\u00ed","rate":4140.8477217963,"date":"Sun, 27 Jun 2021 23:55:01 GMT","inverseRate":0.00024149644400983},"bnd":{"code":"BND","alphaCode":"BND","numericCode":"096","name":"Brunei Dollar","rate":0.81981903472696,"date":"Sun, 27 Jun 2021 23:55:01 GMT","inverseRate":1.2197813878926},"kmf":{"code":"KMF","alphaCode":"KMF","numericCode":"174","name":"\tComoro franc","rate":252.46189849792,"date":"Sun, 27 Jun 2021 23:55:01 GMT","inverseRate":0.0039609937418269},"szl":{"code":"SZL","alphaCode":"SZL","numericCode":"748","name":"Swazi lilangeni","rate":8.6593577952685,"date":"Sun, 27 Jun 2021 23:55:01 GMT","inverseRate":0.11548200497575},"wst":{"code":"WST","alphaCode":"WST","numericCode":"882","name":"Samoan tala","rate":1.5483696910494,"date":"Sun, 27 Jun 2021 23:55:01 GMT","inverseRate":0.64584059335482},"egp":{"code":"EGP","alphaCode":"EGP","numericCode":"818","name":"Egyptian Pound","rate":9.5765684291366,"date":"Sun, 27 Jun 2021 23:55:01 GMT","inverseRate":0.10442153756846},"sgd":{"code":"SGD","alphaCode":"SGD","numericCode":"702","name":"Singapore Dollar","rate":0.81969041639833,"date":"Sun, 27 Jun 2021 23:55:01 GMT","inverseRate":1.2199727848398},"zar":{"code":"ZAR","alphaCode":"ZAR","numericCode":"710","name":"South African Rand","rate":8.6118953003965,"date":"Sun, 27 Jun 2021 23:55:01 GMT","inverseRate":0.1161184576819},"kgs":{"code":"KGS","alphaCode":"KGS","numericCode":"417","name":"Kyrgyzstan Som","rate":51.056871174249,"date":"Sun, 27 Jun 2021 23:55:01 GMT","inverseRate":0.019586002373455},"crc":{"code":"CRC","alphaCode":"CRC","numericCode":"188","name":"Costa Rican Col\u00f3n","rate":377.29794307505,"date":"Sun, 27 Jun 2021 23:55:01 GMT","inverseRate":0.0026504252629892},"jmd":{"code":"JMD","alphaCode":"JMD","numericCode":"388","name":"Jamaican Dollar","rate":91.145730469563,"date":"Sun, 27 Jun 2021 23:55:01 GMT","inverseRate":0.010971440953385},"ssp":{"code":"SSP","alphaCode":"SSP","numericCode":"728","name":"South Sudanese pound","rate":108.33350469228,"date":"Sun, 27 Jun 2021 23:55:01 GMT","inverseRate":0.0092307546297929},"ern":{"code":"ERN","alphaCode":"ERN","numericCode":"232","name":"Eritrean nakfa","rate":9.1835403459977,"date":"Sun, 27 Jun 2021 23:55:01 GMT","inverseRate":0.10889046732787},"bam":{"code":"BAM","alphaCode":"BAM","numericCode":"977","name":"Bosnia and Herzegovina convertible mark","rate":1.0084344167928,"date":"Sun, 27 Jun 2021 23:55:01 GMT","inverseRate":0.99163612759312},"inr":{"code":"INR","alphaCode":"INR","numericCode":"356","name":"Indian Rupee","rate":45.319140832025,"date":"Sun, 27 Jun 2021 23:55:01 GMT","inverseRate":0.02206573164541},"try":{"code":"TRY","alphaCode":"TRY","numericCode":"949","name":"Turkish Lira","rate":5.3214050438577,"date":"Sun, 27 Jun 2021 23:55:01 GMT","inverseRate":0.18792029393708},"twd":{"code":"TWD","alphaCode":"TWD","numericCode":"901","name":"New Taiwan Dollar ","rate":17.042378303344,"date":"Sun, 27 Jun 2021 23:55:01 GMT","inverseRate":0.058677256319546},"tmt":{"code":"TMT","alphaCode":"TMT","numericCode":"934","name":"New Turkmenistan Manat","rate":2.1325367513301,"date":"Sun, 27 Jun 2021 23:55:01 GMT","inverseRate":0.46892509560564},"mga":{"code":"MGA","alphaCode":"MGA","numericCode":"969","name":"Malagasy ariary","rate":2305.98698088,"date":"Sun, 27 Jun 2021 23:55:01 GMT","inverseRate":0.00043365379262393},"srd":{"code":"SRD","alphaCode":"SRD","numericCode":"968","name":"Surinamese dollar","rate":12.6772236442,"date":"Sun, 27 Jun 2021 23:55:01 GMT","inverseRate":0.078881624878293},"ghs":{"code":"GHS","alphaCode":"GHS","numericCode":"936","name":"Ghanaian Cedi","rate":3.5509500783493,"date":"Sun, 27 Jun 2021 23:55:01 GMT","inverseRate":0.28161477292997},"mop":{"code":"MOP","alphaCode":"MOP","numericCode":"446","name":"Macanese pataca","rate":4.8752367460464,"date":"Sun, 27 Jun 2021 23:55:01 GMT","inverseRate":0.20511824391112},"lbp":{"code":"LBP","alphaCode":"LBP","numericCode":"422","name":"Lebanese Pound","rate":919.87652956156,"date":"Sun, 27 Jun 2021 23:55:01 GMT","inverseRate":0.0010871024184916},"huf":{"code":"HUF","alphaCode":"HUF","numericCode":"348","name":"Hungarian Forint","rate":179.75242105428,"date":"Sun, 27 Jun 2021 23:55:01 GMT","inverseRate":0.0055632074056907},"ngn":{"code":"NGN","alphaCode":"NGN","numericCode":"566","name":"Nigerian Naira","rate":250.41283198678,"date":"Sun, 27 Jun 2021 23:55:01 GMT","inverseRate":0.0039934055777652},"irr":{"code":"IRR","alphaCode":"IRR","numericCode":"364","name":"Iranian rial","rate":25593.103873134,"date":"Sun, 27 Jun 2021 23:55:01 GMT","inverseRate":3.9073025489876e-5},"ves":{"code":"VES","alphaCode":"VES","numericCode":"928","name":"Venezuelan Bolivar","rate":1937804.1856134,"date":"Sun, 27 Jun 2021 23:55:01 GMT","inverseRate":5.1604801322248e-7},"sbd":{"code":"SBD","alphaCode":"SBD","numericCode":"090","name":"Solomon Islands dollar","rate":4.9665883714839,"date":"Sun, 27 Jun 2021 23:55:01 GMT","inverseRate":0.20134545591529},"mwk":{"code":"MWK","alphaCode":"MWK","numericCode":"454","name":"Malawian kwacha","rate":490.6355278468,"date":"Sun, 27 Jun 2021 23:55:01 GMT","inverseRate":0.0020381728253325},"gtq":{"code":"GTQ","alphaCode":"GTQ","numericCode":"320","name":"Guatemalan Quetzal","rate":4.710902923146,"date":"Sun, 27 Jun 2021 23:55:01 GMT","inverseRate":0.21227353148941},"sek":{"code":"SEK","alphaCode":"SEK","numericCode":"752","name":"Swedish Krona","rate":5.1719581221592,"date":"Sun, 27 Jun 2021 23:55:01 GMT","inverseRate":0.19335036680121},"npr":{"code":"NPR","alphaCode":"NPR","numericCode":"524","name":"Nepalese Rupee","rate":72.43490000075,"date":"Sun, 27 Jun 2021 23:55:01 GMT","inverseRate":0.013805499834881},"isk":{"code":"ISK","alphaCode":"ISK","numericCode":"352","name":"Icelandic Krona","rate":75.176529089088,"date":"Sun, 27 Jun 2021 23:55:01 GMT","inverseRate":0.013302024077421},"gip":{"code":"GIP","alphaCode":"GIP","numericCode":"292","name":"Gibraltar pound","rate":0.43725367797192,"date":"Sun, 27 Jun 2021 23:55:01 GMT","inverseRate":2.2870019176013},"gel":{"code":"GEL","alphaCode":"GEL","numericCode":"981","name":"Georgian lari","rate":1.9786448880062,"date":"Sun, 27 Jun 2021 23:55:01 GMT","inverseRate":0.50539639834396},"mkd":{"code":"MKD","alphaCode":"MKD","numericCode":"807","name":"Macedonian denar","rate":31.546512638921,"date":"Sun, 27 Jun 2021 23:55:01 GMT","inverseRate":0.031699224933225},"bif":{"code":"BIF","alphaCode":"BIF","numericCode":"108","name":"Burundian franc","rate":1205.4296815891,"date":"Sun, 27 Jun 2021 23:55:01 GMT","inverseRate":0.00082957970528959},"mmk":{"code":"MMK","alphaCode":"MMK","numericCode":"104","name":"Myanma Kyat","rate":1002.6030351652,"date":"Sun, 27 Jun 2021 23:55:01 GMT","inverseRate":0.00099740372303507},"mvr":{"code":"MVR","alphaCode":"MVR","numericCode":"462","name":"Maldivian rufiyaa","rate":9.416035038301,"date":"Sun, 27 Jun 2021 23:55:01 GMT","inverseRate":0.1062018138136},"kes":{"code":"KES","alphaCode":"KES","numericCode":"404","name":"Kenyan shilling","rate":65.626586057261,"date":"Sun, 27 Jun 2021 23:55:01 GMT","inverseRate":0.015237726965219},"aed":{"code":"AED","alphaCode":"AED","numericCode":"784","name":"U.A.E Dirham","rate":2.2394507086999,"date":"Sun, 27 Jun 2021 23:55:01 GMT","inverseRate":0.44653807119539},"php":{"code":"PHP","alphaCode":"PHP","numericCode":"608","name":"Philippine Peso","rate":29.628596643717,"date":"Sun, 27 Jun 2021 23:55:01 GMT","inverseRate":0.033751176676539},"ils":{"code":"ILS","alphaCode":"ILS","numericCode":"376","name":"Israeli New Sheqel","rate":1.9837829499356,"date":"Sun, 27 Jun 2021 23:55:01 GMT","inverseRate":0.50408740534465},"mro":{"code":"MRO","alphaCode":"MRO","numericCode":"478","name":"Mauritanian Ouguiya","rate":22.119742704123,"date":"Sun, 27 Jun 2021 23:55:01 GMT","inverseRate":0.045208482457331},"cop":{"code":"COP","alphaCode":"COP","numericCode":"170","name":"Colombian Peso","rate":2296.8124987291,"date":"Sun, 27 Jun 2021 23:55:01 GMT","inverseRate":0.00043538599713879},"bzd":{"code":"BZD","alphaCode":"BZD","numericCode":"084","name":"Belize dollar","rate":1.2277643386647,"date":"Sun, 27 Jun 2021 23:55:01 GMT","inverseRate":0.81448855330625},"gnf":{"code":"GNF","alphaCode":"GNF","numericCode":"324","name":"Guinean franc","rate":5974.0595359584,"date":"Sun, 27 Jun 2021 23:55:01 GMT","inverseRate":0.00016739036395284},"sll":{"code":"SLL","alphaCode":"SLL","numericCode":"694","name":"Sierra Leonean leone","rate":6249.2872110567,"date":"Sun, 27 Jun 2021 23:55:01 GMT","inverseRate":0.00016001824947823},"ugx":{"code":"UGX","alphaCode":"UGX","numericCode":"800","name":"Ugandan shilling","rate":2177.5136741076,"date":"Sun, 27 Jun 2021 23:55:01 GMT","inverseRate":0.00045923936638875},"cny":{"code":"CNY","alphaCode":"CNY","numericCode":"156","name":"Chinese Yuan","rate":3.9436049885238,"date":"Sun, 27 Jun 2021 23:55:01 GMT","inverseRate":0.2535750925638},"sar":{"code":"SAR","alphaCode":"SAR","numericCode":"682","name":"Saudi Riyal","rate":2.2907108420485,"date":"Sun, 27 Jun 2021 23:55:01 GMT","inverseRate":0.43654571395215},"myr":{"code":"MYR","alphaCode":"MYR","numericCode":"458","name":"Malaysian Ringgit","rate":2.5313025426563,"date":"Sun, 27 Jun 2021 23:55:01 GMT","inverseRate":0.39505352803487},"kzt":{"code":"KZT","alphaCode":"KZT","numericCode":"398","name":"Kazakhstani Tenge","rate":260.39315910788,"date":"Sun, 27 Jun 2021 23:55:01 GMT","inverseRate":0.0038403466643519},"bob":{"code":"BOB","alphaCode":"BOB","numericCode":"068","name":"Bolivian Boliviano","rate":4.1981481790777,"date":"Sun, 27 Jun 2021 23:55:01 GMT","inverseRate":0.23820026291204},"gyd":{"code":"GYD","alphaCode":"GYD","numericCode":"328","name":"Guyanese dollar","rate":127.21283063275,"date":"Sun, 27 Jun 2021 23:55:01 GMT","inverseRate":0.0078608422988941},"rwf":{"code":"RWF","alphaCode":"RWF","numericCode":"646","name":"Rwandan franc","rate":612.47994180077,"date":"Sun, 27 Jun 2021 23:55:01 GMT","inverseRate":0.0016327065292291},"mzn":{"code":"MZN","alphaCode":"MZN","numericCode":"943","name":"Mozambican metical","rate":38.821329644444,"date":"Sun, 27 Jun 2021 23:55:01 GMT","inverseRate":0.025759035281861},"vuv":{"code":"VUV","alphaCode":"VUV","numericCode":"548","name":"Vanuatu vatu","rate":66.91778818572,"date":"Sun, 27 Jun 2021 23:55:01 GMT","inverseRate":0.014943709693821},"idr":{"code":"IDR","alphaCode":"IDR","numericCode":"360","name":"Indonesian Rupiah","rate":8821.4736561101,"date":"Sun, 27 Jun 2021 23:55:01 GMT","inverseRate":0.00011335974452606},"tnd":{"code":"TND","alphaCode":"TND","numericCode":"788","name":"Tunisian Dinar","rate":1.6704796566826,"date":"Sun, 27 Jun 2021 23:55:01 GMT","inverseRate":0.59863045682694},"xof":{"code":"XOF","alphaCode":"XOF","numericCode":"952","name":"West African CFA Franc","rate":335.77458019201,"date":"Sun, 27 Jun 2021 23:55:01 GMT","inverseRate":0.0029781885198938},"tjs":{"code":"TJS","alphaCode":"TJS","numericCode":"972","name":"Tajikistan Ruble","rate":6.9071916403907,"date":"Sun, 27 Jun 2021 23:55:01 GMT","inverseRate":0.14477664035733},"afn":{"code":"AFN","alphaCode":"AFN","numericCode":"971","name":"Afghan afghani","rate":48.177899483536,"date":"Sun, 27 Jun 2021 23:55:01 GMT","inverseRate":0.020756405130152},"nad":{"code":"NAD","alphaCode":"NAD","numericCode":"516","name":"Namibian dollar","rate":8.6593577952685,"date":"Sun, 27 Jun 2021 23:55:01 GMT","inverseRate":0.11548200497575},"syp":{"code":"SYP","alphaCode":"SYP","numericCode":"760","name":"Syrian pound","rate":1537.3246539199,"date":"Sun, 27 Jun 2021 23:55:01 GMT","inverseRate":0.00065048068893591},"top":{"code":"TOP","alphaCode":"TOP","numericCode":"776","name":"Tongan pa\u02bbanga","rate":1.3493984322547,"date":"Sun, 27 Jun 2021 23:55:01 GMT","inverseRate":0.74107096621503},"kwd":{"code":"KWD","alphaCode":"KWD","numericCode":"414","name":"Kuwaiti Dinar","rate":0.18372655723272,"date":"Sun, 27 Jun 2021 23:55:01 GMT","inverseRate":5.4428712705553},"czk":{"code":"CZK","alphaCode":"CZK","numericCode":"203","name":"Czech Koruna","rate":13.028124972576,"date":"Sun, 27 Jun 2021 23:55:01 GMT","inverseRate":0.076757016232571},"pgk":{"code":"PGK","alphaCode":"PGK","numericCode":"598","name":"Papua New Guinean kina","rate":2.1439250905713,"date":"Sun, 27 Jun 2021 23:55:01 GMT","inverseRate":0.4664342072388},"uah":{"code":"UAH","alphaCode":"UAH","numericCode":"980","name":"Ukrainian Hryvnia","rate":16.734983113361,"date":"Sun, 27 Jun 2021 23:55:01 GMT","inverseRate":0.059755064778142},"etb":{"code":"ETB","alphaCode":"ETB","numericCode":"230","name":"Ethiopian birr","rate":26.658809027513,"date":"Sun, 27 Jun 2021 23:55:01 GMT","inverseRate":0.037511053061972},"xcd":{"code":"XCD","alphaCode":"XCD","numericCode":"951","name":"East Caribbean Dollar","rate":1.6504344266247,"date":"Sun, 27 Jun 2021 23:55:01 GMT","inverseRate":0.60590107905415},"lak":{"code":"LAK","alphaCode":"LAK","numericCode":"418","name":"Lao kip","rate":5779.4159921803,"date":"Sun, 27 Jun 2021 23:55:01 GMT","inverseRate":0.00017302786325695},"bwp":{"code":"BWP","alphaCode":"BWP","numericCode":"072","name":"Botswana Pula","rate":6.6206918773473,"date":"Sun, 27 Jun 2021 23:55:01 GMT","inverseRate":0.15104161597091},"nok":{"code":"NOK","alphaCode":"NOK","numericCode":"578","name":"Norwegian Krone","rate":5.182729174801,"date":"Sun, 27 Jun 2021 23:55:01 GMT","inverseRate":0.19294853469521},"mad":{"code":"MAD","alphaCode":"MAD","numericCode":"504","name":"Moroccan Dirham","rate":5.3961866523273,"date":"Sun, 27 Jun 2021 23:55:01 GMT","inverseRate":0.18531605083911},"ron":{"code":"RON","alphaCode":"RON","numericCode":"946","name":"Romanian New Leu","rate":2.518527642278,"date":"Sun, 27 Jun 2021 23:55:01 GMT","inverseRate":0.39705738512184},"byn":{"code":"BYN","alphaCode":"BYN","numericCode":"933","name":"Belarussian Ruble","rate":1.5432113546474,"date":"Sun, 27 Jun 2021 23:55:01 GMT","inverseRate":0.64799937933873},"rsd":{"code":"RSD","alphaCode":"RSD","numericCode":"941","name":"Serbian Dinar","rate":58.961792929147,"date":"Sun, 27 Jun 2021 23:55:01 GMT","inverseRate":0.016960135544075},"gmd":{"code":"GMD","alphaCode":"GMD","numericCode":"270","name":"Gambian dalasi","rate":31.632194525103,"date":"Sun, 27 Jun 2021 23:55:01 GMT","inverseRate":0.031613361482283},"awg":{"code":"AWG","alphaCode":"AWG","numericCode":"533","name":"Aruban florin","rate":1.1024990346529,"date":"Sun, 27 Jun 2021 23:55:01 GMT","inverseRate":0.90703027265221},"aoa":{"code":"AOA","alphaCode":"AOA","numericCode":"973","name":"Angolan kwanza","rate":397.58396222068,"date":"Sun, 27 Jun 2021 23:55:01 GMT","inverseRate":0.0025151919972188},"khr":{"code":"KHR","alphaCode":"KHR","numericCode":"116","name":"Cambodian riel","rate":2482.2249525081,"date":"Sun, 27 Jun 2021 23:55:01 GMT","inverseRate":0.00040286437334761},"scr":{"code":"SCR","alphaCode":"SCR","numericCode":"690","name":"Seychelles rupee","rate":9.1290062584324,"date":"Sun, 27 Jun 2021 23:55:01 GMT","inverseRate":0.1095409480168},"bhd":{"code":"BHD","alphaCode":"BHD","numericCode":"048","name":"Bahrain Dinar","rate":0.22988880421517,"date":"Sun, 27 Jun 2021 23:55:01 GMT","inverseRate":4.349929103394},"omr":{"code":"OMR","alphaCode":"OMR","numericCode":"512","name":"Omani Rial","rate":0.23495678060431,"date":"Sun, 27 Jun 2021 23:55:01 GMT","inverseRate":4.2561018985193},"rub":{"code":"RUB","alphaCode":"RUB","numericCode":"643","name":"Russian Rouble","rate":44.084546070458,"date":"Sun, 27 Jun 2021 23:55:01 GMT","inverseRate":0.022683685988322},"lyd":{"code":"LYD","alphaCode":"LYD","numericCode":"434","name":"Libyan Dinar","rate":2.7188430404118,"date":"Sun, 27 Jun 2021 23:55:01 GMT","inverseRate":0.3678035050705},"clp":{"code":"CLP","alphaCode":"CLP","numericCode":"152","name":"Chilean Peso","rate":448.28285025315,"date":"Sun, 27 Jun 2021 23:55:01 GMT","inverseRate":0.0022307344557912},"bsd":{"code":"BSD","alphaCode":"BSD","numericCode":"044","name":"Bahamian Dollar","rate":0.60879322585141,"date":"Sun, 27 Jun 2021 23:55:01 GMT","inverseRate":1.6425938357009},"djf":{"code":"DJF","alphaCode":"DJF","numericCode":"262","name":"Djiboutian franc","rate":108.43029016222,"date":"Sun, 27 Jun 2021 23:55:01 GMT","inverseRate":0.0092225152077332},"hnl":{"code":"HNL","alphaCode":"HNL","numericCode":"340","name":"Honduran Lempira","rate":14.594854309367,"date":"Sun, 27 Jun 2021 23:55:01 GMT","inverseRate":0.068517299234581},"tzs":{"code":"TZS","alphaCode":"TZS","numericCode":"834","name":"Tanzanian shilling","rate":1412.1169509369,"date":"Sun, 27 Jun 2021 23:55:01 GMT","inverseRate":0.00070815664335487},"bbd":{"code":"BBD","alphaCode":"BBD","numericCode":"052","name":"Barbadian Dollar","rate":1.2224788493969,"date":"Sun, 27 Jun 2021 23:55:01 GMT","inverseRate":0.81801006249994},"bdt":{"code":"BDT","alphaCode":"BDT","numericCode":"050","name":"Bangladeshi taka","rate":51.679219604875,"date":"Sun, 27 Jun 2021 23:55:01 GMT","inverseRate":0.019350137398469},"qar":{"code":"QAR","alphaCode":"QAR","numericCode":"634","name":"Qatari Rial","rate":2.2344668389588,"date":"Sun, 27 Jun 2021 23:55:01 GMT","inverseRate":0.4475340526718},"mxn":{"code":"MXN","alphaCode":"MXN","numericCode":"484","name":"Mexican Peso","rate":12.092533937312,"date":"Sun, 27 Jun 2021 23:55:01 GMT","inverseRate":0.082695653796304},"amd":{"code":"AMD","alphaCode":"AMD","numericCode":"051","name":"Armenia Dram","rate":316.23142624057,"date":"Sun, 27 Jun 2021 23:55:01 GMT","inverseRate":0.0031622410583547},"uyu":{"code":"UYU","alphaCode":"UYU","numericCode":"858","name":"Uruguayan Peso","rate":26.58714483156,"date":"Sun, 27 Jun 2021 23:55:01 GMT","inverseRate":0.037612162055588},"fjd":{"code":"FJD","alphaCode":"FJD","numericCode":"242","name":"Fiji Dollar","rate":1.2563263311795,"date":"Sun, 27 Jun 2021 23:55:01 GMT","inverseRate":0.79597153636122},"cdf":{"code":"CDF","alphaCode":"CDF","numericCode":"976","name":"Congolese franc","rate":1211.1276160084,"date":"Sun, 27 Jun 2021 23:55:01 GMT","inverseRate":0.00082567682115597},"lsl":{"code":"LSL","alphaCode":"LSL","numericCode":"426","name":"Lesotho loti","rate":8.6626107471072,"date":"Sun, 27 Jun 2021 23:55:01 GMT","inverseRate":0.11543863959649},"mnt":{"code":"MNT","alphaCode":"MNT","numericCode":"496","name":"Mongolian togrog","rate":1736.4359795783,"date":"Sun, 27 Jun 2021 23:55:01 GMT","inverseRate":0.00057589223660459},"brl":{"code":"BRL","alphaCode":"BRL","numericCode":"986","name":"Brazilian Real","rate":3.0529660472411,"date":"Sun, 27 Jun 2021 23:55:01 GMT","inverseRate":0.32755031812545},"hkd":{"code":"HKD","alphaCode":"HKD","numericCode":"344","name":"Hong Kong Dollar","rate":4.7413621356163,"date":"Sun, 27 Jun 2021 23:55:01 GMT","inverseRate":0.2109098548892},"thb":{"code":"THB","alphaCode":"THB","numericCode":"764","name":"Thai Baht","rate":19.304795423055,"date":"Sun, 27 Jun 2021 23:55:01 GMT","inverseRate":0.051800600736008},"xaf":{"code":"XAF","alphaCode":"XAF","numericCode":"950","name":"Central African CFA Franc","rate":336.05924332855,"date":"Sun, 27 Jun 2021 23:55:01 GMT","inverseRate":0.0029756658084907},"mdl":{"code":"MDL","alphaCode":"MDL","numericCode":"498","name":"Moldova Lei","rate":10.990161786324,"date":"Sun, 27 Jun 2021 23:55:01 GMT","inverseRate":0.090990471245324},"nio":{"code":"NIO","alphaCode":"NIO","numericCode":"558","name":"Nicaraguan C\u00f3rdoba","rate":21.365306500091,"date":"Sun, 27 Jun 2021 23:55:01 GMT","inverseRate":0.046804851594136},"lrd":{"code":"LRD","alphaCode":"LRD","numericCode":"430","name":"Liberian dollar","rate":104.34330230226,"date":"Sun, 27 Jun 2021 23:55:01 GMT","inverseRate":0.0095837488169885},"sdg":{"code":"SDG","alphaCode":"SDG","numericCode":"938","name":"Sudanese pound","rate":268.13802103255,"date":"Sun, 27 Jun 2021 23:55:01 GMT","inverseRate":0.0037294226165658},"mru":{"code":"MRU","alphaCode":"MRU","numericCode":"929","name":"Mauritanian ouguiya","rate":22.003692565648,"date":"Sun, 27 Jun 2021 23:55:01 GMT","inverseRate":0.045446917466989},"dkk":{"code":"DKK","alphaCode":"DKK","numericCode":"208","name":"Danish Krone","rate":3.8021216862545,"date":"Sun, 27 Jun 2021 23:55:01 GMT","inverseRate":0.26301104554734},"jod":{"code":"JOD","alphaCode":"JOD","numericCode":"400","name":"Jordanian Dinar","rate":0.43279714681554,"date":"Sun, 27 Jun 2021 23:55:01 GMT","inverseRate":2.3105512764071},"vnd":{"code":"VND","alphaCode":"VND","numericCode":"704","name":"Vietnamese Dong","rate":14050.530495092,"date":"Sun, 27 Jun 2021 23:55:01 GMT","inverseRate":7.1171689947884e-5},"uzs":{"code":"UZS","alphaCode":"UZS","numericCode":"860","name":"Uzbekistan Sum","rate":6440.4734531155,"date":"Sun, 27 Jun 2021 23:55:01 GMT","inverseRate":0.0001552680881739},"pab":{"code":"PAB","alphaCode":"PAB","numericCode":"590","name":"Panamanian Balboa","rate":0.60879322585141,"date":"Sun, 27 Jun 2021 23:55:01 GMT","inverseRate":1.6425938357009},"ttd":{"code":"TTD","alphaCode":"TTD","numericCode":"780","name":"Trinidad Tobago Dollar","rate":4.140012532998,"date":"Sun, 27 Jun 2021 23:55:01 GMT","inverseRate":0.24154516249153},"htg":{"code":"HTG","alphaCode":"HTG","numericCode":"332","name":"Haitian gourde","rate":57.220520617369,"date":"Sun, 27 Jun 2021 23:55:01 GMT","inverseRate":0.017476247842744},"cup":{"code":"CUP","alphaCode":"CUP","numericCode":"192","name":"Cuban peso","rate":0.60879322585141,"date":"Sun, 27 Jun 2021 23:55:01 GMT","inverseRate":1.6425938357009}}