{"usd":{"code":"USD","alphaCode":"USD","numericCode":"840","name":"U.S. Dollar","rate":2.6572571141427,"date":"Sun, 27 Jun 2021 23:55:01 GMT","inverseRate":0.37632790394189},"eur":{"code":"EUR","alphaCode":"EUR","numericCode":"978","name":"Euro","rate":2.2245193564008,"date":"Sun, 27 Jun 2021 23:55:01 GMT","inverseRate":0.44953531068301},"gbp":{"code":"GBP","alphaCode":"GBP","numericCode":"826","name":"U.K. Pound Sterling","rate":1.9107870118104,"date":"Sun, 27 Jun 2021 23:55:01 GMT","inverseRate":0.52334456630651},"jpy":{"code":"JPY","alphaCode":"JPY","numericCode":"392","name":"Japanese Yen","rate":294.24563152266,"date":"Sun, 27 Jun 2021 23:55:01 GMT","inverseRate":0.0033985211431185},"aud":{"code":"AUD","alphaCode":"AUD","numericCode":"036","name":"Australian Dollar","rate":3.4977866428564,"date":"Sun, 27 Jun 2021 23:55:01 GMT","inverseRate":0.28589508226361},"chf":{"code":"CHF","alphaCode":"CHF","numericCode":"756","name":"Swiss Franc","rate":2.4367439224386,"date":"Sun, 27 Jun 2021 23:55:01 GMT","inverseRate":0.41038370539947},"cad":{"code":"CAD","alphaCode":"CAD","numericCode":"124","name":"Canadian Dollar","rate":3.2684111304099,"date":"Sun, 27 Jun 2021 23:55:01 GMT","inverseRate":0.30595906087084},"lkr":{"code":"LKR","alphaCode":"LKR","numericCode":"144","name":"Sri Lanka Rupee","rate":528.00034643206,"date":"Sun, 27 Jun 2021 23:55:01 GMT","inverseRate":0.0018939381512862},"pln":{"code":"PLN","alphaCode":"PLN","numericCode":"985","name":"Polish Zloty","rate":10.033223362656,"date":"Sun, 27 Jun 2021 23:55:01 GMT","inverseRate":0.099668866510245},"pen":{"code":"PEN","alphaCode":"PEN","numericCode":"604","name":"Peruvian Nuevo Sol","rate":10.576417736939,"date":"Sun, 27 Jun 2021 23:55:01 GMT","inverseRate":0.094549971916052},"iqd":{"code":"IQD","alphaCode":"IQD","numericCode":"368","name":"Iraqi dinar","rate":3869.2478994315,"date":"Sun, 27 Jun 2021 23:55:01 GMT","inverseRate":0.0002584481599504},"svc":{"code":"SVC","alphaCode":"SVC","numericCode":"222","name":"Salvadoran colon","rate":23.192785850121,"date":"Sun, 27 Jun 2021 23:55:01 GMT","inverseRate":0.043116855666339},"cve":{"code":"CVE","alphaCode":"CVE","numericCode":"132","name":"Cape Verde escudo","rate":247.67604642413,"date":"Sun, 27 Jun 2021 23:55:01 GMT","inverseRate":0.0040375321491024},"zmw":{"code":"ZMW","alphaCode":"ZMW","numericCode":"967","name":"Zambian kwacha","rate":59.850118616811,"date":"Sun, 27 Jun 2021 23:55:01 GMT","inverseRate":0.016708404646655},"yer":{"code":"YER","alphaCode":"YER","numericCode":"886","name":"Yemeni rial","rate":666.326549766,"date":"Sun, 27 Jun 2021 23:55:01 GMT","inverseRate":0.0015007656536441},"dop":{"code":"DOP","alphaCode":"DOP","numericCode":"214","name":"Dominican Peso","rate":150.86308906516,"date":"Sun, 27 Jun 2021 23:55:01 GMT","inverseRate":0.006628526607778},"nzd":{"code":"NZD","alphaCode":"NZD","numericCode":"554","name":"New Zealand Dollar","rate":3.7542688461623,"date":"Sun, 27 Jun 2021 23:55:01 GMT","inverseRate":0.26636344944295},"hrk":{"code":"HRK","alphaCode":"HRK","numericCode":"191","name":"Croatian Kuna","rate":16.673024059127,"date":"Sun, 27 Jun 2021 23:55:01 GMT","inverseRate":0.059977122113766},"dzd":{"code":"DZD","alphaCode":"DZD","numericCode":"012","name":"Algerian Dinar","rate":353.85321273355,"date":"Sun, 27 Jun 2021 23:55:01 GMT","inverseRate":0.0028260305799541},"ars":{"code":"ARS","alphaCode":"ARS","numericCode":"032","name":"Argentine Peso","rate":253.36335203619,"date":"Sun, 27 Jun 2021 23:55:01 GMT","inverseRate":0.0039469007335251},"stn":{"code":"STN","alphaCode":"STN","numericCode":"930","name":"S\u00e3o Tom\u00e9 and Pr\u00edncipe Dobra","rate":55.024025672942,"date":"Sun, 27 Jun 2021 23:55:01 GMT","inverseRate":0.018173879278552},"xpf":{"code":"XPF","alphaCode":"XPF","numericCode":"953","name":"CFP Franc","rate":265.06566287497,"date":"Sun, 27 Jun 2021 23:55:01 GMT","inverseRate":0.0037726501016908},"all":{"code":"ALL","alphaCode":"ALL","numericCode":"008","name":"Albanian lek","rate":272.14194308521,"date":"Sun, 27 Jun 2021 23:55:01 GMT","inverseRate":0.0036745530242903},"mur":{"code":"MUR","alphaCode":"MUR","numericCode":"480","name":"Mauritian Rupee","rate":108.79479262666,"date":"Sun, 27 Jun 2021 23:55:01 GMT","inverseRate":0.0091916163986969},"sos":{"code":"SOS","alphaCode":"SOS","numericCode":"706","name":"Somali shilling","rate":1532.6019679416,"date":"Sun, 27 Jun 2021 23:55:01 GMT","inverseRate":0.00065248513372528},"ang":{"code":"ANG","alphaCode":"ANG","numericCode":"532","name":"Neth. Antillean Guilder","rate":4.7256854033564,"date":"Sun, 27 Jun 2021 23:55:01 GMT","inverseRate":0.21160951579421},"pkr":{"code":"PKR","alphaCode":"PKR","numericCode":"586","name":"Pakistani Rupee","rate":410.94260435971,"date":"Sun, 27 Jun 2021 23:55:01 GMT","inverseRate":0.0024334298497916},"krw":{"code":"KRW","alphaCode":"KRW","numericCode":"410","name":"South Korean Won","rate":2995.267959008,"date":"Sun, 27 Jun 2021 23:55:01 GMT","inverseRate":0.00033385994631718},"azn":{"code":"AZN","alphaCode":"AZN","numericCode":"944","name":"Azerbaijan Manat","rate":4.5042885346715,"date":"Sun, 27 Jun 2021 23:55:01 GMT","inverseRate":0.2220106443676},"pyg":{"code":"PYG","alphaCode":"PYG","numericCode":"600","name":"Paraguayan Guaran\u00ed","rate":18012.394017765,"date":"Sun, 27 Jun 2021 23:55:01 GMT","inverseRate":5.5517328735634e-5},"bnd":{"code":"BND","alphaCode":"BND","numericCode":"096","name":"Brunei Dollar","rate":3.5661546786752,"date":"Sun, 27 Jun 2021 23:55:01 GMT","inverseRate":0.28041408466654},"kmf":{"code":"KMF","alphaCode":"KMF","numericCode":"174","name":"\tComoro franc","rate":1098.1913597742,"date":"Sun, 27 Jun 2021 23:55:01 GMT","inverseRate":0.00091058811481235},"szl":{"code":"SZL","alphaCode":"SZL","numericCode":"748","name":"Swazi lilangeni","rate":37.66759249034,"date":"Sun, 27 Jun 2021 23:55:01 GMT","inverseRate":0.026548020032245},"wst":{"code":"WST","alphaCode":"WST","numericCode":"882","name":"Samoan tala","rate":6.7352983819092,"date":"Sun, 27 Jun 2021 23:55:01 GMT","inverseRate":0.14847152171995},"egp":{"code":"EGP","alphaCode":"EGP","numericCode":"818","name":"Egyptian Pound","rate":41.657393720546,"date":"Sun, 27 Jun 2021 23:55:01 GMT","inverseRate":0.024005342405922},"sgd":{"code":"SGD","alphaCode":"SGD","numericCode":"702","name":"Singapore Dollar","rate":3.5655951980643,"date":"Sun, 27 Jun 2021 23:55:01 GMT","inverseRate":0.28045808468188},"zar":{"code":"ZAR","alphaCode":"ZAR","numericCode":"710","name":"South African Rand","rate":37.461134002577,"date":"Sun, 27 Jun 2021 23:55:01 GMT","inverseRate":0.0266943333838},"kgs":{"code":"KGS","alphaCode":"KGS","numericCode":"417","name":"Kyrgyzstan Som","rate":222.0937698491,"date":"Sun, 27 Jun 2021 23:55:01 GMT","inverseRate":0.0045026026649889},"crc":{"code":"CRC","alphaCode":"CRC","numericCode":"188","name":"Costa Rican Col\u00f3n","rate":1641.2193032329,"date":"Sun, 27 Jun 2021 23:55:01 GMT","inverseRate":0.00060930309437026},"jmd":{"code":"JMD","alphaCode":"JMD","numericCode":"388","name":"Jamaican Dollar","rate":396.47746561966,"date":"Sun, 27 Jun 2021 23:55:01 GMT","inverseRate":0.0025222114412911},"ssp":{"code":"SSP","alphaCode":"SSP","numericCode":"728","name":"South Sudanese pound","rate":471.24306493364,"date":"Sun, 27 Jun 2021 23:55:01 GMT","inverseRate":0.0021220471438467},"ern":{"code":"ERN","alphaCode":"ERN","numericCode":"232","name":"Eritrean nakfa","rate":39.947749423249,"date":"Sun, 27 Jun 2021 23:55:01 GMT","inverseRate":0.025032699324434},"bam":{"code":"BAM","alphaCode":"BAM","numericCode":"977","name":"Bosnia and Herzegovina convertible mark","rate":4.386618218471,"date":"Sun, 27 Jun 2021 23:55:01 GMT","inverseRate":0.22796604358894},"inr":{"code":"INR","alphaCode":"INR","numericCode":"356","name":"Indian Rupee","rate":197.13504964604,"date":"Sun, 27 Jun 2021 23:55:01 GMT","inverseRate":0.005072664662096},"try":{"code":"TRY","alphaCode":"TRY","numericCode":"949","name":"Turkish Lira","rate":23.147734671224,"date":"Sun, 27 Jun 2021 23:55:01 GMT","inverseRate":0.043200771660958},"twd":{"code":"TWD","alphaCode":"TWD","numericCode":"901","name":"New Taiwan Dollar ","rate":74.133137372768,"date":"Sun, 27 Jun 2021 23:55:01 GMT","inverseRate":0.013489244289927},"tmt":{"code":"TMT","alphaCode":"TMT","numericCode":"934","name":"New Turkmenistan Manat","rate":9.276383678668,"date":"Sun, 27 Jun 2021 23:55:01 GMT","inverseRate":0.10780062949526},"mga":{"code":"MGA","alphaCode":"MGA","numericCode":"969","name":"Malagasy ariary","rate":10030.879880178,"date":"Sun, 27 Jun 2021 23:55:01 GMT","inverseRate":9.9692151829686e-5},"srd":{"code":"SRD","alphaCode":"SRD","numericCode":"968","name":"Surinamese dollar","rate":55.14502408014,"date":"Sun, 27 Jun 2021 23:55:01 GMT","inverseRate":0.01813400241782},"ghs":{"code":"GHS","alphaCode":"GHS","numericCode":"936","name":"Ghanaian Cedi","rate":15.446381090511,"date":"Sun, 27 Jun 2021 23:55:01 GMT","inverseRate":0.064740083398197},"mop":{"code":"MOP","alphaCode":"MOP","numericCode":"446","name":"Macanese pataca","rate":21.206934207563,"date":"Sun, 27 Jun 2021 23:55:01 GMT","inverseRate":0.047154387815442},"lbp":{"code":"LBP","alphaCode":"LBP","numericCode":"422","name":"Lebanese Pound","rate":4001.3976874689,"date":"Sun, 27 Jun 2021 23:55:01 GMT","inverseRate":0.00024991267504644},"huf":{"code":"HUF","alphaCode":"HUF","numericCode":"348","name":"Hungarian Forint","rate":781.91028774955,"date":"Sun, 27 Jun 2021 23:55:01 GMT","inverseRate":0.0012789190980952},"ngn":{"code":"NGN","alphaCode":"NGN","numericCode":"566","name":"Nigerian Naira","rate":1089.2780657226,"date":"Sun, 27 Jun 2021 23:55:01 GMT","inverseRate":0.00091803923301862},"irr":{"code":"IRR","alphaCode":"IRR","numericCode":"364","name":"Iranian rial","rate":111328.18738393,"date":"Sun, 27 Jun 2021 23:55:01 GMT","inverseRate":8.9824511069362e-6},"ves":{"code":"VES","alphaCode":"VES","numericCode":"928","name":"Venezuelan Bolivar","rate":8429310.8236785,"date":"Sun, 27 Jun 2021 23:55:01 GMT","inverseRate":1.1863366067733e-7},"sbd":{"code":"SBD","alphaCode":"SBD","numericCode":"090","name":"Solomon Islands dollar","rate":21.604307301696,"date":"Sun, 27 Jun 2021 23:55:01 GMT","inverseRate":0.046287066094523},"mwk":{"code":"MWK","alphaCode":"MWK","numericCode":"454","name":"Malawian kwacha","rate":2134.2297617399,"date":"Sun, 27 Jun 2021 23:55:01 GMT","inverseRate":0.00046855311359953},"gtq":{"code":"GTQ","alphaCode":"GTQ","numericCode":"320","name":"Guatemalan Quetzal","rate":20.492093728657,"date":"Sun, 27 Jun 2021 23:55:01 GMT","inverseRate":0.048799308320632},"sek":{"code":"SEK","alphaCode":"SEK","numericCode":"752","name":"Swedish Krona","rate":22.497651157115,"date":"Sun, 27 Jun 2021 23:55:01 GMT","inverseRate":0.044449084618495},"npr":{"code":"NPR","alphaCode":"NPR","numericCode":"524","name":"Nepalese Rupee","rate":315.0866796147,"date":"Sun, 27 Jun 2021 23:55:01 GMT","inverseRate":0.0031737298486335},"isk":{"code":"ISK","alphaCode":"ISK","numericCode":"352","name":"Icelandic Krona","rate":327.01257177677,"date":"Sun, 27 Jun 2021 23:55:01 GMT","inverseRate":0.0030579864087997},"gip":{"code":"GIP","alphaCode":"GIP","numericCode":"292","name":"Gibraltar pound","rate":1.9020224993761,"date":"Sun, 27 Jun 2021 23:55:01 GMT","inverseRate":0.52575613607515},"gel":{"code":"GEL","alphaCode":"GEL","numericCode":"981","name":"Georgian lari","rate":8.6069649836198,"date":"Sun, 27 Jun 2021 23:55:01 GMT","inverseRate":0.11618497366994},"mkd":{"code":"MKD","alphaCode":"MKD","numericCode":"807","name":"Macedonian denar","rate":137.22509343863,"date":"Sun, 27 Jun 2021 23:55:01 GMT","inverseRate":0.0072872969144467},"bif":{"code":"BIF","alphaCode":"BIF","numericCode":"108","name":"Burundian franc","rate":5243.5336540394,"date":"Sun, 27 Jun 2021 23:55:01 GMT","inverseRate":0.00019071108645019},"mmk":{"code":"MMK","alphaCode":"MMK","numericCode":"104","name":"Myanma Kyat","rate":4361.2521218162,"date":"Sun, 27 Jun 2021 23:55:01 GMT","inverseRate":0.00022929194920829},"mvr":{"code":"MVR","alphaCode":"MVR","numericCode":"462","name":"Maldivian rufiyaa","rate":40.959084851683,"date":"Sun, 27 Jun 2021 23:55:01 GMT","inverseRate":0.024414607983091},"kes":{"code":"KES","alphaCode":"KES","numericCode":"404","name":"Kenyan shilling","rate":285.47099664687,"date":"Sun, 27 Jun 2021 23:55:01 GMT","inverseRate":0.0035029828309914},"aed":{"code":"AED","alphaCode":"AED","numericCode":"784","name":"U.A.E Dirham","rate":9.74145181339,"date":"Sun, 27 Jun 2021 23:55:01 GMT","inverseRate":0.10265410322365},"php":{"code":"PHP","alphaCode":"PHP","numericCode":"608","name":"Philippine Peso","rate":128.88229483323,"date":"Sun, 27 Jun 2021 23:55:01 GMT","inverseRate":0.0077590176470243},"ils":{"code":"ILS","alphaCode":"ILS","numericCode":"376","name":"Israeli New Sheqel","rate":8.6293151887418,"date":"Sun, 27 Jun 2021 23:55:01 GMT","inverseRate":0.11588405083461},"mro":{"code":"MRO","alphaCode":"MRO","numericCode":"478","name":"Mauritanian Ouguiya","rate":96.219312548251,"date":"Sun, 27 Jun 2021 23:55:01 GMT","inverseRate":0.010392923972498},"cop":{"code":"COP","alphaCode":"COP","numericCode":"170","name":"Colombian Peso","rate":9990.9715332607,"date":"Sun, 27 Jun 2021 23:55:01 GMT","inverseRate":0.00010009036625426},"bzd":{"code":"BZD","alphaCode":"BZD","numericCode":"084","name":"Belize dollar","rate":5.3406878288668,"date":"Sun, 27 Jun 2021 23:55:01 GMT","inverseRate":0.18724179956651},"gnf":{"code":"GNF","alphaCode":"GNF","numericCode":"324","name":"Guinean franc","rate":25986.735440874,"date":"Sun, 27 Jun 2021 23:55:01 GMT","inverseRate":3.848117060626e-5},"sll":{"code":"SLL","alphaCode":"SLL","numericCode":"694","name":"Sierra Leonean leone","rate":27183.956314844,"date":"Sun, 27 Jun 2021 23:55:01 GMT","inverseRate":3.6786404025155e-5},"ugx":{"code":"UGX","alphaCode":"UGX","numericCode":"800","name":"Ugandan shilling","rate":9472.0301040391,"date":"Sun, 27 Jun 2021 23:55:01 GMT","inverseRate":0.00010557398878764},"cny":{"code":"CNY","alphaCode":"CNY","numericCode":"156","name":"Chinese Yuan","rate":17.15440211187,"date":"Sun, 27 Jun 2021 23:55:01 GMT","inverseRate":0.058294074808243},"sar":{"code":"SAR","alphaCode":"SAR","numericCode":"682","name":"Saudi Riyal","rate":9.9644297592871,"date":"Sun, 27 Jun 2021 23:55:01 GMT","inverseRate":0.10035697216572},"myr":{"code":"MYR","alphaCode":"MYR","numericCode":"458","name":"Malaysian Ringgit","rate":11.010986599796,"date":"Sun, 27 Jun 2021 23:55:01 GMT","inverseRate":0.090818383160919},"kzt":{"code":"KZT","alphaCode":"KZT","numericCode":"398","name":"Kazakhstani Tenge","rate":1132.6917811281,"date":"Sun, 27 Jun 2021 23:55:01 GMT","inverseRate":0.00088285270243955},"bob":{"code":"BOB","alphaCode":"BOB","numericCode":"068","name":"Bolivian Boliviano","rate":18.261646944531,"date":"Sun, 27 Jun 2021 23:55:01 GMT","inverseRate":0.054759573604587},"gyd":{"code":"GYD","alphaCode":"GYD","numericCode":"328","name":"Guyanese dollar","rate":553.36679429455,"date":"Sun, 27 Jun 2021 23:55:01 GMT","inverseRate":0.0018071196362168},"rwf":{"code":"RWF","alphaCode":"RWF","numericCode":"646","name":"Rwandan franc","rate":2664.2443240842,"date":"Sun, 27 Jun 2021 23:55:01 GMT","inverseRate":0.00037534095163878},"mzn":{"code":"MZN","alphaCode":"MZN","numericCode":"943","name":"Mozambican metical","rate":168.87003165282,"date":"Sun, 27 Jun 2021 23:55:01 GMT","inverseRate":0.0059217138186833},"vuv":{"code":"VUV","alphaCode":"VUV","numericCode":"548","name":"Vanuatu vatu","rate":291.08763436382,"date":"Sun, 27 Jun 2021 23:55:01 GMT","inverseRate":0.0034353915520511},"idr":{"code":"IDR","alphaCode":"IDR","numericCode":"360","name":"Indonesian Rupiah","rate":38372.784991537,"date":"Sun, 27 Jun 2021 23:55:01 GMT","inverseRate":2.6060136115232e-5},"tnd":{"code":"TND","alphaCode":"TND","numericCode":"788","name":"Tunisian Dinar","rate":7.2664680752312,"date":"Sun, 27 Jun 2021 23:55:01 GMT","inverseRate":0.13761843988672},"xof":{"code":"XOF","alphaCode":"XOF","numericCode":"952","name":"West African CFA Franc","rate":1460.5956185571,"date":"Sun, 27 Jun 2021 23:55:01 GMT","inverseRate":0.00068465219756572},"tjs":{"code":"TJS","alphaCode":"TJS","numericCode":"972","name":"Tajikistan Ruble","rate":30.045793939256,"date":"Sun, 27 Jun 2021 23:55:01 GMT","inverseRate":0.033282528730035},"afn":{"code":"AFN","alphaCode":"AFN","numericCode":"971","name":"Afghan afghani","rate":209.57044710383,"date":"Sun, 27 Jun 2021 23:55:01 GMT","inverseRate":0.0047716651551761},"nad":{"code":"NAD","alphaCode":"NAD","numericCode":"516","name":"Namibian dollar","rate":37.66759249034,"date":"Sun, 27 Jun 2021 23:55:01 GMT","inverseRate":0.026548020032245},"syp":{"code":"SYP","alphaCode":"SYP","numericCode":"760","name":"Syrian pound","rate":6687.2532534515,"date":"Sun, 27 Jun 2021 23:55:01 GMT","inverseRate":0.00014953822774453},"top":{"code":"TOP","alphaCode":"TOP","numericCode":"776","name":"Tongan pa\u02bbanga","rate":5.8697875125388,"date":"Sun, 27 Jun 2021 23:55:01 GMT","inverseRate":0.17036391826175},"kwd":{"code":"KWD","alphaCode":"KWD","numericCode":"414","name":"Kuwaiti Dinar","rate":0.79919749837299,"date":"Sun, 27 Jun 2021 23:55:01 GMT","inverseRate":1.251255167885},"czk":{"code":"CZK","alphaCode":"CZK","numericCode":"203","name":"Czech Koruna","rate":56.671419980864,"date":"Sun, 27 Jun 2021 23:55:01 GMT","inverseRate":0.01764557867683},"pgk":{"code":"PGK","alphaCode":"PGK","numericCode":"598","name":"Papua New Guinean kina","rate":9.3259221469727,"date":"Sun, 27 Jun 2021 23:55:01 GMT","inverseRate":0.10722800214718},"uah":{"code":"UAH","alphaCode":"UAH","numericCode":"980","name":"Ukrainian Hryvnia","rate":72.795990089617,"date":"Sun, 27 Jun 2021 23:55:01 GMT","inverseRate":0.013737020387647},"etb":{"code":"ETB","alphaCode":"ETB","numericCode":"230","name":"Ethiopian birr","rate":115.9639292506,"date":"Sun, 27 Jun 2021 23:55:01 GMT","inverseRate":0.0086233711332684},"xcd":{"code":"XCD","alphaCode":"XCD","numericCode":"951","name":"East Caribbean Dollar","rate":7.1792727456181,"date":"Sun, 27 Jun 2021 23:55:01 GMT","inverseRate":0.13928987453644},"lak":{"code":"LAK","alphaCode":"LAK","numericCode":"418","name":"Lao kip","rate":25140.049825006,"date":"Sun, 27 Jun 2021 23:55:01 GMT","inverseRate":3.9777168580045e-5},"bwp":{"code":"BWP","alphaCode":"BWP","numericCode":"072","name":"Botswana Pula","rate":28.799540281878,"date":"Sun, 27 Jun 2021 23:55:01 GMT","inverseRate":0.034722776482278},"nok":{"code":"NOK","alphaCode":"NOK","numericCode":"578","name":"Norwegian Krone","rate":22.544504472476,"date":"Sun, 27 Jun 2021 23:55:01 GMT","inverseRate":0.044356707916151},"mad":{"code":"MAD","alphaCode":"MAD","numericCode":"504","name":"Moroccan Dirham","rate":23.473029366305,"date":"Sun, 27 Jun 2021 23:55:01 GMT","inverseRate":0.04260208532928},"ron":{"code":"RON","alphaCode":"RON","numericCode":"946","name":"Romanian New Leu","rate":10.955416688848,"date":"Sun, 27 Jun 2021 23:55:01 GMT","inverseRate":0.091279047470461},"byn":{"code":"BYN","alphaCode":"BYN","numericCode":"933","name":"Belarussian Ruble","rate":6.7128599842689,"date":"Sun, 27 Jun 2021 23:55:01 GMT","inverseRate":0.14896780244835},"rsd":{"code":"RSD","alphaCode":"RSD","numericCode":"941","name":"Serbian Dinar","rate":256.47961905079,"date":"Sun, 27 Jun 2021 23:55:01 GMT","inverseRate":0.0038989452795545},"gmd":{"code":"GMD","alphaCode":"GMD","numericCode":"270","name":"Gambian dalasi","rate":137.59780356897,"date":"Sun, 27 Jun 2021 23:55:01 GMT","inverseRate":0.0072675578683839},"awg":{"code":"AWG","alphaCode":"AWG","numericCode":"533","name":"Aruban florin","rate":4.7957926373004,"date":"Sun, 27 Jun 2021 23:55:01 GMT","inverseRate":0.20851610476697},"aoa":{"code":"AOA","alphaCode":"AOA","numericCode":"973","name":"Angolan kwanza","rate":1729.4620483065,"date":"Sun, 27 Jun 2021 23:55:01 GMT","inverseRate":0.00057821448061218},"khr":{"code":"KHR","alphaCode":"KHR","numericCode":"116","name":"Cambodian riel","rate":10797.502562086,"date":"Sun, 27 Jun 2021 23:55:01 GMT","inverseRate":9.2614009049775e-5},"scr":{"code":"SCR","alphaCode":"SCR","numericCode":"690","name":"Seychelles rupee","rate":39.710530008621,"date":"Sun, 27 Jun 2021 23:55:01 GMT","inverseRate":0.025182237552178},"omr":{"code":"OMR","alphaCode":"OMR","numericCode":"512","name":"Omani Rial","rate":1.0220453379905,"date":"Sun, 27 Jun 2021 23:55:01 GMT","inverseRate":0.97843017606851},"rub":{"code":"RUB","alphaCode":"RUB","numericCode":"643","name":"Russian Rouble","rate":191.7646499618,"date":"Sun, 27 Jun 2021 23:55:01 GMT","inverseRate":0.0052147254470477},"lyd":{"code":"LYD","alphaCode":"LYD","numericCode":"434","name":"Libyan Dinar","rate":11.826774469048,"date":"Sun, 27 Jun 2021 23:55:01 GMT","inverseRate":0.084553907966803},"clp":{"code":"CLP","alphaCode":"CLP","numericCode":"152","name":"Chilean Peso","rate":1949.9986168686,"date":"Sun, 27 Jun 2021 23:55:01 GMT","inverseRate":0.00051282087656342},"bsd":{"code":"BSD","alphaCode":"BSD","numericCode":"044","name":"Bahamian Dollar","rate":2.6482073710802,"date":"Sun, 27 Jun 2021 23:55:01 GMT","inverseRate":0.37761393270049},"djf":{"code":"DJF","alphaCode":"DJF","numericCode":"262","name":"Djiboutian franc","rate":471.6640748661,"date":"Sun, 27 Jun 2021 23:55:01 GMT","inverseRate":0.002120152992962},"hnl":{"code":"HNL","alphaCode":"HNL","numericCode":"340","name":"Honduran Lempira","rate":63.48658152011,"date":"Sun, 27 Jun 2021 23:55:01 GMT","inverseRate":0.015751359989091},"tzs":{"code":"TZS","alphaCode":"TZS","numericCode":"834","name":"Tanzanian shilling","rate":6142.6086222765,"date":"Sun, 27 Jun 2021 23:55:01 GMT","inverseRate":0.00016279728393788},"bbd":{"code":"BBD","alphaCode":"BBD","numericCode":"052","name":"Barbadian Dollar","rate":5.3176963252752,"date":"Sun, 27 Jun 2021 23:55:01 GMT","inverseRate":0.18805135510408},"bdt":{"code":"BDT","alphaCode":"BDT","numericCode":"050","name":"Bangladeshi taka","rate":224.80094139994,"date":"Sun, 27 Jun 2021 23:55:01 GMT","inverseRate":0.0044483799479333},"qar":{"code":"QAR","alphaCode":"QAR","numericCode":"634","name":"Qatari Rial","rate":9.7197723333559,"date":"Sun, 27 Jun 2021 23:55:01 GMT","inverseRate":0.10288306821429},"mxn":{"code":"MXN","alphaCode":"MXN","numericCode":"484","name":"Mexican Peso","rate":52.601665307693,"date":"Sun, 27 Jun 2021 23:55:01 GMT","inverseRate":0.019010804965024},"amd":{"code":"AMD","alphaCode":"AMD","numericCode":"051","name":"Armenia Dram","rate":1375.5842844116,"date":"Sun, 27 Jun 2021 23:55:01 GMT","inverseRate":0.00072696381554527},"uyu":{"code":"UYU","alphaCode":"UYU","numericCode":"858","name":"Uruguayan Peso","rate":115.65219507895,"date":"Sun, 27 Jun 2021 23:55:01 GMT","inverseRate":0.0086466149589061},"fjd":{"code":"FJD","alphaCode":"FJD","numericCode":"242","name":"Fiji Dollar","rate":5.4649304713579,"date":"Sun, 27 Jun 2021 23:55:01 GMT","inverseRate":0.18298494468339},"cdf":{"code":"CDF","alphaCode":"CDF","numericCode":"976","name":"Congolese franc","rate":5268.319264799,"date":"Sun, 27 Jun 2021 23:55:01 GMT","inverseRate":0.00018981385708373},"lsl":{"code":"LSL","alphaCode":"LSL","numericCode":"426","name":"Lesotho loti","rate":37.681742600216,"date":"Sun, 27 Jun 2021 23:55:01 GMT","inverseRate":0.026538050817063},"mnt":{"code":"MNT","alphaCode":"MNT","numericCode":"496","name":"Mongolian togrog","rate":7553.373403748,"date":"Sun, 27 Jun 2021 23:55:01 GMT","inverseRate":0.00013239117762983},"brl":{"code":"BRL","alphaCode":"BRL","numericCode":"986","name":"Brazilian Real","rate":13.280185860568,"date":"Sun, 27 Jun 2021 23:55:01 GMT","inverseRate":0.075300150954156},"hkd":{"code":"HKD","alphaCode":"HKD","numericCode":"344","name":"Hong Kong Dollar","rate":20.624589143448,"date":"Sun, 27 Jun 2021 23:55:01 GMT","inverseRate":0.048485814337673},"thb":{"code":"THB","alphaCode":"THB","numericCode":"764","name":"Thai Baht","rate":83.974491445816,"date":"Sun, 27 Jun 2021 23:55:01 GMT","inverseRate":0.011908378160828},"xaf":{"code":"XAF","alphaCode":"XAF","numericCode":"950","name":"Central African CFA Franc","rate":1461.8338830194,"date":"Sun, 27 Jun 2021 23:55:01 GMT","inverseRate":0.00068407225445787},"mdl":{"code":"MDL","alphaCode":"MDL","numericCode":"498","name":"Moldova Lei","rate":47.806424605341,"date":"Sun, 27 Jun 2021 23:55:01 GMT","inverseRate":0.020917690629562},"nio":{"code":"NIO","alphaCode":"NIO","numericCode":"558","name":"Nicaraguan C\u00f3rdoba","rate":92.93756854768,"date":"Sun, 27 Jun 2021 23:55:01 GMT","inverseRate":0.010759911364444},"lrd":{"code":"LRD","alphaCode":"LRD","numericCode":"430","name":"Liberian dollar","rate":453.88596742886,"date":"Sun, 27 Jun 2021 23:55:01 GMT","inverseRate":0.002203196555436},"sdg":{"code":"SDG","alphaCode":"SDG","numericCode":"938","name":"Sudanese pound","rate":1166.381381416,"date":"Sun, 27 Jun 2021 23:55:01 GMT","inverseRate":0.00085735250573531},"mru":{"code":"MRU","alphaCode":"MRU","numericCode":"929","name":"Mauritanian ouguiya","rate":95.714502673448,"date":"Sun, 27 Jun 2021 23:55:01 GMT","inverseRate":0.010447737511751},"dkk":{"code":"DKK","alphaCode":"DKK","numericCode":"208","name":"Danish Krone","rate":16.538959777684,"date":"Sun, 27 Jun 2021 23:55:01 GMT","inverseRate":0.060463294756258},"jod":{"code":"JOD","alphaCode":"JOD","numericCode":"400","name":"Jordanian Dinar","rate":1.8826369047988,"date":"Sun, 27 Jun 2021 23:55:01 GMT","inverseRate":0.53116987001106},"bgn":{"code":"BGN","alphaCode":"BGN","numericCode":"975","name":"Bulgarian Lev","rate":4.349929103394,"date":"Sun, 27 Jun 2021 23:55:01 GMT","inverseRate":0.22988880421517},"vnd":{"code":"VND","alphaCode":"VND","numericCode":"704","name":"Vietnamese Dong","rate":61118.811518727,"date":"Sun, 27 Jun 2021 23:55:01 GMT","inverseRate":1.6361574696092e-5},"uzs":{"code":"UZS","alphaCode":"UZS","numericCode":"860","name":"Uzbekistan Sum","rate":28015.602913344,"date":"Sun, 27 Jun 2021 23:55:01 GMT","inverseRate":3.5694395123073e-5},"pab":{"code":"PAB","alphaCode":"PAB","numericCode":"590","name":"Panamanian Balboa","rate":2.6482073710802,"date":"Sun, 27 Jun 2021 23:55:01 GMT","inverseRate":0.37761393270049},"ttd":{"code":"TTD","alphaCode":"TTD","numericCode":"780","name":"Trinidad Tobago Dollar","rate":18.008761005704,"date":"Sun, 27 Jun 2021 23:55:01 GMT","inverseRate":0.055528528569137},"htg":{"code":"HTG","alphaCode":"HTG","numericCode":"332","name":"Haitian gourde","rate":248.90520794485,"date":"Sun, 27 Jun 2021 23:55:01 GMT","inverseRate":0.0040175937187363},"cup":{"code":"CUP","alphaCode":"CUP","numericCode":"192","name":"Cuban peso","rate":2.6482073710802,"date":"Sun, 27 Jun 2021 23:55:01 GMT","inverseRate":0.37761393270049}}