{"usd":{"code":"USD","alphaCode":"USD","numericCode":"840","name":"U.S. Dollar","rate":0.00050676839121566,"date":"Sun, 27 Jun 2021 23:55:01 GMT","inverseRate":1973.2880292734},"eur":{"code":"EUR","alphaCode":"EUR","numericCode":"978","name":"Euro","rate":0.00042424050328868,"date":"Sun, 27 Jun 2021 23:55:01 GMT","inverseRate":2357.1535302454},"gbp":{"code":"GBP","alphaCode":"GBP","numericCode":"826","name":"U.K. Pound Sterling","rate":0.00036440826699727,"date":"Sun, 27 Jun 2021 23:55:01 GMT","inverseRate":2744.1748460868},"jpy":{"code":"JPY","alphaCode":"JPY","numericCode":"392","name":"Japanese Yen","rate":0.056115904070909,"date":"Sun, 27 Jun 2021 23:55:01 GMT","inverseRate":17.820259987906},"aud":{"code":"AUD","alphaCode":"AUD","numericCode":"036","name":"Australian Dollar","rate":0.00066706669083012,"date":"Sun, 27 Jun 2021 23:55:01 GMT","inverseRate":1499.1004853736},"chf":{"code":"CHF","alphaCode":"CHF","numericCode":"756","name":"Swiss Franc","rate":0.00046471408084917,"date":"Sun, 27 Jun 2021 23:55:01 GMT","inverseRate":2151.8607703315},"cad":{"code":"CAD","alphaCode":"CAD","numericCode":"124","name":"Canadian Dollar","rate":0.00062332223764637,"date":"Sun, 27 Jun 2021 23:55:01 GMT","inverseRate":1604.3066324345},"lkr":{"code":"LKR","alphaCode":"LKR","numericCode":"144","name":"Sri Lanka Rupee","rate":0.10069551971414,"date":"Sun, 27 Jun 2021 23:55:01 GMT","inverseRate":9.9309284349382},"pln":{"code":"PLN","alphaCode":"PLN","numericCode":"985","name":"Polish Zloty","rate":0.0019134469280895,"date":"Sun, 27 Jun 2021 23:55:01 GMT","inverseRate":522.61705580643},"pen":{"code":"PEN","alphaCode":"PEN","numericCode":"604","name":"Peruvian Nuevo Sol","rate":0.0020170401173627,"date":"Sun, 27 Jun 2021 23:55:01 GMT","inverseRate":495.7759597303},"iqd":{"code":"IQD","alphaCode":"IQD","numericCode":"368","name":"Iraqi dinar","rate":0.7379084706457,"date":"Sun, 27 Jun 2021 23:55:01 GMT","inverseRate":1.3551816245245},"svc":{"code":"SVC","alphaCode":"SVC","numericCode":"222","name":"Salvadoran colon","rate":0.0044231213872833,"date":"Sun, 27 Jun 2021 23:55:01 GMT","inverseRate":226.08468374281},"cve":{"code":"CVE","alphaCode":"CVE","numericCode":"132","name":"Cape Verde escudo","rate":0.047234567901234,"date":"Sun, 27 Jun 2021 23:55:01 GMT","inverseRate":21.170935703084},"zmw":{"code":"ZMW","alphaCode":"ZMW","numericCode":"967","name":"Zambian kwacha","rate":0.011414081145585,"date":"Sun, 27 Jun 2021 23:55:01 GMT","inverseRate":87.611082070045},"yer":{"code":"YER","alphaCode":"YER","numericCode":"886","name":"Yemeni rial","rate":0.12707586023648,"date":"Sun, 27 Jun 2021 23:55:01 GMT","inverseRate":7.8693152117093},"dop":{"code":"DOP","alphaCode":"DOP","numericCode":"214","name":"Dominican Peso","rate":0.028771263620849,"date":"Sun, 27 Jun 2021 23:55:01 GMT","inverseRate":34.756902344579},"nzd":{"code":"NZD","alphaCode":"NZD","numericCode":"554","name":"New Zealand Dollar","rate":0.00071598069047773,"date":"Sun, 27 Jun 2021 23:55:01 GMT","inverseRate":1396.6857113601},"hrk":{"code":"HRK","alphaCode":"HRK","numericCode":"191","name":"Croatian Kuna","rate":0.0031797305327263,"date":"Sun, 27 Jun 2021 23:55:01 GMT","inverseRate":314.49205827596},"dzd":{"code":"DZD","alphaCode":"DZD","numericCode":"012","name":"Algerian Dinar","rate":0.067483730644306,"date":"Sun, 27 Jun 2021 23:55:01 GMT","inverseRate":14.818386453334},"ars":{"code":"ARS","alphaCode":"ARS","numericCode":"032","name":"Argentine Peso","rate":0.048319200133484,"date":"Sun, 27 Jun 2021 23:55:01 GMT","inverseRate":20.695706825392},"stn":{"code":"STN","alphaCode":"STN","numericCode":"930","name":"S\u00e3o Tom\u00e9 and Pr\u00edncipe Dobra","rate":0.01049369171695,"date":"Sun, 27 Jun 2021 23:55:01 GMT","inverseRate":95.295347621537},"xpf":{"code":"XPF","alphaCode":"XPF","numericCode":"953","name":"CFP Franc","rate":0.050550960547526,"date":"Sun, 27 Jun 2021 23:55:01 GMT","inverseRate":19.782017773131},"all":{"code":"ALL","alphaCode":"ALL","numericCode":"008","name":"Albanian lek","rate":0.051900485634447,"date":"Sun, 27 Jun 2021 23:55:01 GMT","inverseRate":19.267642446418},"mur":{"code":"MUR","alphaCode":"MUR","numericCode":"480","name":"Mauritian Rupee","rate":0.020748373101953,"date":"Sun, 27 Jun 2021 23:55:01 GMT","inverseRate":48.196549921588},"sos":{"code":"SOS","alphaCode":"SOS","numericCode":"706","name":"Somali shilling","rate":0.29228418640185,"date":"Sun, 27 Jun 2021 23:55:01 GMT","inverseRate":3.4213277574489},"ang":{"code":"ANG","alphaCode":"ANG","numericCode":"532","name":"Neth. Antillean Guilder","rate":0.00090124059749592,"date":"Sun, 27 Jun 2021 23:55:01 GMT","inverseRate":1109.5816175819},"pkr":{"code":"PKR","alphaCode":"PKR","numericCode":"586","name":"Pakistani Rupee","rate":0.078371310546112,"date":"Sun, 27 Jun 2021 23:55:01 GMT","inverseRate":12.759771312126},"krw":{"code":"KRW","alphaCode":"KRW","numericCode":"410","name":"South Korean Won","rate":0.57123080667188,"date":"Sun, 27 Jun 2021 23:55:01 GMT","inverseRate":1.7506058642499},"azn":{"code":"AZN","alphaCode":"AZN","numericCode":"944","name":"Azerbaijan Manat","rate":0.00085901776013234,"date":"Sun, 27 Jun 2021 23:55:01 GMT","inverseRate":1164.1202852965},"pyg":{"code":"PYG","alphaCode":"PYG","numericCode":"600","name":"Paraguayan Guaran\u00ed","rate":3.4351632326968,"date":"Sun, 27 Jun 2021 23:55:01 GMT","inverseRate":0.29110698160766},"bnd":{"code":"BND","alphaCode":"BND","numericCode":"096","name":"Brunei Dollar","rate":0.00068010523321958,"date":"Sun, 27 Jun 2021 23:55:01 GMT","inverseRate":1470.3606900156},"kmf":{"code":"KMF","alphaCode":"KMF","numericCode":"174","name":"\tComoro franc","rate":0.20943726735275,"date":"Sun, 27 Jun 2021 23:55:01 GMT","inverseRate":4.7746994249868},"szl":{"code":"SZL","alphaCode":"SZL","numericCode":"748","name":"Swazi lilangeni","rate":0.0071836274877959,"date":"Sun, 27 Jun 2021 23:55:01 GMT","inverseRate":139.20543648719},"wst":{"code":"WST","alphaCode":"WST","numericCode":"882","name":"Samoan tala","rate":0.0012844960719801,"date":"Sun, 27 Jun 2021 23:55:01 GMT","inverseRate":778.51542080501},"egp":{"code":"EGP","alphaCode":"EGP","numericCode":"818","name":"Egyptian Pound","rate":0.0079445268151287,"date":"Sun, 27 Jun 2021 23:55:01 GMT","inverseRate":125.87282078219},"sgd":{"code":"SGD","alphaCode":"SGD","numericCode":"702","name":"Singapore Dollar","rate":0.00067999853406443,"date":"Sun, 27 Jun 2021 23:55:01 GMT","inverseRate":1470.5914055768},"zar":{"code":"ZAR","alphaCode":"ZAR","numericCode":"710","name":"South African Rand","rate":0.0071442535652877,"date":"Sun, 27 Jun 2021 23:55:01 GMT","inverseRate":139.9726354701},"kgs":{"code":"KGS","alphaCode":"KGS","numericCode":"417","name":"Kyrgyzstan Som","rate":0.042355744141742,"date":"Sun, 27 Jun 2021 23:55:01 GMT","inverseRate":23.609548604636},"crc":{"code":"CRC","alphaCode":"CRC","numericCode":"188","name":"Costa Rican Col\u00f3n","rate":0.31299871642257,"date":"Sun, 27 Jun 2021 23:55:01 GMT","inverseRate":3.1949012808408},"jmd":{"code":"JMD","alphaCode":"JMD","numericCode":"388","name":"Jamaican Dollar","rate":0.075612648221345,"date":"Sun, 27 Jun 2021 23:55:01 GMT","inverseRate":13.225300575013},"ssp":{"code":"SSP","alphaCode":"SSP","numericCode":"728","name":"South Sudanese pound","rate":0.089871276895614,"date":"Sun, 27 Jun 2021 23:55:01 GMT","inverseRate":11.127025614218},"ern":{"code":"ERN","alphaCode":"ERN","numericCode":"232","name":"Eritrean nakfa","rate":0.0076184786937478,"date":"Sun, 27 Jun 2021 23:55:01 GMT","inverseRate":131.25980135912},"bam":{"code":"BAM","alphaCode":"BAM","numericCode":"977","name":"Bosnia and Herzegovina convertible mark","rate":0.00083657672628681,"date":"Sun, 27 Jun 2021 23:55:01 GMT","inverseRate":1195.3476215368},"inr":{"code":"INR","alphaCode":"INR","numericCode":"356","name":"Indian Rupee","rate":0.037595839495409,"date":"Sun, 27 Jun 2021 23:55:01 GMT","inverseRate":26.598687871357},"try":{"code":"TRY","alphaCode":"TRY","numericCode":"949","name":"Turkish Lira","rate":0.00441452962801,"date":"Sun, 27 Jun 2021 23:55:01 GMT","inverseRate":226.5247000847},"twd":{"code":"TWD","alphaCode":"TWD","numericCode":"901","name":"New Taiwan Dollar ","rate":0.014138011170322,"date":"Sun, 27 Jun 2021 23:55:01 GMT","inverseRate":70.731306401792},"tmt":{"code":"TMT","alphaCode":"TMT","numericCode":"934","name":"New Turkmenistan Manat","rate":0.0017691092096876,"date":"Sun, 27 Jun 2021 23:55:01 GMT","inverseRate":565.25622868504},"mga":{"code":"MGA","alphaCode":"MGA","numericCode":"969","name":"Malagasy ariary","rate":1.913,"date":"Sun, 27 Jun 2021 23:55:01 GMT","inverseRate":0.52273915316256},"srd":{"code":"SRD","alphaCode":"SRD","numericCode":"968","name":"Surinamese dollar","rate":0.010516767454645,"date":"Sun, 27 Jun 2021 23:55:01 GMT","inverseRate":95.086251960271},"ghs":{"code":"GHS","alphaCode":"GHS","numericCode":"936","name":"Ghanaian Cedi","rate":0.002945796119495,"date":"Sun, 27 Jun 2021 23:55:01 GMT","inverseRate":339.46680606376},"mop":{"code":"MOP","alphaCode":"MOP","numericCode":"446","name":"Macanese pataca","rate":0.0040443974630022,"date":"Sun, 27 Jun 2021 23:55:01 GMT","inverseRate":247.25561944589},"lbp":{"code":"LBP","alphaCode":"LBP","numericCode":"422","name":"Lebanese Pound","rate":0.76311090029648,"date":"Sun, 27 Jun 2021 23:55:01 GMT","inverseRate":1.310425522177},"huf":{"code":"HUF","alphaCode":"HUF","numericCode":"348","name":"Hungarian Forint","rate":0.1491189604833,"date":"Sun, 27 Jun 2021 23:55:01 GMT","inverseRate":6.7060553316557},"ngn":{"code":"NGN","alphaCode":"NGN","numericCode":"566","name":"Nigerian Naira","rate":0.20773740336033,"date":"Sun, 27 Jun 2021 23:55:01 GMT","inverseRate":4.8137696140616},"irr":{"code":"IRR","alphaCode":"IRR","numericCode":"364","name":"Iranian rial","rate":21.23151956852,"date":"Sun, 27 Jun 2021 23:55:01 GMT","inverseRate":0.047099784674983},"ves":{"code":"VES","alphaCode":"VES","numericCode":"928","name":"Venezuelan Bolivar","rate":1607.5630252101,"date":"Sun, 27 Jun 2021 23:55:01 GMT","inverseRate":0.00062205959226346},"sbd":{"code":"SBD","alphaCode":"SBD","numericCode":"090","name":"Solomon Islands dollar","rate":0.0041201809175103,"date":"Sun, 27 Jun 2021 23:55:01 GMT","inverseRate":242.70778881338},"mwk":{"code":"MWK","alphaCode":"MWK","numericCode":"454","name":"Malawian kwacha","rate":0.40702127659575,"date":"Sun, 27 Jun 2021 23:55:01 GMT","inverseRate":2.4568740198641},"gtq":{"code":"GTQ","alphaCode":"GTQ","numericCode":"320","name":"Guatemalan Quetzal","rate":0.0039080694586313,"date":"Sun, 27 Jun 2021 23:55:01 GMT","inverseRate":255.88081547308},"sek":{"code":"SEK","alphaCode":"SEK","numericCode":"752","name":"Swedish Krona","rate":0.0042905514947509,"date":"Sun, 27 Jun 2021 23:55:01 GMT","inverseRate":233.07027108832},"npr":{"code":"NPR","alphaCode":"NPR","numericCode":"524","name":"Nepalese Rupee","rate":0.060090522995303,"date":"Sun, 27 Jun 2021 23:55:01 GMT","inverseRate":16.641559270139},"isk":{"code":"ISK","alphaCode":"ISK","numericCode":"352","name":"Icelandic Krona","rate":0.06236492284642,"date":"Sun, 27 Jun 2021 23:55:01 GMT","inverseRate":16.034654648136},"gip":{"code":"GIP","alphaCode":"GIP","numericCode":"292","name":"Gibraltar pound","rate":0.00036273677730874,"date":"Sun, 27 Jun 2021 23:55:01 GMT","inverseRate":2756.8199933278},"gel":{"code":"GEL","alphaCode":"GEL","numericCode":"981","name":"Georgian lari","rate":0.0016414436430649,"date":"Sun, 27 Jun 2021 23:55:01 GMT","inverseRate":609.21981953203},"mkd":{"code":"MKD","alphaCode":"MKD","numericCode":"807","name":"Macedonian denar","rate":0.026170346657911,"date":"Sun, 27 Jun 2021 23:55:01 GMT","inverseRate":38.211186617879},"mmk":{"code":"MMK","alphaCode":"MMK","numericCode":"104","name":"Myanma Kyat","rate":0.83173913043477,"date":"Sun, 27 Jun 2021 23:55:01 GMT","inverseRate":1.2023000522739},"mvr":{"code":"MVR","alphaCode":"MVR","numericCode":"462","name":"Maldivian rufiyaa","rate":0.0078113515720702,"date":"Sun, 27 Jun 2021 23:55:01 GMT","inverseRate":128.01881860952},"kes":{"code":"KES","alphaCode":"KES","numericCode":"404","name":"Kenyan shilling","rate":0.054442483920544,"date":"Sun, 27 Jun 2021 23:55:01 GMT","inverseRate":18.368008363826},"aed":{"code":"AED","alphaCode":"AED","numericCode":"784","name":"U.A.E Dirham","rate":0.0018578028589338,"date":"Sun, 27 Jun 2021 23:55:01 GMT","inverseRate":538.27024497847},"php":{"code":"PHP","alphaCode":"PHP","numericCode":"608","name":"Philippine Peso","rate":0.024579282471839,"date":"Sun, 27 Jun 2021 23:55:01 GMT","inverseRate":40.684670154457},"ils":{"code":"ILS","alphaCode":"ILS","numericCode":"376","name":"Israeli New Sheqel","rate":0.0016457060749661,"date":"Sun, 27 Jun 2021 23:55:01 GMT","inverseRate":607.64192051767},"mro":{"code":"MRO","alphaCode":"MRO","numericCode":"478","name":"Mauritanian Ouguiya","rate":0.018350089633568,"date":"Sun, 27 Jun 2021 23:55:01 GMT","inverseRate":54.495646613666},"cop":{"code":"COP","alphaCode":"COP","numericCode":"170","name":"Colombian Peso","rate":1.9053890358011,"date":"Sun, 27 Jun 2021 23:55:01 GMT","inverseRate":0.52482720389937},"bzd":{"code":"BZD","alphaCode":"BZD","numericCode":"084","name":"Belize dollar","rate":0.0010185283782345,"date":"Sun, 27 Jun 2021 23:55:01 GMT","inverseRate":981.80867746992},"gnf":{"code":"GNF","alphaCode":"GNF","numericCode":"324","name":"Guinean franc","rate":4.9559585492228,"date":"Sun, 27 Jun 2021 23:55:01 GMT","inverseRate":0.20177731312075},"sll":{"code":"SLL","alphaCode":"SLL","numericCode":"694","name":"Sierra Leonean leone","rate":5.1842818428184,"date":"Sun, 27 Jun 2021 23:55:01 GMT","inverseRate":0.19289074751699},"ugx":{"code":"UGX","alphaCode":"UGX","numericCode":"800","name":"Ugandan shilling","rate":1.8064211520302,"date":"Sun, 27 Jun 2021 23:55:01 GMT","inverseRate":0.55358076319916},"cny":{"code":"CNY","alphaCode":"CNY","numericCode":"156","name":"Chinese Yuan","rate":0.0032715346641581,"date":"Sun, 27 Jun 2021 23:55:01 GMT","inverseRate":305.66694308811},"sar":{"code":"SAR","alphaCode":"SAR","numericCode":"682","name":"Saudi Riyal","rate":0.0019003272252503,"date":"Sun, 27 Jun 2021 23:55:01 GMT","inverseRate":526.22516096842},"myr":{"code":"MYR","alphaCode":"MYR","numericCode":"458","name":"Malaysian Ringgit","rate":0.0020999172173356,"date":"Sun, 27 Jun 2021 23:55:01 GMT","inverseRate":476.20924850972},"kzt":{"code":"KZT","alphaCode":"KZT","numericCode":"398","name":"Kazakhstani Tenge","rate":0.21601688019214,"date":"Sun, 27 Jun 2021 23:55:01 GMT","inverseRate":4.6292678568014},"bob":{"code":"BOB","alphaCode":"BOB","numericCode":"068","name":"Bolivian Boliviano","rate":0.0034826985291613,"date":"Sun, 27 Jun 2021 23:55:01 GMT","inverseRate":287.1336670765},"gyd":{"code":"GYD","alphaCode":"GYD","numericCode":"328","name":"Guyanese dollar","rate":0.10553318254537,"date":"Sun, 27 Jun 2021 23:55:01 GMT","inverseRate":9.475692629378},"rwf":{"code":"RWF","alphaCode":"RWF","numericCode":"646","name":"Rwandan franc","rate":0.50810092961487,"date":"Sun, 27 Jun 2021 23:55:01 GMT","inverseRate":1.9681129116571},"mzn":{"code":"MZN","alphaCode":"MZN","numericCode":"943","name":"Mozambican metical","rate":0.032205387205388,"date":"Sun, 27 Jun 2021 23:55:01 GMT","inverseRate":31.050705697856},"vuv":{"code":"VUV","alphaCode":"VUV","numericCode":"548","name":"Vanuatu vatu","rate":0.055513639001741,"date":"Sun, 27 Jun 2021 23:55:01 GMT","inverseRate":18.013591217982},"idr":{"code":"IDR","alphaCode":"IDR","numericCode":"360","name":"Indonesian Rupiah","rate":7.3181155158557,"date":"Sun, 27 Jun 2021 23:55:01 GMT","inverseRate":0.13664720074907},"tnd":{"code":"TND","alphaCode":"TND","numericCode":"788","name":"Tunisian Dinar","rate":0.001385796021283,"date":"Sun, 27 Jun 2021 23:55:01 GMT","inverseRate":721.60692096243},"xof":{"code":"XOF","alphaCode":"XOF","numericCode":"952","name":"West African CFA Franc","rate":0.27855177727942,"date":"Sun, 27 Jun 2021 23:55:01 GMT","inverseRate":3.5899968392479},"tjs":{"code":"TJS","alphaCode":"TJS","numericCode":"972","name":"Tajikistan Ruble","rate":0.0057300660054141,"date":"Sun, 27 Jun 2021 23:55:01 GMT","inverseRate":174.51805948747},"afn":{"code":"AFN","alphaCode":"AFN","numericCode":"971","name":"Afghan afghani","rate":0.039967407655024,"date":"Sun, 27 Jun 2021 23:55:01 GMT","inverseRate":25.020386826973},"nad":{"code":"NAD","alphaCode":"NAD","numericCode":"516","name":"Namibian dollar","rate":0.0071836274877959,"date":"Sun, 27 Jun 2021 23:55:01 GMT","inverseRate":139.20543648719},"syp":{"code":"SYP","alphaCode":"SYP","numericCode":"760","name":"Syrian pound","rate":1.2753333333333,"date":"Sun, 27 Jun 2021 23:55:01 GMT","inverseRate":0.78410872974386},"top":{"code":"TOP","alphaCode":"TOP","numericCode":"776","name":"Tongan pa\u02bbanga","rate":0.001119433553748,"date":"Sun, 27 Jun 2021 23:55:01 GMT","inverseRate":893.3089388395},"kwd":{"code":"KWD","alphaCode":"KWD","numericCode":"414","name":"Kuwaiti Dinar","rate":0.00015241582320299,"date":"Sun, 27 Jun 2021 23:55:01 GMT","inverseRate":6560.9985825959},"czk":{"code":"CZK","alphaCode":"CZK","numericCode":"203","name":"Czech Koruna","rate":0.010807868075226,"date":"Sun, 27 Jun 2021 23:55:01 GMT","inverseRate":92.525185636957},"pgk":{"code":"PGK","alphaCode":"PGK","numericCode":"598","name":"Papua New Guinean kina","rate":0.0017785567447991,"date":"Sun, 27 Jun 2021 23:55:01 GMT","inverseRate":562.25363791413},"uah":{"code":"UAH","alphaCode":"UAH","numericCode":"980","name":"Ukrainian Hryvnia","rate":0.013883002359208,"date":"Sun, 27 Jun 2021 23:55:01 GMT","inverseRate":72.030528708851},"etb":{"code":"ETB","alphaCode":"ETB","numericCode":"230","name":"Ethiopian birr","rate":0.022115606936415,"date":"Sun, 27 Jun 2021 23:55:01 GMT","inverseRate":45.216936748564},"xcd":{"code":"XCD","alphaCode":"XCD","numericCode":"951","name":"East Caribbean Dollar","rate":0.0013691669052391,"date":"Sun, 27 Jun 2021 23:55:01 GMT","inverseRate":730.37114479872},"lak":{"code":"LAK","alphaCode":"LAK","numericCode":"418","name":"Lao kip","rate":4.7944862155389,"date":"Sun, 27 Jun 2021 23:55:01 GMT","inverseRate":0.20857292211186},"bwp":{"code":"BWP","alphaCode":"BWP","numericCode":"072","name":"Botswana Pula","rate":0.005492391616423,"date":"Sun, 27 Jun 2021 23:55:01 GMT","inverseRate":182.07004704651},"nok":{"code":"NOK","alphaCode":"NOK","numericCode":"578","name":"Norwegian Krone","rate":0.0042994869414272,"date":"Sun, 27 Jun 2021 23:55:01 GMT","inverseRate":232.58589074073},"mad":{"code":"MAD","alphaCode":"MAD","numericCode":"504","name":"Moroccan Dirham","rate":0.0044765669327253,"date":"Sun, 27 Jun 2021 23:55:01 GMT","inverseRate":223.38546815633},"ron":{"code":"RON","alphaCode":"RON","numericCode":"946","name":"Romanian New Leu","rate":0.0020893194192447,"date":"Sun, 27 Jun 2021 23:55:01 GMT","inverseRate":478.62475732002},"byn":{"code":"BYN","alphaCode":"BYN","numericCode":"933","name":"Belarussian Ruble","rate":0.0012802168207879,"date":"Sun, 27 Jun 2021 23:55:01 GMT","inverseRate":781.11768550621},"rsd":{"code":"RSD","alphaCode":"RSD","numericCode":"941","name":"Serbian Dinar","rate":0.048913506801508,"date":"Sun, 27 Jun 2021 23:55:01 GMT","inverseRate":20.444250788602},"gmd":{"code":"GMD","alphaCode":"GMD","numericCode":"270","name":"Gambian dalasi","rate":0.026241426611798,"date":"Sun, 27 Jun 2021 23:55:01 GMT","inverseRate":38.10768426555},"awg":{"code":"AWG","alphaCode":"AWG","numericCode":"533","name":"Aruban florin","rate":0.00091461082424939,"date":"Sun, 27 Jun 2021 23:55:01 GMT","inverseRate":1093.3612127548},"aoa":{"code":"AOA","alphaCode":"AOA","numericCode":"973","name":"Angolan kwanza","rate":0.3298275862069,"date":"Sun, 27 Jun 2021 23:55:01 GMT","inverseRate":3.0318870883429},"khr":{"code":"KHR","alphaCode":"KHR","numericCode":"116","name":"Cambodian riel","rate":2.0592034445642,"date":"Sun, 27 Jun 2021 23:55:01 GMT","inverseRate":0.485624673288},"scr":{"code":"SCR","alphaCode":"SCR","numericCode":"690","name":"Seychelles rupee","rate":0.0075732383214572,"date":"Sun, 27 Jun 2021 23:55:01 GMT","inverseRate":132.04391008886},"bhd":{"code":"BHD","alphaCode":"BHD","numericCode":"048","name":"Bahrain Dinar","rate":0.00019071108645019,"date":"Sun, 27 Jun 2021 23:55:01 GMT","inverseRate":5243.5336540394},"omr":{"code":"OMR","alphaCode":"OMR","numericCode":"512","name":"Omani Rial","rate":0.00019491537680951,"date":"Sun, 27 Jun 2021 23:55:01 GMT","inverseRate":5130.4315563429},"rub":{"code":"RUB","alphaCode":"RUB","numericCode":"643","name":"Russian Rouble","rate":0.036571644736956,"date":"Sun, 27 Jun 2021 23:55:01 GMT","inverseRate":27.34358837817},"lyd":{"code":"LYD","alphaCode":"LYD","numericCode":"434","name":"Libyan Dinar","rate":0.0022554970081935,"date":"Sun, 27 Jun 2021 23:55:01 GMT","inverseRate":443.36126200448},"clp":{"code":"CLP","alphaCode":"CLP","numericCode":"152","name":"Chilean Peso","rate":0.37188635479938,"date":"Sun, 27 Jun 2021 23:55:01 GMT","inverseRate":2.6889935247543},"bsd":{"code":"BSD","alphaCode":"BSD","numericCode":"044","name":"Bahamian Dollar","rate":0.00050504250488411,"date":"Sun, 27 Jun 2021 23:55:01 GMT","inverseRate":1980.0313643492},"djf":{"code":"DJF","alphaCode":"DJF","numericCode":"262","name":"Djiboutian franc","rate":0.089951568157239,"date":"Sun, 27 Jun 2021 23:55:01 GMT","inverseRate":11.117093570308},"hnl":{"code":"HNL","alphaCode":"HNL","numericCode":"340","name":"Honduran Lempira","rate":0.012107594936709,"date":"Sun, 27 Jun 2021 23:55:01 GMT","inverseRate":82.592786199686},"tzs":{"code":"TZS","alphaCode":"TZS","numericCode":"834","name":"Tanzanian shilling","rate":1.1714635639927,"date":"Sun, 27 Jun 2021 23:55:01 GMT","inverseRate":0.85363303711446},"bbd":{"code":"BBD","alphaCode":"BBD","numericCode":"052","name":"Barbadian Dollar","rate":0.0010141436436054,"date":"Sun, 27 Jun 2021 23:55:01 GMT","inverseRate":986.05360917597},"bdt":{"code":"BDT","alphaCode":"BDT","numericCode":"050","name":"Bangladeshi taka","rate":0.042872031769408,"date":"Sun, 27 Jun 2021 23:55:01 GMT","inverseRate":23.325229962942},"qar":{"code":"QAR","alphaCode":"QAR","numericCode":"634","name":"Qatari Rial","rate":0.0018536683417428,"date":"Sun, 27 Jun 2021 23:55:01 GMT","inverseRate":539.47083061245},"mxn":{"code":"MXN","alphaCode":"MXN","numericCode":"484","name":"Mexican Peso","rate":0.01003172073992,"date":"Sun, 27 Jun 2021 23:55:01 GMT","inverseRate":99.68379562448},"amd":{"code":"AMD","alphaCode":"AMD","numericCode":"051","name":"Armenia Dram","rate":0.26233917338396,"date":"Sun, 27 Jun 2021 23:55:01 GMT","inverseRate":3.8118592320805},"uyu":{"code":"UYU","alphaCode":"UYU","numericCode":"858","name":"Uruguayan Peso","rate":0.022056155773857,"date":"Sun, 27 Jun 2021 23:55:01 GMT","inverseRate":45.338816530544},"fjd":{"code":"FJD","alphaCode":"FJD","numericCode":"242","name":"Fiji Dollar","rate":0.0010422228275674,"date":"Sun, 27 Jun 2021 23:55:01 GMT","inverseRate":959.48771562988},"cdf":{"code":"CDF","alphaCode":"CDF","numericCode":"976","name":"Congolese franc","rate":1.0047268907563,"date":"Sun, 27 Jun 2021 23:55:01 GMT","inverseRate":0.99529534762153},"lsl":{"code":"LSL","alphaCode":"LSL","numericCode":"426","name":"Lesotho loti","rate":0.0071863260706237,"date":"Sun, 27 Jun 2021 23:55:01 GMT","inverseRate":139.15316257188},"mnt":{"code":"MNT","alphaCode":"MNT","numericCode":"496","name":"Mongolian togrog","rate":1.4405120481928,"date":"Sun, 27 Jun 2021 23:55:01 GMT","inverseRate":0.6941975953999},"brl":{"code":"BRL","alphaCode":"BRL","numericCode":"986","name":"Brazilian Real","rate":0.0025326786737294,"date":"Sun, 27 Jun 2021 23:55:01 GMT","inverseRate":394.83887568236},"hkd":{"code":"HKD","alphaCode":"HKD","numericCode":"344","name":"Hong Kong Dollar","rate":0.0039333378031358,"date":"Sun, 27 Jun 2021 23:55:01 GMT","inverseRate":254.23699922309},"thb":{"code":"THB","alphaCode":"THB","numericCode":"764","name":"Thai Baht","rate":0.016014866497734,"date":"Sun, 27 Jun 2021 23:55:01 GMT","inverseRate":62.44198165133},"xaf":{"code":"XAF","alphaCode":"XAF","numericCode":"950","name":"Central African CFA Franc","rate":0.27878792804034,"date":"Sun, 27 Jun 2021 23:55:01 GMT","inverseRate":3.5869558880445},"mdl":{"code":"MDL","alphaCode":"MDL","numericCode":"498","name":"Moldova Lei","rate":0.0091172151757838,"date":"Sun, 27 Jun 2021 23:55:01 GMT","inverseRate":109.68261478089},"nio":{"code":"NIO","alphaCode":"NIO","numericCode":"558","name":"Nicaraguan C\u00f3rdoba","rate":0.017724224669767,"date":"Sun, 27 Jun 2021 23:55:01 GMT","inverseRate":56.419957353945},"lrd":{"code":"LRD","alphaCode":"LRD","numericCode":"430","name":"Liberian dollar","rate":0.086561085972855,"date":"Sun, 27 Jun 2021 23:55:01 GMT","inverseRate":11.552535284892},"sdg":{"code":"SDG","alphaCode":"SDG","numericCode":"938","name":"Sudanese pound","rate":0.22244186046512,"date":"Sun, 27 Jun 2021 23:55:01 GMT","inverseRate":4.4955567171981},"mru":{"code":"MRU","alphaCode":"MRU","numericCode":"929","name":"Mauritanian ouguiya","rate":0.018253816793893,"date":"Sun, 27 Jun 2021 23:55:01 GMT","inverseRate":54.783063251438},"dkk":{"code":"DKK","alphaCode":"DKK","numericCode":"208","name":"Danish Krone","rate":0.0031541629879581,"date":"Sun, 27 Jun 2021 23:55:01 GMT","inverseRate":317.04132088854},"jod":{"code":"JOD","alphaCode":"JOD","numericCode":"400","name":"Jordanian Dinar","rate":0.00035903972950541,"date":"Sun, 27 Jun 2021 23:55:01 GMT","inverseRate":2785.2070894147},"bgn":{"code":"BGN","alphaCode":"BGN","numericCode":"975","name":"Bulgarian Lev","rate":0.00082957970528959,"date":"Sun, 27 Jun 2021 23:55:01 GMT","inverseRate":1205.4296815891},"vnd":{"code":"VND","alphaCode":"VND","numericCode":"704","name":"Vietnamese Dong","rate":11.656034947281,"date":"Sun, 27 Jun 2021 23:55:01 GMT","inverseRate":0.085792467552036},"uzs":{"code":"UZS","alphaCode":"UZS","numericCode":"860","name":"Uzbekistan Sum","rate":5.342886069161,"date":"Sun, 27 Jun 2021 23:55:01 GMT","inverseRate":0.18716476208841},"pab":{"code":"PAB","alphaCode":"PAB","numericCode":"590","name":"Panamanian Balboa","rate":0.00050504250488411,"date":"Sun, 27 Jun 2021 23:55:01 GMT","inverseRate":1980.0313643492},"ttd":{"code":"TTD","alphaCode":"TTD","numericCode":"780","name":"Trinidad Tobago Dollar","rate":0.0034344703770197,"date":"Sun, 27 Jun 2021 23:55:01 GMT","inverseRate":291.16570831156},"htg":{"code":"HTG","alphaCode":"HTG","numericCode":"332","name":"Haitian gourde","rate":0.047468982630274,"date":"Sun, 27 Jun 2021 23:55:01 GMT","inverseRate":21.066387872451},"cup":{"code":"CUP","alphaCode":"CUP","numericCode":"192","name":"Cuban peso","rate":0.00050504250488411,"date":"Sun, 27 Jun 2021 23:55:01 GMT","inverseRate":1980.0313643492}}