{"usd":{"code":"USD","alphaCode":"USD","numericCode":"840","name":"U.S. Dollar","rate":0.74513232138598,"date":"Sun, 27 Jun 2021 23:55:01 GMT","inverseRate":1.3420435153584},"eur":{"code":"EUR","alphaCode":"EUR","numericCode":"978","name":"Euro","rate":0.62378655914813,"date":"Sun, 27 Jun 2021 23:55:01 GMT","inverseRate":1.6031124514219},"gbp":{"code":"GBP","alphaCode":"GBP","numericCode":"826","name":"U.K. Pound Sterling","rate":0.53581159090951,"date":"Sun, 27 Jun 2021 23:55:01 GMT","inverseRate":1.8663276736932},"jpy":{"code":"JPY","alphaCode":"JPY","numericCode":"392","name":"Japanese Yen","rate":82.510619430554,"date":"Sun, 27 Jun 2021 23:55:01 GMT","inverseRate":0.012119652075108},"aud":{"code":"AUD","alphaCode":"AUD","numericCode":"036","name":"Australian Dollar","rate":0.98082863981543,"date":"Sun, 27 Jun 2021 23:55:01 GMT","inverseRate":1.0195460852246},"chf":{"code":"CHF","alphaCode":"CHF","numericCode":"756","name":"Swiss Franc","rate":0.68329731657737,"date":"Sun, 27 Jun 2021 23:55:01 GMT","inverseRate":1.4634917710624},"cad":{"code":"CAD","alphaCode":"CAD","numericCode":"124","name":"Canadian Dollar","rate":0.91650851544782,"date":"Sun, 27 Jun 2021 23:55:01 GMT","inverseRate":1.0910973364076},"lkr":{"code":"LKR","alphaCode":"LKR","numericCode":"144","name":"Sri Lanka Rupee","rate":148.05873384836,"date":"Sun, 27 Jun 2021 23:55:01 GMT","inverseRate":0.0067540763993306},"pln":{"code":"PLN","alphaCode":"PLN","numericCode":"985","name":"Polish Zloty","rate":2.813457145494,"date":"Sun, 27 Jun 2021 23:55:01 GMT","inverseRate":0.35543459462376},"pen":{"code":"PEN","alphaCode":"PEN","numericCode":"604","name":"Peruvian Nuevo Sol","rate":2.9657764987546,"date":"Sun, 27 Jun 2021 23:55:01 GMT","inverseRate":0.33717982471704},"iqd":{"code":"IQD","alphaCode":"IQD","numericCode":"368","name":"Iraqi dinar","rate":1084.991608067,"date":"Sun, 27 Jun 2021 23:55:01 GMT","inverseRate":0.0009216661148021},"svc":{"code":"SVC","alphaCode":"SVC","numericCode":"222","name":"Salvadoran colon","rate":6.5035838150288,"date":"Sun, 27 Jun 2021 23:55:01 GMT","inverseRate":0.15376137656428},"cve":{"code":"CVE","alphaCode":"CVE","numericCode":"132","name":"Cape Verde escudo","rate":69.45185185185,"date":"Sun, 27 Jun 2021 23:55:01 GMT","inverseRate":0.014398464163823},"zmw":{"code":"ZMW","alphaCode":"ZMW","numericCode":"967","name":"Zambian kwacha","rate":16.782816229117,"date":"Sun, 27 Jun 2021 23:55:01 GMT","inverseRate":0.059584755403868},"yer":{"code":"YER","alphaCode":"YER","numericCode":"886","name":"Yemeni rial","rate":186.84734954165,"date":"Sun, 27 Jun 2021 23:55:01 GMT","inverseRate":0.005351962457338},"dop":{"code":"DOP","alphaCode":"DOP","numericCode":"214","name":"Dominican Peso","rate":42.304135030174,"date":"Sun, 27 Jun 2021 23:55:01 GMT","inverseRate":0.02363835117505},"nzd":{"code":"NZD","alphaCode":"NZD","numericCode":"554","name":"New Zealand Dollar","rate":1.0527498620887,"date":"Sun, 27 Jun 2021 23:55:01 GMT","inverseRate":0.94989326145904},"hrk":{"code":"HRK","alphaCode":"HRK","numericCode":"191","name":"Croatian Kuna","rate":4.6753507801632,"date":"Sun, 27 Jun 2021 23:55:01 GMT","inverseRate":0.21388769463948},"dzd":{"code":"DZD","alphaCode":"DZD","numericCode":"012","name":"Algerian Dinar","rate":99.225424754992,"date":"Sun, 27 Jun 2021 23:55:01 GMT","inverseRate":0.010078062174782},"ars":{"code":"ARS","alphaCode":"ARS","numericCode":"032","name":"Argentine Peso","rate":71.046652449273,"date":"Sun, 27 Jun 2021 23:55:01 GMT","inverseRate":0.014075258517127},"stn":{"code":"STN","alphaCode":"STN","numericCode":"930","name":"S\u00e3o Tom\u00e9 and Pr\u00edncipe Dobra","rate":15.429511793746,"date":"Sun, 27 Jun 2021 23:55:01 GMT","inverseRate":0.064810864618887},"xpf":{"code":"XPF","alphaCode":"XPF","numericCode":"953","name":"CFP Franc","rate":74.328145231614,"date":"Sun, 27 Jun 2021 23:55:01 GMT","inverseRate":0.013453853811149},"all":{"code":"ALL","alphaCode":"ALL","numericCode":"008","name":"Albanian lek","rate":76.312433869612,"date":"Sun, 27 Jun 2021 23:55:01 GMT","inverseRate":0.013104024459613},"mur":{"code":"MUR","alphaCode":"MUR","numericCode":"480","name":"Mauritian Rupee","rate":30.50759219089,"date":"Sun, 27 Jun 2021 23:55:01 GMT","inverseRate":0.032778725824801},"sos":{"code":"SOS","alphaCode":"SOS","numericCode":"706","name":"Somali shilling","rate":429.76317799848,"date":"Sun, 27 Jun 2021 23:55:01 GMT","inverseRate":0.0023268629124004},"ang":{"code":"ANG","alphaCode":"ANG","numericCode":"532","name":"Neth. Antillean Guilder","rate":1.3251487468042,"date":"Sun, 27 Jun 2021 23:55:01 GMT","inverseRate":0.7546322648017},"pkr":{"code":"PKR","alphaCode":"PKR","numericCode":"586","name":"Pakistani Rupee","rate":115.23409425201,"date":"Sun, 27 Jun 2021 23:55:01 GMT","inverseRate":0.0086779872440621},"krw":{"code":"KRW","alphaCode":"KRW","numericCode":"410","name":"South Korean Won","rate":839.91532305625,"date":"Sun, 27 Jun 2021 23:55:01 GMT","inverseRate":0.0011905962095813},"azn":{"code":"AZN","alphaCode":"AZN","numericCode":"944","name":"Azerbaijan Manat","rate":1.2630659465239,"date":"Sun, 27 Jun 2021 23:55:01 GMT","inverseRate":0.79172429812721},"pyg":{"code":"PYG","alphaCode":"PYG","numericCode":"600","name":"Paraguayan Guaran\u00ed","rate":5050.9289811445,"date":"Sun, 27 Jun 2021 23:55:01 GMT","inverseRate":0.00019798338161813},"kmf":{"code":"KMF","alphaCode":"KMF","numericCode":"174","name":"\tComoro franc","rate":307.94832493979,"date":"Sun, 27 Jun 2021 23:55:01 GMT","inverseRate":0.0032472980659841},"szl":{"code":"SZL","alphaCode":"SZL","numericCode":"748","name":"Swazi lilangeni","rate":10.562523469771,"date":"Sun, 27 Jun 2021 23:55:01 GMT","inverseRate":0.094674345847554},"wst":{"code":"WST","alphaCode":"WST","numericCode":"882","name":"Samoan tala","rate":1.8886725307191,"date":"Sun, 27 Jun 2021 23:55:01 GMT","inverseRate":0.52947241183164},"egp":{"code":"EGP","alphaCode":"EGP","numericCode":"818","name":"Egyptian Pound","rate":11.68131992974,"date":"Sun, 27 Jun 2021 23:55:01 GMT","inverseRate":0.085606764134078},"sgd":{"code":"SGD","alphaCode":"SGD","numericCode":"702","name":"Singapore Dollar","rate":0.9998431137566,"date":"Sun, 27 Jun 2021 23:55:01 GMT","inverseRate":1.0001569108606},"zar":{"code":"ZAR","alphaCode":"ZAR","numericCode":"710","name":"South African Rand","rate":10.504629601903,"date":"Sun, 27 Jun 2021 23:55:01 GMT","inverseRate":0.095196121890755},"kgs":{"code":"KGS","alphaCode":"KGS","numericCode":"417","name":"Kyrgyzstan Som","rate":62.278221182378,"date":"Sun, 27 Jun 2021 23:55:01 GMT","inverseRate":0.016056977559965},"crc":{"code":"CRC","alphaCode":"CRC","numericCode":"188","name":"Costa Rican Col\u00f3n","rate":460.2210086531,"date":"Sun, 27 Jun 2021 23:55:01 GMT","inverseRate":0.0021728690807198},"jmd":{"code":"JMD","alphaCode":"JMD","numericCode":"388","name":"Jamaican Dollar","rate":111.17786561265,"date":"Sun, 27 Jun 2021 23:55:01 GMT","inverseRate":0.0089945961319683},"ssp":{"code":"SSP","alphaCode":"SSP","numericCode":"728","name":"South Sudanese pound","rate":132.14319270882,"date":"Sun, 27 Jun 2021 23:55:01 GMT","inverseRate":0.0075675483503982},"ern":{"code":"ERN","alphaCode":"ERN","numericCode":"232","name":"Eritrean nakfa","rate":11.201911589009,"date":"Sun, 27 Jun 2021 23:55:01 GMT","inverseRate":0.089270477815698},"bam":{"code":"BAM","alphaCode":"BAM","numericCode":"977","name":"Bosnia and Herzegovina convertible mark","rate":1.2300695325141,"date":"Sun, 27 Jun 2021 23:55:01 GMT","inverseRate":0.81296217292377},"inr":{"code":"INR","alphaCode":"INR","numericCode":"356","name":"Indian Rupee","rate":55.279444502187,"date":"Sun, 27 Jun 2021 23:55:01 GMT","inverseRate":0.018089906818084},"try":{"code":"TRY","alphaCode":"TRY","numericCode":"949","name":"Turkish Lira","rate":6.4909508299353,"date":"Sun, 27 Jun 2021 23:55:01 GMT","inverseRate":0.1540606339811},"twd":{"code":"TWD","alphaCode":"TWD","numericCode":"901","name":"New Taiwan Dollar ","rate":20.787975859844,"date":"Sun, 27 Jun 2021 23:55:01 GMT","inverseRate":0.048104731636317},"tmt":{"code":"TMT","alphaCode":"TMT","numericCode":"934","name":"New Turkmenistan Manat","rate":2.6012286382693,"date":"Sun, 27 Jun 2021 23:55:01 GMT","inverseRate":0.38443371923866},"mga":{"code":"MGA","alphaCode":"MGA","numericCode":"969","name":"Malagasy ariary","rate":2812.8,"date":"Sun, 27 Jun 2021 23:55:01 GMT","inverseRate":0.00035551763367463},"srd":{"code":"SRD","alphaCode":"SRD","numericCode":"968","name":"Surinamese dollar","rate":15.463441451347,"date":"Sun, 27 Jun 2021 23:55:01 GMT","inverseRate":0.064668657565416},"ghs":{"code":"GHS","alphaCode":"GHS","numericCode":"936","name":"Ghanaian Cedi","rate":4.3313828149061,"date":"Sun, 27 Jun 2021 23:55:01 GMT","inverseRate":0.2308731513083},"mop":{"code":"MOP","alphaCode":"MOP","numericCode":"446","name":"Macanese pataca","rate":5.9467230443974,"date":"Sun, 27 Jun 2021 23:55:01 GMT","inverseRate":0.1681598407281},"lbp":{"code":"LBP","alphaCode":"LBP","numericCode":"422","name":"Lebanese Pound","rate":1122.0482699184,"date":"Sun, 27 Jun 2021 23:55:01 GMT","inverseRate":0.0008912272553771},"huf":{"code":"HUF","alphaCode":"HUF","numericCode":"348","name":"Hungarian Forint","rate":219.25865763064,"date":"Sun, 27 Jun 2021 23:55:01 GMT","inverseRate":0.0045608233253192},"ngn":{"code":"NGN","alphaCode":"NGN","numericCode":"566","name":"Nigerian Naira","rate":305.44891174695,"date":"Sun, 27 Jun 2021 23:55:01 GMT","inverseRate":0.0032738699060367},"irr":{"code":"IRR","alphaCode":"IRR","numericCode":"364","name":"Iranian rial","rate":31217.99176285,"date":"Sun, 27 Jun 2021 23:55:01 GMT","inverseRate":3.2032810040972e-5},"ves":{"code":"VES","alphaCode":"VES","numericCode":"928","name":"Venezuelan Bolivar","rate":2363697.4789915,"date":"Sun, 27 Jun 2021 23:55:01 GMT","inverseRate":4.2306598407282e-7},"sbd":{"code":"SBD","alphaCode":"SBD","numericCode":"090","name":"Solomon Islands dollar","rate":6.0581520568598,"date":"Sun, 27 Jun 2021 23:55:01 GMT","inverseRate":0.16506683731513},"mwk":{"code":"MWK","alphaCode":"MWK","numericCode":"454","name":"Malawian kwacha","rate":598.46808510638,"date":"Sun, 27 Jun 2021 23:55:01 GMT","inverseRate":0.0016709328782708},"gtq":{"code":"GTQ","alphaCode":"GTQ","numericCode":"320","name":"Guatemalan Quetzal","rate":5.7462717058222,"date":"Sun, 27 Jun 2021 23:55:01 GMT","inverseRate":0.17402588168373},"sek":{"code":"SEK","alphaCode":"SEK","numericCode":"752","name":"Swedish Krona","rate":6.3086582563696,"date":"Sun, 27 Jun 2021 23:55:01 GMT","inverseRate":0.15851231107507},"npr":{"code":"NPR","alphaCode":"NPR","numericCode":"524","name":"Nepalese Rupee","rate":88.354742854775,"date":"Sun, 27 Jun 2021 23:55:01 GMT","inverseRate":0.011318011548556},"isk":{"code":"ISK","alphaCode":"ISK","numericCode":"352","name":"Icelandic Krona","rate":91.698930989235,"date":"Sun, 27 Jun 2021 23:55:01 GMT","inverseRate":0.010905252539066},"gip":{"code":"GIP","alphaCode":"GIP","numericCode":"292","name":"Gibraltar pound","rate":0.53335389817772,"date":"Sun, 27 Jun 2021 23:55:01 GMT","inverseRate":1.8749277045066},"gel":{"code":"GEL","alphaCode":"GEL","numericCode":"981","name":"Georgian lari","rate":2.4135142076387,"date":"Sun, 27 Jun 2021 23:55:01 GMT","inverseRate":0.41433358744482},"mkd":{"code":"MKD","alphaCode":"MKD","numericCode":"807","name":"Macedonian denar","rate":38.479848969874,"date":"Sun, 27 Jun 2021 23:55:01 GMT","inverseRate":0.02598762798635},"bif":{"code":"BIF","alphaCode":"BIF","numericCode":"108","name":"Burundian franc","rate":1470.3606900156,"date":"Sun, 27 Jun 2021 23:55:01 GMT","inverseRate":0.00068010523321958},"mmk":{"code":"MMK","alphaCode":"MMK","numericCode":"104","name":"Myanma Kyat","rate":1222.9565217391,"date":"Sun, 27 Jun 2021 23:55:01 GMT","inverseRate":0.00081769055745168},"mvr":{"code":"MVR","alphaCode":"MVR","numericCode":"462","name":"Maldivian rufiyaa","rate":11.485504287464,"date":"Sun, 27 Jun 2021 23:55:01 GMT","inverseRate":0.08706626848692},"kes":{"code":"KES","alphaCode":"KES","numericCode":"404","name":"Kenyan shilling","rate":80.050088223577,"date":"Sun, 27 Jun 2021 23:55:01 GMT","inverseRate":0.012492178612059},"aed":{"code":"AED","alphaCode":"AED","numericCode":"784","name":"U.A.E Dirham","rate":2.731640293575,"date":"Sun, 27 Jun 2021 23:55:01 GMT","inverseRate":0.36608041049624},"php":{"code":"PHP","alphaCode":"PHP","numericCode":"608","name":"Philippine Peso","rate":36.140410735382,"date":"Sun, 27 Jun 2021 23:55:01 GMT","inverseRate":0.027669857083859},"ils":{"code":"ILS","alphaCode":"ILS","numericCode":"376","name":"Israeli New Sheqel","rate":2.4197815199501,"date":"Sun, 27 Jun 2021 23:55:01 GMT","inverseRate":0.41326045006767},"mro":{"code":"MRO","alphaCode":"MRO","numericCode":"478","name":"Mauritanian Ouguiya","rate":26.981250455462,"date":"Sun, 27 Jun 2021 23:55:01 GMT","inverseRate":0.037062774449639},"cop":{"code":"COP","alphaCode":"COP","numericCode":"170","name":"Colombian Peso","rate":2801.6091374288,"date":"Sun, 27 Jun 2021 23:55:01 GMT","inverseRate":0.00035693772790796},"bzd":{"code":"BZD","alphaCode":"BZD","numericCode":"084","name":"Belize dollar","rate":1.4976040890214,"date":"Sun, 27 Jun 2021 23:55:01 GMT","inverseRate":0.66773321956769},"gnf":{"code":"GNF","alphaCode":"GNF","numericCode":"324","name":"Guinean franc","rate":7287.0466321242,"date":"Sun, 27 Jun 2021 23:55:01 GMT","inverseRate":0.00013722980659841},"sll":{"code":"SLL","alphaCode":"SLL","numericCode":"694","name":"Sierra Leonean leone","rate":7622.7642276421,"date":"Sun, 27 Jun 2021 23:55:01 GMT","inverseRate":0.00013118600682594},"ugx":{"code":"UGX","alphaCode":"UGX","numericCode":"800","name":"Ugandan shilling","rate":2656.090651558,"date":"Sun, 27 Jun 2021 23:55:01 GMT","inverseRate":0.00037649317406144},"cny":{"code":"CNY","alphaCode":"CNY","numericCode":"156","name":"Chinese Yuan","rate":4.8103359662016,"date":"Sun, 27 Jun 2021 23:55:01 GMT","inverseRate":0.20788568761646},"sar":{"code":"SAR","alphaCode":"SAR","numericCode":"682","name":"Saudi Riyal","rate":2.7941664501745,"date":"Sun, 27 Jun 2021 23:55:01 GMT","inverseRate":0.35788848582644},"myr":{"code":"MYR","alphaCode":"MYR","numericCode":"458","name":"Malaysian Ringgit","rate":3.0876357286573,"date":"Sun, 27 Jun 2021 23:55:01 GMT","inverseRate":0.32387240201903},"kzt":{"code":"KZT","alphaCode":"KZT","numericCode":"398","name":"Kazakhstani Tenge","rate":317.62272901434,"date":"Sun, 27 Jun 2021 23:55:01 GMT","inverseRate":0.0031483892953858},"bob":{"code":"BOB","alphaCode":"BOB","numericCode":"068","name":"Bolivian Boliviano","rate":5.120823012454,"date":"Sun, 27 Jun 2021 23:55:01 GMT","inverseRate":0.19528110961226},"gyd":{"code":"GYD","alphaCode":"GYD","numericCode":"328","name":"Guyanese dollar","rate":155.17184310696,"date":"Sun, 27 Jun 2021 23:55:01 GMT","inverseRate":0.0064444681456202},"rwf":{"code":"RWF","alphaCode":"RWF","numericCode":"646","name":"Rwandan franc","rate":747.0916334661,"date":"Sun, 27 Jun 2021 23:55:01 GMT","inverseRate":0.001338523890785},"mzn":{"code":"MZN","alphaCode":"MZN","numericCode":"943","name":"Mozambican metical","rate":47.353535353535,"date":"Sun, 27 Jun 2021 23:55:01 GMT","inverseRate":0.021117747440273},"vuv":{"code":"VUV","alphaCode":"VUV","numericCode":"548","name":"Vanuatu vatu","rate":81.625072547879,"date":"Sun, 27 Jun 2021 23:55:01 GMT","inverseRate":0.012251137656428},"idr":{"code":"IDR","alphaCode":"IDR","numericCode":"360","name":"Indonesian Rupiah","rate":10760.269379508,"date":"Sun, 27 Jun 2021 23:55:01 GMT","inverseRate":9.2934476334248e-5},"tnd":{"code":"TND","alphaCode":"TND","numericCode":"788","name":"Tunisian Dinar","rate":2.0376199940746,"date":"Sun, 27 Jun 2021 23:55:01 GMT","inverseRate":0.49076864327402},"xof":{"code":"XOF","alphaCode":"XOF","numericCode":"952","name":"West African CFA Franc","rate":409.57158344565,"date":"Sun, 27 Jun 2021 23:55:01 GMT","inverseRate":0.0024415756376143},"tjs":{"code":"TJS","alphaCode":"TJS","numericCode":"972","name":"Tajikistan Ruble","rate":8.4252638055558,"date":"Sun, 27 Jun 2021 23:55:01 GMT","inverseRate":0.11869064554876},"afn":{"code":"AFN","alphaCode":"AFN","numericCode":"971","name":"Afghan afghani","rate":58.766505097777,"date":"Sun, 27 Jun 2021 23:55:01 GMT","inverseRate":0.017016496018203},"nad":{"code":"NAD","alphaCode":"NAD","numericCode":"516","name":"Namibian dollar","rate":10.562523469771,"date":"Sun, 27 Jun 2021 23:55:01 GMT","inverseRate":0.094674345847554},"syp":{"code":"SYP","alphaCode":"SYP","numericCode":"760","name":"Syrian pound","rate":1875.1999999999,"date":"Sun, 27 Jun 2021 23:55:01 GMT","inverseRate":0.00053327645051196},"top":{"code":"TOP","alphaCode":"TOP","numericCode":"776","name":"Tongan pa\u02bbanga","rate":1.6459710925156,"date":"Sun, 27 Jun 2021 23:55:01 GMT","inverseRate":0.60754408418658},"kwd":{"code":"KWD","alphaCode":"KWD","numericCode":"414","name":"Kuwaiti Dinar","rate":0.22410623497405,"date":"Sun, 27 Jun 2021 23:55:01 GMT","inverseRate":4.4621694711697},"czk":{"code":"CZK","alphaCode":"CZK","numericCode":"203","name":"Czech Koruna","rate":15.891464360687,"date":"Sun, 27 Jun 2021 23:55:01 GMT","inverseRate":0.062926862956308},"pgk":{"code":"PGK","alphaCode":"PGK","numericCode":"598","name":"Papua New Guinean kina","rate":2.6151199225148,"date":"Sun, 27 Jun 2021 23:55:01 GMT","inverseRate":0.38239164154215},"uah":{"code":"UAH","alphaCode":"UAH","numericCode":"980","name":"Ukrainian Hryvnia","rate":20.413020928374,"date":"Sun, 27 Jun 2021 23:55:01 GMT","inverseRate":0.048988339526463},"etb":{"code":"ETB","alphaCode":"ETB","numericCode":"230","name":"Ethiopian birr","rate":32.517919075142,"date":"Sun, 27 Jun 2021 23:55:01 GMT","inverseRate":0.030752275312858},"xcd":{"code":"XCD","alphaCode":"XCD","numericCode":"951","name":"East Caribbean Dollar","rate":2.0131691955339,"date":"Sun, 27 Jun 2021 23:55:01 GMT","inverseRate":0.49672923777019},"lak":{"code":"LAK","alphaCode":"LAK","numericCode":"418","name":"Lao kip","rate":7049.6240601503,"date":"Sun, 27 Jun 2021 23:55:01 GMT","inverseRate":0.00014185153583618},"bwp":{"code":"BWP","alphaCode":"BWP","numericCode":"072","name":"Botswana Pula","rate":8.0757967269598,"date":"Sun, 27 Jun 2021 23:55:01 GMT","inverseRate":0.12382679180887},"nok":{"code":"NOK","alphaCode":"NOK","numericCode":"578","name":"Norwegian Krone","rate":6.3217965859102,"date":"Sun, 27 Jun 2021 23:55:01 GMT","inverseRate":0.15818288146581},"mad":{"code":"MAD","alphaCode":"MAD","numericCode":"504","name":"Moroccan Dirham","rate":6.5821680441031,"date":"Sun, 27 Jun 2021 23:55:01 GMT","inverseRate":0.15192562591833},"ron":{"code":"RON","alphaCode":"RON","numericCode":"946","name":"Romanian New Leu","rate":3.0720531429437,"date":"Sun, 27 Jun 2021 23:55:01 GMT","inverseRate":0.3255152022018},"byn":{"code":"BYN","alphaCode":"BYN","numericCode":"933","name":"Belarussian Ruble","rate":1.8823804879834,"date":"Sun, 27 Jun 2021 23:55:01 GMT","inverseRate":0.53124222567314},"rsd":{"code":"RSD","alphaCode":"RSD","numericCode":"941","name":"Serbian Dinar","rate":71.92049761175,"date":"Sun, 27 Jun 2021 23:55:01 GMT","inverseRate":0.013904241950582},"gmd":{"code":"GMD","alphaCode":"GMD","numericCode":"270","name":"Gambian dalasi","rate":38.584362139919,"date":"Sun, 27 Jun 2021 23:55:01 GMT","inverseRate":0.02591723549488},"awg":{"code":"AWG","alphaCode":"AWG","numericCode":"533","name":"Aruban florin","rate":1.3448078026391,"date":"Sun, 27 Jun 2021 23:55:01 GMT","inverseRate":0.74360068259387},"aoa":{"code":"AOA","alphaCode":"AOA","numericCode":"973","name":"Angolan kwanza","rate":484.96551724138,"date":"Sun, 27 Jun 2021 23:55:01 GMT","inverseRate":0.0020620022753129},"khr":{"code":"KHR","alphaCode":"KHR","numericCode":"116","name":"Cambodian riel","rate":3027.7717976319,"date":"Sun, 27 Jun 2021 23:55:01 GMT","inverseRate":0.00033027588168372},"scr":{"code":"SCR","alphaCode":"SCR","numericCode":"690","name":"Seychelles rupee","rate":11.135391923991,"date":"Sun, 27 Jun 2021 23:55:01 GMT","inverseRate":0.08980375426621},"bhd":{"code":"BHD","alphaCode":"BHD","numericCode":"048","name":"Bahrain Dinar","rate":0.28041408466654,"date":"Sun, 27 Jun 2021 23:55:01 GMT","inverseRate":3.5661546786752},"omr":{"code":"OMR","alphaCode":"OMR","numericCode":"512","name":"Omani Rial","rate":0.2865959079403,"date":"Sun, 27 Jun 2021 23:55:01 GMT","inverseRate":3.4892333501437},"rub":{"code":"RUB","alphaCode":"RUB","numericCode":"643","name":"Russian Rouble","rate":53.773508790438,"date":"Sun, 27 Jun 2021 23:55:01 GMT","inverseRate":0.018596517550996},"lyd":{"code":"LYD","alphaCode":"LYD","numericCode":"434","name":"Libyan Dinar","rate":3.3163941372956,"date":"Sun, 27 Jun 2021 23:55:01 GMT","inverseRate":0.30153231449609},"clp":{"code":"CLP","alphaCode":"CLP","numericCode":"152","name":"Chilean Peso","rate":546.80707725022,"date":"Sun, 27 Jun 2021 23:55:01 GMT","inverseRate":0.0018287985682789},"bsd":{"code":"BSD","alphaCode":"BSD","numericCode":"044","name":"Bahamian Dollar","rate":0.74259464596863,"date":"Sun, 27 Jun 2021 23:55:01 GMT","inverseRate":1.3466296928328},"djf":{"code":"DJF","alphaCode":"DJF","numericCode":"262","name":"Djiboutian franc","rate":132.26124982367,"date":"Sun, 27 Jun 2021 23:55:01 GMT","inverseRate":0.0075607935153585},"hnl":{"code":"HNL","alphaCode":"HNL","numericCode":"340","name":"Honduran Lempira","rate":17.802531645569,"date":"Sun, 27 Jun 2021 23:55:01 GMT","inverseRate":0.056171786120593},"tzs":{"code":"TZS","alphaCode":"TZS","numericCode":"834","name":"Tanzanian shilling","rate":1722.4739742805,"date":"Sun, 27 Jun 2021 23:55:01 GMT","inverseRate":0.00058056029579067},"bbd":{"code":"BBD","alphaCode":"BBD","numericCode":"052","name":"Barbadian Dollar","rate":1.4911569475867,"date":"Sun, 27 Jun 2021 23:55:01 GMT","inverseRate":0.67062021983564},"bdt":{"code":"BDT","alphaCode":"BDT","numericCode":"050","name":"Bangladeshi taka","rate":63.03735021484,"date":"Sun, 27 Jun 2021 23:55:01 GMT","inverseRate":0.015863610963847},"qar":{"code":"QAR","alphaCode":"QAR","numericCode":"634","name":"Qatari Rial","rate":2.7255610620251,"date":"Sun, 27 Jun 2021 23:55:01 GMT","inverseRate":0.36689693506884},"mxn":{"code":"MXN","alphaCode":"MXN","numericCode":"484","name":"Mexican Peso","rate":14.750247829192,"date":"Sun, 27 Jun 2021 23:55:01 GMT","inverseRate":0.0677954710714},"amd":{"code":"AMD","alphaCode":"AMD","numericCode":"051","name":"Armenia Dram","rate":385.73320799497,"date":"Sun, 27 Jun 2021 23:55:01 GMT","inverseRate":0.0025924654120343},"uyu":{"code":"UYU","alphaCode":"UYU","numericCode":"858","name":"Uruguayan Peso","rate":32.430504422741,"date":"Sun, 27 Jun 2021 23:55:01 GMT","inverseRate":0.030835166390406},"fjd":{"code":"FJD","alphaCode":"FJD","numericCode":"242","name":"Fiji Dollar","rate":1.5324434758921,"date":"Sun, 27 Jun 2021 23:55:01 GMT","inverseRate":0.65255261660979},"cdf":{"code":"CDF","alphaCode":"CDF","numericCode":"976","name":"Congolese franc","rate":1477.3109243697,"date":"Sun, 27 Jun 2021 23:55:01 GMT","inverseRate":0.00067690557451651},"lsl":{"code":"LSL","alphaCode":"LSL","numericCode":"426","name":"Lesotho loti","rate":10.56649135988,"date":"Sun, 27 Jun 2021 23:55:01 GMT","inverseRate":0.094638794084188},"mnt":{"code":"MNT","alphaCode":"MNT","numericCode":"496","name":"Mongolian togrog","rate":2118.0722891566,"date":"Sun, 27 Jun 2021 23:55:01 GMT","inverseRate":0.00047212741751992},"brl":{"code":"BRL","alphaCode":"BRL","numericCode":"986","name":"Brazilian Real","rate":3.7239511622926,"date":"Sun, 27 Jun 2021 23:55:01 GMT","inverseRate":0.26853198563011},"hkd":{"code":"HKD","alphaCode":"HKD","numericCode":"344","name":"Hong Kong Dollar","rate":5.7834252862834,"date":"Sun, 27 Jun 2021 23:55:01 GMT","inverseRate":0.17290791364967},"thb":{"code":"THB","alphaCode":"THB","numericCode":"764","name":"Thai Baht","rate":23.547630154117,"date":"Sun, 27 Jun 2021 23:55:01 GMT","inverseRate":0.042467118493671},"xaf":{"code":"XAF","alphaCode":"XAF","numericCode":"950","name":"Central African CFA Franc","rate":409.91881024142,"date":"Sun, 27 Jun 2021 23:55:01 GMT","inverseRate":0.0024395074707868},"mdl":{"code":"MDL","alphaCode":"MDL","numericCode":"498","name":"Moldova Lei","rate":13.405594796887,"date":"Sun, 27 Jun 2021 23:55:01 GMT","inverseRate":0.074595720305692},"nio":{"code":"NIO","alphaCode":"NIO","numericCode":"558","name":"Nicaraguan C\u00f3rdoba","rate":26.061003215431,"date":"Sun, 27 Jun 2021 23:55:01 GMT","inverseRate":0.038371508254443},"lrd":{"code":"LRD","alphaCode":"LRD","numericCode":"430","name":"Liberian dollar","rate":127.27601809955,"date":"Sun, 27 Jun 2021 23:55:01 GMT","inverseRate":0.0078569397042091},"sdg":{"code":"SDG","alphaCode":"SDG","numericCode":"938","name":"Sudanese pound","rate":327.06976744185,"date":"Sun, 27 Jun 2021 23:55:01 GMT","inverseRate":0.0030574516496019},"mru":{"code":"MRU","alphaCode":"MRU","numericCode":"929","name":"Mauritanian ouguiya","rate":26.839694656488,"date":"Sun, 27 Jun 2021 23:55:01 GMT","inverseRate":0.037258248009102},"dkk":{"code":"DKK","alphaCode":"DKK","numericCode":"208","name":"Danish Krone","rate":4.6377572673959,"date":"Sun, 27 Jun 2021 23:55:01 GMT","inverseRate":0.21562146148315},"jod":{"code":"JOD","alphaCode":"JOD","numericCode":"400","name":"Jordanian Dinar","rate":0.5279179044186,"date":"Sun, 27 Jun 2021 23:55:01 GMT","inverseRate":1.8942339171112},"bgn":{"code":"BGN","alphaCode":"BGN","numericCode":"975","name":"Bulgarian Lev","rate":1.2197813878926,"date":"Sun, 27 Jun 2021 23:55:01 GMT","inverseRate":0.81981903472696},"vnd":{"code":"VND","alphaCode":"VND","numericCode":"704","name":"Vietnamese Dong","rate":17138.575587931,"date":"Sun, 27 Jun 2021 23:55:01 GMT","inverseRate":5.8347906152961e-5},"uzs":{"code":"UZS","alphaCode":"UZS","numericCode":"860","name":"Uzbekistan Sum","rate":7855.9696473265,"date":"Sun, 27 Jun 2021 23:55:01 GMT","inverseRate":0.00012729173417063},"pab":{"code":"PAB","alphaCode":"PAB","numericCode":"590","name":"Panamanian Balboa","rate":0.74259464596863,"date":"Sun, 27 Jun 2021 23:55:01 GMT","inverseRate":1.3466296928328},"ttd":{"code":"TTD","alphaCode":"TTD","numericCode":"780","name":"Trinidad Tobago Dollar","rate":5.049910233393,"date":"Sun, 27 Jun 2021 23:55:01 GMT","inverseRate":0.19802332195678},"htg":{"code":"HTG","alphaCode":"HTG","numericCode":"332","name":"Haitian gourde","rate":69.796526054591,"date":"Sun, 27 Jun 2021 23:55:01 GMT","inverseRate":0.014327360637088},"cup":{"code":"CUP","alphaCode":"CUP","numericCode":"192","name":"Cuban peso","rate":0.74259464596863,"date":"Sun, 27 Jun 2021 23:55:01 GMT","inverseRate":1.3466296928328}}