{"usd":{"code":"USD","alphaCode":"USD","numericCode":"840","name":"U.S. Dollar","rate":0.14551026652821,"date":"Sun, 27 Jun 2021 23:55:01 GMT","inverseRate":6.872367317162},"eur":{"code":"EUR","alphaCode":"EUR","numericCode":"978","name":"Euro","rate":0.12181373143166,"date":"Sun, 27 Jun 2021 23:55:01 GMT","inverseRate":8.2092551327929},"gbp":{"code":"GBP","alphaCode":"GBP","numericCode":"826","name":"U.K. Pound Sterling","rate":0.10463388201592,"date":"Sun, 27 Jun 2021 23:55:01 GMT","inverseRate":9.5571337002279},"jpy":{"code":"JPY","alphaCode":"JPY","numericCode":"392","name":"Japanese Yen","rate":16.112765317193,"date":"Sun, 27 Jun 2021 23:55:01 GMT","inverseRate":0.062062593249152},"aud":{"code":"AUD","alphaCode":"AUD","numericCode":"036","name":"Australian Dollar","rate":0.19153730512264,"date":"Sun, 27 Jun 2021 23:55:01 GMT","inverseRate":5.2209150554756},"chf":{"code":"CHF","alphaCode":"CHF","numericCode":"756","name":"Swiss Franc","rate":0.13343505817631,"date":"Sun, 27 Jun 2021 23:55:01 GMT","inverseRate":7.4942823397934},"cad":{"code":"CAD","alphaCode":"CAD","numericCode":"124","name":"Canadian Dollar","rate":0.17897679986573,"date":"Sun, 27 Jun 2021 23:55:01 GMT","inverseRate":5.5873163491033},"lkr":{"code":"LKR","alphaCode":"LKR","numericCode":"144","name":"Sri Lanka Rupee","rate":28.913073833694,"date":"Sun, 27 Jun 2021 23:55:01 GMT","inverseRate":0.034586429853565},"pln":{"code":"PLN","alphaCode":"PLN","numericCode":"985","name":"Polish Zloty","rate":0.5494150332186,"date":"Sun, 27 Jun 2021 23:55:01 GMT","inverseRate":1.8201176515716},"pen":{"code":"PEN","alphaCode":"PEN","numericCode":"604","name":"Peruvian Nuevo Sol","rate":0.57916012553876,"date":"Sun, 27 Jun 2021 23:55:01 GMT","inverseRate":1.7266382057462},"iqd":{"code":"IQD","alphaCode":"IQD","numericCode":"368","name":"Iraqi dinar","rate":211.87836514331,"date":"Sun, 27 Jun 2021 23:55:01 GMT","inverseRate":0.0047196890504777},"svc":{"code":"SVC","alphaCode":"SVC","numericCode":"222","name":"Salvadoran colon","rate":1.2700270638551,"date":"Sun, 27 Jun 2021 23:55:01 GMT","inverseRate":0.78738479553697},"cve":{"code":"CVE","alphaCode":"CVE","numericCode":"132","name":"Cape Verde escudo","rate":13.562634694255,"date":"Sun, 27 Jun 2021 23:55:01 GMT","inverseRate":0.0737319866341},"zmw":{"code":"ZMW","alphaCode":"ZMW","numericCode":"967","name":"Zambian kwacha","rate":3.2773669756405,"date":"Sun, 27 Jun 2021 23:55:01 GMT","inverseRate":0.30512298666357},"yer":{"code":"YER","alphaCode":"YER","numericCode":"886","name":"Yemeni rial","rate":36.487757746602,"date":"Sun, 27 Jun 2021 23:55:01 GMT","inverseRate":0.027406452513326},"dop":{"code":"DOP","alphaCode":"DOP","numericCode":"214","name":"Dominican Peso","rate":8.2611984298791,"date":"Sun, 27 Jun 2021 23:55:01 GMT","inverseRate":0.12104781267367},"nzd":{"code":"NZD","alphaCode":"NZD","numericCode":"554","name":"New Zealand Dollar","rate":0.20558216121283,"date":"Sun, 27 Jun 2021 23:55:01 GMT","inverseRate":4.8642352726545},"hrk":{"code":"HRK","alphaCode":"HRK","numericCode":"191","name":"Croatian Kuna","rate":0.9130076881768,"date":"Sun, 27 Jun 2021 23:55:01 GMT","inverseRate":1.0952810287906},"dzd":{"code":"DZD","alphaCode":"DZD","numericCode":"012","name":"Algerian Dinar","rate":19.376851047902,"date":"Sun, 27 Jun 2021 23:55:01 GMT","inverseRate":0.051607972705568},"ars":{"code":"ARS","alphaCode":"ARS","numericCode":"032","name":"Argentine Peso","rate":13.87406912453,"date":"Sun, 27 Jun 2021 23:55:01 GMT","inverseRate":0.072076907720744},"stn":{"code":"STN","alphaCode":"STN","numericCode":"930","name":"S\u00e3o Tom\u00e9 and Pr\u00edncipe Dobra","rate":3.0130921838581,"date":"Sun, 27 Jun 2021 23:55:01 GMT","inverseRate":0.33188496699744},"xpf":{"code":"XPF","alphaCode":"XPF","numericCode":"953","name":"CFP Franc","rate":14.514882676251,"date":"Sun, 27 Jun 2021 23:55:01 GMT","inverseRate":0.068894804202325},"all":{"code":"ALL","alphaCode":"ALL","numericCode":"008","name":"Albanian lek","rate":14.90237676327,"date":"Sun, 27 Jun 2021 23:55:01 GMT","inverseRate":0.067103390008547},"mur":{"code":"MUR","alphaCode":"MUR","numericCode":"480","name":"Mauritian Rupee","rate":5.9575564546351,"date":"Sun, 27 Jun 2021 23:55:01 GMT","inverseRate":0.16785405352256},"sos":{"code":"SOS","alphaCode":"SOS","numericCode":"706","name":"Somali shilling","rate":83.924630270033,"date":"Sun, 27 Jun 2021 23:55:01 GMT","inverseRate":0.011915453148646},"ang":{"code":"ANG","alphaCode":"ANG","numericCode":"532","name":"Neth. Antillean Guilder","rate":0.25877651767722,"date":"Sun, 27 Jun 2021 23:55:01 GMT","inverseRate":3.8643382675369},"pkr":{"code":"PKR","alphaCode":"PKR","numericCode":"586","name":"Pakistani Rupee","rate":22.503041790696,"date":"Sun, 27 Jun 2021 23:55:01 GMT","inverseRate":0.044438436781176},"krw":{"code":"KRW","alphaCode":"KRW","numericCode":"410","name":"South Korean Won","rate":164.01959626676,"date":"Sun, 27 Jun 2021 23:55:01 GMT","inverseRate":0.0060968324685643},"azn":{"code":"AZN","alphaCode":"AZN","numericCode":"944","name":"Azerbaijan Manat","rate":0.24665291955064,"date":"Sun, 27 Jun 2021 23:55:01 GMT","inverseRate":4.0542800053688},"pyg":{"code":"PYG","alphaCode":"PYG","numericCode":"600","name":"Paraguayan Guaran\u00ed","rate":986.3510160106,"date":"Sun, 27 Jun 2021 23:55:01 GMT","inverseRate":0.0010138378566736},"bnd":{"code":"BND","alphaCode":"BND","numericCode":"096","name":"Brunei Dollar","rate":0.19528110961226,"date":"Sun, 27 Jun 2021 23:55:01 GMT","inverseRate":5.120823012454},"kmf":{"code":"KMF","alphaCode":"KMF","numericCode":"174","name":"\tComoro franc","rate":60.136490597477,"date":"Sun, 27 Jun 2021 23:55:01 GMT","inverseRate":0.016628838664589},"szl":{"code":"SZL","alphaCode":"SZL","numericCode":"748","name":"Swazi lilangeni","rate":2.0626613034824,"date":"Sun, 27 Jun 2021 23:55:01 GMT","inverseRate":0.48481056890519},"wst":{"code":"WST","alphaCode":"WST","numericCode":"882","name":"Samoan tala","rate":0.36882206749301,"date":"Sun, 27 Jun 2021 23:55:01 GMT","inverseRate":2.711334510967},"egp":{"code":"EGP","alphaCode":"EGP","numericCode":"818","name":"Egyptian Pound","rate":2.2811411176155,"date":"Sun, 27 Jun 2021 23:55:01 GMT","inverseRate":0.43837708779951},"sgd":{"code":"SGD","alphaCode":"SGD","numericCode":"702","name":"Singapore Dollar","rate":0.19525047269256,"date":"Sun, 27 Jun 2021 23:55:01 GMT","inverseRate":5.1216265251997},"zar":{"code":"ZAR","alphaCode":"ZAR","numericCode":"710","name":"South African Rand","rate":2.0513557247254,"date":"Sun, 27 Jun 2021 23:55:01 GMT","inverseRate":0.48748249167455},"kgs":{"code":"KGS","alphaCode":"KGS","numericCode":"417","name":"Kyrgyzstan Som","rate":12.161760137172,"date":"Sun, 27 Jun 2021 23:55:01 GMT","inverseRate":0.082224940199529},"crc":{"code":"CRC","alphaCode":"CRC","numericCode":"188","name":"Costa Rican Col\u00f3n","rate":89.87246923665,"date":"Sun, 27 Jun 2021 23:55:01 GMT","inverseRate":0.0111268779916},"jmd":{"code":"JMD","alphaCode":"JMD","numericCode":"388","name":"Jamaican Dollar","rate":21.71093696116,"date":"Sun, 27 Jun 2021 23:55:01 GMT","inverseRate":0.046059734860313},"ssp":{"code":"SSP","alphaCode":"SSP","numericCode":"728","name":"South Sudanese pound","rate":25.805069299885,"date":"Sun, 27 Jun 2021 23:55:01 GMT","inverseRate":0.038752075740578},"ern":{"code":"ERN","alphaCode":"ERN","numericCode":"232","name":"Eritrean nakfa","rate":2.18752172488,"date":"Sun, 27 Jun 2021 23:55:01 GMT","inverseRate":0.4571383171314},"bam":{"code":"BAM","alphaCode":"BAM","numericCode":"977","name":"Bosnia and Herzegovina convertible mark","rate":0.24020934320958,"date":"Sun, 27 Jun 2021 23:55:01 GMT","inverseRate":4.1630354033627},"inr":{"code":"INR","alphaCode":"INR","numericCode":"356","name":"Indian Rupee","rate":10.795031261136,"date":"Sun, 27 Jun 2021 23:55:01 GMT","inverseRate":0.092635211127194},"try":{"code":"TRY","alphaCode":"TRY","numericCode":"949","name":"Turkish Lira","rate":1.2675600805084,"date":"Sun, 27 Jun 2021 23:55:01 GMT","inverseRate":0.78891723980369},"twd":{"code":"TWD","alphaCode":"TWD","numericCode":"901","name":"New Taiwan Dollar ","rate":4.059498992503,"date":"Sun, 27 Jun 2021 23:55:01 GMT","inverseRate":0.24633581677118},"tmt":{"code":"TMT","alphaCode":"TMT","numericCode":"934","name":"New Turkmenistan Manat","rate":0.50797081483641,"date":"Sun, 27 Jun 2021 23:55:01 GMT","inverseRate":1.9686170362406},"mga":{"code":"MGA","alphaCode":"MGA","numericCode":"969","name":"Malagasy ariary","rate":549.28670511735,"date":"Sun, 27 Jun 2021 23:55:01 GMT","inverseRate":0.0018205428798543},"srd":{"code":"SRD","alphaCode":"SRD","numericCode":"968","name":"Surinamese dollar","rate":3.0197180050431,"date":"Sun, 27 Jun 2021 23:55:01 GMT","inverseRate":0.33115674984549},"ghs":{"code":"GHS","alphaCode":"GHS","numericCode":"936","name":"Ghanaian Cedi","rate":0.84583724225033,"date":"Sun, 27 Jun 2021 23:55:01 GMT","inverseRate":1.1822605461773},"mop":{"code":"MOP","alphaCode":"MOP","numericCode":"446","name":"Macanese pataca","rate":1.1612826746667,"date":"Sun, 27 Jun 2021 23:55:01 GMT","inverseRate":0.86111678217107},"lbp":{"code":"LBP","alphaCode":"LBP","numericCode":"422","name":"Lebanese Pound","rate":219.11483118818,"date":"Sun, 27 Jun 2021 23:55:01 GMT","inverseRate":0.0045638170386613},"huf":{"code":"HUF","alphaCode":"HUF","numericCode":"348","name":"Hungarian Forint","rate":42.817073954205,"date":"Sun, 27 Jun 2021 23:55:01 GMT","inverseRate":0.023355169040032},"ngn":{"code":"NGN","alphaCode":"NGN","numericCode":"566","name":"Nigerian Naira","rate":59.6484024158,"date":"Sun, 27 Jun 2021 23:55:01 GMT","inverseRate":0.016764908354614},"irr":{"code":"IRR","alphaCode":"IRR","numericCode":"364","name":"Iranian rial","rate":6096.2840713157,"date":"Sun, 27 Jun 2021 23:55:01 GMT","inverseRate":0.00016403435081138},"ves":{"code":"VES","alphaCode":"VES","numericCode":"928","name":"Venezuelan Bolivar","rate":461585.46648516,"date":"Sun, 27 Jun 2021 23:55:01 GMT","inverseRate":2.1664460270266e-6},"sbd":{"code":"SBD","alphaCode":"SBD","numericCode":"090","name":"Solomon Islands dollar","rate":1.1830426558633,"date":"Sun, 27 Jun 2021 23:55:01 GMT","inverseRate":0.84527805911633},"mwk":{"code":"MWK","alphaCode":"MWK","numericCode":"454","name":"Malawian kwacha","rate":116.8695117271,"date":"Sun, 27 Jun 2021 23:55:01 GMT","inverseRate":0.0085565515353151},"gtq":{"code":"GTQ","alphaCode":"GTQ","numericCode":"320","name":"Guatemalan Quetzal","rate":1.1221383148465,"date":"Sun, 27 Jun 2021 23:55:01 GMT","inverseRate":0.89115573968867},"sek":{"code":"SEK","alphaCode":"SEK","numericCode":"752","name":"Swedish Krona","rate":1.2319617844684,"date":"Sun, 27 Jun 2021 23:55:01 GMT","inverseRate":0.81171349031051},"npr":{"code":"NPR","alphaCode":"NPR","numericCode":"524","name":"Nepalese Rupee","rate":17.254012224186,"date":"Sun, 27 Jun 2021 23:55:01 GMT","inverseRate":0.057957533993064},"isk":{"code":"ISK","alphaCode":"ISK","numericCode":"352","name":"Icelandic Krona","rate":17.907068993835,"date":"Sun, 27 Jun 2021 23:55:01 GMT","inverseRate":0.055843868158672},"gip":{"code":"GIP","alphaCode":"GIP","numericCode":"292","name":"Gibraltar pound","rate":0.10415394105217,"date":"Sun, 27 Jun 2021 23:55:01 GMT","inverseRate":9.6011729359249},"gel":{"code":"GEL","alphaCode":"GEL","numericCode":"981","name":"Georgian lari","rate":0.47131373253263,"date":"Sun, 27 Jun 2021 23:55:01 GMT","inverseRate":2.1217289694201},"mkd":{"code":"MKD","alphaCode":"MKD","numericCode":"807","name":"Macedonian denar","rate":7.514387604549,"date":"Sun, 27 Jun 2021 23:55:01 GMT","inverseRate":0.13307804343159},"bif":{"code":"BIF","alphaCode":"BIF","numericCode":"108","name":"Burundian franc","rate":287.1336670765,"date":"Sun, 27 Jun 2021 23:55:01 GMT","inverseRate":0.0034826985291613},"mmk":{"code":"MMK","alphaCode":"MMK","numericCode":"104","name":"Myanma Kyat","rate":238.82030657275,"date":"Sun, 27 Jun 2021 23:55:01 GMT","inverseRate":0.0041872486236649},"mvr":{"code":"MVR","alphaCode":"MVR","numericCode":"462","name":"Maldivian rufiyaa","rate":2.2429020217123,"date":"Sun, 27 Jun 2021 23:55:01 GMT","inverseRate":0.44585095127632},"kes":{"code":"KES","alphaCode":"KES","numericCode":"404","name":"Kenyan shilling","rate":15.632270052859,"date":"Sun, 27 Jun 2021 23:55:01 GMT","inverseRate":0.063970235712317},"aed":{"code":"AED","alphaCode":"AED","numericCode":"784","name":"U.A.E Dirham","rate":0.53343774759087,"date":"Sun, 27 Jun 2021 23:55:01 GMT","inverseRate":1.8746329904778},"php":{"code":"PHP","alphaCode":"PHP","numericCode":"608","name":"Philippine Peso","rate":7.0575395102482,"date":"Sun, 27 Jun 2021 23:55:01 GMT","inverseRate":0.14169244090634},"ils":{"code":"ILS","alphaCode":"ILS","numericCode":"376","name":"Israeli New Sheqel","rate":0.47253762023508,"date":"Sun, 27 Jun 2021 23:55:01 GMT","inverseRate":2.1162336228436},"mro":{"code":"MRO","alphaCode":"MRO","numericCode":"478","name":"Mauritanian Ouguiya","rate":5.2689285276687,"date":"Sun, 27 Jun 2021 23:55:01 GMT","inverseRate":0.18979190830711},"cop":{"code":"COP","alphaCode":"COP","numericCode":"170","name":"Colombian Peso","rate":547.10134105692,"date":"Sun, 27 Jun 2021 23:55:01 GMT","inverseRate":0.0018278149310841},"bzd":{"code":"BZD","alphaCode":"BZD","numericCode":"084","name":"Belize dollar","rate":0.29245378826395,"date":"Sun, 27 Jun 2021 23:55:01 GMT","inverseRate":3.4193436369422},"gnf":{"code":"GNF","alphaCode":"GNF","numericCode":"324","name":"Guinean franc","rate":1423.0225521175,"date":"Sun, 27 Jun 2021 23:55:01 GMT","inverseRate":0.00070272955162376},"sll":{"code":"SLL","alphaCode":"SLL","numericCode":"694","name":"Sierra Leonean leone","rate":1488.5818566866,"date":"Sun, 27 Jun 2021 23:55:01 GMT","inverseRate":0.00067178032266624},"ugx":{"code":"UGX","alphaCode":"UGX","numericCode":"800","name":"Ugandan shilling","rate":518.68432966699,"date":"Sun, 27 Jun 2021 23:55:01 GMT","inverseRate":0.0019279549097657},"cny":{"code":"CNY","alphaCode":"CNY","numericCode":"156","name":"Chinese Yuan","rate":0.9393677450876,"date":"Sun, 27 Jun 2021 23:55:01 GMT","inverseRate":1.0645458131062},"sar":{"code":"SAR","alphaCode":"SAR","numericCode":"682","name":"Saudi Riyal","rate":0.54564792483142,"date":"Sun, 27 Jun 2021 23:55:01 GMT","inverseRate":1.8326835941124},"myr":{"code":"MYR","alphaCode":"MYR","numericCode":"458","name":"Malaysian Ringgit","rate":0.60295693117064,"date":"Sun, 27 Jun 2021 23:55:01 GMT","inverseRate":1.6584932493578},"kzt":{"code":"KZT","alphaCode":"KZT","numericCode":"398","name":"Kazakhstani Tenge","rate":62.025718959994,"date":"Sun, 27 Jun 2021 23:55:01 GMT","inverseRate":0.016122344355976},"gyd":{"code":"GYD","alphaCode":"GYD","numericCode":"328","name":"Guyanese dollar","rate":30.302129702507,"date":"Sun, 27 Jun 2021 23:55:01 GMT","inverseRate":0.033000980783119},"rwf":{"code":"RWF","alphaCode":"RWF","numericCode":"646","name":"Rwandan franc","rate":145.89288316529,"date":"Sun, 27 Jun 2021 23:55:01 GMT","inverseRate":0.0068543439426515},"mzn":{"code":"MZN","alphaCode":"MZN","numericCode":"943","name":"Mozambican metical","rate":9.2472509279016,"date":"Sun, 27 Jun 2021 23:55:01 GMT","inverseRate":0.10814024706334},"vuv":{"code":"VUV","alphaCode":"VUV","numericCode":"548","name":"Vanuatu vatu","rate":15.939834739331,"date":"Sun, 27 Jun 2021 23:55:01 GMT","inverseRate":0.062735907639779},"idr":{"code":"IDR","alphaCode":"IDR","numericCode":"360","name":"Indonesian Rupiah","rate":2101.2773441571,"date":"Sun, 27 Jun 2021 23:55:01 GMT","inverseRate":0.00047590100506278},"tnd":{"code":"TND","alphaCode":"TND","numericCode":"788","name":"Tunisian Dinar","rate":0.397908693411,"date":"Sun, 27 Jun 2021 23:55:01 GMT","inverseRate":2.5131393622685},"xof":{"code":"XOF","alphaCode":"XOF","numericCode":"952","name":"West African CFA Franc","rate":79.981593280916,"date":"Sun, 27 Jun 2021 23:55:01 GMT","inverseRate":0.012502876711742},"tjs":{"code":"TJS","alphaCode":"TJS","numericCode":"972","name":"Tajikistan Ruble","rate":1.6452948647249,"date":"Sun, 27 Jun 2021 23:55:01 GMT","inverseRate":0.6077937890891},"afn":{"code":"AFN","alphaCode":"AFN","numericCode":"971","name":"Afghan afghani","rate":11.475988323528,"date":"Sun, 27 Jun 2021 23:55:01 GMT","inverseRate":0.087138464401344},"nad":{"code":"NAD","alphaCode":"NAD","numericCode":"516","name":"Namibian dollar","rate":2.0626613034824,"date":"Sun, 27 Jun 2021 23:55:01 GMT","inverseRate":0.48481056890519},"syp":{"code":"SYP","alphaCode":"SYP","numericCode":"760","name":"Syrian pound","rate":366.19113674489,"date":"Sun, 27 Jun 2021 23:55:01 GMT","inverseRate":0.0027308143197815},"top":{"code":"TOP","alphaCode":"TOP","numericCode":"776","name":"Tongan pa\u02bbanga","rate":0.32142706133615,"date":"Sun, 27 Jun 2021 23:55:01 GMT","inverseRate":3.1111257273829},"kwd":{"code":"KWD","alphaCode":"KWD","numericCode":"414","name":"Kuwaiti Dinar","rate":0.043763714236758,"date":"Sun, 27 Jun 2021 23:55:01 GMT","inverseRate":22.849980113436},"czk":{"code":"CZK","alphaCode":"CZK","numericCode":"203","name":"Czech Koruna","rate":3.1033027937186,"date":"Sun, 27 Jun 2021 23:55:01 GMT","inverseRate":0.3222373279282},"pgk":{"code":"PGK","alphaCode":"PGK","numericCode":"598","name":"Papua New Guinean kina","rate":0.5106835202378,"date":"Sun, 27 Jun 2021 23:55:01 GMT","inverseRate":1.9581599177791},"uah":{"code":"UAH","alphaCode":"UAH","numericCode":"980","name":"Ukrainian Hryvnia","rate":3.9862773774311,"date":"Sun, 27 Jun 2021 23:55:01 GMT","inverseRate":0.25086061638902},"etb":{"code":"ETB","alphaCode":"ETB","numericCode":"230","name":"Ethiopian birr","rate":6.3501353192754,"date":"Sun, 27 Jun 2021 23:55:01 GMT","inverseRate":0.1574769591074},"xcd":{"code":"XCD","alphaCode":"XCD","numericCode":"951","name":"East Caribbean Dollar","rate":0.39313391434108,"date":"Sun, 27 Jun 2021 23:55:01 GMT","inverseRate":2.5436625117323},"lak":{"code":"LAK","alphaCode":"LAK","numericCode":"418","name":"Lao kip","rate":1376.6584088154,"date":"Sun, 27 Jun 2021 23:55:01 GMT","inverseRate":0.00072639660906186},"bwp":{"code":"BWP","alphaCode":"BWP","numericCode":"072","name":"Botswana Pula","rate":1.5770505458437,"date":"Sun, 27 Jun 2021 23:55:01 GMT","inverseRate":0.63409508505321},"nok":{"code":"NOK","alphaCode":"NOK","numericCode":"578","name":"Norwegian Krone","rate":1.2345274520395,"date":"Sun, 27 Jun 2021 23:55:01 GMT","inverseRate":0.81002653958642},"mad":{"code":"MAD","alphaCode":"MAD","numericCode":"504","name":"Moroccan Dirham","rate":1.2853730793068,"date":"Sun, 27 Jun 2021 23:55:01 GMT","inverseRate":0.77798424138407},"ron":{"code":"RON","alphaCode":"RON","numericCode":"946","name":"Romanian New Leu","rate":0.59991394654187,"date":"Sun, 27 Jun 2021 23:55:01 GMT","inverseRate":1.6669057383386},"byn":{"code":"BYN","alphaCode":"BYN","numericCode":"933","name":"Belarussian Ruble","rate":0.36759335040586,"date":"Sun, 27 Jun 2021 23:55:01 GMT","inverseRate":2.7203974144143},"rsd":{"code":"RSD","alphaCode":"RSD","numericCode":"941","name":"Serbian Dinar","rate":14.044714577488,"date":"Sun, 27 Jun 2021 23:55:01 GMT","inverseRate":0.071201162151267},"gmd":{"code":"GMD","alphaCode":"GMD","numericCode":"270","name":"Gambian dalasi","rate":7.5347970523644,"date":"Sun, 27 Jun 2021 23:55:01 GMT","inverseRate":0.13271757594137},"awg":{"code":"AWG","alphaCode":"AWG","numericCode":"533","name":"Aruban florin","rate":0.26261555991459,"date":"Sun, 27 Jun 2021 23:55:01 GMT","inverseRate":3.8078474875032},"aoa":{"code":"AOA","alphaCode":"AOA","numericCode":"973","name":"Angolan kwanza","rate":94.704604330578,"date":"Sun, 27 Jun 2021 23:55:01 GMT","inverseRate":0.010559148703155},"khr":{"code":"KHR","alphaCode":"KHR","numericCode":"116","name":"Cambodian riel","rate":591.26663629426,"date":"Sun, 27 Jun 2021 23:55:01 GMT","inverseRate":0.0016912843353846},"scr":{"code":"SCR","alphaCode":"SCR","numericCode":"690","name":"Seychelles rupee","rate":2.1745316908843,"date":"Sun, 27 Jun 2021 23:55:01 GMT","inverseRate":0.45986913145118},"bhd":{"code":"BHD","alphaCode":"BHD","numericCode":"048","name":"Bahrain Dinar","rate":0.054759573604587,"date":"Sun, 27 Jun 2021 23:55:01 GMT","inverseRate":18.261646944531},"omr":{"code":"OMR","alphaCode":"OMR","numericCode":"512","name":"Omani Rial","rate":0.055966766912913,"date":"Sun, 27 Jun 2021 23:55:01 GMT","inverseRate":17.867746435238},"rub":{"code":"RUB","alphaCode":"RUB","numericCode":"643","name":"Russian Rouble","rate":10.500950464341,"date":"Sun, 27 Jun 2021 23:55:01 GMT","inverseRate":0.095229475026644},"lyd":{"code":"LYD","alphaCode":"LYD","numericCode":"434","name":"Libyan Dinar","rate":0.64762912704267,"date":"Sun, 27 Jun 2021 23:55:01 GMT","inverseRate":1.5440936150701},"clp":{"code":"CLP","alphaCode":"CLP","numericCode":"152","name":"Chilean Peso","rate":106.78109278926,"date":"Sun, 27 Jun 2021 23:55:01 GMT","inverseRate":0.0093649537935858},"bsd":{"code":"BSD","alphaCode":"BSD","numericCode":"044","name":"Bahamian Dollar","rate":0.14501470645687,"date":"Sun, 27 Jun 2021 23:55:01 GMT","inverseRate":6.895852320312},"djf":{"code":"DJF","alphaCode":"DJF","numericCode":"262","name":"Djiboutian franc","rate":25.82812362427,"date":"Sun, 27 Jun 2021 23:55:01 GMT","inverseRate":0.038717485425861},"hnl":{"code":"HNL","alphaCode":"HNL","numericCode":"340","name":"Honduran Lempira","rate":3.4764981336541,"date":"Sun, 27 Jun 2021 23:55:01 GMT","inverseRate":0.28764577501698},"tzs":{"code":"TZS","alphaCode":"TZS","numericCode":"834","name":"Tanzanian shilling","rate":336.36662897572,"date":"Sun, 27 Jun 2021 23:55:01 GMT","inverseRate":0.002972946522802},"bbd":{"code":"BBD","alphaCode":"BBD","numericCode":"052","name":"Barbadian Dollar","rate":0.29119478333075,"date":"Sun, 27 Jun 2021 23:55:01 GMT","inverseRate":3.4341274543513},"bdt":{"code":"BDT","alphaCode":"BDT","numericCode":"050","name":"Bangladeshi taka","rate":12.31000369697,"date":"Sun, 27 Jun 2021 23:55:01 GMT","inverseRate":0.081234744084286},"qar":{"code":"QAR","alphaCode":"QAR","numericCode":"634","name":"Qatari Rial","rate":0.53225058850823,"date":"Sun, 27 Jun 2021 23:55:01 GMT","inverseRate":1.8788142682994},"mxn":{"code":"MXN","alphaCode":"MXN","numericCode":"484","name":"Mexican Peso","rate":2.8804447631405,"date":"Sun, 27 Jun 2021 23:55:01 GMT","inverseRate":0.34716860840259},"amd":{"code":"AMD","alphaCode":"AMD","numericCode":"051","name":"Armenia Dram","rate":75.326408871553,"date":"Sun, 27 Jun 2021 23:55:01 GMT","inverseRate":0.013275556540937},"uyu":{"code":"UYU","alphaCode":"UYU","numericCode":"858","name":"Uruguayan Peso","rate":6.333064888958,"date":"Sun, 27 Jun 2021 23:55:01 GMT","inverseRate":0.15790142964484},"fjd":{"code":"FJD","alphaCode":"FJD","numericCode":"242","name":"Fiji Dollar","rate":0.29925726239028,"date":"Sun, 27 Jun 2021 23:55:01 GMT","inverseRate":3.3416064559725},"cdf":{"code":"CDF","alphaCode":"CDF","numericCode":"976","name":"Congolese franc","rate":288.49091655323,"date":"Sun, 27 Jun 2021 23:55:01 GMT","inverseRate":0.0034663136432426},"lsl":{"code":"LSL","alphaCode":"LSL","numericCode":"426","name":"Lesotho loti","rate":2.0634361574656,"date":"Sun, 27 Jun 2021 23:55:01 GMT","inverseRate":0.48462851461721},"mnt":{"code":"MNT","alphaCode":"MNT","numericCode":"496","name":"Mongolian togrog","rate":413.61950686547,"date":"Sun, 27 Jun 2021 23:55:01 GMT","inverseRate":0.0024176809444465},"brl":{"code":"BRL","alphaCode":"BRL","numericCode":"986","name":"Brazilian Real","rate":0.72721731511436,"date":"Sun, 27 Jun 2021 23:55:01 GMT","inverseRate":1.3751047715946},"hkd":{"code":"HKD","alphaCode":"HKD","numericCode":"344","name":"Hong Kong Dollar","rate":1.129393707265,"date":"Sun, 27 Jun 2021 23:55:01 GMT","inverseRate":0.88543082325264},"thb":{"code":"THB","alphaCode":"THB","numericCode":"764","name":"Thai Baht","rate":4.5984073452349,"date":"Sun, 27 Jun 2021 23:55:01 GMT","inverseRate":0.217466597655},"xaf":{"code":"XAF","alphaCode":"XAF","numericCode":"950","name":"Central African CFA Franc","rate":80.049400114881,"date":"Sun, 27 Jun 2021 23:55:01 GMT","inverseRate":0.012492285995459},"mdl":{"code":"MDL","alphaCode":"MDL","numericCode":"498","name":"Moldova Lei","rate":2.6178594269483,"date":"Sun, 27 Jun 2021 23:55:01 GMT","inverseRate":0.38199148117197},"nio":{"code":"NIO","alphaCode":"NIO","numericCode":"558","name":"Nicaraguan C\u00f3rdoba","rate":5.089221625518,"date":"Sun, 27 Jun 2021 23:55:01 GMT","inverseRate":0.19649370249192},"lrd":{"code":"LRD","alphaCode":"LRD","numericCode":"430","name":"Liberian dollar","rate":24.85460204151,"date":"Sun, 27 Jun 2021 23:55:01 GMT","inverseRate":0.040233997644778},"sdg":{"code":"SDG","alphaCode":"SDG","numericCode":"938","name":"Sudanese pound","rate":63.870547106668,"date":"Sun, 27 Jun 2021 23:55:01 GMT","inverseRate":0.015656668766747},"mru":{"code":"MRU","alphaCode":"MRU","numericCode":"929","name":"Mauritanian ouguiya","rate":5.2412853541731,"date":"Sun, 27 Jun 2021 23:55:01 GMT","inverseRate":0.19079289380873},"dkk":{"code":"DKK","alphaCode":"DKK","numericCode":"208","name":"Danish Krone","rate":0.90566638528938,"date":"Sun, 27 Jun 2021 23:55:01 GMT","inverseRate":1.1041593419419},"jod":{"code":"JOD","alphaCode":"JOD","numericCode":"400","name":"Jordanian Dinar","rate":0.10309239415904,"date":"Sun, 27 Jun 2021 23:55:01 GMT","inverseRate":9.7000366337141},"bgn":{"code":"BGN","alphaCode":"BGN","numericCode":"975","name":"Bulgarian Lev","rate":0.23820026291204,"date":"Sun, 27 Jun 2021 23:55:01 GMT","inverseRate":4.1981481790777},"vnd":{"code":"VND","alphaCode":"VND","numericCode":"704","name":"Vietnamese Dong","rate":3346.8400579846,"date":"Sun, 27 Jun 2021 23:55:01 GMT","inverseRate":0.00029878930055659},"uzs":{"code":"UZS","alphaCode":"UZS","numericCode":"860","name":"Uzbekistan Sum","rate":1534.1224698101,"date":"Sun, 27 Jun 2021 23:55:01 GMT","inverseRate":0.00065183844163613},"pab":{"code":"PAB","alphaCode":"PAB","numericCode":"590","name":"Panamanian Balboa","rate":0.14501470645687,"date":"Sun, 27 Jun 2021 23:55:01 GMT","inverseRate":6.895852320312},"ttd":{"code":"TTD","alphaCode":"TTD","numericCode":"780","name":"Trinidad Tobago Dollar","rate":0.98615207381927,"date":"Sun, 27 Jun 2021 23:55:01 GMT","inverseRate":1.0140423840789},"htg":{"code":"HTG","alphaCode":"HTG","numericCode":"332","name":"Haitian gourde","rate":13.629943055021,"date":"Sun, 27 Jun 2021 23:55:01 GMT","inverseRate":0.073367878058126},"cup":{"code":"CUP","alphaCode":"CUP","numericCode":"192","name":"Cuban peso","rate":0.14501470645687,"date":"Sun, 27 Jun 2021 23:55:01 GMT","inverseRate":6.895852320312}}