{"usd":{"code":"USD","alphaCode":"USD","numericCode":"840","name":"U.S. Dollar","rate":0.20009186181895,"date":"Sun, 27 Jun 2021 23:55:01 GMT","inverseRate":4.9977045088662},"eur":{"code":"EUR","alphaCode":"EUR","numericCode":"978","name":"Euro","rate":0.16750664333742,"date":"Sun, 27 Jun 2021 23:55:01 GMT","inverseRate":5.9699124767584},"gbp":{"code":"GBP","alphaCode":"GBP","numericCode":"826","name":"U.K. Pound Sterling","rate":0.14388255043056,"date":"Sun, 27 Jun 2021 23:55:01 GMT","inverseRate":6.9501131096687},"jpy":{"code":"JPY","alphaCode":"JPY","numericCode":"392","name":"Japanese Yen","rate":22.156740471257,"date":"Sun, 27 Jun 2021 23:55:01 GMT","inverseRate":0.045132992431682},"aud":{"code":"AUD","alphaCode":"AUD","numericCode":"036","name":"Australian Dollar","rate":0.26338386221252,"date":"Sun, 27 Jun 2021 23:55:01 GMT","inverseRate":3.7967398290831},"chf":{"code":"CHF","alphaCode":"CHF","numericCode":"756","name":"Swiss Franc","rate":0.18348718519625,"date":"Sun, 27 Jun 2021 23:55:01 GMT","inverseRate":5.4499718818535},"cad":{"code":"CAD","alphaCode":"CAD","numericCode":"124","name":"Canadian Dollar","rate":0.24611185150011,"date":"Sun, 27 Jun 2021 23:55:01 GMT","inverseRate":4.0631931940895},"lkr":{"code":"LKR","alphaCode":"LKR","numericCode":"144","name":"Sri Lanka Rupee","rate":39.758505790181,"date":"Sun, 27 Jun 2021 23:55:01 GMT","inverseRate":0.025151850657501},"pln":{"code":"PLN","alphaCode":"PLN","numericCode":"985","name":"Polish Zloty","rate":0.75550323376473,"date":"Sun, 27 Jun 2021 23:55:01 GMT","inverseRate":1.3236210717682},"pen":{"code":"PEN","alphaCode":"PEN","numericCode":"604","name":"Peruvian Nuevo Sol","rate":0.7964058521457,"date":"Sun, 27 Jun 2021 23:55:01 GMT","inverseRate":1.2556412001566},"iqd":{"code":"IQD","alphaCode":"IQD","numericCode":"368","name":"Iraqi dinar","rate":291.35495090624,"date":"Sun, 27 Jun 2021 23:55:01 GMT","inverseRate":0.003432239599463},"svc":{"code":"SVC","alphaCode":"SVC","numericCode":"222","name":"Salvadoran colon","rate":1.7464202755615,"date":"Sun, 27 Jun 2021 23:55:01 GMT","inverseRate":0.57259985697226},"cve":{"code":"CVE","alphaCode":"CVE","numericCode":"132","name":"Cape Verde escudo","rate":18.650043683465,"date":"Sun, 27 Jun 2021 23:55:01 GMT","inverseRate":0.053619177358097},"zmw":{"code":"ZMW","alphaCode":"ZMW","numericCode":"967","name":"Zambian kwacha","rate":4.50672296647,"date":"Sun, 27 Jun 2021 23:55:01 GMT","inverseRate":0.22189071914116},"yer":{"code":"YER","alphaCode":"YER","numericCode":"886","name":"Yemeni rial","rate":50.174489782142,"date":"Sun, 27 Jun 2021 23:55:01 GMT","inverseRate":0.01993044681355},"dop":{"code":"DOP","alphaCode":"DOP","numericCode":"214","name":"Dominican Peso","rate":11.360013380017,"date":"Sun, 27 Jun 2021 23:55:01 GMT","inverseRate":0.08802806533301},"nzd":{"code":"NZD","alphaCode":"NZD","numericCode":"554","name":"New Zealand Dollar","rate":0.28269701083851,"date":"Sun, 27 Jun 2021 23:55:01 GMT","inverseRate":3.5373561150643},"hrk":{"code":"HRK","alphaCode":"HRK","numericCode":"191","name":"Croatian Kuna","rate":1.2554812285145,"date":"Sun, 27 Jun 2021 23:55:01 GMT","inverseRate":0.79650732905278},"dzd":{"code":"DZD","alphaCode":"DZD","numericCode":"012","name":"Algerian Dinar","rate":26.645200334449,"date":"Sun, 27 Jun 2021 23:55:01 GMT","inverseRate":0.037530211349438},"ars":{"code":"ARS","alphaCode":"ARS","numericCode":"032","name":"Argentine Peso","rate":19.078298654576,"date":"Sun, 27 Jun 2021 23:55:01 GMT","inverseRate":0.052415575314425},"stn":{"code":"STN","alphaCode":"STN","numericCode":"930","name":"S\u00e3o Tom\u00e9 and Pr\u00edncipe Dobra","rate":4.1433174392779,"date":"Sun, 27 Jun 2021 23:55:01 GMT","inverseRate":0.24135249462669},"xpf":{"code":"XPF","alphaCode":"XPF","numericCode":"953","name":"CFP Franc","rate":19.959484427249,"date":"Sun, 27 Jun 2021 23:55:01 GMT","inverseRate":0.050101494537344},"all":{"code":"ALL","alphaCode":"ALL","numericCode":"008","name":"Albanian lek","rate":20.492329395274,"date":"Sun, 27 Jun 2021 23:55:01 GMT","inverseRate":0.048798747117087},"mur":{"code":"MUR","alphaCode":"MUR","numericCode":"480","name":"Mauritian Rupee","rate":8.1922643078133,"date":"Sun, 27 Jun 2021 23:55:01 GMT","inverseRate":0.12206637413374},"sos":{"code":"SOS","alphaCode":"SOS","numericCode":"706","name":"Somali shilling","rate":115.40515953864,"date":"Sun, 27 Jun 2021 23:55:01 GMT","inverseRate":0.0086651238471291},"ang":{"code":"ANG","alphaCode":"ANG","numericCode":"532","name":"Neth. Antillean Guilder","rate":0.35584482423459,"date":"Sun, 27 Jun 2021 23:55:01 GMT","inverseRate":2.8102136996118},"pkr":{"code":"PKR","alphaCode":"PKR","numericCode":"586","name":"Pakistani Rupee","rate":30.94404014178,"date":"Sun, 27 Jun 2021 23:55:01 GMT","inverseRate":0.032316400683886},"krw":{"code":"KRW","alphaCode":"KRW","numericCode":"410","name":"South Korean Won","rate":225.54412946145,"date":"Sun, 27 Jun 2021 23:55:01 GMT","inverseRate":0.0044337221384914},"azn":{"code":"AZN","alphaCode":"AZN","numericCode":"944","name":"Azerbaijan Manat","rate":0.33917360660183,"date":"Sun, 27 Jun 2021 23:55:01 GMT","inverseRate":2.9483426202261},"pyg":{"code":"PYG","alphaCode":"PYG","numericCode":"600","name":"Paraguayan Guaran\u00ed","rate":1356.3359885834,"date":"Sun, 27 Jun 2021 23:55:01 GMT","inverseRate":0.00073728044409146},"bnd":{"code":"BND","alphaCode":"BND","numericCode":"096","name":"Brunei Dollar","rate":0.26853198563011,"date":"Sun, 27 Jun 2021 23:55:01 GMT","inverseRate":3.7239511622926},"kmf":{"code":"KMF","alphaCode":"KMF","numericCode":"174","name":"\tComoro franc","rate":82.693975167547,"date":"Sun, 27 Jun 2021 23:55:01 GMT","inverseRate":0.012092779407132},"szl":{"code":"SZL","alphaCode":"SZL","numericCode":"748","name":"Swazi lilangeni","rate":2.8363754006022,"date":"Sun, 27 Jun 2021 23:55:01 GMT","inverseRate":0.35256264025829},"wst":{"code":"WST","alphaCode":"WST","numericCode":"882","name":"Samoan tala","rate":0.50716898487905,"date":"Sun, 27 Jun 2021 23:55:01 GMT","inverseRate":1.9717294034423},"egp":{"code":"EGP","alphaCode":"EGP","numericCode":"818","name":"Egyptian Pound","rate":3.1368080355138,"date":"Sun, 27 Jun 2021 23:55:01 GMT","inverseRate":0.31879540879721},"sgd":{"code":"SGD","alphaCode":"SGD","numericCode":"702","name":"Singapore Dollar","rate":0.26848985665565,"date":"Sun, 27 Jun 2021 23:55:01 GMT","inverseRate":3.7245354906742},"zar":{"code":"ZAR","alphaCode":"ZAR","numericCode":"710","name":"South African Rand","rate":2.8208290453079,"date":"Sun, 27 Jun 2021 23:55:01 GMT","inverseRate":0.35450570876083},"kgs":{"code":"KGS","alphaCode":"KGS","numericCode":"417","name":"Kyrgyzstan Som","rate":16.723694395615,"date":"Sun, 27 Jun 2021 23:55:01 GMT","inverseRate":0.05979540024734},"crc":{"code":"CRC","alphaCode":"CRC","numericCode":"188","name":"Costa Rican Col\u00f3n","rate":123.58406128231,"date":"Sun, 27 Jun 2021 23:55:01 GMT","inverseRate":0.0080916583386561},"jmd":{"code":"JMD","alphaCode":"JMD","numericCode":"388","name":"Jamaican Dollar","rate":29.854813011082,"date":"Sun, 27 Jun 2021 23:55:01 GMT","inverseRate":0.033495436719996},"ssp":{"code":"SSP","alphaCode":"SSP","numericCode":"728","name":"South Sudanese pound","rate":35.484673925602,"date":"Sun, 27 Jun 2021 23:55:01 GMT","inverseRate":0.028181180475171},"ern":{"code":"ERN","alphaCode":"ERN","numericCode":"232","name":"Eritrean nakfa","rate":3.0080715618494,"date":"Sun, 27 Jun 2021 23:55:01 GMT","inverseRate":0.33243889962019},"bam":{"code":"BAM","alphaCode":"BAM","numericCode":"977","name":"Bosnia and Herzegovina convertible mark","rate":0.33031301402912,"date":"Sun, 27 Jun 2021 23:55:01 GMT","inverseRate":3.0274314287594},"inr":{"code":"INR","alphaCode":"INR","numericCode":"356","name":"Indian Rupee","rate":14.844298996702,"date":"Sun, 27 Jun 2021 23:55:01 GMT","inverseRate":0.067365929520969},"try":{"code":"TRY","alphaCode":"TRY","numericCode":"949","name":"Turkish Lira","rate":1.7430279149899,"date":"Sun, 27 Jun 2021 23:55:01 GMT","inverseRate":0.57371427697747},"twd":{"code":"TWD","alphaCode":"TWD","numericCode":"901","name":"New Taiwan Dollar ","rate":5.5822364348746,"date":"Sun, 27 Jun 2021 23:55:01 GMT","inverseRate":0.17913967128884},"tmt":{"code":"TMT","alphaCode":"TMT","numericCode":"934","name":"New Turkmenistan Manat","rate":0.69851309131237,"date":"Sun, 27 Jun 2021 23:55:01 GMT","inverseRate":1.4316123955833},"mga":{"code":"MGA","alphaCode":"MGA","numericCode":"969","name":"Malagasy ariary","rate":755.32676918037,"date":"Sun, 27 Jun 2021 23:55:01 GMT","inverseRate":0.0013239303051382},"srd":{"code":"SRD","alphaCode":"SRD","numericCode":"968","name":"Surinamese dollar","rate":4.1524286376051,"date":"Sun, 27 Jun 2021 23:55:01 GMT","inverseRate":0.24082292250464},"ghs":{"code":"GHS","alphaCode":"GHS","numericCode":"936","name":"Ghanaian Cedi","rate":1.1631148278109,"date":"Sun, 27 Jun 2021 23:55:01 GMT","inverseRate":0.85976034015671},"mop":{"code":"MOP","alphaCode":"MOP","numericCode":"446","name":"Macanese pataca","rate":1.5968853471044,"date":"Sun, 27 Jun 2021 23:55:01 GMT","inverseRate":0.62621903433036},"lbp":{"code":"LBP","alphaCode":"LBP","numericCode":"422","name":"Lebanese Pound","rate":301.30584989402,"date":"Sun, 27 Jun 2021 23:55:01 GMT","inverseRate":0.0033188867735284},"huf":{"code":"HUF","alphaCode":"HUF","numericCode":"348","name":"Hungarian Forint","rate":58.877962700149,"date":"Sun, 27 Jun 2021 23:55:01 GMT","inverseRate":0.016984283323334},"ngn":{"code":"NGN","alphaCode":"NGN","numericCode":"566","name":"Nigerian Naira","rate":82.022802779964,"date":"Sun, 27 Jun 2021 23:55:01 GMT","inverseRate":0.01219173164178},"irr":{"code":"IRR","alphaCode":"IRR","numericCode":"364","name":"Iranian rial","rate":8383.0293154626,"date":"Sun, 27 Jun 2021 23:55:01 GMT","inverseRate":0.00011928862018358},"ves":{"code":"VES","alphaCode":"VES","numericCode":"928","name":"Venezuelan Bolivar","rate":634728.37746249,"date":"Sun, 27 Jun 2021 23:55:01 GMT","inverseRate":1.5754770631145e-6},"sbd":{"code":"SBD","alphaCode":"SBD","numericCode":"090","name":"Solomon Islands dollar","rate":1.6268076010777,"date":"Sun, 27 Jun 2021 23:55:01 GMT","inverseRate":0.61470084067565},"mwk":{"code":"MWK","alphaCode":"MWK","numericCode":"454","name":"Malawian kwacha","rate":160.70782322987,"date":"Sun, 27 Jun 2021 23:55:01 GMT","inverseRate":0.0062224724341495},"gtq":{"code":"GTQ","alphaCode":"GTQ","numericCode":"320","name":"Guatemalan Quetzal","rate":1.5430577511346,"date":"Sun, 27 Jun 2021 23:55:01 GMT","inverseRate":0.64806388436514},"sek":{"code":"SEK","alphaCode":"SEK","numericCode":"752","name":"Swedish Krona","rate":1.6940765282447,"date":"Sun, 27 Jun 2021 23:55:01 GMT","inverseRate":0.59029210506571},"npr":{"code":"NPR","alphaCode":"NPR","numericCode":"524","name":"Nepalese Rupee","rate":23.726074538631,"date":"Sun, 27 Jun 2021 23:55:01 GMT","inverseRate":0.042147722261085},"isk":{"code":"ISK","alphaCode":"ISK","numericCode":"352","name":"Icelandic Krona","rate":24.624096018698,"date":"Sun, 27 Jun 2021 23:55:01 GMT","inverseRate":0.04061062786795},"gip":{"code":"GIP","alphaCode":"GIP","numericCode":"292","name":"Gibraltar pound","rate":0.14322258132122,"date":"Sun, 27 Jun 2021 23:55:01 GMT","inverseRate":6.9821392044119},"gel":{"code":"GEL","alphaCode":"GEL","numericCode":"981","name":"Georgian lari","rate":0.64810576252371,"date":"Sun, 27 Jun 2021 23:55:01 GMT","inverseRate":1.542958044542},"mkd":{"code":"MKD","alphaCode":"MKD","numericCode":"807","name":"Macedonian denar","rate":10.333070250627,"date":"Sun, 27 Jun 2021 23:55:01 GMT","inverseRate":0.096776657444995},"bif":{"code":"BIF","alphaCode":"BIF","numericCode":"108","name":"Burundian franc","rate":394.83887568236,"date":"Sun, 27 Jun 2021 23:55:01 GMT","inverseRate":0.0025326786737294},"mmk":{"code":"MMK","alphaCode":"MMK","numericCode":"104","name":"Myanma Kyat","rate":328.40294312189,"date":"Sun, 27 Jun 2021 23:55:01 GMT","inverseRate":0.0030450397018179},"mvr":{"code":"MVR","alphaCode":"MVR","numericCode":"462","name":"Maldivian rufiyaa","rate":3.0842252722758,"date":"Sun, 27 Jun 2021 23:55:01 GMT","inverseRate":0.32423053172835},"kes":{"code":"KES","alphaCode":"KES","numericCode":"404","name":"Kenyan shilling","rate":21.496009140543,"date":"Sun, 27 Jun 2021 23:55:01 GMT","inverseRate":0.046520263061944},"aed":{"code":"AED","alphaCode":"AED","numericCode":"784","name":"U.A.E Dirham","rate":0.73353279206091,"date":"Sun, 27 Jun 2021 23:55:01 GMT","inverseRate":1.36326557016},"php":{"code":"PHP","alphaCode":"PHP","numericCode":"608","name":"Philippine Peso","rate":9.70485625626,"date":"Sun, 27 Jun 2021 23:55:01 GMT","inverseRate":0.10304119644791},"ils":{"code":"ILS","alphaCode":"ILS","numericCode":"376","name":"Israeli New Sheqel","rate":0.64978873634324,"date":"Sun, 27 Jun 2021 23:55:01 GMT","inverseRate":1.5389617333591},"mro":{"code":"MRO","alphaCode":"MRO","numericCode":"478","name":"Mauritanian Ouguiya","rate":7.2453287595884,"date":"Sun, 27 Jun 2021 23:55:01 GMT","inverseRate":0.13801996198952},"cop":{"code":"COP","alphaCode":"COP","numericCode":"170","name":"Colombian Peso","rate":752.32166463321,"date":"Sun, 27 Jun 2021 23:55:01 GMT","inverseRate":0.0013292186667089},"bzd":{"code":"BZD","alphaCode":"BZD","numericCode":"084","name":"Belize dollar","rate":0.40215459971269,"date":"Sun, 27 Jun 2021 23:55:01 GMT","inverseRate":2.4866058991105},"gnf":{"code":"GNF","alphaCode":"GNF","numericCode":"324","name":"Guinean franc","rate":1956.8051015035,"date":"Sun, 27 Jun 2021 23:55:01 GMT","inverseRate":0.00051103709778334},"sll":{"code":"SLL","alphaCode":"SLL","numericCode":"694","name":"Sierra Leonean leone","rate":2046.9560140389,"date":"Sun, 27 Jun 2021 23:55:01 GMT","inverseRate":0.000488530282596},"ugx":{"code":"UGX","alphaCode":"UGX","numericCode":"800","name":"Ugandan shilling","rate":713.24529667645,"date":"Sun, 27 Jun 2021 23:55:01 GMT","inverseRate":0.0014020421931413},"cny":{"code":"CNY","alphaCode":"CNY","numericCode":"156","name":"Chinese Yuan","rate":1.2917290685521,"date":"Sun, 27 Jun 2021 23:55:01 GMT","inverseRate":0.77415614802331},"sar":{"code":"SAR","alphaCode":"SAR","numericCode":"682","name":"Saudi Riyal","rate":0.7503230650464,"date":"Sun, 27 Jun 2021 23:55:01 GMT","inverseRate":1.3327592427645},"myr":{"code":"MYR","alphaCode":"MYR","numericCode":"458","name":"Malaysian Ringgit","rate":0.82912895311881,"date":"Sun, 27 Jun 2021 23:55:01 GMT","inverseRate":1.2060850079333},"kzt":{"code":"KZT","alphaCode":"KZT","numericCode":"398","name":"Kazakhstani Tenge","rate":85.291862103477,"date":"Sun, 27 Jun 2021 23:55:01 GMT","inverseRate":0.011724447975902},"bob":{"code":"BOB","alphaCode":"BOB","numericCode":"068","name":"Bolivian Boliviano","rate":1.3751047715946,"date":"Sun, 27 Jun 2021 23:55:01 GMT","inverseRate":0.72721731511436},"gyd":{"code":"GYD","alphaCode":"GYD","numericCode":"328","name":"Guyanese dollar","rate":41.668603143397,"date":"Sun, 27 Jun 2021 23:55:01 GMT","inverseRate":0.02399888464124},"rwf":{"code":"RWF","alphaCode":"RWF","numericCode":"646","name":"Rwandan franc","rate":200.6179997823,"date":"Sun, 27 Jun 2021 23:55:01 GMT","inverseRate":0.0049845975988454},"mzn":{"code":"MZN","alphaCode":"MZN","numericCode":"943","name":"Mozambican metical","rate":12.715938875091,"date":"Sun, 27 Jun 2021 23:55:01 GMT","inverseRate":0.078641460125207},"vuv":{"code":"VUV","alphaCode":"VUV","numericCode":"548","name":"Vanuatu vatu","rate":21.918942808484,"date":"Sun, 27 Jun 2021 23:55:01 GMT","inverseRate":0.045622638315063},"idr":{"code":"IDR","alphaCode":"IDR","numericCode":"360","name":"Indonesian Rupiah","rate":2889.4765023941,"date":"Sun, 27 Jun 2021 23:55:01 GMT","inverseRate":0.00034608345116198},"tnd":{"code":"TND","alphaCode":"TND","numericCode":"788","name":"Tunisian Dinar","rate":0.54716614296846,"date":"Sun, 27 Jun 2021 23:55:01 GMT","inverseRate":1.8275984595371},"xof":{"code":"XOF","alphaCode":"XOF","numericCode":"952","name":"West African CFA Franc","rate":109.98307056033,"date":"Sun, 27 Jun 2021 23:55:01 GMT","inverseRate":0.009092308433519},"tjs":{"code":"TJS","alphaCode":"TJS","numericCode":"972","name":"Tajikistan Ruble","rate":2.2624528191634,"date":"Sun, 27 Jun 2021 23:55:01 GMT","inverseRate":0.44199816744456},"afn":{"code":"AFN","alphaCode":"AFN","numericCode":"971","name":"Afghan afghani","rate":15.780686302448,"date":"Sun, 27 Jun 2021 23:55:01 GMT","inverseRate":0.063368600125133},"nad":{"code":"NAD","alphaCode":"NAD","numericCode":"516","name":"Namibian dollar","rate":2.8363754006022,"date":"Sun, 27 Jun 2021 23:55:01 GMT","inverseRate":0.35256264025829},"syp":{"code":"SYP","alphaCode":"SYP","numericCode":"760","name":"Syrian pound","rate":503.55117945357,"date":"Sun, 27 Jun 2021 23:55:01 GMT","inverseRate":0.0019858954577073},"top":{"code":"TOP","alphaCode":"TOP","numericCode":"776","name":"Tongan pa\u02bbanga","rate":0.44199588576299,"date":"Sun, 27 Jun 2021 23:55:01 GMT","inverseRate":2.2624644984506},"kwd":{"code":"KWD","alphaCode":"KWD","numericCode":"414","name":"Kuwaiti Dinar","rate":0.06017969226967,"date":"Sun, 27 Jun 2021 23:55:01 GMT","inverseRate":16.616901188509},"czk":{"code":"CZK","alphaCode":"CZK","numericCode":"203","name":"Czech Koruna","rate":4.2673664793454,"date":"Sun, 27 Jun 2021 23:55:01 GMT","inverseRate":0.23433656444557},"pgk":{"code":"PGK","alphaCode":"PGK","numericCode":"598","name":"Papua New Guinean kina","rate":0.70224334545375,"date":"Sun, 27 Jun 2021 23:55:01 GMT","inverseRate":1.4240077979719},"uah":{"code":"UAH","alphaCode":"UAH","numericCode":"980","name":"Ukrainian Hryvnia","rate":5.4815490426054,"date":"Sun, 27 Jun 2021 23:55:01 GMT","inverseRate":0.18243018391836},"etb":{"code":"ETB","alphaCode":"ETB","numericCode":"230","name":"Ethiopian birr","rate":8.7321013778072,"date":"Sun, 27 Jun 2021 23:55:01 GMT","inverseRate":0.11451997139446},"xcd":{"code":"XCD","alphaCode":"XCD","numericCode":"951","name":"East Caribbean Dollar","rate":0.5406003214861,"date":"Sun, 27 Jun 2021 23:55:01 GMT","inverseRate":1.849795422339},"lak":{"code":"LAK","alphaCode":"LAK","numericCode":"418","name":"Lao kip","rate":1893.049546818,"date":"Sun, 27 Jun 2021 23:55:01 GMT","inverseRate":0.00052824819175014},"bwp":{"code":"BWP","alphaCode":"BWP","numericCode":"072","name":"Botswana Pula","rate":2.1686097306357,"date":"Sun, 27 Jun 2021 23:55:01 GMT","inverseRate":0.46112492527961},"nok":{"code":"NOK","alphaCode":"NOK","numericCode":"578","name":"Norwegian Krone","rate":1.6976045899641,"date":"Sun, 27 Jun 2021 23:55:01 GMT","inverseRate":0.58906532528941},"mad":{"code":"MAD","alphaCode":"MAD","numericCode":"504","name":"Moroccan Dirham","rate":1.7675226546341,"date":"Sun, 27 Jun 2021 23:55:01 GMT","inverseRate":0.5657636112206},"ron":{"code":"RON","alphaCode":"RON","numericCode":"946","name":"Romanian New Leu","rate":0.8249445304359,"date":"Sun, 27 Jun 2021 23:55:01 GMT","inverseRate":1.2122027155833},"byn":{"code":"BYN","alphaCode":"BYN","numericCode":"933","name":"Belarussian Ruble","rate":0.50547937014956,"date":"Sun, 27 Jun 2021 23:55:01 GMT","inverseRate":1.9783201037544},"rsd":{"code":"RSD","alphaCode":"RSD","numericCode":"941","name":"Serbian Dinar","rate":19.312954031189,"date":"Sun, 27 Jun 2021 23:55:01 GMT","inverseRate":0.051778717972667},"gmd":{"code":"GMD","alphaCode":"GMD","numericCode":"270","name":"Gambian dalasi","rate":10.361135379704,"date":"Sun, 27 Jun 2021 23:55:01 GMT","inverseRate":0.09651451924457},"awg":{"code":"AWG","alphaCode":"AWG","numericCode":"533","name":"Aruban florin","rate":0.36112390953355,"date":"Sun, 27 Jun 2021 23:55:01 GMT","inverseRate":2.769132626227},"aoa":{"code":"AOA","alphaCode":"AOA","numericCode":"973","name":"Angolan kwanza","rate":130.22875330696,"date":"Sun, 27 Jun 2021 23:55:01 GMT","inverseRate":0.0076787957698014},"khr":{"code":"KHR","alphaCode":"KHR","numericCode":"116","name":"Cambodian riel","rate":813.05357285296,"date":"Sun, 27 Jun 2021 23:55:01 GMT","inverseRate":0.0012299312534733},"scr":{"code":"SCR","alphaCode":"SCR","numericCode":"690","name":"Seychelles rupee","rate":2.9902089041187,"date":"Sun, 27 Jun 2021 23:55:01 GMT","inverseRate":0.33442479507789},"bhd":{"code":"BHD","alphaCode":"BHD","numericCode":"048","name":"Bahrain Dinar","rate":0.075300150954156,"date":"Sun, 27 Jun 2021 23:55:01 GMT","inverseRate":13.280185860568},"omr":{"code":"OMR","alphaCode":"OMR","numericCode":"512","name":"Omani Rial","rate":0.076960168232673,"date":"Sun, 27 Jun 2021 23:55:01 GMT","inverseRate":12.993734589778},"rub":{"code":"RUB","alphaCode":"RUB","numericCode":"643","name":"Russian Rouble","rate":14.439907089795,"date":"Sun, 27 Jun 2021 23:55:01 GMT","inverseRate":0.069252523148626},"lyd":{"code":"LYD","alphaCode":"LYD","numericCode":"434","name":"Libyan Dinar","rate":0.89055790282005,"date":"Sun, 27 Jun 2021 23:55:01 GMT","inverseRate":1.1228916130365},"clp":{"code":"CLP","alphaCode":"CLP","numericCode":"152","name":"Chilean Peso","rate":146.8351902106,"date":"Sun, 27 Jun 2021 23:55:01 GMT","inverseRate":0.0068103565539415},"bsd":{"code":"BSD","alphaCode":"BSD","numericCode":"044","name":"Bahamian Dollar","rate":0.19941041480024,"date":"Sun, 27 Jun 2021 23:55:01 GMT","inverseRate":5.0147832098024},"djf":{"code":"DJF","alphaCode":"DJF","numericCode":"262","name":"Djiboutian franc","rate":35.51637603707,"date":"Sun, 27 Jun 2021 23:55:01 GMT","inverseRate":0.028156025799374},"hnl":{"code":"HNL","alphaCode":"HNL","numericCode":"340","name":"Honduran Lempira","rate":4.7805491720276,"date":"Sun, 27 Jun 2021 23:55:01 GMT","inverseRate":0.20918098821183},"tzs":{"code":"TZS","alphaCode":"TZS","numericCode":"834","name":"Tanzanian shilling","rate":462.53935650972,"date":"Sun, 27 Jun 2021 23:55:01 GMT","inverseRate":0.0021619781882906},"bbd":{"code":"BBD","alphaCode":"BBD","numericCode":"052","name":"Barbadian Dollar","rate":0.40042333602158,"date":"Sun, 27 Jun 2021 23:55:01 GMT","inverseRate":2.4973569471139},"bdt":{"code":"BDT","alphaCode":"BDT","numericCode":"050","name":"Bangladeshi taka","rate":16.927544822052,"date":"Sun, 27 Jun 2021 23:55:01 GMT","inverseRate":0.059075312486977},"qar":{"code":"QAR","alphaCode":"QAR","numericCode":"634","name":"Qatari Rial","rate":0.73190032394173,"date":"Sun, 27 Jun 2021 23:55:01 GMT","inverseRate":1.3663062677912},"mxn":{"code":"MXN","alphaCode":"MXN","numericCode":"484","name":"Mexican Peso","rate":3.9609133381093,"date":"Sun, 27 Jun 2021 23:55:01 GMT","inverseRate":0.25246702329452},"amd":{"code":"AMD","alphaCode":"AMD","numericCode":"051","name":"Armenia Dram","rate":103.58170426636,"date":"Sun, 27 Jun 2021 23:55:01 GMT","inverseRate":0.0096542145843487},"uyu":{"code":"UYU","alphaCode":"UYU","numericCode":"858","name":"Uruguayan Peso","rate":8.7086277476246,"date":"Sun, 27 Jun 2021 23:55:01 GMT","inverseRate":0.11482865371904},"fjd":{"code":"FJD","alphaCode":"FJD","numericCode":"242","name":"Fiji Dollar","rate":0.41151008944722,"date":"Sun, 27 Jun 2021 23:55:01 GMT","inverseRate":2.4300740750811},"cdf":{"code":"CDF","alphaCode":"CDF","numericCode":"976","name":"Congolese franc","rate":396.70523591405,"date":"Sun, 27 Jun 2021 23:55:01 GMT","inverseRate":0.0025207633009831},"lsl":{"code":"LSL","alphaCode":"LSL","numericCode":"426","name":"Lesotho loti","rate":2.8374409060119,"date":"Sun, 27 Jun 2021 23:55:01 GMT","inverseRate":0.35243024722779},"mnt":{"code":"MNT","alphaCode":"MNT","numericCode":"496","name":"Mongolian togrog","rate":568.77015751533,"date":"Sun, 27 Jun 2021 23:55:01 GMT","inverseRate":0.0017581794452235},"hkd":{"code":"HKD","alphaCode":"HKD","numericCode":"344","name":"Hong Kong Dollar","rate":1.5530346758691,"date":"Sun, 27 Jun 2021 23:55:01 GMT","inverseRate":0.64390062600528},"thb":{"code":"THB","alphaCode":"THB","numericCode":"764","name":"Thai Baht","rate":6.3232918821684,"date":"Sun, 27 Jun 2021 23:55:01 GMT","inverseRate":0.15814547527372},"xaf":{"code":"XAF","alphaCode":"XAF","numericCode":"950","name":"Central African CFA Franc","rate":110.07631206126,"date":"Sun, 27 Jun 2021 23:55:01 GMT","inverseRate":0.0090846066812582},"mdl":{"code":"MDL","alphaCode":"MDL","numericCode":"498","name":"Moldova Lei","rate":3.5998309893607,"date":"Sun, 27 Jun 2021 23:55:01 GMT","inverseRate":0.27779081933444},"nio":{"code":"NIO","alphaCode":"NIO","numericCode":"558","name":"Nicaraguan C\u00f3rdoba","rate":6.9982129409525,"date":"Sun, 27 Jun 2021 23:55:01 GMT","inverseRate":0.14289362276306},"lrd":{"code":"LRD","alphaCode":"LRD","numericCode":"430","name":"Liberian dollar","rate":34.177681863366,"date":"Sun, 27 Jun 2021 23:55:01 GMT","inverseRate":0.029258859743553},"sdg":{"code":"SDG","alphaCode":"SDG","numericCode":"938","name":"Sudanese pound","rate":87.82869409074,"date":"Sun, 27 Jun 2021 23:55:01 GMT","inverseRate":0.011385800624188},"mru":{"code":"MRU","alphaCode":"MRU","numericCode":"929","name":"Mauritanian ouguiya","rate":7.2073164998126,"date":"Sun, 27 Jun 2021 23:55:01 GMT","inverseRate":0.13874789597848},"dkk":{"code":"DKK","alphaCode":"DKK","numericCode":"208","name":"Danish Krone","rate":1.2453861678843,"date":"Sun, 27 Jun 2021 23:55:01 GMT","inverseRate":0.8029637921054},"jod":{"code":"JOD","alphaCode":"JOD","numericCode":"400","name":"Jordanian Dinar","rate":0.14176284312321,"date":"Sun, 27 Jun 2021 23:55:01 GMT","inverseRate":7.0540345972805},"bgn":{"code":"BGN","alphaCode":"BGN","numericCode":"975","name":"Bulgarian Lev","rate":0.32755031812545,"date":"Sun, 27 Jun 2021 23:55:01 GMT","inverseRate":3.0529660472411},"vnd":{"code":"VND","alphaCode":"VND","numericCode":"704","name":"Vietnamese Dong","rate":4602.2557334987,"date":"Sun, 27 Jun 2021 23:55:01 GMT","inverseRate":0.00021728475293566},"uzs":{"code":"UZS","alphaCode":"UZS","numericCode":"860","name":"Uzbekistan Sum","rate":2109.5791284465,"date":"Sun, 27 Jun 2021 23:55:01 GMT","inverseRate":0.00047402820141495},"pab":{"code":"PAB","alphaCode":"PAB","numericCode":"590","name":"Panamanian Balboa","rate":0.19941041480024,"date":"Sun, 27 Jun 2021 23:55:01 GMT","inverseRate":5.0147832098024},"ttd":{"code":"TTD","alphaCode":"TTD","numericCode":"780","name":"Trinidad Tobago Dollar","rate":1.3560624222268,"date":"Sun, 27 Jun 2021 23:55:01 GMT","inverseRate":0.73742917996198},"htg":{"code":"HTG","alphaCode":"HTG","numericCode":"332","name":"Haitian gourde","rate":18.742599731523,"date":"Sun, 27 Jun 2021 23:55:01 GMT","inverseRate":0.053354391297068},"cup":{"code":"CUP","alphaCode":"CUP","numericCode":"192","name":"Cuban peso","rate":0.19941041480024,"date":"Sun, 27 Jun 2021 23:55:01 GMT","inverseRate":5.0147832098024}}