{"usd":{"code":"USD","alphaCode":"USD","numericCode":"840","name":"U.S. Dollar","rate":0.092267344830321,"date":"Sun, 27 Jun 2021 23:55:01 GMT","inverseRate":10.838070628769},"eur":{"code":"EUR","alphaCode":"EUR","numericCode":"978","name":"Euro","rate":0.077241488392807,"date":"Sun, 27 Jun 2021 23:55:01 GMT","inverseRate":12.946410288142},"gbp":{"code":"GBP","alphaCode":"GBP","numericCode":"826","name":"U.K. Pound Sterling","rate":0.066347830316331,"date":"Sun, 27 Jun 2021 23:55:01 GMT","inverseRate":15.072082918646},"jpy":{"code":"JPY","alphaCode":"JPY","numericCode":"392","name":"Japanese Yen","rate":10.217025294248,"date":"Sun, 27 Jun 2021 23:55:01 GMT","inverseRate":0.097875846560053},"aud":{"code":"AUD","alphaCode":"AUD","numericCode":"036","name":"Australian Dollar","rate":0.1214528637826,"date":"Sun, 27 Jun 2021 23:55:01 GMT","inverseRate":8.2336469380416},"chf":{"code":"CHF","alphaCode":"CHF","numericCode":"756","name":"Swiss Franc","rate":0.084610514563385,"date":"Sun, 27 Jun 2021 23:55:01 GMT","inverseRate":11.818862054678},"cad":{"code":"CAD","alphaCode":"CAD","numericCode":"124","name":"Canadian Dollar","rate":0.11348830913341,"date":"Sun, 27 Jun 2021 23:55:01 GMT","inverseRate":8.8114802981551},"lkr":{"code":"LKR","alphaCode":"LKR","numericCode":"144","name":"Sri Lanka Rupee","rate":18.333638011726,"date":"Sun, 27 Jun 2021 23:55:01 GMT","inverseRate":0.054544548079351},"pln":{"code":"PLN","alphaCode":"PLN","numericCode":"985","name":"Polish Zloty","rate":0.34838137221826,"date":"Sun, 27 Jun 2021 23:55:01 GMT","inverseRate":2.8704175359109},"pen":{"code":"PEN","alphaCode":"PEN","numericCode":"604","name":"Peruvian Nuevo Sol","rate":0.36724258906293,"date":"Sun, 27 Jun 2021 23:55:01 GMT","inverseRate":2.7229957248467},"iqd":{"code":"IQD","alphaCode":"IQD","numericCode":"368","name":"Iraqi dinar","rate":134.35102996648,"date":"Sun, 27 Jun 2021 23:55:01 GMT","inverseRate":0.0074431881932686},"svc":{"code":"SVC","alphaCode":"SVC","numericCode":"222","name":"Salvadoran colon","rate":0.80531791907511,"date":"Sun, 27 Jun 2021 23:55:01 GMT","inverseRate":1.2417456215906},"cve":{"code":"CVE","alphaCode":"CVE","numericCode":"132","name":"Cape Verde escudo","rate":8.5999999999994,"date":"Sun, 27 Jun 2021 23:55:01 GMT","inverseRate":0.11627906976745},"zmw":{"code":"ZMW","alphaCode":"ZMW","numericCode":"967","name":"Zambian kwacha","rate":2.0781622911694,"date":"Sun, 27 Jun 2021 23:55:01 GMT","inverseRate":0.48119437266726},"yer":{"code":"YER","alphaCode":"YER","numericCode":"886","name":"Yemeni rial","rate":23.136707851732,"date":"Sun, 27 Jun 2021 23:55:01 GMT","inverseRate":0.043221360895782},"dop":{"code":"DOP","alphaCode":"DOP","numericCode":"214","name":"Dominican Peso","rate":5.2383853210356,"date":"Sun, 27 Jun 2021 23:55:01 GMT","inverseRate":0.1908985190502},"nzd":{"code":"NZD","alphaCode":"NZD","numericCode":"554","name":"New Zealand Dollar","rate":0.13035863799967,"date":"Sun, 27 Jun 2021 23:55:01 GMT","inverseRate":7.6711448918521},"hrk":{"code":"HRK","alphaCode":"HRK","numericCode":"191","name":"Croatian Kuna","rate":0.57893368768871,"date":"Sun, 27 Jun 2021 23:55:01 GMT","inverseRate":1.7273135443065},"dzd":{"code":"DZD","alphaCode":"DZD","numericCode":"012","name":"Algerian Dinar","rate":12.286766013283,"date":"Sun, 27 Jun 2021 23:55:01 GMT","inverseRate":0.081388381525205},"ars":{"code":"ARS","alphaCode":"ARS","numericCode":"032","name":"Argentine Peso","rate":8.7974790415532,"date":"Sun, 27 Jun 2021 23:55:01 GMT","inverseRate":0.11366892666373},"stn":{"code":"STN","alphaCode":"STN","numericCode":"930","name":"S\u00e3o Tom\u00e9 and Pr\u00edncipe Dobra","rate":1.9105869445967,"date":"Sun, 27 Jun 2021 23:55:01 GMT","inverseRate":0.52339936836064},"xpf":{"code":"XPF","alphaCode":"XPF","numericCode":"953","name":"CFP Franc","rate":9.2038157651345,"date":"Sun, 27 Jun 2021 23:55:01 GMT","inverseRate":0.10865058857307},"all":{"code":"ALL","alphaCode":"ALL","numericCode":"008","name":"Albanian lek","rate":9.4495238612006,"date":"Sun, 27 Jun 2021 23:55:01 GMT","inverseRate":0.10582543784094},"mur":{"code":"MUR","alphaCode":"MUR","numericCode":"480","name":"Mauritian Rupee","rate":3.7776572668112,"date":"Sun, 27 Jun 2021 23:55:01 GMT","inverseRate":0.26471432672984},"sos":{"code":"SOS","alphaCode":"SOS","numericCode":"706","name":"Somali shilling","rate":53.216195569136,"date":"Sun, 27 Jun 2021 23:55:01 GMT","inverseRate":0.018791271892047},"ang":{"code":"ANG","alphaCode":"ANG","numericCode":"532","name":"Neth. Antillean Guilder","rate":0.16408891798631,"date":"Sun, 27 Jun 2021 23:55:01 GMT","inverseRate":6.0942567741439},"pkr":{"code":"PKR","alphaCode":"PKR","numericCode":"586","name":"Pakistani Rupee","rate":14.269068198227,"date":"Sun, 27 Jun 2021 23:55:01 GMT","inverseRate":0.070081660982196},"krw":{"code":"KRW","alphaCode":"KRW","numericCode":"410","name":"South Korean Won","rate":104.00401984517,"date":"Sun, 27 Jun 2021 23:55:01 GMT","inverseRate":0.0096150129724671},"azn":{"code":"AZN","alphaCode":"AZN","numericCode":"944","name":"Azerbaijan Manat","rate":0.15640140400109,"date":"Sun, 27 Jun 2021 23:55:01 GMT","inverseRate":6.3938044954703},"pyg":{"code":"PYG","alphaCode":"PYG","numericCode":"600","name":"Paraguayan Guaran\u00ed","rate":625.44033138957,"date":"Sun, 27 Jun 2021 23:55:01 GMT","inverseRate":0.0015988735452641},"bnd":{"code":"BND","alphaCode":"BND","numericCode":"096","name":"Brunei Dollar","rate":0.12382679180887,"date":"Sun, 27 Jun 2021 23:55:01 GMT","inverseRate":8.0757967269598},"kmf":{"code":"KMF","alphaCode":"KMF","numericCode":"174","name":"\tComoro franc","rate":38.132253120209,"date":"Sun, 27 Jun 2021 23:55:01 GMT","inverseRate":0.026224519092737},"szl":{"code":"SZL","alphaCode":"SZL","numericCode":"748","name":"Swazi lilangeni","rate":1.3079233946676,"date":"Sun, 27 Jun 2021 23:55:01 GMT","inverseRate":0.76457077232274},"wst":{"code":"WST","alphaCode":"WST","numericCode":"882","name":"Samoan tala","rate":0.23386826025648,"date":"Sun, 27 Jun 2021 23:55:01 GMT","inverseRate":4.2759115704854},"egp":{"code":"EGP","alphaCode":"EGP","numericCode":"818","name":"Egyptian Pound","rate":1.4464603709928,"date":"Sun, 27 Jun 2021 23:55:01 GMT","inverseRate":0.69134282559961},"sgd":{"code":"SGD","alphaCode":"SGD","numericCode":"702","name":"Singapore Dollar","rate":0.12380736508867,"date":"Sun, 27 Jun 2021 23:55:01 GMT","inverseRate":8.0770639071739},"zar":{"code":"ZAR","alphaCode":"ZAR","numericCode":"710","name":"South African Rand","rate":1.3007545827441,"date":"Sun, 27 Jun 2021 23:55:01 GMT","inverseRate":0.76878452958462},"kgs":{"code":"KGS","alphaCode":"KGS","numericCode":"417","name":"Kyrgyzstan Som","rate":7.711712328577,"date":"Sun, 27 Jun 2021 23:55:01 GMT","inverseRate":0.12967288682364},"crc":{"code":"CRC","alphaCode":"CRC","numericCode":"188","name":"Costa Rican Col\u00f3n","rate":56.987691024556,"date":"Sun, 27 Jun 2021 23:55:01 GMT","inverseRate":0.017547649010189},"jmd":{"code":"JMD","alphaCode":"JMD","numericCode":"388","name":"Jamaican Dollar","rate":13.766798418972,"date":"Sun, 27 Jun 2021 23:55:01 GMT","inverseRate":0.072638530002875},"ssp":{"code":"SSP","alphaCode":"SSP","numericCode":"728","name":"South Sudanese pound","rate":16.362867612515,"date":"Sun, 27 Jun 2021 23:55:01 GMT","inverseRate":0.061113982199256},"ern":{"code":"ERN","alphaCode":"ERN","numericCode":"232","name":"Eritrean nakfa","rate":1.3870967741935,"date":"Sun, 27 Jun 2021 23:55:01 GMT","inverseRate":0.72093023255815},"bam":{"code":"BAM","alphaCode":"BAM","numericCode":"977","name":"Bosnia and Herzegovina convertible mark","rate":0.15231556391306,"date":"Sun, 27 Jun 2021 23:55:01 GMT","inverseRate":6.5653172552399},"inr":{"code":"INR","alphaCode":"INR","numericCode":"356","name":"Indian Rupee","rate":6.8450762656822,"date":"Sun, 27 Jun 2021 23:55:01 GMT","inverseRate":0.14609041027249},"try":{"code":"TRY","alphaCode":"TRY","numericCode":"949","name":"Turkish Lira","rate":0.80375361706001,"date":"Sun, 27 Jun 2021 23:55:01 GMT","inverseRate":1.2441623636579},"twd":{"code":"TWD","alphaCode":"TWD","numericCode":"901","name":"New Taiwan Dollar ","rate":2.5741083589246,"date":"Sun, 27 Jun 2021 23:55:01 GMT","inverseRate":0.38848403429984},"tmt":{"code":"TMT","alphaCode":"TMT","numericCode":"934","name":"New Turkmenistan Manat","rate":0.32210179703824,"date":"Sun, 27 Jun 2021 23:55:01 GMT","inverseRate":3.1046085715606},"mga":{"code":"MGA","alphaCode":"MGA","numericCode":"969","name":"Malagasy ariary","rate":348.29999999999,"date":"Sun, 27 Jun 2021 23:55:01 GMT","inverseRate":0.0028710881424061},"srd":{"code":"SRD","alphaCode":"SRD","numericCode":"968","name":"Surinamese dollar","rate":1.9147883452445,"date":"Sun, 27 Jun 2021 23:55:01 GMT","inverseRate":0.52225093310367},"ghs":{"code":"GHS","alphaCode":"GHS","numericCode":"936","name":"Ghanaian Cedi","rate":0.5363412380659,"date":"Sun, 27 Jun 2021 23:55:01 GMT","inverseRate":1.8644846396785},"mop":{"code":"MOP","alphaCode":"MOP","numericCode":"446","name":"Macanese pataca","rate":0.7363636363636,"date":"Sun, 27 Jun 2021 23:55:01 GMT","inverseRate":1.3580246913581},"lbp":{"code":"LBP","alphaCode":"LBP","numericCode":"422","name":"Lebanese Pound","rate":138.93963751869,"date":"Sun, 27 Jun 2021 23:55:01 GMT","inverseRate":0.0071973701519518},"huf":{"code":"HUF","alphaCode":"HUF","numericCode":"348","name":"Hungarian Forint","rate":27.150096150722,"date":"Sun, 27 Jun 2021 23:55:01 GMT","inverseRate":0.036832282082855},"ngn":{"code":"NGN","alphaCode":"NGN","numericCode":"566","name":"Nigerian Naira","rate":37.822758803135,"date":"Sun, 27 Jun 2021 23:55:01 GMT","inverseRate":0.026439107871664},"irr":{"code":"IRR","alphaCode":"IRR","numericCode":"364","name":"Iranian rial","rate":3865.6237667094,"date":"Sun, 27 Jun 2021 23:55:01 GMT","inverseRate":0.0002586904624842},"ves":{"code":"VES","alphaCode":"VES","numericCode":"928","name":"Venezuelan Bolivar","rate":292689.07563024,"date":"Sun, 27 Jun 2021 23:55:01 GMT","inverseRate":3.4165948894633e-6},"sbd":{"code":"SBD","alphaCode":"SBD","numericCode":"090","name":"Solomon Islands dollar","rate":0.75016153349125,"date":"Sun, 27 Jun 2021 23:55:01 GMT","inverseRate":1.3330462245191},"mwk":{"code":"MWK","alphaCode":"MWK","numericCode":"454","name":"Malawian kwacha","rate":74.10638297872,"date":"Sun, 27 Jun 2021 23:55:01 GMT","inverseRate":0.013494114269309},"gtq":{"code":"GTQ","alphaCode":"GTQ","numericCode":"320","name":"Guatemalan Quetzal","rate":0.71154239019404,"date":"Sun, 27 Jun 2021 23:55:01 GMT","inverseRate":1.4053976457078},"sek":{"code":"SEK","alphaCode":"SEK","numericCode":"752","name":"Swedish Krona","rate":0.78118091250479,"date":"Sun, 27 Jun 2021 23:55:01 GMT","inverseRate":1.2801132029629},"npr":{"code":"NPR","alphaCode":"NPR","numericCode":"524","name":"Nepalese Rupee","rate":10.940684348804,"date":"Sun, 27 Jun 2021 23:55:01 GMT","inverseRate":0.091401960619518},"isk":{"code":"ISK","alphaCode":"ISK","numericCode":"352","name":"Icelandic Krona","rate":11.3547844367,"date":"Sun, 27 Jun 2021 23:55:01 GMT","inverseRate":0.08806860276166},"gip":{"code":"GIP","alphaCode":"GIP","numericCode":"292","name":"Gibraltar pound","rate":0.066043502110102,"date":"Sun, 27 Jun 2021 23:55:01 GMT","inverseRate":15.141535019341},"gel":{"code":"GEL","alphaCode":"GEL","numericCode":"981","name":"Georgian lari","rate":0.29885772131703,"date":"Sun, 27 Jun 2021 23:55:01 GMT","inverseRate":3.3460738293564},"mkd":{"code":"MKD","alphaCode":"MKD","numericCode":"807","name":"Macedonian denar","rate":4.7648362472293,"date":"Sun, 27 Jun 2021 23:55:01 GMT","inverseRate":0.20987080103361},"bif":{"code":"BIF","alphaCode":"BIF","numericCode":"108","name":"Burundian franc","rate":182.07004704651,"date":"Sun, 27 Jun 2021 23:55:01 GMT","inverseRate":0.005492391616423},"mmk":{"code":"MMK","alphaCode":"MMK","numericCode":"104","name":"Myanma Kyat","rate":151.43478260868,"date":"Sun, 27 Jun 2021 23:55:01 GMT","inverseRate":0.0066035027275342},"mvr":{"code":"MVR","alphaCode":"MVR","numericCode":"462","name":"Maldivian rufiyaa","rate":1.4222131482237,"date":"Sun, 27 Jun 2021 23:55:01 GMT","inverseRate":0.70312948607527},"kes":{"code":"KES","alphaCode":"KES","numericCode":"404","name":"Kenyan shilling","rate":9.9123456087425,"date":"Sun, 27 Jun 2021 23:55:01 GMT","inverseRate":0.10088429514786},"aed":{"code":"AED","alphaCode":"AED","numericCode":"784","name":"U.A.E Dirham","rate":0.33825025392923,"date":"Sun, 27 Jun 2021 23:55:01 GMT","inverseRate":2.9563909808897},"php":{"code":"PHP","alphaCode":"PHP","numericCode":"608","name":"Philippine Peso","rate":4.4751511160172,"date":"Sun, 27 Jun 2021 23:55:01 GMT","inverseRate":0.22345614127328},"ils":{"code":"ILS","alphaCode":"ILS","numericCode":"376","name":"Israeli New Sheqel","rate":0.29963378249381,"date":"Sun, 27 Jun 2021 23:55:01 GMT","inverseRate":3.3374073900384},"mro":{"code":"MRO","alphaCode":"MRO","numericCode":"478","name":"Mauritanian Ouguiya","rate":3.3410016828914,"date":"Sun, 27 Jun 2021 23:55:01 GMT","inverseRate":0.29931143259245},"cop":{"code":"COP","alphaCode":"COP","numericCode":"170","name":"Colombian Peso","rate":346.91427139022,"date":"Sun, 27 Jun 2021 23:55:01 GMT","inverseRate":0.0028825565347676},"bzd":{"code":"BZD","alphaCode":"BZD","numericCode":"084","name":"Belize dollar","rate":0.18544350974336,"date":"Sun, 27 Jun 2021 23:55:01 GMT","inverseRate":5.3924777490671},"gnf":{"code":"GNF","alphaCode":"GNF","numericCode":"324","name":"Guinean franc","rate":902.33160621756,"date":"Sun, 27 Jun 2021 23:55:01 GMT","inverseRate":0.0011082400229688},"sll":{"code":"SLL","alphaCode":"SLL","numericCode":"694","name":"Sierra Leonean leone","rate":943.90243902433,"date":"Sun, 27 Jun 2021 23:55:01 GMT","inverseRate":0.0010594315245479},"ugx":{"code":"UGX","alphaCode":"UGX","numericCode":"800","name":"Ugandan shilling","rate":328.89518413596,"date":"Sun, 27 Jun 2021 23:55:01 GMT","inverseRate":0.0030404823428081},"cny":{"code":"CNY","alphaCode":"CNY","numericCode":"156","name":"Chinese Yuan","rate":0.59564847021757,"date":"Sun, 27 Jun 2021 23:55:01 GMT","inverseRate":1.6788425556348},"sar":{"code":"SAR","alphaCode":"SAR","numericCode":"682","name":"Saudi Riyal","rate":0.34599266730509,"date":"Sun, 27 Jun 2021 23:55:01 GMT","inverseRate":2.8902346624538},"myr":{"code":"MYR","alphaCode":"MYR","numericCode":"458","name":"Malaysian Ringgit","rate":0.38233202655407,"date":"Sun, 27 Jun 2021 23:55:01 GMT","inverseRate":2.6155276841779},"kzt":{"code":"KZT","alphaCode":"KZT","numericCode":"398","name":"Kazakhstani Tenge","rate":39.330203539424,"date":"Sun, 27 Jun 2021 23:55:01 GMT","inverseRate":0.025425751966872},"bob":{"code":"BOB","alphaCode":"BOB","numericCode":"068","name":"Bolivian Boliviano","rate":0.63409508505321,"date":"Sun, 27 Jun 2021 23:55:01 GMT","inverseRate":1.5770505458437},"gyd":{"code":"GYD","alphaCode":"GYD","numericCode":"328","name":"Guyanese dollar","rate":19.214431511004,"date":"Sun, 27 Jun 2021 23:55:01 GMT","inverseRate":0.052044214757397},"rwf":{"code":"RWF","alphaCode":"RWF","numericCode":"646","name":"Rwandan franc","rate":92.509960159355,"date":"Sun, 27 Jun 2021 23:55:01 GMT","inverseRate":0.010809646856159},"mzn":{"code":"MZN","alphaCode":"MZN","numericCode":"943","name":"Mozambican metical","rate":5.8636363636362,"date":"Sun, 27 Jun 2021 23:55:01 GMT","inverseRate":0.17054263565892},"vuv":{"code":"VUV","alphaCode":"VUV","numericCode":"548","name":"Vanuatu vatu","rate":10.10737086477,"date":"Sun, 27 Jun 2021 23:55:01 GMT","inverseRate":0.098937697387316},"idr":{"code":"IDR","alphaCode":"IDR","numericCode":"360","name":"Indonesian Rupiah","rate":1332.4096362637,"date":"Sun, 27 Jun 2021 23:55:01 GMT","inverseRate":0.00075051993980184},"tnd":{"code":"TND","alphaCode":"TND","numericCode":"788","name":"Tunisian Dinar","rate":0.25231194679186,"date":"Sun, 27 Jun 2021 23:55:01 GMT","inverseRate":3.9633478030469},"xof":{"code":"XOF","alphaCode":"XOF","numericCode":"952","name":"West African CFA Franc","rate":50.715935194154,"date":"Sun, 27 Jun 2021 23:55:01 GMT","inverseRate":0.01971766854287},"tjs":{"code":"TJS","alphaCode":"TJS","numericCode":"972","name":"Tajikistan Ruble","rate":1.0432733871854,"date":"Sun, 27 Jun 2021 23:55:01 GMT","inverseRate":0.9585215268434},"afn":{"code":"AFN","alphaCode":"AFN","numericCode":"971","name":"Afghan afghani","rate":7.2768677920773,"date":"Sun, 27 Jun 2021 23:55:01 GMT","inverseRate":0.13742176284812},"nad":{"code":"NAD","alphaCode":"NAD","numericCode":"516","name":"Namibian dollar","rate":1.3079233946676,"date":"Sun, 27 Jun 2021 23:55:01 GMT","inverseRate":0.76457077232274},"syp":{"code":"SYP","alphaCode":"SYP","numericCode":"760","name":"Syrian pound","rate":232.19999999999,"date":"Sun, 27 Jun 2021 23:55:01 GMT","inverseRate":0.0043066322136092},"top":{"code":"TOP","alphaCode":"TOP","numericCode":"776","name":"Tongan pa\u02bbanga","rate":0.20381531979635,"date":"Sun, 27 Jun 2021 23:55:01 GMT","inverseRate":4.9064025265578},"kwd":{"code":"KWD","alphaCode":"KWD","numericCode":"414","name":"Kuwaiti Dinar","rate":0.027750356101201,"date":"Sun, 27 Jun 2021 23:55:01 GMT","inverseRate":36.035573610413},"czk":{"code":"CZK","alphaCode":"CZK","numericCode":"203","name":"Czech Koruna","rate":1.9677890489288,"date":"Sun, 27 Jun 2021 23:55:01 GMT","inverseRate":0.5081845539004},"pgk":{"code":"PGK","alphaCode":"PGK","numericCode":"598","name":"Papua New Guinean kina","rate":0.32382191020046,"date":"Sun, 27 Jun 2021 23:55:01 GMT","inverseRate":3.0881171671829},"uah":{"code":"UAH","alphaCode":"UAH","numericCode":"980","name":"Ukrainian Hryvnia","rate":2.5276788926879,"date":"Sun, 27 Jun 2021 23:55:01 GMT","inverseRate":0.39561987200701},"etb":{"code":"ETB","alphaCode":"ETB","numericCode":"230","name":"Ethiopian birr","rate":4.0265895953753,"date":"Sun, 27 Jun 2021 23:55:01 GMT","inverseRate":0.24834912431814},"xcd":{"code":"XCD","alphaCode":"XCD","numericCode":"951","name":"East Caribbean Dollar","rate":0.24928428285141,"date":"Sun, 27 Jun 2021 23:55:01 GMT","inverseRate":4.0114843525698},"lak":{"code":"LAK","alphaCode":"LAK","numericCode":"418","name":"Lao kip","rate":872.93233082702,"date":"Sun, 27 Jun 2021 23:55:01 GMT","inverseRate":0.00114556416882},"nok":{"code":"NOK","alphaCode":"NOK","numericCode":"578","name":"Norwegian Krone","rate":0.78280778970152,"date":"Sun, 27 Jun 2021 23:55:01 GMT","inverseRate":1.2774527964027},"mad":{"code":"MAD","alphaCode":"MAD","numericCode":"504","name":"Moroccan Dirham","rate":0.81504875204815,"date":"Sun, 27 Jun 2021 23:55:01 GMT","inverseRate":1.2269204725326},"ron":{"code":"RON","alphaCode":"RON","numericCode":"946","name":"Romanian New Leu","rate":0.38040248495707,"date":"Sun, 27 Jun 2021 23:55:01 GMT","inverseRate":2.628794604517},"byn":{"code":"BYN","alphaCode":"BYN","numericCode":"933","name":"Belarussian Ruble","rate":0.2330891367906,"date":"Sun, 27 Jun 2021 23:55:01 GMT","inverseRate":4.290204227314},"rsd":{"code":"RSD","alphaCode":"RSD","numericCode":"941","name":"Serbian Dinar","rate":8.9056844845604,"date":"Sun, 27 Jun 2021 23:55:01 GMT","inverseRate":0.11228783163536},"gmd":{"code":"GMD","alphaCode":"GMD","numericCode":"270","name":"Gambian dalasi","rate":4.7777777777777,"date":"Sun, 27 Jun 2021 23:55:01 GMT","inverseRate":0.2093023255814},"awg":{"code":"AWG","alphaCode":"AWG","numericCode":"533","name":"Aruban florin","rate":0.16652323580034,"date":"Sun, 27 Jun 2021 23:55:01 GMT","inverseRate":6.0051679586566},"aoa":{"code":"AOA","alphaCode":"AOA","numericCode":"973","name":"Angolan kwanza","rate":60.051724137928,"date":"Sun, 27 Jun 2021 23:55:01 GMT","inverseRate":0.016652311225955},"khr":{"code":"KHR","alphaCode":"KHR","numericCode":"116","name":"Cambodian riel","rate":374.91926803014,"date":"Sun, 27 Jun 2021 23:55:01 GMT","inverseRate":0.0026672408842952},"scr":{"code":"SCR","alphaCode":"SCR","numericCode":"690","name":"Seychelles rupee","rate":1.3788598574822,"date":"Sun, 27 Jun 2021 23:55:01 GMT","inverseRate":0.72523686477176},"bhd":{"code":"BHD","alphaCode":"BHD","numericCode":"048","name":"Bahrain Dinar","rate":0.034722776482278,"date":"Sun, 27 Jun 2021 23:55:01 GMT","inverseRate":28.799540281878},"omr":{"code":"OMR","alphaCode":"OMR","numericCode":"512","name":"Omani Rial","rate":0.035488251825797,"date":"Sun, 27 Jun 2021 23:55:01 GMT","inverseRate":28.178339268689},"rub":{"code":"RUB","alphaCode":"RUB","numericCode":"643","name":"Russian Rouble","rate":6.6586010778259,"date":"Sun, 27 Jun 2021 23:55:01 GMT","inverseRate":0.15018169557118},"lyd":{"code":"LYD","alphaCode":"LYD","numericCode":"434","name":"Libyan Dinar","rate":0.41065844639506,"date":"Sun, 27 Jun 2021 23:55:01 GMT","inverseRate":2.4351136784801},"clp":{"code":"CLP","alphaCode":"CLP","numericCode":"152","name":"Chilean Peso","rate":67.70936611428,"date":"Sun, 27 Jun 2021 23:55:01 GMT","inverseRate":0.014769005491976},"bsd":{"code":"BSD","alphaCode":"BSD","numericCode":"044","name":"Bahamian Dollar","rate":0.091953112624738,"date":"Sun, 27 Jun 2021 23:55:01 GMT","inverseRate":10.875107665806},"djf":{"code":"DJF","alphaCode":"DJF","numericCode":"262","name":"Djiboutian franc","rate":16.377486246296,"date":"Sun, 27 Jun 2021 23:55:01 GMT","inverseRate":0.061059431524551},"hnl":{"code":"HNL","alphaCode":"HNL","numericCode":"340","name":"Honduran Lempira","rate":2.2044303797467,"date":"Sun, 27 Jun 2021 23:55:01 GMT","inverseRate":0.45363192650017},"tzs":{"code":"TZS","alphaCode":"TZS","numericCode":"834","name":"Tanzanian shilling","rate":213.28842620942,"date":"Sun, 27 Jun 2021 23:55:01 GMT","inverseRate":0.0046884869365491},"bbd":{"code":"BBD","alphaCode":"BBD","numericCode":"052","name":"Barbadian Dollar","rate":0.18464518090316,"date":"Sun, 27 Jun 2021 23:55:01 GMT","inverseRate":5.4157925763817},"bdt":{"code":"BDT","alphaCode":"BDT","numericCode":"050","name":"Bangladeshi taka","rate":7.8057128412357,"date":"Sun, 27 Jun 2021 23:55:01 GMT","inverseRate":0.1281112974996},"qar":{"code":"QAR","alphaCode":"QAR","numericCode":"634","name":"Qatari Rial","rate":0.33749748218975,"date":"Sun, 27 Jun 2021 23:55:01 GMT","inverseRate":2.9629850673605},"mxn":{"code":"MXN","alphaCode":"MXN","numericCode":"484","name":"Mexican Peso","rate":1.8264758670746,"date":"Sun, 27 Jun 2021 23:55:01 GMT","inverseRate":0.54750244338111},"amd":{"code":"AMD","alphaCode":"AMD","numericCode":"051","name":"Armenia Dram","rate":47.76410564016,"date":"Sun, 27 Jun 2021 23:55:01 GMT","inverseRate":0.020936223689263},"uyu":{"code":"UYU","alphaCode":"UYU","numericCode":"858","name":"Uruguayan Peso","rate":4.0157653194113,"date":"Sun, 27 Jun 2021 23:55:01 GMT","inverseRate":0.2490185358109},"fjd":{"code":"FJD","alphaCode":"FJD","numericCode":"242","name":"Fiji Dollar","rate":0.18975755924815,"date":"Sun, 27 Jun 2021 23:55:01 GMT","inverseRate":5.2698822853864},"cdf":{"code":"CDF","alphaCode":"CDF","numericCode":"976","name":"Congolese franc","rate":182.9306722689,"date":"Sun, 27 Jun 2021 23:55:01 GMT","inverseRate":0.0054665518231413},"lsl":{"code":"LSL","alphaCode":"LSL","numericCode":"426","name":"Lesotho loti","rate":1.30841472577,"date":"Sun, 27 Jun 2021 23:55:01 GMT","inverseRate":0.76428366350851},"mnt":{"code":"MNT","alphaCode":"MNT","numericCode":"496","name":"Mongolian togrog","rate":262.27409638553,"date":"Sun, 27 Jun 2021 23:55:01 GMT","inverseRate":0.0038128050531154},"brl":{"code":"BRL","alphaCode":"BRL","numericCode":"986","name":"Brazilian Real","rate":0.46112492527961,"date":"Sun, 27 Jun 2021 23:55:01 GMT","inverseRate":2.1686097306357},"hkd":{"code":"HKD","alphaCode":"HKD","numericCode":"344","name":"Hong Kong Dollar","rate":0.71614299886676,"date":"Sun, 27 Jun 2021 23:55:01 GMT","inverseRate":1.3963691631174},"thb":{"code":"THB","alphaCode":"THB","numericCode":"764","name":"Thai Baht","rate":2.915827496686,"date":"Sun, 27 Jun 2021 23:55:01 GMT","inverseRate":0.3429558165346},"xaf":{"code":"XAF","alphaCode":"XAF","numericCode":"950","name":"Central African CFA Franc","rate":50.758931174304,"date":"Sun, 27 Jun 2021 23:55:01 GMT","inverseRate":0.019700966447974},"mdl":{"code":"MDL","alphaCode":"MDL","numericCode":"498","name":"Moldova Lei","rate":1.6599717959881,"date":"Sun, 27 Jun 2021 23:55:01 GMT","inverseRate":0.60241987388992},"nio":{"code":"NIO","alphaCode":"NIO","numericCode":"558","name":"Nicaraguan C\u00f3rdoba","rate":3.2270504194875,"date":"Sun, 27 Jun 2021 23:55:01 GMT","inverseRate":0.30988050076975},"lrd":{"code":"LRD","alphaCode":"LRD","numericCode":"430","name":"Liberian dollar","rate":15.760180995475,"date":"Sun, 27 Jun 2021 23:55:01 GMT","inverseRate":0.063451047947173},"sdg":{"code":"SDG","alphaCode":"SDG","numericCode":"938","name":"Sudanese pound","rate":40.499999999998,"date":"Sun, 27 Jun 2021 23:55:01 GMT","inverseRate":0.024691358024693},"mru":{"code":"MRU","alphaCode":"MRU","numericCode":"929","name":"Mauritanian ouguiya","rate":3.3234732824425,"date":"Sun, 27 Jun 2021 23:55:01 GMT","inverseRate":0.30089003732416},"dkk":{"code":"DKK","alphaCode":"DKK","numericCode":"208","name":"Danish Krone","rate":0.57427860360991,"date":"Sun, 27 Jun 2021 23:55:01 GMT","inverseRate":1.7413150929079},"jod":{"code":"JOD","alphaCode":"JOD","numericCode":"400","name":"Jordanian Dinar","rate":0.065370380442617,"date":"Sun, 27 Jun 2021 23:55:01 GMT","inverseRate":15.297448067903},"bgn":{"code":"BGN","alphaCode":"BGN","numericCode":"975","name":"Bulgarian Lev","rate":0.15104161597091,"date":"Sun, 27 Jun 2021 23:55:01 GMT","inverseRate":6.6206918773473},"vnd":{"code":"VND","alphaCode":"VND","numericCode":"704","name":"Vietnamese Dong","rate":2122.2148312272,"date":"Sun, 27 Jun 2021 23:55:01 GMT","inverseRate":0.00047120582953504},"uzs":{"code":"UZS","alphaCode":"UZS","numericCode":"860","name":"Uzbekistan Sum","rate":972.7795179763,"date":"Sun, 27 Jun 2021 23:55:01 GMT","inverseRate":0.0010279821701842},"pab":{"code":"PAB","alphaCode":"PAB","numericCode":"590","name":"Panamanian Balboa","rate":0.091953112624738,"date":"Sun, 27 Jun 2021 23:55:01 GMT","inverseRate":10.875107665806},"ttd":{"code":"TTD","alphaCode":"TTD","numericCode":"780","name":"Trinidad Tobago Dollar","rate":0.62531418312383,"date":"Sun, 27 Jun 2021 23:55:01 GMT","inverseRate":1.5991960953202},"htg":{"code":"HTG","alphaCode":"HTG","numericCode":"332","name":"Haitian gourde","rate":8.6426799007441,"date":"Sun, 27 Jun 2021 23:55:01 GMT","inverseRate":0.11570485213896},"cup":{"code":"CUP","alphaCode":"CUP","numericCode":"192","name":"Cuban peso","rate":0.091953112624738,"date":"Sun, 27 Jun 2021 23:55:01 GMT","inverseRate":10.875107665806}}