{"usd":{"code":"USD","alphaCode":"USD","numericCode":"840","name":"U.S. Dollar","rate":0.39584575283408,"date":"Sun, 27 Jun 2021 23:55:01 GMT","inverseRate":2.5262365273353},"eur":{"code":"EUR","alphaCode":"EUR","numericCode":"978","name":"Euro","rate":0.33138176002685,"date":"Sun, 27 Jun 2021 23:55:01 GMT","inverseRate":3.0176675985998},"gbp":{"code":"GBP","alphaCode":"GBP","numericCode":"826","name":"U.K. Pound Sterling","rate":0.28464574209624,"date":"Sun, 27 Jun 2021 23:55:01 GMT","inverseRate":3.5131387971435},"jpy":{"code":"JPY","alphaCode":"JPY","numericCode":"392","name":"Japanese Yen","rate":43.833125107957,"date":"Sun, 27 Jun 2021 23:55:01 GMT","inverseRate":0.022813796587332},"aud":{"code":"AUD","alphaCode":"AUD","numericCode":"036","name":"Australian Dollar","rate":0.52105758961951,"date":"Sun, 27 Jun 2021 23:55:01 GMT","inverseRate":1.9191736574267},"chf":{"code":"CHF","alphaCode":"CHF","numericCode":"756","name":"Swiss Franc","rate":0.36299638725505,"date":"Sun, 27 Jun 2021 23:55:01 GMT","inverseRate":2.7548483541721},"cad":{"code":"CAD","alphaCode":"CAD","numericCode":"124","name":"Canadian Dollar","rate":0.48688802359489,"date":"Sun, 27 Jun 2021 23:55:01 GMT","inverseRate":2.0538603365443},"lkr":{"code":"LKR","alphaCode":"LKR","numericCode":"144","name":"Sri Lanka Rupee","rate":78.655051299952,"date":"Sun, 27 Jun 2021 23:55:01 GMT","inverseRate":0.012713741628449},"pln":{"code":"PLN","alphaCode":"PLN","numericCode":"985","name":"Polish Zloty","rate":1.4946272358083,"date":"Sun, 27 Jun 2021 23:55:01 GMT","inverseRate":0.66906314567406},"pen":{"code":"PEN","alphaCode":"PEN","numericCode":"604","name":"Peruvian Nuevo Sol","rate":1.5755457080475,"date":"Sun, 27 Jun 2021 23:55:01 GMT","inverseRate":0.63470072298902},"iqd":{"code":"IQD","alphaCode":"IQD","numericCode":"368","name":"Iraqi dinar","rate":576.3933567062,"date":"Sun, 27 Jun 2021 23:55:01 GMT","inverseRate":0.0017349263109389},"svc":{"code":"SVC","alphaCode":"SVC","numericCode":"222","name":"Salvadoran colon","rate":3.4549783407478,"date":"Sun, 27 Jun 2021 23:55:01 GMT","inverseRate":0.28943741505007},"cve":{"code":"CVE","alphaCode":"CVE","numericCode":"132","name":"Cape Verde escudo","rate":36.895756354898,"date":"Sun, 27 Jun 2021 23:55:01 GMT","inverseRate":0.027103387998909},"zmw":{"code":"ZMW","alphaCode":"ZMW","numericCode":"967","name":"Zambian kwacha","rate":8.9157406466194,"date":"Sun, 27 Jun 2021 23:55:01 GMT","inverseRate":0.11216118095351},"yer":{"code":"YER","alphaCode":"YER","numericCode":"886","name":"Yemeni rial","rate":99.261201831632,"date":"Sun, 27 Jun 2021 23:55:01 GMT","inverseRate":0.010074429702113},"dop":{"code":"DOP","alphaCode":"DOP","numericCode":"214","name":"Dominican Peso","rate":22.473742848607,"date":"Sun, 27 Jun 2021 23:55:01 GMT","inverseRate":0.044496371020014},"nzd":{"code":"NZD","alphaCode":"NZD","numericCode":"554","name":"New Zealand Dollar","rate":0.5592651798131,"date":"Sun, 27 Jun 2021 23:55:01 GMT","inverseRate":1.7880605410374},"hrk":{"code":"HRK","alphaCode":"HRK","numericCode":"191","name":"Croatian Kuna","rate":2.4837437542566,"date":"Sun, 27 Jun 2021 23:55:01 GMT","inverseRate":0.40261802300911},"dzd":{"code":"DZD","alphaCode":"DZD","numericCode":"012","name":"Algerian Dinar","rate":52.712735490205,"date":"Sun, 27 Jun 2021 23:55:01 GMT","inverseRate":0.018970747594494},"ars":{"code":"ARS","alphaCode":"ARS","numericCode":"032","name":"Argentine Peso","rate":37.742981773778,"date":"Sun, 27 Jun 2021 23:55:01 GMT","inverseRate":0.026494991995962},"stn":{"code":"STN","alphaCode":"STN","numericCode":"930","name":"S\u00e3o Tom\u00e9 and Pr\u00edncipe Dobra","rate":8.1968081863597,"date":"Sun, 27 Jun 2021 23:55:01 GMT","inverseRate":0.12199870696793},"xpf":{"code":"XPF","alphaCode":"XPF","numericCode":"953","name":"CFP Franc","rate":39.486249302999,"date":"Sun, 27 Jun 2021 23:55:01 GMT","inverseRate":0.025325271902288},"all":{"code":"ALL","alphaCode":"ALL","numericCode":"008","name":"Albanian lek","rate":40.540387215428,"date":"Sun, 27 Jun 2021 23:55:01 GMT","inverseRate":0.024666759956833},"mur":{"code":"MUR","alphaCode":"MUR","numericCode":"480","name":"Mauritian Rupee","rate":16.206921175417,"date":"Sun, 27 Jun 2021 23:55:01 GMT","inverseRate":0.061702033913562},"sos":{"code":"SOS","alphaCode":"SOS","numericCode":"706","name":"Somali shilling","rate":228.30834719228,"date":"Sun, 27 Jun 2021 23:55:01 GMT","inverseRate":0.0043800413445147},"ang":{"code":"ANG","alphaCode":"ANG","numericCode":"532","name":"Neth. Antillean Guilder","rate":0.70397496960025,"date":"Sun, 27 Jun 2021 23:55:01 GMT","inverseRate":1.4205050508654},"pkr":{"code":"PKR","alphaCode":"PKR","numericCode":"586","name":"Pakistani Rupee","rate":61.217216703867,"date":"Sun, 27 Jun 2021 23:55:01 GMT","inverseRate":0.016335273863191},"krw":{"code":"KRW","alphaCode":"KRW","numericCode":"410","name":"South Korean Won","rate":446.19848559738,"date":"Sun, 27 Jun 2021 23:55:01 GMT","inverseRate":0.0022411550739828},"azn":{"code":"AZN","alphaCode":"AZN","numericCode":"944","name":"Azerbaijan Manat","rate":0.67099396460331,"date":"Sun, 27 Jun 2021 23:55:01 GMT","inverseRate":1.490326370657},"pyg":{"code":"PYG","alphaCode":"PYG","numericCode":"600","name":"Paraguayan Guaran\u00ed","rate":2683.2667536602,"date":"Sun, 27 Jun 2021 23:55:01 GMT","inverseRate":0.00037268005450294},"bnd":{"code":"BND","alphaCode":"BND","numericCode":"096","name":"Brunei Dollar","rate":0.53124222567314,"date":"Sun, 27 Jun 2021 23:55:01 GMT","inverseRate":1.8823804879834},"kmf":{"code":"KMF","alphaCode":"KMF","numericCode":"174","name":"\tComoro franc","rate":163.59515353333,"date":"Sun, 27 Jun 2021 23:55:01 GMT","inverseRate":0.0061126505180746},"szl":{"code":"SZL","alphaCode":"SZL","numericCode":"748","name":"Swazi lilangeni","rate":5.6112584768059,"date":"Sun, 27 Jun 2021 23:55:01 GMT","inverseRate":0.17821314133603},"wst":{"code":"WST","alphaCode":"WST","numericCode":"882","name":"Samoan tala","rate":1.0033425987869,"date":"Sun, 27 Jun 2021 23:55:01 GMT","inverseRate":0.99666853695738},"egp":{"code":"EGP","alphaCode":"EGP","numericCode":"818","name":"Egyptian Pound","rate":6.2056103982754,"date":"Sun, 27 Jun 2021 23:55:01 GMT","inverseRate":0.16114450244539},"sgd":{"code":"SGD","alphaCode":"SGD","numericCode":"702","name":"Singapore Dollar","rate":0.53115888107602,"date":"Sun, 27 Jun 2021 23:55:01 GMT","inverseRate":1.8826758539257},"zar":{"code":"ZAR","alphaCode":"ZAR","numericCode":"710","name":"South African Rand","rate":5.580502809587,"date":"Sun, 27 Jun 2021 23:55:01 GMT","inverseRate":0.17919532237885},"kgs":{"code":"KGS","alphaCode":"KGS","numericCode":"417","name":"Kyrgyzstan Som","rate":33.084820831891,"date":"Sun, 27 Jun 2021 23:55:01 GMT","inverseRate":0.030225341254866},"crc":{"code":"CRC","alphaCode":"CRC","numericCode":"188","name":"Costa Rican Col\u00f3n","rate":244.48883293841,"date":"Sun, 27 Jun 2021 23:55:01 GMT","inverseRate":0.0040901663604893},"jmd":{"code":"JMD","alphaCode":"JMD","numericCode":"388","name":"Jamaican Dollar","rate":59.062376773652,"date":"Sun, 27 Jun 2021 23:55:01 GMT","inverseRate":0.016931252256108},"ssp":{"code":"SSP","alphaCode":"SSP","numericCode":"728","name":"South Sudanese pound","rate":70.20004380219,"date":"Sun, 27 Jun 2021 23:55:01 GMT","inverseRate":0.014245005356661},"ern":{"code":"ERN","alphaCode":"ERN","numericCode":"232","name":"Eritrean nakfa","rate":5.9509284443387,"date":"Sun, 27 Jun 2021 23:55:01 GMT","inverseRate":0.16804100559323},"bam":{"code":"BAM","alphaCode":"BAM","numericCode":"977","name":"Bosnia and Herzegovina convertible mark","rate":0.65346487618552,"date":"Sun, 27 Jun 2021 23:55:01 GMT","inverseRate":1.5303041317803},"inr":{"code":"INR","alphaCode":"INR","numericCode":"356","name":"Indian Rupee","rate":29.366775131317,"date":"Sun, 27 Jun 2021 23:55:01 GMT","inverseRate":0.034052087623799},"try":{"code":"TRY","alphaCode":"TRY","numericCode":"949","name":"Turkish Lira","rate":3.4482671656298,"date":"Sun, 27 Jun 2021 23:55:01 GMT","inverseRate":0.29000073137238},"twd":{"code":"TWD","alphaCode":"TWD","numericCode":"901","name":"New Taiwan Dollar ","rate":11.043450563023,"date":"Sun, 27 Jun 2021 23:55:01 GMT","inverseRate":0.09055140821188},"tmt":{"code":"TMT","alphaCode":"TMT","numericCode":"934","name":"New Turkmenistan Manat","rate":1.3818824912789,"date":"Sun, 27 Jun 2021 23:55:01 GMT","inverseRate":0.72365053201775},"mga":{"code":"MGA","alphaCode":"MGA","numericCode":"969","name":"Malagasy ariary","rate":1494.2781323734,"date":"Sun, 27 Jun 2021 23:55:01 GMT","inverseRate":0.00066921945676315},"srd":{"code":"SRD","alphaCode":"SRD","numericCode":"968","name":"Surinamese dollar","rate":8.2148330531797,"date":"Sun, 27 Jun 2021 23:55:01 GMT","inverseRate":0.12173101918522},"ghs":{"code":"GHS","alphaCode":"GHS","numericCode":"936","name":"Ghanaian Cedi","rate":2.3010134468331,"date":"Sun, 27 Jun 2021 23:55:01 GMT","inverseRate":0.43459111522198},"mop":{"code":"MOP","alphaCode":"MOP","numericCode":"446","name":"Macanese pataca","rate":3.1591503855675,"date":"Sun, 27 Jun 2021 23:55:01 GMT","inverseRate":0.31654080304897},"lbp":{"code":"LBP","alphaCode":"LBP","numericCode":"422","name":"Lebanese Pound","rate":596.07942022415,"date":"Sun, 27 Jun 2021 23:55:01 GMT","inverseRate":0.0016776287958809},"huf":{"code":"HUF","alphaCode":"HUF","numericCode":"348","name":"Hungarian Forint","rate":116.47945727781,"date":"Sun, 27 Jun 2021 23:55:01 GMT","inverseRate":0.0085852048367204},"ngn":{"code":"NGN","alphaCode":"NGN","numericCode":"566","name":"Nigerian Naira","rate":162.26735970589,"date":"Sun, 27 Jun 2021 23:55:01 GMT","inverseRate":0.0061626688313196},"irr":{"code":"IRR","alphaCode":"IRR","numericCode":"364","name":"Iranian rial","rate":16584.315425142,"date":"Sun, 27 Jun 2021 23:55:01 GMT","inverseRate":6.0297936596404e-5},"ves":{"code":"VES","alphaCode":"VES","numericCode":"928","name":"Venezuelan Bolivar","rate":1255695.9095575,"date":"Sun, 27 Jun 2021 23:55:01 GMT","inverseRate":7.9637115354817e-7},"sbd":{"code":"SBD","alphaCode":"SBD","numericCode":"090","name":"Solomon Islands dollar","rate":3.2183461821525,"date":"Sun, 27 Jun 2021 23:55:01 GMT","inverseRate":0.31071859377513},"mwk":{"code":"MWK","alphaCode":"MWK","numericCode":"454","name":"Malawian kwacha","rate":317.93151752626,"date":"Sun, 27 Jun 2021 23:55:01 GMT","inverseRate":0.0031453314467869},"gtq":{"code":"GTQ","alphaCode":"GTQ","numericCode":"320","name":"Guatemalan Quetzal","rate":3.0526621703236,"date":"Sun, 27 Jun 2021 23:55:01 GMT","inverseRate":0.32758292408557},"sek":{"code":"SEK","alphaCode":"SEK","numericCode":"752","name":"Swedish Krona","rate":3.3514256531251,"date":"Sun, 27 Jun 2021 23:55:01 GMT","inverseRate":0.29838048147287},"npr":{"code":"NPR","alphaCode":"NPR","numericCode":"524","name":"Nepalese Rupee","rate":46.937770242949,"date":"Sun, 27 Jun 2021 23:55:01 GMT","inverseRate":0.021304804101772},"isk":{"code":"ISK","alphaCode":"ISK","numericCode":"352","name":"Icelandic Krona","rate":48.714344190569,"date":"Sun, 27 Jun 2021 23:55:01 GMT","inverseRate":0.020527834596069},"gip":{"code":"GIP","alphaCode":"GIP","numericCode":"292","name":"Gibraltar pound","rate":0.28334011193938,"date":"Sun, 27 Jun 2021 23:55:01 GMT","inverseRate":3.5293273273427},"gel":{"code":"GEL","alphaCode":"GEL","numericCode":"981","name":"Georgian lari","rate":1.2821606593597,"date":"Sun, 27 Jun 2021 23:55:01 GMT","inverseRate":0.7799334605223},"mkd":{"code":"MKD","alphaCode":"MKD","numericCode":"807","name":"Macedonian denar","rate":20.442120610322,"date":"Sun, 27 Jun 2021 23:55:01 GMT","inverseRate":0.048918603850476},"bif":{"code":"BIF","alphaCode":"BIF","numericCode":"108","name":"Burundian franc","rate":781.11768550621,"date":"Sun, 27 Jun 2021 23:55:01 GMT","inverseRate":0.0012802168207879},"mmk":{"code":"MMK","alphaCode":"MMK","numericCode":"104","name":"Myanma Kyat","rate":649.68614451016,"date":"Sun, 27 Jun 2021 23:55:01 GMT","inverseRate":0.0015392047505553},"mvr":{"code":"MVR","alphaCode":"MVR","numericCode":"462","name":"Maldivian rufiyaa","rate":6.1015848606508,"date":"Sun, 27 Jun 2021 23:55:01 GMT","inverseRate":0.1638918449613},"kes":{"code":"KES","alphaCode":"KES","numericCode":"404","name":"Kenyan shilling","rate":42.525987033225,"date":"Sun, 27 Jun 2021 23:55:01 GMT","inverseRate":0.023515033271743},"aed":{"code":"AED","alphaCode":"AED","numericCode":"784","name":"U.A.E Dirham","rate":1.4511626692972,"date":"Sun, 27 Jun 2021 23:55:01 GMT","inverseRate":0.68910262175108},"php":{"code":"PHP","alphaCode":"PHP","numericCode":"608","name":"Philippine Peso","rate":19.199312235806,"date":"Sun, 27 Jun 2021 23:55:01 GMT","inverseRate":0.052085199079946},"ils":{"code":"ILS","alphaCode":"ILS","numericCode":"376","name":"Israeli New Sheqel","rate":1.285490120301,"date":"Sun, 27 Jun 2021 23:55:01 GMT","inverseRate":0.77791340766262},"mro":{"code":"MRO","alphaCode":"MRO","numericCode":"478","name":"Mauritanian Ouguiya","rate":14.333579543404,"date":"Sun, 27 Jun 2021 23:55:01 GMT","inverseRate":0.069766243454531},"cop":{"code":"COP","alphaCode":"COP","numericCode":"170","name":"Colombian Peso","rate":1488.3330736339,"date":"Sun, 27 Jun 2021 23:55:01 GMT","inverseRate":0.00067189261443907},"bzd":{"code":"BZD","alphaCode":"BZD","numericCode":"084","name":"Belize dollar","rate":0.79559052942893,"date":"Sun, 27 Jun 2021 23:55:01 GMT","inverseRate":1.2569279836926},"gnf":{"code":"GNF","alphaCode":"GNF","numericCode":"324","name":"Guinean franc","rate":3871.1868714336,"date":"Sun, 27 Jun 2021 23:55:01 GMT","inverseRate":0.00025831871031058},"sll":{"code":"SLL","alphaCode":"SLL","numericCode":"694","name":"Sierra Leonean leone","rate":4049.5342340742,"date":"Sun, 27 Jun 2021 23:55:01 GMT","inverseRate":0.00024694197954561},"ugx":{"code":"UGX","alphaCode":"UGX","numericCode":"800","name":"Ugandan shilling","rate":1411.0275093233,"date":"Sun, 27 Jun 2021 23:55:01 GMT","inverseRate":0.0007087034047122},"cny":{"code":"CNY","alphaCode":"CNY","numericCode":"156","name":"Chinese Yuan","rate":2.5554535849205,"date":"Sun, 27 Jun 2021 23:55:01 GMT","inverseRate":0.39131996210023},"sar":{"code":"SAR","alphaCode":"SAR","numericCode":"682","name":"Saudi Riyal","rate":1.4843792038919,"date":"Sun, 27 Jun 2021 23:55:01 GMT","inverseRate":0.67368230259362},"myr":{"code":"MYR","alphaCode":"MYR","numericCode":"458","name":"Malaysian Ringgit","rate":1.6402824765598,"date":"Sun, 27 Jun 2021 23:55:01 GMT","inverseRate":0.60965109015693},"kzt":{"code":"KZT","alphaCode":"KZT","numericCode":"398","name":"Kazakhstani Tenge","rate":168.73460548596,"date":"Sun, 27 Jun 2021 23:55:01 GMT","inverseRate":0.0059264665782101},"bob":{"code":"BOB","alphaCode":"BOB","numericCode":"068","name":"Bolivian Boliviano","rate":2.7203974144143,"date":"Sun, 27 Jun 2021 23:55:01 GMT","inverseRate":0.36759335040586},"gyd":{"code":"GYD","alphaCode":"GYD","numericCode":"328","name":"Guyanese dollar","rate":82.433835293947,"date":"Sun, 27 Jun 2021 23:55:01 GMT","inverseRate":0.012130941092746},"rwf":{"code":"RWF","alphaCode":"RWF","numericCode":"646","name":"Rwandan franc","rate":396.88662214432,"date":"Sun, 27 Jun 2021 23:55:01 GMT","inverseRate":0.0025196112547134},"mzn":{"code":"MZN","alphaCode":"MZN","numericCode":"943","name":"Mozambican metical","rate":25.156197514704,"date":"Sun, 27 Jun 2021 23:55:01 GMT","inverseRate":0.039751635731731},"vuv":{"code":"VUV","alphaCode":"VUV","numericCode":"548","name":"Vanuatu vatu","rate":43.362685211067,"date":"Sun, 27 Jun 2021 23:55:01 GMT","inverseRate":0.023061302480059},"idr":{"code":"IDR","alphaCode":"IDR","numericCode":"360","name":"Indonesian Rupiah","rate":5716.3094540123,"date":"Sun, 27 Jun 2021 23:55:01 GMT","inverseRate":0.00017493804491254},"tnd":{"code":"TND","alphaCode":"TND","numericCode":"788","name":"Tunisian Dinar","rate":1.0824697807283,"date":"Sun, 27 Jun 2021 23:55:01 GMT","inverseRate":0.92381331821311},"xof":{"code":"XOF","alphaCode":"XOF","numericCode":"952","name":"West African CFA Franc","rate":217.58171956214,"date":"Sun, 27 Jun 2021 23:55:01 GMT","inverseRate":0.0045959743401807},"tjs":{"code":"TJS","alphaCode":"TJS","numericCode":"972","name":"Tajikistan Ruble","rate":4.4758558959469,"date":"Sun, 27 Jun 2021 23:55:01 GMT","inverseRate":0.22342095528713},"afn":{"code":"AFN","alphaCode":"AFN","numericCode":"971","name":"Afghan afghani","rate":31.219248963175,"date":"Sun, 27 Jun 2021 23:55:01 GMT","inverseRate":0.032031520078512},"nad":{"code":"NAD","alphaCode":"NAD","numericCode":"516","name":"Namibian dollar","rate":5.6112584768059,"date":"Sun, 27 Jun 2021 23:55:01 GMT","inverseRate":0.17821314133603},"syp":{"code":"SYP","alphaCode":"SYP","numericCode":"760","name":"Syrian pound","rate":996.18542158225,"date":"Sun, 27 Jun 2021 23:55:01 GMT","inverseRate":0.0010038291851448},"top":{"code":"TOP","alphaCode":"TOP","numericCode":"776","name":"Tongan pa\u02bbanga","rate":0.87440934658167,"date":"Sun, 27 Jun 2021 23:55:01 GMT","inverseRate":1.1436291296626},"kwd":{"code":"KWD","alphaCode":"KWD","numericCode":"414","name":"Kuwaiti Dinar","rate":0.11905469505484,"date":"Sun, 27 Jun 2021 23:55:01 GMT","inverseRate":8.3995007466051},"czk":{"code":"CZK","alphaCode":"CZK","numericCode":"203","name":"Czech Koruna","rate":8.4422168961768,"date":"Sun, 27 Jun 2021 23:55:01 GMT","inverseRate":0.11845229899896},"pgk":{"code":"PGK","alphaCode":"PGK","numericCode":"598","name":"Papua New Guinean kina","rate":1.3892621280389,"date":"Sun, 27 Jun 2021 23:55:01 GMT","inverseRate":0.71980656480688},"uah":{"code":"UAH","alphaCode":"UAH","numericCode":"980","name":"Ukrainian Hryvnia","rate":10.844258670702,"date":"Sun, 27 Jun 2021 23:55:01 GMT","inverseRate":0.09221469446332},"etb":{"code":"ETB","alphaCode":"ETB","numericCode":"230","name":"Ethiopian birr","rate":17.274891703738,"date":"Sun, 27 Jun 2021 23:55:01 GMT","inverseRate":0.057887483010017},"xcd":{"code":"XCD","alphaCode":"XCD","numericCode":"951","name":"East Caribbean Dollar","rate":1.0694804840921,"date":"Sun, 27 Jun 2021 23:55:01 GMT","inverseRate":0.93503342498947},"lak":{"code":"LAK","alphaCode":"LAK","numericCode":"418","name":"Lao kip","rate":3745.0579758732,"date":"Sun, 27 Jun 2021 23:55:01 GMT","inverseRate":0.0002670185632485},"bwp":{"code":"BWP","alphaCode":"BWP","numericCode":"072","name":"Botswana Pula","rate":4.290204227314,"date":"Sun, 27 Jun 2021 23:55:01 GMT","inverseRate":0.2330891367906},"nok":{"code":"NOK","alphaCode":"NOK","numericCode":"578","name":"Norwegian Krone","rate":3.3584052885518,"date":"Sun, 27 Jun 2021 23:55:01 GMT","inverseRate":0.29776036960423},"mad":{"code":"MAD","alphaCode":"MAD","numericCode":"504","name":"Moroccan Dirham","rate":3.496725601504,"date":"Sun, 27 Jun 2021 23:55:01 GMT","inverseRate":0.28598183385333},"ron":{"code":"RON","alphaCode":"RON","numericCode":"946","name":"Romanian New Leu","rate":1.6320043490436,"date":"Sun, 27 Jun 2021 23:55:01 GMT","inverseRate":0.61274346516664},"rsd":{"code":"RSD","alphaCode":"RSD","numericCode":"941","name":"Serbian Dinar","rate":38.207205222786,"date":"Sun, 27 Jun 2021 23:55:01 GMT","inverseRate":0.026173073747975},"gmd":{"code":"GMD","alphaCode":"GMD","numericCode":"270","name":"Gambian dalasi","rate":20.497642419389,"date":"Sun, 27 Jun 2021 23:55:01 GMT","inverseRate":0.048786098398033},"awg":{"code":"AWG","alphaCode":"AWG","numericCode":"533","name":"Aruban florin","rate":0.71441869017661,"date":"Sun, 27 Jun 2021 23:55:01 GMT","inverseRate":1.3997394157658},"aoa":{"code":"AOA","alphaCode":"AOA","numericCode":"973","name":"Angolan kwanza","rate":257.63416075404,"date":"Sun, 27 Jun 2021 23:55:01 GMT","inverseRate":0.0038814728492263},"khr":{"code":"KHR","alphaCode":"KHR","numericCode":"116","name":"Cambodian riel","rate":1608.4802286044,"date":"Sun, 27 Jun 2021 23:55:01 GMT","inverseRate":0.00062170487533295},"scr":{"code":"SCR","alphaCode":"SCR","numericCode":"690","name":"Seychelles rupee","rate":5.9155903894436,"date":"Sun, 27 Jun 2021 23:55:01 GMT","inverseRate":0.16904483477837},"bhd":{"code":"BHD","alphaCode":"BHD","numericCode":"048","name":"Bahrain Dinar","rate":0.14896780244835,"date":"Sun, 27 Jun 2021 23:55:01 GMT","inverseRate":6.7128599842689},"omr":{"code":"OMR","alphaCode":"OMR","numericCode":"512","name":"Omani Rial","rate":0.15225184800302,"date":"Sun, 27 Jun 2021 23:55:01 GMT","inverseRate":6.5680647763314},"rub":{"code":"RUB","alphaCode":"RUB","numericCode":"643","name":"Russian Rouble","rate":28.566758492087,"date":"Sun, 27 Jun 2021 23:55:01 GMT","inverseRate":0.035005721782435},"lyd":{"code":"LYD","alphaCode":"LYD","numericCode":"434","name":"Libyan Dinar","rate":1.7618086027063,"date":"Sun, 27 Jun 2021 23:55:01 GMT","inverseRate":0.56759854530391},"clp":{"code":"CLP","alphaCode":"CLP","numericCode":"152","name":"Chilean Peso","rate":290.48700873223,"date":"Sun, 27 Jun 2021 23:55:01 GMT","inverseRate":0.0034424947413803},"bsd":{"code":"BSD","alphaCode":"BSD","numericCode":"044","name":"Bahamian Dollar","rate":0.39449763249733,"date":"Sun, 27 Jun 2021 23:55:01 GMT","inverseRate":2.5348694583275},"djf":{"code":"DJF","alphaCode":"DJF","numericCode":"262","name":"Djiboutian franc","rate":70.262760726637,"date":"Sun, 27 Jun 2021 23:55:01 GMT","inverseRate":0.014232290186982},"hnl":{"code":"HNL","alphaCode":"HNL","numericCode":"340","name":"Honduran Lempira","rate":9.4574565340088,"date":"Sun, 27 Jun 2021 23:55:01 GMT","inverseRate":0.10573667416858},"tzs":{"code":"TZS","alphaCode":"TZS","numericCode":"834","name":"Tanzanian shilling","rate":915.05090776082,"date":"Sun, 27 Jun 2021 23:55:01 GMT","inverseRate":0.0010928353728942},"bbd":{"code":"BBD","alphaCode":"BBD","numericCode":"052","name":"Barbadian Dollar","rate":0.79216553566391,"date":"Sun, 27 Jun 2021 23:55:01 GMT","inverseRate":1.2623624166657},"bdt":{"code":"BDT","alphaCode":"BDT","numericCode":"050","name":"Bangladeshi taka","rate":33.488102228669,"date":"Sun, 27 Jun 2021 23:55:01 GMT","inverseRate":0.029861351747305},"qar":{"code":"QAR","alphaCode":"QAR","numericCode":"634","name":"Qatari Rial","rate":1.4479331247983,"date":"Sun, 27 Jun 2021 23:55:01 GMT","inverseRate":0.6906396316745},"mxn":{"code":"MXN","alphaCode":"MXN","numericCode":"484","name":"Mexican Peso","rate":7.8359544860106,"date":"Sun, 27 Jun 2021 23:55:01 GMT","inverseRate":0.12761687191845},"amd":{"code":"AMD","alphaCode":"AMD","numericCode":"051","name":"Armenia Dram","rate":204.91776793129,"date":"Sun, 27 Jun 2021 23:55:01 GMT","inverseRate":0.0048800063073853},"uyu":{"code":"UYU","alphaCode":"UYU","numericCode":"858","name":"Uruguayan Peso","rate":17.228453349239,"date":"Sun, 27 Jun 2021 23:55:01 GMT","inverseRate":0.058043515557021},"fjd":{"code":"FJD","alphaCode":"FJD","numericCode":"242","name":"Fiji Dollar","rate":0.81409868285122,"date":"Sun, 27 Jun 2021 23:55:01 GMT","inverseRate":1.2283523128888},"cdf":{"code":"CDF","alphaCode":"CDF","numericCode":"976","name":"Congolese franc","rate":784.80994347342,"date":"Sun, 27 Jun 2021 23:55:01 GMT","inverseRate":0.0012741938456771},"lsl":{"code":"LSL","alphaCode":"LSL","numericCode":"426","name":"Lesotho loti","rate":5.6133663875785,"date":"Sun, 27 Jun 2021 23:55:01 GMT","inverseRate":0.17814621939035},"mnt":{"code":"MNT","alphaCode":"MNT","numericCode":"496","name":"Mongolian togrog","rate":1125.2094370281,"date":"Sun, 27 Jun 2021 23:55:01 GMT","inverseRate":0.00088872343858149},"brl":{"code":"BRL","alphaCode":"BRL","numericCode":"986","name":"Brazilian Real","rate":1.9783201037544,"date":"Sun, 27 Jun 2021 23:55:01 GMT","inverseRate":0.50547937014956},"hkd":{"code":"HKD","alphaCode":"HKD","numericCode":"344","name":"Hong Kong Dollar","rate":3.0723997210995,"date":"Sun, 27 Jun 2021 23:55:01 GMT","inverseRate":0.32547848287206},"thb":{"code":"THB","alphaCode":"THB","numericCode":"764","name":"Thai Baht","rate":12.509495452401,"date":"Sun, 27 Jun 2021 23:55:01 GMT","inverseRate":0.079939275233365},"xaf":{"code":"XAF","alphaCode":"XAF","numericCode":"950","name":"Central African CFA Franc","rate":217.76618109794,"date":"Sun, 27 Jun 2021 23:55:01 GMT","inverseRate":0.0045920812632989},"mdl":{"code":"MDL","alphaCode":"MDL","numericCode":"498","name":"Moldova Lei","rate":7.1216180163704,"date":"Sun, 27 Jun 2021 23:55:01 GMT","inverseRate":0.1404175283905},"nio":{"code":"NIO","alphaCode":"NIO","numericCode":"558","name":"Nicaraguan C\u00f3rdoba","rate":13.844705351441,"date":"Sun, 27 Jun 2021 23:55:01 GMT","inverseRate":0.072229778432658},"lrd":{"code":"LRD","alphaCode":"LRD","numericCode":"430","name":"Liberian dollar","rate":67.614395130021,"date":"Sun, 27 Jun 2021 23:55:01 GMT","inverseRate":0.014789749994465},"sdg":{"code":"SDG","alphaCode":"SDG","numericCode":"938","name":"Sudanese pound","rate":173.75327120621,"date":"Sun, 27 Jun 2021 23:55:01 GMT","inverseRate":0.0057552873281632},"mru":{"code":"MRU","alphaCode":"MRU","numericCode":"929","name":"Mauritanian ouguiya","rate":14.2583791257,"date":"Sun, 27 Jun 2021 23:55:01 GMT","inverseRate":0.07013419906878},"dkk":{"code":"DKK","alphaCode":"DKK","numericCode":"208","name":"Danish Krone","rate":2.4637724928632,"date":"Sun, 27 Jun 2021 23:55:01 GMT","inverseRate":0.40588163188634},"jod":{"code":"JOD","alphaCode":"JOD","numericCode":"400","name":"Jordanian Dinar","rate":0.28045228251604,"date":"Sun, 27 Jun 2021 23:55:01 GMT","inverseRate":3.5656689652465},"bgn":{"code":"BGN","alphaCode":"BGN","numericCode":"975","name":"Bulgarian Lev","rate":0.64799937933873,"date":"Sun, 27 Jun 2021 23:55:01 GMT","inverseRate":1.5432113546474},"vnd":{"code":"VND","alphaCode":"VND","numericCode":"704","name":"Vietnamese Dong","rate":9104.7350401997,"date":"Sun, 27 Jun 2021 23:55:01 GMT","inverseRate":0.00010983296005702},"uzs":{"code":"UZS","alphaCode":"UZS","numericCode":"860","name":"Uzbekistan Sum","rate":4173.4228002664,"date":"Sun, 27 Jun 2021 23:55:01 GMT","inverseRate":0.00023961147668436},"pab":{"code":"PAB","alphaCode":"PAB","numericCode":"590","name":"Panamanian Balboa","rate":0.39449763249733,"date":"Sun, 27 Jun 2021 23:55:01 GMT","inverseRate":2.5348694583275},"ttd":{"code":"TTD","alphaCode":"TTD","numericCode":"780","name":"Trinidad Tobago Dollar","rate":2.6827255518373,"date":"Sun, 27 Jun 2021 23:55:01 GMT","inverseRate":0.37275523741709},"htg":{"code":"HTG","alphaCode":"HTG","numericCode":"332","name":"Haitian gourde","rate":37.078861845494,"date":"Sun, 27 Jun 2021 23:55:01 GMT","inverseRate":0.026969544107555},"cup":{"code":"CUP","alphaCode":"CUP","numericCode":"192","name":"Cuban peso","rate":0.39449763249733,"date":"Sun, 27 Jun 2021 23:55:01 GMT","inverseRate":2.5348694583275}}