{"usd":{"code":"USD","alphaCode":"USD","numericCode":"840","name":"U.S. Dollar","rate":0.497549603963,"date":"Sun, 27 Jun 2021 23:55:01 GMT","inverseRate":2.0098498562454},"eur":{"code":"EUR","alphaCode":"EUR","numericCode":"978","name":"Euro","rate":0.41652300746303,"date":"Sun, 27 Jun 2021 23:55:01 GMT","inverseRate":2.4008277624106},"gbp":{"code":"GBP","alphaCode":"GBP","numericCode":"826","name":"U.K. Pound Sterling","rate":0.3577791986797,"date":"Sun, 27 Jun 2021 23:55:01 GMT","inverseRate":2.7950199555767},"jpy":{"code":"JPY","alphaCode":"JPY","numericCode":"392","name":"Japanese Yen","rate":55.095081560888,"date":"Sun, 27 Jun 2021 23:55:01 GMT","inverseRate":0.018150440505199},"aud":{"code":"AUD","alphaCode":"AUD","numericCode":"036","name":"Australian Dollar","rate":0.65493186550816,"date":"Sun, 27 Jun 2021 23:55:01 GMT","inverseRate":1.5268763861781},"chf":{"code":"CHF","alphaCode":"CHF","numericCode":"756","name":"Swiss Franc","rate":0.45626031712017,"date":"Sun, 27 Jun 2021 23:55:01 GMT","inverseRate":2.1917312605922},"cad":{"code":"CAD","alphaCode":"CAD","numericCode":"124","name":"Canadian Dollar","rate":0.61198318178118,"date":"Sun, 27 Jun 2021 23:55:01 GMT","inverseRate":1.6340318325244},"lkr":{"code":"LKR","alphaCode":"LKR","numericCode":"144","name":"Sri Lanka Rupee","rate":98.863735037683,"date":"Sun, 27 Jun 2021 23:55:01 GMT","inverseRate":0.010114932433201},"pln":{"code":"PLN","alphaCode":"PLN","numericCode":"985","name":"Polish Zloty","rate":1.8786387978764,"date":"Sun, 27 Jun 2021 23:55:01 GMT","inverseRate":0.53230030228822},"pen":{"code":"PEN","alphaCode":"PEN","numericCode":"604","name":"Peruvian Nuevo Sol","rate":1.9803474900316,"date":"Sun, 27 Jun 2021 23:55:01 GMT","inverseRate":0.50496188423176},"iqd":{"code":"IQD","alphaCode":"IQD","numericCode":"368","name":"Iraqi dinar","rate":724.4849396585,"date":"Sun, 27 Jun 2021 23:55:01 GMT","inverseRate":0.0013802909422401},"svc":{"code":"SVC","alphaCode":"SVC","numericCode":"222","name":"Salvadoran colon","rate":4.3426589595375,"date":"Sun, 27 Jun 2021 23:55:01 GMT","inverseRate":0.23027366627622},"cve":{"code":"CVE","alphaCode":"CVE","numericCode":"132","name":"Cape Verde escudo","rate":46.375308641974,"date":"Sun, 27 Jun 2021 23:55:01 GMT","inverseRate":0.021563198807369},"zmw":{"code":"ZMW","alphaCode":"ZMW","numericCode":"967","name":"Zambian kwacha","rate":11.206443914081,"date":"Sun, 27 Jun 2021 23:55:01 GMT","inverseRate":0.089234373336173},"yer":{"code":"YER","alphaCode":"YER","numericCode":"886","name":"Yemeni rial","rate":124.76418227713,"date":"Sun, 27 Jun 2021 23:55:01 GMT","inverseRate":0.0080151208603984},"dop":{"code":"DOP","alphaCode":"DOP","numericCode":"214","name":"Dominican Peso","rate":28.247876284724,"date":"Sun, 27 Jun 2021 23:55:01 GMT","inverseRate":0.035400891377479},"nzd":{"code":"NZD","alphaCode":"NZD","numericCode":"554","name":"New Zealand Dollar","rate":0.70295605481193,"date":"Sun, 27 Jun 2021 23:55:01 GMT","inverseRate":1.4225640324949},"hrk":{"code":"HRK","alphaCode":"HRK","numericCode":"191","name":"Croatian Kuna","rate":3.1218870290467,"date":"Sun, 27 Jun 2021 23:55:01 GMT","inverseRate":0.32031908608344},"dzd":{"code":"DZD","alphaCode":"DZD","numericCode":"012","name":"Algerian Dinar","rate":66.256112334622,"date":"Sun, 27 Jun 2021 23:55:01 GMT","inverseRate":0.015092947122366},"ars":{"code":"ARS","alphaCode":"ARS","numericCode":"032","name":"Argentine Peso","rate":47.44020997946,"date":"Sun, 27 Jun 2021 23:55:01 GMT","inverseRate":0.021079164709283},"stn":{"code":"STN","alphaCode":"STN","numericCode":"930","name":"S\u00e3o Tom\u00e9 and Pr\u00edncipe Dobra","rate":10.302797586396,"date":"Sun, 27 Jun 2021 23:55:01 GMT","inverseRate":0.097061015866258},"xpf":{"code":"XPF","alphaCode":"XPF","numericCode":"953","name":"CFP Franc","rate":49.63137172,"date":"Sun, 27 Jun 2021 23:55:01 GMT","inverseRate":0.020148546480673},"all":{"code":"ALL","alphaCode":"ALL","numericCode":"008","name":"Albanian lek","rate":50.956347160803,"date":"Sun, 27 Jun 2021 23:55:01 GMT","inverseRate":0.019624640613353},"mur":{"code":"MUR","alphaCode":"MUR","numericCode":"480","name":"Mauritian Rupee","rate":20.370932754881,"date":"Sun, 27 Jun 2021 23:55:01 GMT","inverseRate":0.049089553828133},"sos":{"code":"SOS","alphaCode":"SOS","numericCode":"706","name":"Somali shilling","rate":286.96715049657,"date":"Sun, 27 Jun 2021 23:55:01 GMT","inverseRate":0.0034847194122031},"ang":{"code":"ANG","alphaCode":"ANG","numericCode":"532","name":"Neth. Antillean Guilder","rate":0.88484583910966,"date":"Sun, 27 Jun 2021 23:55:01 GMT","inverseRate":1.1301403654745},"pkr":{"code":"PKR","alphaCode":"PKR","numericCode":"586","name":"Pakistani Rupee","rate":76.945632758862,"date":"Sun, 27 Jun 2021 23:55:01 GMT","inverseRate":0.012996189181183},"krw":{"code":"KRW","alphaCode":"KRW","numericCode":"410","name":"South Korean Won","rate":560.83936282859,"date":"Sun, 27 Jun 2021 23:55:01 GMT","inverseRate":0.0017830417518423},"azn":{"code":"AZN","alphaCode":"AZN","numericCode":"944","name":"Azerbaijan Manat","rate":0.84339109099871,"date":"Sun, 27 Jun 2021 23:55:01 GMT","inverseRate":1.1856895462529},"pyg":{"code":"PYG","alphaCode":"PYG","numericCode":"600","name":"Paraguayan Guaran\u00ed","rate":3372.6730703874,"date":"Sun, 27 Jun 2021 23:55:01 GMT","inverseRate":0.00029650072186959},"bnd":{"code":"BND","alphaCode":"BND","numericCode":"096","name":"Brunei Dollar","rate":0.66773321956769,"date":"Sun, 27 Jun 2021 23:55:01 GMT","inverseRate":1.4976040890214},"kmf":{"code":"KMF","alphaCode":"KMF","numericCode":"174","name":"\tComoro franc","rate":205.62732647252,"date":"Sun, 27 Jun 2021 23:55:01 GMT","inverseRate":0.0048631668618891},"szl":{"code":"SZL","alphaCode":"SZL","numericCode":"748","name":"Swazi lilangeni","rate":7.0529478032294,"date":"Sun, 27 Jun 2021 23:55:01 GMT","inverseRate":0.14178468746672},"wst":{"code":"WST","alphaCode":"WST","numericCode":"882","name":"Samoan tala","rate":1.2611293896461,"date":"Sun, 27 Jun 2021 23:55:01 GMT","inverseRate":0.79294004898308},"egp":{"code":"EGP","alphaCode":"EGP","numericCode":"818","name":"Egyptian Pound","rate":7.8000053654858,"date":"Sun, 27 Jun 2021 23:55:01 GMT","inverseRate":0.12820504001509},"sgd":{"code":"SGD","alphaCode":"SGD","numericCode":"702","name":"Singapore Dollar","rate":0.66762846141128,"date":"Sun, 27 Jun 2021 23:55:01 GMT","inverseRate":1.4978390793678},"zar":{"code":"ZAR","alphaCode":"ZAR","numericCode":"710","name":"South African Rand","rate":7.0142901444448,"date":"Sun, 27 Jun 2021 23:55:01 GMT","inverseRate":0.14256610140257},"kgs":{"code":"KGS","alphaCode":"KGS","numericCode":"417","name":"Kyrgyzstan Som","rate":41.585237139058,"date":"Sun, 27 Jun 2021 23:55:01 GMT","inverseRate":0.024046995251129},"crc":{"code":"CRC","alphaCode":"CRC","numericCode":"188","name":"Costa Rican Col\u00f3n","rate":307.30485582063,"date":"Sun, 27 Jun 2021 23:55:01 GMT","inverseRate":0.0032540976201941},"jmd":{"code":"JMD","alphaCode":"JMD","numericCode":"388","name":"Jamaican Dollar","rate":74.237154150196,"date":"Sun, 27 Jun 2021 23:55:01 GMT","inverseRate":0.013470343946332},"ssp":{"code":"SSP","alphaCode":"SSP","numericCode":"728","name":"South Sudanese pound","rate":88.236399511415,"date":"Sun, 27 Jun 2021 23:55:01 GMT","inverseRate":0.011333191353424},"ern":{"code":"ERN","alphaCode":"ERN","numericCode":"232","name":"Eritrean nakfa","rate":7.4798884906413,"date":"Sun, 27 Jun 2021 23:55:01 GMT","inverseRate":0.13369183260568},"bam":{"code":"BAM","alphaCode":"BAM","numericCode":"977","name":"Bosnia and Herzegovina convertible mark","rate":0.82135828923777,"date":"Sun, 27 Jun 2021 23:55:01 GMT","inverseRate":1.2174954743904},"inr":{"code":"INR","alphaCode":"INR","numericCode":"356","name":"Indian Rupee","rate":36.911921453358,"date":"Sun, 27 Jun 2021 23:55:01 GMT","inverseRate":0.027091518420779},"try":{"code":"TRY","alphaCode":"TRY","numericCode":"949","name":"Turkish Lira","rate":4.3342234957283,"date":"Sun, 27 Jun 2021 23:55:01 GMT","inverseRate":0.23072183540733},"twd":{"code":"TWD","alphaCode":"TWD","numericCode":"901","name":"New Taiwan Dollar ","rate":13.880822049189,"date":"Sun, 27 Jun 2021 23:55:01 GMT","inverseRate":0.072041842799825},"tmt":{"code":"TMT","alphaCode":"TMT","numericCode":"934","name":"New Turkmenistan Manat","rate":1.7369267734633,"date":"Sun, 27 Jun 2021 23:55:01 GMT","inverseRate":0.57572950988953},"mga":{"code":"MGA","alphaCode":"MGA","numericCode":"969","name":"Malagasy ariary","rate":1878.2,"date":"Sun, 27 Jun 2021 23:55:01 GMT","inverseRate":0.00053242466191034},"srd":{"code":"SRD","alphaCode":"SRD","numericCode":"968","name":"Surinamese dollar","rate":10.325453545904,"date":"Sun, 27 Jun 2021 23:55:01 GMT","inverseRate":0.096848046001493},"ghs":{"code":"GHS","alphaCode":"GHS","numericCode":"936","name":"Ghanaian Cedi","rate":2.8922081921774,"date":"Sun, 27 Jun 2021 23:55:01 GMT","inverseRate":0.34575657544457},"mop":{"code":"MOP","alphaCode":"MOP","numericCode":"446","name":"Macanese pataca","rate":3.9708245243129,"date":"Sun, 27 Jun 2021 23:55:01 GMT","inverseRate":0.25183686508359},"lbp":{"code":"LBP","alphaCode":"LBP","numericCode":"422","name":"Lebanese Pound","rate":749.22890378297,"date":"Sun, 27 Jun 2021 23:55:01 GMT","inverseRate":0.0013347055819001},"huf":{"code":"HUF","alphaCode":"HUF","numericCode":"348","name":"Hungarian Forint","rate":146.4062893778,"date":"Sun, 27 Jun 2021 23:55:01 GMT","inverseRate":0.0068303076613022},"ngn":{"code":"NGN","alphaCode":"NGN","numericCode":"566","name":"Nigerian Naira","rate":203.95838525424,"date":"Sun, 27 Jun 2021 23:55:01 GMT","inverseRate":0.0049029609582047},"irr":{"code":"IRR","alphaCode":"IRR","numericCode":"364","name":"Iranian rial","rate":20845.290148246,"date":"Sun, 27 Jun 2021 23:55:01 GMT","inverseRate":4.7972467300205e-5},"ves":{"code":"VES","alphaCode":"VES","numericCode":"928","name":"Venezuelan Bolivar","rate":1578319.3277311,"date":"Sun, 27 Jun 2021 23:55:01 GMT","inverseRate":6.3358534767332e-7},"sbd":{"code":"SBD","alphaCode":"SBD","numericCode":"090","name":"Solomon Islands dollar","rate":4.0452293775576,"date":"Sun, 27 Jun 2021 23:55:01 GMT","inverseRate":0.24720477052497},"mwk":{"code":"MWK","alphaCode":"MWK","numericCode":"454","name":"Malawian kwacha","rate":399.61702127659,"date":"Sun, 27 Jun 2021 23:55:01 GMT","inverseRate":0.0025023959109786},"gtq":{"code":"GTQ","alphaCode":"GTQ","numericCode":"320","name":"Guatemalan Quetzal","rate":3.8369765066394,"date":"Sun, 27 Jun 2021 23:55:01 GMT","inverseRate":0.26062187200512},"sek":{"code":"SEK","alphaCode":"SEK","numericCode":"752","name":"Swedish Krona","rate":4.212500688678,"date":"Sun, 27 Jun 2021 23:55:01 GMT","inverseRate":0.23738868522626},"npr":{"code":"NPR","alphaCode":"NPR","numericCode":"524","name":"Nepalese Rupee","rate":58.997396910494,"date":"Sun, 27 Jun 2021 23:55:01 GMT","inverseRate":0.016949900374708},"isk":{"code":"ISK","alphaCode":"ISK","numericCode":"352","name":"Icelandic Krona","rate":61.230422420357,"date":"Sun, 27 Jun 2021 23:55:01 GMT","inverseRate":0.016331750794316},"gip":{"code":"GIP","alphaCode":"GIP","numericCode":"292","name":"Gibraltar pound","rate":0.35613811559919,"date":"Sun, 27 Jun 2021 23:55:01 GMT","inverseRate":2.8078993968886},"gel":{"code":"GEL","alphaCode":"GEL","numericCode":"981","name":"Georgian lari","rate":1.611583612339,"date":"Sun, 27 Jun 2021 23:55:01 GMT","inverseRate":0.62050767477628},"mkd":{"code":"MKD","alphaCode":"MKD","numericCode":"807","name":"Macedonian denar","rate":25.694273441132,"date":"Sun, 27 Jun 2021 23:55:01 GMT","inverseRate":0.038919177936324},"bif":{"code":"BIF","alphaCode":"BIF","numericCode":"108","name":"Burundian franc","rate":981.80867746992,"date":"Sun, 27 Jun 2021 23:55:01 GMT","inverseRate":0.0010185283782345},"mmk":{"code":"MMK","alphaCode":"MMK","numericCode":"104","name":"Myanma Kyat","rate":816.60869565214,"date":"Sun, 27 Jun 2021 23:55:01 GMT","inverseRate":0.0012245767223938},"mvr":{"code":"MVR","alphaCode":"MVR","numericCode":"462","name":"Maldivian rufiyaa","rate":7.6692527562268,"date":"Sun, 27 Jun 2021 23:55:01 GMT","inverseRate":0.13039079970185},"kes":{"code":"KES","alphaCode":"KES","numericCode":"404","name":"Kenyan shilling","rate":53.452103136207,"date":"Sun, 27 Jun 2021 23:55:01 GMT","inverseRate":0.018708337770205},"aed":{"code":"AED","alphaCode":"AED","numericCode":"784","name":"U.A.E Dirham","rate":1.8240069679296,"date":"Sun, 27 Jun 2021 23:55:01 GMT","inverseRate":0.54824351966981},"php":{"code":"PHP","alphaCode":"PHP","numericCode":"608","name":"Philippine Peso","rate":24.132152816836,"date":"Sun, 27 Jun 2021 23:55:01 GMT","inverseRate":0.041438491111425},"ils":{"code":"ILS","alphaCode":"ILS","numericCode":"376","name":"Israeli New Sheqel","rate":1.6157685049667,"date":"Sun, 27 Jun 2021 23:55:01 GMT","inverseRate":0.61890053985217},"mro":{"code":"MRO","alphaCode":"MRO","numericCode":"478","name":"Mauritanian Ouguiya","rate":18.016277234588,"date":"Sun, 27 Jun 2021 23:55:01 GMT","inverseRate":0.055505362566258},"cop":{"code":"COP","alphaCode":"COP","numericCode":"170","name":"Colombian Peso","rate":1870.7274893056,"date":"Sun, 27 Jun 2021 23:55:01 GMT","inverseRate":0.00053455140084097},"gnf":{"code":"GNF","alphaCode":"GNF","numericCode":"324","name":"Guinean franc","rate":4865.8031088082,"date":"Sun, 27 Jun 2021 23:55:01 GMT","inverseRate":0.0002055159194974},"sll":{"code":"SLL","alphaCode":"SLL","numericCode":"694","name":"Sierra Leonean leone","rate":5089.9728997288,"date":"Sun, 27 Jun 2021 23:55:01 GMT","inverseRate":0.00019646470024492},"ugx":{"code":"UGX","alphaCode":"UGX","numericCode":"800","name":"Ugandan shilling","rate":1773.5599622285,"date":"Sun, 27 Jun 2021 23:55:01 GMT","inverseRate":0.00056383771696306},"cny":{"code":"CNY","alphaCode":"CNY","numericCode":"156","name":"Chinese Yuan","rate":3.2120211219141,"date":"Sun, 27 Jun 2021 23:55:01 GMT","inverseRate":0.31133045582343},"sar":{"code":"SAR","alphaCode":"SAR","numericCode":"682","name":"Saudi Riyal","rate":1.865757759783,"date":"Sun, 27 Jun 2021 23:55:01 GMT","inverseRate":0.53597525978736},"myr":{"code":"MYR","alphaCode":"MYR","numericCode":"458","name":"Malaysian Ringgit","rate":2.0617169459486,"date":"Sun, 27 Jun 2021 23:55:01 GMT","inverseRate":0.48503263358488},"kzt":{"code":"KZT","alphaCode":"KZT","numericCode":"398","name":"Kazakhstani Tenge","rate":212.08724745262,"date":"Sun, 27 Jun 2021 23:55:01 GMT","inverseRate":0.004715040682601},"bob":{"code":"BOB","alphaCode":"BOB","numericCode":"068","name":"Bolivian Boliviano","rate":3.4193436369422,"date":"Sun, 27 Jun 2021 23:55:01 GMT","inverseRate":0.29245378826395},"gyd":{"code":"GYD","alphaCode":"GYD","numericCode":"328","name":"Guyanese dollar","rate":103.61339438406,"date":"Sun, 27 Jun 2021 23:55:01 GMT","inverseRate":0.009651261846449},"rwf":{"code":"RWF","alphaCode":"RWF","numericCode":"646","name":"Rwandan franc","rate":498.85790172641,"date":"Sun, 27 Jun 2021 23:55:01 GMT","inverseRate":0.0020045788520925},"mzn":{"code":"MZN","alphaCode":"MZN","numericCode":"943","name":"Mozambican metical","rate":31.619528619529,"date":"Sun, 27 Jun 2021 23:55:01 GMT","inverseRate":0.031626024917474},"vuv":{"code":"VUV","alphaCode":"VUV","numericCode":"548","name":"Vanuatu vatu","rate":54.503772489842,"date":"Sun, 27 Jun 2021 23:55:01 GMT","inverseRate":0.018347353849431},"idr":{"code":"IDR","alphaCode":"IDR","numericCode":"360","name":"Indonesian Rupiah","rate":7184.9893161944,"date":"Sun, 27 Jun 2021 23:55:01 GMT","inverseRate":0.00013917905176923},"tnd":{"code":"TND","alphaCode":"TND","numericCode":"788","name":"Tunisian Dinar","rate":1.3605865588989,"date":"Sun, 27 Jun 2021 23:55:01 GMT","inverseRate":0.73497712693066},"xof":{"code":"XOF","alphaCode":"XOF","numericCode":"952","name":"West African CFA Franc","rate":273.4845520576,"date":"Sun, 27 Jun 2021 23:55:01 GMT","inverseRate":0.0036565136585462},"tjs":{"code":"TJS","alphaCode":"TJS","numericCode":"972","name":"Tajikistan Ruble","rate":5.6258285265909,"date":"Sun, 27 Jun 2021 23:55:01 GMT","inverseRate":0.17775159610241},"afn":{"code":"AFN","alphaCode":"AFN","numericCode":"971","name":"Afghan afghani","rate":39.24034765168,"date":"Sun, 27 Jun 2021 23:55:01 GMT","inverseRate":0.025483974017677},"nad":{"code":"NAD","alphaCode":"NAD","numericCode":"516","name":"Namibian dollar","rate":7.0529478032294,"date":"Sun, 27 Jun 2021 23:55:01 GMT","inverseRate":0.14178468746672},"syp":{"code":"SYP","alphaCode":"SYP","numericCode":"760","name":"Syrian pound","rate":1252.1333333333,"date":"Sun, 27 Jun 2021 23:55:01 GMT","inverseRate":0.00079863699286553},"top":{"code":"TOP","alphaCode":"TOP","numericCode":"776","name":"Tongan pa\u02bbanga","rate":1.0990695769208,"date":"Sun, 27 Jun 2021 23:55:01 GMT","inverseRate":0.90986050473859},"kwd":{"code":"KWD","alphaCode":"KWD","numericCode":"414","name":"Kuwaiti Dinar","rate":0.14964317780442,"date":"Sun, 27 Jun 2021 23:55:01 GMT","inverseRate":6.6825632459303},"czk":{"code":"CZK","alphaCode":"CZK","numericCode":"203","name":"Czech Koruna","rate":10.611258661207,"date":"Sun, 27 Jun 2021 23:55:01 GMT","inverseRate":0.094239527272657},"pgk":{"code":"PGK","alphaCode":"PGK","numericCode":"598","name":"Papua New Guinean kina","rate":1.7462024454164,"date":"Sun, 27 Jun 2021 23:55:01 GMT","inverseRate":0.57267128598113},"uah":{"code":"UAH","alphaCode":"UAH","numericCode":"980","name":"Ukrainian Hryvnia","rate":13.630452185606,"date":"Sun, 27 Jun 2021 23:55:01 GMT","inverseRate":0.0733651375892},"etb":{"code":"ETB","alphaCode":"ETB","numericCode":"230","name":"Ethiopian birr","rate":21.713294797686,"date":"Sun, 27 Jun 2021 23:55:01 GMT","inverseRate":0.046054733255247},"xcd":{"code":"XCD","alphaCode":"XCD","numericCode":"951","name":"East Caribbean Dollar","rate":1.3442599484684,"date":"Sun, 27 Jun 2021 23:55:01 GMT","inverseRate":0.74390373762112},"lak":{"code":"LAK","alphaCode":"LAK","numericCode":"418","name":"Lao kip","rate":4707.268170426,"date":"Sun, 27 Jun 2021 23:55:01 GMT","inverseRate":0.00021243744010223},"bwp":{"code":"BWP","alphaCode":"BWP","numericCode":"072","name":"Botswana Pula","rate":5.3924777490671,"date":"Sun, 27 Jun 2021 23:55:01 GMT","inverseRate":0.18544350974336},"nok":{"code":"NOK","alphaCode":"NOK","numericCode":"578","name":"Norwegian Krone","rate":4.2212735877618,"date":"Sun, 27 Jun 2021 23:55:01 GMT","inverseRate":0.23689533009639},"mad":{"code":"MAD","alphaCode":"MAD","numericCode":"504","name":"Moroccan Dirham","rate":4.3951322598246,"date":"Sun, 27 Jun 2021 23:55:01 GMT","inverseRate":0.22752443860243},"ron":{"code":"RON","alphaCode":"RON","numericCode":"946","name":"Romanian New Leu","rate":2.0513119358208,"date":"Sun, 27 Jun 2021 23:55:01 GMT","inverseRate":0.48749289785605},"byn":{"code":"BYN","alphaCode":"BYN","numericCode":"933","name":"Belarussian Ruble","rate":1.2569279836926,"date":"Sun, 27 Jun 2021 23:55:01 GMT","inverseRate":0.79559052942893},"rsd":{"code":"RSD","alphaCode":"RSD","numericCode":"941","name":"Serbian Dinar","rate":48.023705423204,"date":"Sun, 27 Jun 2021 23:55:01 GMT","inverseRate":0.020823049599934},"gmd":{"code":"GMD","alphaCode":"GMD","numericCode":"270","name":"Gambian dalasi","rate":25.764060356654,"date":"Sun, 27 Jun 2021 23:55:01 GMT","inverseRate":0.038813757853263},"awg":{"code":"AWG","alphaCode":"AWG","numericCode":"533","name":"Aruban florin","rate":0.89797284375597,"date":"Sun, 27 Jun 2021 23:55:01 GMT","inverseRate":1.1136194228517},"aoa":{"code":"AOA","alphaCode":"AOA","numericCode":"973","name":"Angolan kwanza","rate":323.82758620689,"date":"Sun, 27 Jun 2021 23:55:01 GMT","inverseRate":0.00308806303908},"khr":{"code":"KHR","alphaCode":"KHR","numericCode":"116","name":"Cambodian riel","rate":2021.743810549,"date":"Sun, 27 Jun 2021 23:55:01 GMT","inverseRate":0.00049462251091469},"scr":{"code":"SCR","alphaCode":"SCR","numericCode":"690","name":"Seychelles rupee","rate":7.4354711005544,"date":"Sun, 27 Jun 2021 23:55:01 GMT","inverseRate":0.13449046959855},"bhd":{"code":"BHD","alphaCode":"BHD","numericCode":"048","name":"Bahrain Dinar","rate":0.18724179956651,"date":"Sun, 27 Jun 2021 23:55:01 GMT","inverseRate":5.3406878288668},"omr":{"code":"OMR","alphaCode":"OMR","numericCode":"512","name":"Omani Rial","rate":0.1913696083239,"date":"Sun, 27 Jun 2021 23:55:01 GMT","inverseRate":5.2254901327251},"rub":{"code":"RUB","alphaCode":"RUB","numericCode":"643","name":"Russian Rouble","rate":35.906358152091,"date":"Sun, 27 Jun 2021 23:55:01 GMT","inverseRate":0.02785022072593},"lyd":{"code":"LYD","alphaCode":"LYD","numericCode":"434","name":"Libyan Dinar","rate":2.2144665346518,"date":"Sun, 27 Jun 2021 23:55:01 GMT","inverseRate":0.45157602716143},"clp":{"code":"CLP","alphaCode":"CLP","numericCode":"152","name":"Chilean Peso","rate":365.12125017469,"date":"Sun, 27 Jun 2021 23:55:01 GMT","inverseRate":0.002738816213851},"bsd":{"code":"BSD","alphaCode":"BSD","numericCode":"044","name":"Bahamian Dollar","rate":0.49585511378636,"date":"Sun, 27 Jun 2021 23:55:01 GMT","inverseRate":2.016718134384},"djf":{"code":"DJF","alphaCode":"DJF","numericCode":"262","name":"Djiboutian franc","rate":88.315230168804,"date":"Sun, 27 Jun 2021 23:55:01 GMT","inverseRate":0.011323075284847},"hnl":{"code":"HNL","alphaCode":"HNL","numericCode":"340","name":"Honduran Lempira","rate":11.887341772152,"date":"Sun, 27 Jun 2021 23:55:01 GMT","inverseRate":0.084123096581835},"tzs":{"code":"TZS","alphaCode":"TZS","numericCode":"834","name":"Tanzanian shilling","rate":1150.1530924678,"date":"Sun, 27 Jun 2021 23:55:01 GMT","inverseRate":0.00086944947289959},"bbd":{"code":"BBD","alphaCode":"BBD","numericCode":"052","name":"Barbadian Dollar","rate":0.99569502949277,"date":"Sun, 27 Jun 2021 23:55:01 GMT","inverseRate":1.0043235834063},"bdt":{"code":"BDT","alphaCode":"BDT","numericCode":"050","name":"Bangladeshi taka","rate":42.092132811971,"date":"Sun, 27 Jun 2021 23:55:01 GMT","inverseRate":0.023757408646102},"qar":{"code":"QAR","alphaCode":"QAR","numericCode":"634","name":"Qatari Rial","rate":1.8199476630744,"date":"Sun, 27 Jun 2021 23:55:01 GMT","inverseRate":0.54946635020852},"mxn":{"code":"MXN","alphaCode":"MXN","numericCode":"484","name":"Mexican Peso","rate":9.849230472408,"date":"Sun, 27 Jun 2021 23:55:01 GMT","inverseRate":0.10153077469366},"amd":{"code":"AMD","alphaCode":"AMD","numericCode":"051","name":"Armenia Dram","rate":257.56687686865,"date":"Sun, 27 Jun 2021 23:55:01 GMT","inverseRate":0.0038824868017092},"uyu":{"code":"UYU","alphaCode":"UYU","numericCode":"858","name":"Uruguayan Peso","rate":21.654925130401,"date":"Sun, 27 Jun 2021 23:55:01 GMT","inverseRate":0.046178871271927},"fjd":{"code":"FJD","alphaCode":"FJD","numericCode":"242","name":"Fiji Dollar","rate":1.0232634159629,"date":"Sun, 27 Jun 2021 23:55:01 GMT","inverseRate":0.97726546693644},"cdf":{"code":"CDF","alphaCode":"CDF","numericCode":"976","name":"Congolese franc","rate":986.44957983191,"date":"Sun, 27 Jun 2021 23:55:01 GMT","inverseRate":0.0010137365562773},"lsl":{"code":"LSL","alphaCode":"LSL","numericCode":"426","name":"Lesotho loti","rate":7.0555972952666,"date":"Sun, 27 Jun 2021 23:55:01 GMT","inverseRate":0.14173144500053},"mnt":{"code":"MNT","alphaCode":"MNT","numericCode":"496","name":"Mongolian togrog","rate":1414.3072289156,"date":"Sun, 27 Jun 2021 23:55:01 GMT","inverseRate":0.00070705995101695},"brl":{"code":"BRL","alphaCode":"BRL","numericCode":"986","name":"Brazilian Real","rate":2.4866058991105,"date":"Sun, 27 Jun 2021 23:55:01 GMT","inverseRate":0.40215459971269},"hkd":{"code":"HKD","alphaCode":"HKD","numericCode":"344","name":"Hong Kong Dollar","rate":3.8617851865392,"date":"Sun, 27 Jun 2021 23:55:01 GMT","inverseRate":0.2589475985059},"thb":{"code":"THB","alphaCode":"THB","numericCode":"764","name":"Thai Baht","rate":15.723534895997,"date":"Sun, 27 Jun 2021 23:55:01 GMT","inverseRate":0.063598930305078},"xaf":{"code":"XAF","alphaCode":"XAF","numericCode":"950","name":"Central African CFA Franc","rate":273.71640692386,"date":"Sun, 27 Jun 2021 23:55:01 GMT","inverseRate":0.0036534163634486},"mdl":{"code":"MDL","alphaCode":"MDL","numericCode":"498","name":"Moldova Lei","rate":8.951360973945,"date":"Sun, 27 Jun 2021 23:55:01 GMT","inverseRate":0.1117148557533},"nio":{"code":"NIO","alphaCode":"NIO","numericCode":"558","name":"Nicaraguan C\u00f3rdoba","rate":17.401797582204,"date":"Sun, 27 Jun 2021 23:55:01 GMT","inverseRate":0.057465327663773},"lrd":{"code":"LRD","alphaCode":"LRD","numericCode":"430","name":"Liberian dollar","rate":84.986425339368,"date":"Sun, 27 Jun 2021 23:55:01 GMT","inverseRate":0.011766585028218},"sdg":{"code":"SDG","alphaCode":"SDG","numericCode":"938","name":"Sudanese pound","rate":218.3953488372,"date":"Sun, 27 Jun 2021 23:55:01 GMT","inverseRate":0.004578852092429},"mru":{"code":"MRU","alphaCode":"MRU","numericCode":"929","name":"Mauritanian ouguiya","rate":17.92175572519,"date":"Sun, 27 Jun 2021 23:55:01 GMT","inverseRate":0.055798104568205},"dkk":{"code":"DKK","alphaCode":"DKK","numericCode":"208","name":"Danish Krone","rate":3.0967845917317,"date":"Sun, 27 Jun 2021 23:55:01 GMT","inverseRate":0.32291558239793},"jod":{"code":"JOD","alphaCode":"JOD","numericCode":"400","name":"Jordanian Dinar","rate":0.35250832198486,"date":"Sun, 27 Jun 2021 23:55:01 GMT","inverseRate":2.8368124598288},"bgn":{"code":"BGN","alphaCode":"BGN","numericCode":"975","name":"Bulgarian Lev","rate":0.81448855330625,"date":"Sun, 27 Jun 2021 23:55:01 GMT","inverseRate":1.2277643386647},"vnd":{"code":"VND","alphaCode":"VND","numericCode":"704","name":"Vietnamese Dong","rate":11443.996256133,"date":"Sun, 27 Jun 2021 23:55:01 GMT","inverseRate":8.7382062840511e-5},"uzs":{"code":"UZS","alphaCode":"UZS","numericCode":"860","name":"Uzbekistan Sum","rate":5245.6919054354,"date":"Sun, 27 Jun 2021 23:55:01 GMT","inverseRate":0.00019063262159256},"pab":{"code":"PAB","alphaCode":"PAB","numericCode":"590","name":"Panamanian Balboa","rate":0.49585511378636,"date":"Sun, 27 Jun 2021 23:55:01 GMT","inverseRate":2.016718134384},"ttd":{"code":"TTD","alphaCode":"TTD","numericCode":"780","name":"Trinidad Tobago Dollar","rate":3.3719928186713,"date":"Sun, 27 Jun 2021 23:55:01 GMT","inverseRate":0.29656053668407},"htg":{"code":"HTG","alphaCode":"HTG","numericCode":"332","name":"Haitian gourde","rate":46.605459057072,"date":"Sun, 27 Jun 2021 23:55:01 GMT","inverseRate":0.021456713874987},"cup":{"code":"CUP","alphaCode":"CUP","numericCode":"192","name":"Cuban peso","rate":0.49585511378636,"date":"Sun, 27 Jun 2021 23:55:01 GMT","inverseRate":2.016718134384}}