{"usd":{"code":"USD","alphaCode":"USD","numericCode":"840","name":"U.S. Dollar","rate":0.81301189113545,"date":"Sun, 27 Jun 2021 23:55:01 GMT","inverseRate":1.2299943099275},"eur":{"code":"EUR","alphaCode":"EUR","numericCode":"978","name":"Euro","rate":0.68061185317339,"date":"Sun, 27 Jun 2021 23:55:01 GMT","inverseRate":1.4692662129486},"gbp":{"code":"GBP","alphaCode":"GBP","numericCode":"826","name":"U.K. Pound Sterling","rate":0.58462259965769,"date":"Sun, 27 Jun 2021 23:55:01 GMT","inverseRate":1.7105052055557},"jpy":{"code":"JPY","alphaCode":"JPY","numericCode":"392","name":"Japanese Yen","rate":90.027117086019,"date":"Sun, 27 Jun 2021 23:55:01 GMT","inverseRate":0.011107764331102},"aud":{"code":"AUD","alphaCode":"AUD","numericCode":"036","name":"Australian Dollar","rate":1.0701795163749,"date":"Sun, 27 Jun 2021 23:55:01 GMT","inverseRate":0.93442266899984},"chf":{"code":"CHF","alphaCode":"CHF","numericCode":"756","name":"Swiss Franc","rate":0.74554388209203,"date":"Sun, 27 Jun 2021 23:55:01 GMT","inverseRate":1.3413026704665},"lkr":{"code":"LKR","alphaCode":"LKR","numericCode":"144","name":"Sri Lanka Rupee","rate":161.54649013383,"date":"Sun, 27 Jun 2021 23:55:01 GMT","inverseRate":0.0061901685339717},"pln":{"code":"PLN","alphaCode":"PLN","numericCode":"985","name":"Polish Zloty","rate":3.0697555975455,"date":"Sun, 27 Jun 2021 23:55:01 GMT","inverseRate":0.32575883265742},"pen":{"code":"PEN","alphaCode":"PEN","numericCode":"604","name":"Peruvian Nuevo Sol","rate":3.2359508381714,"date":"Sun, 27 Jun 2021 23:55:01 GMT","inverseRate":0.30902818059037},"iqd":{"code":"IQD","alphaCode":"IQD","numericCode":"368","name":"Iraqi dinar","rate":1183.8314535865,"date":"Sun, 27 Jun 2021 23:55:01 GMT","inverseRate":0.00084471484261584},"svc":{"code":"SVC","alphaCode":"SVC","numericCode":"222","name":"Salvadoran colon","rate":7.0960429776816,"date":"Sun, 27 Jun 2021 23:55:01 GMT","inverseRate":0.14092361096814},"cve":{"code":"CVE","alphaCode":"CVE","numericCode":"132","name":"Cape Verde escudo","rate":75.778730564128,"date":"Sun, 27 Jun 2021 23:55:01 GMT","inverseRate":0.013196315015514},"zmw":{"code":"ZMW","alphaCode":"ZMW","numericCode":"967","name":"Zambian kwacha","rate":18.311686085008,"date":"Sun, 27 Jun 2021 23:55:01 GMT","inverseRate":0.054609935718521},"yer":{"code":"YER","alphaCode":"YER","numericCode":"886","name":"Yemeni rial","rate":203.86864539971,"date":"Sun, 27 Jun 2021 23:55:01 GMT","inverseRate":0.0049051191665073},"dop":{"code":"DOP","alphaCode":"DOP","numericCode":"214","name":"Dominican Peso","rate":46.15792905045,"date":"Sun, 27 Jun 2021 23:55:01 GMT","inverseRate":0.02166475014308},"nzd":{"code":"NZD","alphaCode":"NZD","numericCode":"554","name":"New Zealand Dollar","rate":1.1486525704285,"date":"Sun, 27 Jun 2021 23:55:01 GMT","inverseRate":0.87058526289371},"hrk":{"code":"HRK","alphaCode":"HRK","numericCode":"191","name":"Croatian Kuna","rate":5.1012627830073,"date":"Sun, 27 Jun 2021 23:55:01 GMT","inverseRate":0.19602989348658},"dzd":{"code":"DZD","alphaCode":"DZD","numericCode":"012","name":"Algerian Dinar","rate":108.26459665408,"date":"Sun, 27 Jun 2021 23:55:01 GMT","inverseRate":0.0092366298024006},"ars":{"code":"ARS","alphaCode":"ARS","numericCode":"032","name":"Argentine Peso","rate":77.518813248078,"date":"Sun, 27 Jun 2021 23:55:01 GMT","inverseRate":0.012900094288076},"stn":{"code":"STN","alphaCode":"STN","numericCode":"930","name":"S\u00e3o Tom\u00e9 and Pr\u00edncipe Dobra","rate":16.835099220226,"date":"Sun, 27 Jun 2021 23:55:01 GMT","inverseRate":0.059399709316746},"xpf":{"code":"XPF","alphaCode":"XPF","numericCode":"953","name":"CFP Franc","rate":81.099241282331,"date":"Sun, 27 Jun 2021 23:55:01 GMT","inverseRate":0.012330571583508},"all":{"code":"ALL","alphaCode":"ALL","numericCode":"008","name":"Albanian lek","rate":83.264293329915,"date":"Sun, 27 Jun 2021 23:55:01 GMT","inverseRate":0.012009950003872},"mur":{"code":"MUR","alphaCode":"MUR","numericCode":"480","name":"Mauritian Rupee","rate":33.286752579689,"date":"Sun, 27 Jun 2021 23:55:01 GMT","inverseRate":0.030041981343959},"sos":{"code":"SOS","alphaCode":"SOS","numericCode":"706","name":"Somali shilling","rate":468.91345880021,"date":"Sun, 27 Jun 2021 23:55:01 GMT","inverseRate":0.0021325896734947},"ang":{"code":"ANG","alphaCode":"ANG","numericCode":"532","name":"Neth. Antillean Guilder","rate":1.4458662679819,"date":"Sun, 27 Jun 2021 23:55:01 GMT","inverseRate":0.69162689672244},"pkr":{"code":"PKR","alphaCode":"PKR","numericCode":"586","name":"Pakistani Rupee","rate":125.73161330171,"date":"Sun, 27 Jun 2021 23:55:01 GMT","inverseRate":0.0079534492061305},"krw":{"code":"KRW","alphaCode":"KRW","numericCode":"410","name":"South Korean Won","rate":916.42937179461,"date":"Sun, 27 Jun 2021 23:55:01 GMT","inverseRate":0.0010911915645411},"azn":{"code":"AZN","alphaCode":"AZN","numericCode":"944","name":"Azerbaijan Manat","rate":1.3781278899594,"date":"Sun, 27 Jun 2021 23:55:01 GMT","inverseRate":0.72562206112053},"pyg":{"code":"PYG","alphaCode":"PYG","numericCode":"600","name":"Paraguayan Guaran\u00ed","rate":5511.0551577107,"date":"Sun, 27 Jun 2021 23:55:01 GMT","inverseRate":0.00018145345517017},"bnd":{"code":"BND","alphaCode":"BND","numericCode":"096","name":"Brunei Dollar","rate":1.0910973364076,"date":"Sun, 27 Jun 2021 23:55:01 GMT","inverseRate":0.91650851544782},"kmf":{"code":"KMF","alphaCode":"KMF","numericCode":"174","name":"\tComoro franc","rate":336.00159709298,"date":"Sun, 27 Jun 2021 23:55:01 GMT","inverseRate":0.0029761763296716},"szl":{"code":"SZL","alphaCode":"SZL","numericCode":"748","name":"Swazi lilangeni","rate":11.52474122361,"date":"Sun, 27 Jun 2021 23:55:01 GMT","inverseRate":0.086769844163735},"wst":{"code":"WST","alphaCode":"WST","numericCode":"882","name":"Samoan tala","rate":2.0607255676138,"date":"Sun, 27 Jun 2021 23:55:01 GMT","inverseRate":0.48526597413839},"egp":{"code":"EGP","alphaCode":"EGP","numericCode":"818","name":"Egyptian Pound","rate":12.745457061065,"date":"Sun, 27 Jun 2021 23:55:01 GMT","inverseRate":0.078459328308816},"sgd":{"code":"SGD","alphaCode":"SGD","numericCode":"702","name":"Singapore Dollar","rate":1.0909261582453,"date":"Sun, 27 Jun 2021 23:55:01 GMT","inverseRate":0.91665232558768},"zar":{"code":"ZAR","alphaCode":"ZAR","numericCode":"710","name":"South African Rand","rate":11.461573378585,"date":"Sun, 27 Jun 2021 23:55:01 GMT","inverseRate":0.087248056350485},"kgs":{"code":"KGS","alphaCode":"KGS","numericCode":"417","name":"Kyrgyzstan Som","rate":67.951601248296,"date":"Sun, 27 Jun 2021 23:55:01 GMT","inverseRate":0.014716356666063},"crc":{"code":"CRC","alphaCode":"CRC","numericCode":"188","name":"Costa Rican Col\u00f3n","rate":502.14591670022,"date":"Sun, 27 Jun 2021 23:55:01 GMT","inverseRate":0.001991453015433},"jmd":{"code":"JMD","alphaCode":"JMD","numericCode":"388","name":"Jamaican Dollar","rate":121.30587303744,"date":"Sun, 27 Jun 2021 23:55:01 GMT","inverseRate":0.0082436239479629},"ssp":{"code":"SSP","alphaCode":"SSP","numericCode":"728","name":"South Sudanese pound","rate":144.18108558899,"date":"Sun, 27 Jun 2021 23:55:01 GMT","inverseRate":0.0069357225042031},"ern":{"code":"ERN","alphaCode":"ERN","numericCode":"232","name":"Eritrean nakfa","rate":12.222375897441,"date":"Sun, 27 Jun 2021 23:55:01 GMT","inverseRate":0.081817153096183},"bam":{"code":"BAM","alphaCode":"BAM","numericCode":"977","name":"Bosnia and Herzegovina convertible mark","rate":1.3421255905223,"date":"Sun, 27 Jun 2021 23:55:01 GMT","inverseRate":0.7450867542216},"inr":{"code":"INR","alphaCode":"INR","numericCode":"356","name":"Indian Rupee","rate":60.315254654428,"date":"Sun, 27 Jun 2021 23:55:01 GMT","inverseRate":0.016579553642432},"try":{"code":"TRY","alphaCode":"TRY","numericCode":"949","name":"Turkish Lira","rate":7.0822591612951,"date":"Sun, 27 Jun 2021 23:55:01 GMT","inverseRate":0.14119788293897},"twd":{"code":"TWD","alphaCode":"TWD","numericCode":"901","name":"New Taiwan Dollar ","rate":22.681705089981,"date":"Sun, 27 Jun 2021 23:55:01 GMT","inverseRate":0.044088396178016},"tmt":{"code":"TMT","alphaCode":"TMT","numericCode":"934","name":"New Turkmenistan Manat","rate":2.8381936386028,"date":"Sun, 27 Jun 2021 23:55:01 GMT","inverseRate":0.35233677730751},"mga":{"code":"MGA","alphaCode":"MGA","numericCode":"969","name":"Malagasy ariary","rate":3069.0385878473,"date":"Sun, 27 Jun 2021 23:55:01 GMT","inverseRate":0.00032583493865466},"srd":{"code":"SRD","alphaCode":"SRD","numericCode":"968","name":"Surinamese dollar","rate":16.872119779259,"date":"Sun, 27 Jun 2021 23:55:01 GMT","inverseRate":0.059269375341283},"ghs":{"code":"GHS","alphaCode":"GHS","numericCode":"936","name":"Ghanaian Cedi","rate":4.7259602523057,"date":"Sun, 27 Jun 2021 23:55:01 GMT","inverseRate":0.21159720916233},"mop":{"code":"MOP","alphaCode":"MOP","numericCode":"446","name":"Macanese pataca","rate":6.4884536740957,"date":"Sun, 27 Jun 2021 23:55:01 GMT","inverseRate":0.15411992598365},"lbp":{"code":"LBP","alphaCode":"LBP","numericCode":"422","name":"Lebanese Pound","rate":1224.2638786287,"date":"Sun, 27 Jun 2021 23:55:01 GMT","inverseRate":0.0008168173687523},"huf":{"code":"HUF","alphaCode":"HUF","numericCode":"348","name":"Hungarian Forint","rate":239.2325373251,"date":"Sun, 27 Jun 2021 23:55:01 GMT","inverseRate":0.0041800334151081},"ngn":{"code":"NGN","alphaCode":"NGN","numericCode":"566","name":"Nigerian Naira","rate":333.27449401569,"date":"Sun, 27 Jun 2021 23:55:01 GMT","inverseRate":0.003000529647351},"irr":{"code":"IRR","alphaCode":"IRR","numericCode":"364","name":"Iranian rial","rate":34061.86766044,"date":"Sun, 27 Jun 2021 23:55:01 GMT","inverseRate":2.9358343176273e-5},"ves":{"code":"VES","alphaCode":"VES","numericCode":"928","name":"Venezuelan Bolivar","rate":2579024.023401,"date":"Sun, 27 Jun 2021 23:55:01 GMT","inverseRate":3.8774357699905e-7},"sbd":{"code":"SBD","alphaCode":"SBD","numericCode":"090","name":"Solomon Islands dollar","rate":6.6100335727919,"date":"Sun, 27 Jun 2021 23:55:01 GMT","inverseRate":0.15128516201736},"mwk":{"code":"MWK","alphaCode":"MWK","numericCode":"454","name":"Malawian kwacha","rate":652.98693358452,"date":"Sun, 27 Jun 2021 23:55:01 GMT","inverseRate":0.0015314242116769},"gtq":{"code":"GTQ","alphaCode":"GTQ","numericCode":"320","name":"Guatemalan Quetzal","rate":6.2697417524969,"date":"Sun, 27 Jun 2021 23:55:01 GMT","inverseRate":0.15949620247146},"sek":{"code":"SEK","alphaCode":"SEK","numericCode":"752","name":"Swedish Krona","rate":6.8833602198307,"date":"Sun, 27 Jun 2021 23:55:01 GMT","inverseRate":0.14527788290362},"npr":{"code":"NPR","alphaCode":"NPR","numericCode":"524","name":"Nepalese Rupee","rate":96.403624587824,"date":"Sun, 27 Jun 2021 23:55:01 GMT","inverseRate":0.010373053962188},"isk":{"code":"ISK","alphaCode":"ISK","numericCode":"352","name":"Icelandic Krona","rate":100.05245935378,"date":"Sun, 27 Jun 2021 23:55:01 GMT","inverseRate":0.009994756815163},"gip":{"code":"GIP","alphaCode":"GIP","numericCode":"292","name":"Gibraltar pound","rate":0.58194101766433,"date":"Sun, 27 Jun 2021 23:55:01 GMT","inverseRate":1.7183872070293},"gel":{"code":"GEL","alphaCode":"GEL","numericCode":"981","name":"Georgian lari","rate":2.6333789233365,"date":"Sun, 27 Jun 2021 23:55:01 GMT","inverseRate":0.37974026112923},"mkd":{"code":"MKD","alphaCode":"MKD","numericCode":"807","name":"Macedonian denar","rate":41.985260716396,"date":"Sun, 27 Jun 2021 23:55:01 GMT","inverseRate":0.023817882345779},"bif":{"code":"BIF","alphaCode":"BIF","numericCode":"108","name":"Burundian franc","rate":1604.3066324345,"date":"Sun, 27 Jun 2021 23:55:01 GMT","inverseRate":0.00062332223764637},"mmk":{"code":"MMK","alphaCode":"MMK","numericCode":"104","name":"Myanma Kyat","rate":1334.3646034118,"date":"Sun, 27 Jun 2021 23:55:01 GMT","inverseRate":0.00074942035890574},"mvr":{"code":"MVR","alphaCode":"MVR","numericCode":"462","name":"Maldivian rufiyaa","rate":12.53180313535,"date":"Sun, 27 Jun 2021 23:55:01 GMT","inverseRate":0.079796976476528},"kes":{"code":"KES","alphaCode":"KES","numericCode":"404","name":"Kenyan shilling","rate":87.342438039939,"date":"Sun, 27 Jun 2021 23:55:01 GMT","inverseRate":0.011449188074447},"aed":{"code":"AED","alphaCode":"AED","numericCode":"784","name":"U.A.E Dirham","rate":2.9804854483433,"date":"Sun, 27 Jun 2021 23:55:01 GMT","inverseRate":0.33551581355844},"php":{"code":"PHP","alphaCode":"PHP","numericCode":"608","name":"Philippine Peso","rate":39.432705890052,"date":"Sun, 27 Jun 2021 23:55:01 GMT","inverseRate":0.025359659638581},"ils":{"code":"ILS","alphaCode":"ILS","numericCode":"376","name":"Israeli New Sheqel","rate":2.6402171711059,"date":"Sun, 27 Jun 2021 23:55:01 GMT","inverseRate":0.37875672158482},"mro":{"code":"MRO","alphaCode":"MRO","numericCode":"478","name":"Mauritanian Ouguiya","rate":29.4391705049,"date":"Sun, 27 Jun 2021 23:55:01 GMT","inverseRate":0.033968348389216},"cop":{"code":"COP","alphaCode":"COP","numericCode":"170","name":"Colombian Peso","rate":3056.8282675037,"date":"Sun, 27 Jun 2021 23:55:01 GMT","inverseRate":0.00032713646711224},"bzd":{"code":"BZD","alphaCode":"BZD","numericCode":"084","name":"Belize dollar","rate":1.6340318325244,"date":"Sun, 27 Jun 2021 23:55:01 GMT","inverseRate":0.61198318178118},"gnf":{"code":"GNF","alphaCode":"GNF","numericCode":"324","name":"Guinean franc","rate":7950.8771705887,"date":"Sun, 27 Jun 2021 23:55:01 GMT","inverseRate":0.0001257722863207},"sll":{"code":"SLL","alphaCode":"SLL","numericCode":"694","name":"Sierra Leonean leone","rate":8317.1777448434,"date":"Sun, 27 Jun 2021 23:55:01 GMT","inverseRate":0.00012023309236357},"ugx":{"code":"UGX","alphaCode":"UGX","numericCode":"800","name":"Ugandan shilling","rate":2898.0534351721,"date":"Sun, 27 Jun 2021 23:55:01 GMT","inverseRate":0.00034505920003529},"cny":{"code":"CNY","alphaCode":"CNY","numericCode":"156","name":"Chinese Yuan","rate":5.2485447599483,"date":"Sun, 27 Jun 2021 23:55:01 GMT","inverseRate":0.19052900294021},"sar":{"code":"SAR","alphaCode":"SAR","numericCode":"682","name":"Saudi Riyal","rate":3.0487075712649,"date":"Sun, 27 Jun 2021 23:55:01 GMT","inverseRate":0.32800784484066},"myr":{"code":"MYR","alphaCode":"MYR","numericCode":"458","name":"Malaysian Ringgit","rate":3.3689111193349,"date":"Sun, 27 Jun 2021 23:55:01 GMT","inverseRate":0.29683181436898},"kzt":{"code":"KZT","alphaCode":"KZT","numericCode":"398","name":"Kazakhstani Tenge","rate":346.55731361006,"date":"Sun, 27 Jun 2021 23:55:01 GMT","inverseRate":0.0028855255991659},"bob":{"code":"BOB","alphaCode":"BOB","numericCode":"068","name":"Bolivian Boliviano","rate":5.5873163491033,"date":"Sun, 27 Jun 2021 23:55:01 GMT","inverseRate":0.17897679986573},"gyd":{"code":"GYD","alphaCode":"GYD","numericCode":"328","name":"Guyanese dollar","rate":169.30758469946,"date":"Sun, 27 Jun 2021 23:55:01 GMT","inverseRate":0.0059064099329932},"rwf":{"code":"RWF","alphaCode":"RWF","numericCode":"646","name":"Rwandan franc","rate":815.14969132727,"date":"Sun, 27 Jun 2021 23:55:01 GMT","inverseRate":0.0012267685440348},"mzn":{"code":"MZN","alphaCode":"MZN","numericCode":"943","name":"Mozambican metical","rate":51.667316293726,"date":"Sun, 27 Jun 2021 23:55:01 GMT","inverseRate":0.019354595356087},"vuv":{"code":"VUV","alphaCode":"VUV","numericCode":"548","name":"Vanuatu vatu","rate":89.060899241068,"date":"Sun, 27 Jun 2021 23:55:01 GMT","inverseRate":0.01122827198604},"idr":{"code":"IDR","alphaCode":"IDR","numericCode":"360","name":"Indonesian Rupiah","rate":11740.501259009,"date":"Sun, 27 Jun 2021 23:55:01 GMT","inverseRate":8.5175238939022e-5},"tnd":{"code":"TND","alphaCode":"TND","numericCode":"788","name":"Tunisian Dinar","rate":2.2232417481456,"date":"Sun, 27 Jun 2021 23:55:01 GMT","inverseRate":0.44979364067542},"xof":{"code":"XOF","alphaCode":"XOF","numericCode":"952","name":"West African CFA Franc","rate":446.8824637658,"date":"Sun, 27 Jun 2021 23:55:01 GMT","inverseRate":0.0022377248629834},"tjs":{"code":"TJS","alphaCode":"TJS","numericCode":"972","name":"Tajikistan Ruble","rate":9.1927828967733,"date":"Sun, 27 Jun 2021 23:55:01 GMT","inverseRate":0.10878098734944},"afn":{"code":"AFN","alphaCode":"AFN","numericCode":"971","name":"Afghan afghani","rate":64.119977182168,"date":"Sun, 27 Jun 2021 23:55:01 GMT","inverseRate":0.015595763503767},"nad":{"code":"NAD","alphaCode":"NAD","numericCode":"516","name":"Namibian dollar","rate":11.52474122361,"date":"Sun, 27 Jun 2021 23:55:01 GMT","inverseRate":0.086769844163735},"syp":{"code":"SYP","alphaCode":"SYP","numericCode":"760","name":"Syrian pound","rate":2046.0257252315,"date":"Sun, 27 Jun 2021 23:55:01 GMT","inverseRate":0.000488752407982},"top":{"code":"TOP","alphaCode":"TOP","numericCode":"776","name":"Tongan pa\u02bbanga","rate":1.7959146748477,"date":"Sun, 27 Jun 2021 23:55:01 GMT","inverseRate":0.55681932666695},"kwd":{"code":"KWD","alphaCode":"KWD","numericCode":"414","name":"Kuwaiti Dinar","rate":0.24452171605252,"date":"Sun, 27 Jun 2021 23:55:01 GMT","inverseRate":4.0896163176984},"czk":{"code":"CZK","alphaCode":"CZK","numericCode":"203","name":"Czech Koruna","rate":17.339134435562,"date":"Sun, 27 Jun 2021 23:55:01 GMT","inverseRate":0.057673005749874},"pgk":{"code":"PGK","alphaCode":"PGK","numericCode":"598","name":"Papua New Guinean kina","rate":2.8533503818423,"date":"Sun, 27 Jun 2021 23:55:01 GMT","inverseRate":0.35046519570945},"uah":{"code":"UAH","alphaCode":"UAH","numericCode":"980","name":"Ukrainian Hryvnia","rate":22.272592762982,"date":"Sun, 27 Jun 2021 23:55:01 GMT","inverseRate":0.044898230333653},"etb":{"code":"ETB","alphaCode":"ETB","numericCode":"230","name":"Ethiopian birr","rate":35.480214888406,"date":"Sun, 27 Jun 2021 23:55:01 GMT","inverseRate":0.02818472219363},"xcd":{"code":"XCD","alphaCode":"XCD","numericCode":"951","name":"East Caribbean Dollar","rate":2.1965635469849,"date":"Sun, 27 Jun 2021 23:55:01 GMT","inverseRate":0.45525657628829},"lak":{"code":"LAK","alphaCode":"LAK","numericCode":"418","name":"Lao kip","rate":7691.8260347049,"date":"Sun, 27 Jun 2021 23:55:01 GMT","inverseRate":0.00013000814052321},"bwp":{"code":"BWP","alphaCode":"BWP","numericCode":"072","name":"Botswana Pula","rate":8.8114802981551,"date":"Sun, 27 Jun 2021 23:55:01 GMT","inverseRate":0.11348830913341},"nok":{"code":"NOK","alphaCode":"NOK","numericCode":"578","name":"Norwegian Krone","rate":6.8976954161972,"date":"Sun, 27 Jun 2021 23:55:01 GMT","inverseRate":0.14497595786149},"mad":{"code":"MAD","alphaCode":"MAD","numericCode":"504","name":"Moroccan Dirham","rate":7.1817860207082,"date":"Sun, 27 Jun 2021 23:55:01 GMT","inverseRate":0.13924112986889},"ron":{"code":"RON","alphaCode":"RON","numericCode":"946","name":"Romanian New Leu","rate":3.3519090015685,"date":"Sun, 27 Jun 2021 23:55:01 GMT","inverseRate":0.29833745472567},"byn":{"code":"BYN","alphaCode":"BYN","numericCode":"933","name":"Belarussian Ruble","rate":2.0538603365443,"date":"Sun, 27 Jun 2021 23:55:01 GMT","inverseRate":0.48688802359489},"rsd":{"code":"RSD","alphaCode":"RSD","numericCode":"941","name":"Serbian Dinar","rate":78.472263377289,"date":"Sun, 27 Jun 2021 23:55:01 GMT","inverseRate":0.012743356148555},"gmd":{"code":"GMD","alphaCode":"GMD","numericCode":"270","name":"Gambian dalasi","rate":42.099294757852,"date":"Sun, 27 Jun 2021 23:55:01 GMT","inverseRate":0.023753367027924},"awg":{"code":"AWG","alphaCode":"AWG","numericCode":"533","name":"Aruban florin","rate":1.4673162114397,"date":"Sun, 27 Jun 2021 23:55:01 GMT","inverseRate":0.68151635769009},"aoa":{"code":"AOA","alphaCode":"AOA","numericCode":"973","name":"Angolan kwanza","rate":529.1445841116,"date":"Sun, 27 Jun 2021 23:55:01 GMT","inverseRate":0.001889842644197},"khr":{"code":"KHR","alphaCode":"KHR","numericCode":"116","name":"Cambodian riel","rate":3303.5937436463,"date":"Sun, 27 Jun 2021 23:55:01 GMT","inverseRate":0.00030270065801017},"scr":{"code":"SCR","alphaCode":"SCR","numericCode":"690","name":"Seychelles rupee","rate":12.149796468121,"date":"Sun, 27 Jun 2021 23:55:01 GMT","inverseRate":0.082305905504165},"bhd":{"code":"BHD","alphaCode":"BHD","numericCode":"048","name":"Bahrain Dinar","rate":0.30595906087084,"date":"Sun, 27 Jun 2021 23:55:01 GMT","inverseRate":3.2684111304099},"omr":{"code":"OMR","alphaCode":"OMR","numericCode":"512","name":"Omani Rial","rate":0.31270403177898,"date":"Sun, 27 Jun 2021 23:55:01 GMT","inverseRate":3.1979120777912},"rub":{"code":"RUB","alphaCode":"RUB","numericCode":"643","name":"Russian Rouble","rate":58.672132210537,"date":"Sun, 27 Jun 2021 23:55:01 GMT","inverseRate":0.017043866693162},"lyd":{"code":"LYD","alphaCode":"LYD","numericCode":"434","name":"Libyan Dinar","rate":3.618508809681,"date":"Sun, 27 Jun 2021 23:55:01 GMT","inverseRate":0.27635693391835},"clp":{"code":"CLP","alphaCode":"CLP","numericCode":"152","name":"Chilean Peso","rate":596.61974551654,"date":"Sun, 27 Jun 2021 23:55:01 GMT","inverseRate":0.0016761094608664},"bsd":{"code":"BSD","alphaCode":"BSD","numericCode":"044","name":"Bahamian Dollar","rate":0.81024304024691,"date":"Sun, 27 Jun 2021 23:55:01 GMT","inverseRate":1.2341975806361},"djf":{"code":"DJF","alphaCode":"DJF","numericCode":"262","name":"Djiboutian franc","rate":144.30989739254,"date":"Sun, 27 Jun 2021 23:55:01 GMT","inverseRate":0.0069295316403688},"hnl":{"code":"HNL","alphaCode":"HNL","numericCode":"340","name":"Honduran Lempira","rate":19.424294859793,"date":"Sun, 27 Jun 2021 23:55:01 GMT","inverseRate":0.051481920307437},"tzs":{"code":"TZS","alphaCode":"TZS","numericCode":"834","name":"Tanzanian shilling","rate":1879.3867653688,"date":"Sun, 27 Jun 2021 23:55:01 GMT","inverseRate":0.00053208845482306},"bbd":{"code":"BBD","alphaCode":"BBD","numericCode":"052","name":"Barbadian Dollar","rate":1.6269973736775,"date":"Sun, 27 Jun 2021 23:55:01 GMT","inverseRate":0.61462914211085},"bdt":{"code":"BDT","alphaCode":"BDT","numericCode":"050","name":"Bangladeshi taka","rate":68.779884913605,"date":"Sun, 27 Jun 2021 23:55:01 GMT","inverseRate":0.014539134534117},"qar":{"code":"QAR","alphaCode":"QAR","numericCode":"634","name":"Qatari Rial","rate":2.9738524149919,"date":"Sun, 27 Jun 2021 23:55:01 GMT","inverseRate":0.3362641652823},"mxn":{"code":"MXN","alphaCode":"MXN","numericCode":"484","name":"Mexican Peso","rate":16.093956117784,"date":"Sun, 27 Jun 2021 23:55:01 GMT","inverseRate":0.062135126545735},"amd":{"code":"AMD","alphaCode":"AMD","numericCode":"051","name":"Armenia Dram","rate":420.87247580727,"date":"Sun, 27 Jun 2021 23:55:01 GMT","inverseRate":0.0023760166261334},"uyu":{"code":"UYU","alphaCode":"UYU","numericCode":"858","name":"Uruguayan Peso","rate":35.384836994007,"date":"Sun, 27 Jun 2021 23:55:01 GMT","inverseRate":0.028260692572057},"fjd":{"code":"FJD","alphaCode":"FJD","numericCode":"242","name":"Fiji Dollar","rate":1.6720449947411,"date":"Sun, 27 Jun 2021 23:55:01 GMT","inverseRate":0.59807002990063},"cdf":{"code":"CDF","alphaCode":"CDF","numericCode":"976","name":"Congolese franc","rate":1611.8900146256,"date":"Sun, 27 Jun 2021 23:55:01 GMT","inverseRate":0.00062038972319848},"lsl":{"code":"LSL","alphaCode":"LSL","numericCode":"426","name":"Lesotho loti","rate":11.529070577939,"date":"Sun, 27 Jun 2021 23:55:01 GMT","inverseRate":0.086737260669871},"mnt":{"code":"MNT","alphaCode":"MNT","numericCode":"496","name":"Mongolian togrog","rate":2311.0230330175,"date":"Sun, 27 Jun 2021 23:55:01 GMT","inverseRate":0.0004327087985334},"brl":{"code":"BRL","alphaCode":"BRL","numericCode":"986","name":"Brazilian Real","rate":4.0631931940895,"date":"Sun, 27 Jun 2021 23:55:01 GMT","inverseRate":0.24611185150011},"hkd":{"code":"HKD","alphaCode":"HKD","numericCode":"344","name":"Hong Kong Dollar","rate":6.3102799251762,"date":"Sun, 27 Jun 2021 23:55:01 GMT","inverseRate":0.15847157524824},"thb":{"code":"THB","alphaCode":"THB","numericCode":"764","name":"Thai Baht","rate":25.692756539868,"date":"Sun, 27 Jun 2021 23:55:01 GMT","inverseRate":0.038921475725981},"xaf":{"code":"XAF","alphaCode":"XAF","numericCode":"950","name":"Central African CFA Franc","rate":447.26132199779,"date":"Sun, 27 Jun 2021 23:55:01 GMT","inverseRate":0.0022358293704747},"mdl":{"code":"MDL","alphaCode":"MDL","numericCode":"498","name":"Moldova Lei","rate":14.626808775843,"date":"Sun, 27 Jun 2021 23:55:01 GMT","inverseRate":0.068367612876131},"nio":{"code":"NIO","alphaCode":"NIO","numericCode":"558","name":"Nicaraguan C\u00f3rdoba","rate":28.435091192467,"date":"Sun, 27 Jun 2021 23:55:01 GMT","inverseRate":0.035167814065774},"lrd":{"code":"LRD","alphaCode":"LRD","numericCode":"430","name":"Liberian dollar","rate":138.87052433699,"date":"Sun, 27 Jun 2021 23:55:01 GMT","inverseRate":0.0072009521442678},"sdg":{"code":"SDG","alphaCode":"SDG","numericCode":"938","name":"Sudanese pound","rate":356.86495207526,"date":"Sun, 27 Jun 2021 23:55:01 GMT","inverseRate":0.0028021804724301},"mru":{"code":"MRU","alphaCode":"MRU","numericCode":"929","name":"Mauritanian ouguiya","rate":29.284719349687,"date":"Sun, 27 Jun 2021 23:55:01 GMT","inverseRate":0.034147501571009},"dkk":{"code":"DKK","alphaCode":"DKK","numericCode":"208","name":"Danish Krone","rate":5.0602446013607,"date":"Sun, 27 Jun 2021 23:55:01 GMT","inverseRate":0.19761890556261},"jod":{"code":"JOD","alphaCode":"JOD","numericCode":"400","name":"Jordanian Dinar","rate":0.57600981935302,"date":"Sun, 27 Jun 2021 23:55:01 GMT","inverseRate":1.7360815152825},"bgn":{"code":"BGN","alphaCode":"BGN","numericCode":"975","name":"Bulgarian Lev","rate":1.3309002233292,"date":"Sun, 27 Jun 2021 23:55:01 GMT","inverseRate":0.75137112645347},"vnd":{"code":"VND","alphaCode":"VND","numericCode":"704","name":"Vietnamese Dong","rate":18699.854173811,"date":"Sun, 27 Jun 2021 23:55:01 GMT","inverseRate":5.3476352847739e-5},"uzs":{"code":"UZS","alphaCode":"UZS","numericCode":"860","name":"Uzbekistan Sum","rate":8571.6275570969,"date":"Sun, 27 Jun 2021 23:55:01 GMT","inverseRate":0.0001166639583135},"pab":{"code":"PAB","alphaCode":"PAB","numericCode":"590","name":"Panamanian Balboa","rate":0.81024304024691,"date":"Sun, 27 Jun 2021 23:55:01 GMT","inverseRate":1.2341975806361},"ttd":{"code":"TTD","alphaCode":"TTD","numericCode":"780","name":"Trinidad Tobago Dollar","rate":5.5099436047526,"date":"Sun, 27 Jun 2021 23:55:01 GMT","inverseRate":0.18149006083065},"htg":{"code":"HTG","alphaCode":"HTG","numericCode":"332","name":"Haitian gourde","rate":76.154803668668,"date":"Sun, 27 Jun 2021 23:55:01 GMT","inverseRate":0.013131148027783},"cup":{"code":"CUP","alphaCode":"CUP","numericCode":"192","name":"Cuban peso","rate":0.81024304024691,"date":"Sun, 27 Jun 2021 23:55:01 GMT","inverseRate":1.2341975806361}}