{"usd":{"code":"USD","alphaCode":"USD","numericCode":"840","name":"U.S. Dollar","rate":0.0005043842220986,"date":"Sun, 27 Jun 2021 23:55:01 GMT","inverseRate":1982.6155462185},"eur":{"code":"EUR","alphaCode":"EUR","numericCode":"978","name":"Euro","rate":0.00042224459919584,"date":"Sun, 27 Jun 2021 23:55:01 GMT","inverseRate":2368.2955374787},"gbp":{"code":"GBP","alphaCode":"GBP","numericCode":"826","name":"U.K. Pound Sterling","rate":0.00036269385277721,"date":"Sun, 27 Jun 2021 23:55:01 GMT","inverseRate":2757.1462608005},"jpy":{"code":"JPY","alphaCode":"JPY","numericCode":"392","name":"Japanese Yen","rate":0.055851898249352,"date":"Sun, 27 Jun 2021 23:55:01 GMT","inverseRate":17.904494410118},"aud":{"code":"AUD","alphaCode":"AUD","numericCode":"036","name":"Australian Dollar","rate":0.00066392837393651,"date":"Sun, 27 Jun 2021 23:55:01 GMT","inverseRate":1506.1865696007},"chf":{"code":"CHF","alphaCode":"CHF","numericCode":"756","name":"Swiss Franc","rate":0.0004625277626434,"date":"Sun, 27 Jun 2021 23:55:01 GMT","inverseRate":2162.0323811157},"cad":{"code":"CAD","alphaCode":"CAD","numericCode":"124","name":"Canadian Dollar","rate":0.00062038972319848,"date":"Sun, 27 Jun 2021 23:55:01 GMT","inverseRate":1611.8900146256},"lkr":{"code":"LKR","alphaCode":"LKR","numericCode":"144","name":"Sri Lanka Rupee","rate":0.10022178229781,"date":"Sun, 27 Jun 2021 23:55:01 GMT","inverseRate":9.9778708487588},"pln":{"code":"PLN","alphaCode":"PLN","numericCode":"985","name":"Polish Zloty","rate":0.0019044448254482,"date":"Sun, 27 Jun 2021 23:55:01 GMT","inverseRate":525.08740953661},"pen":{"code":"PEN","alphaCode":"PEN","numericCode":"604","name":"Peruvian Nuevo Sol","rate":0.0020075506447771,"date":"Sun, 27 Jun 2021 23:55:01 GMT","inverseRate":498.11943853155},"iqd":{"code":"IQD","alphaCode":"IQD","numericCode":"368","name":"Iraqi dinar","rate":0.73443686780419,"date":"Sun, 27 Jun 2021 23:55:01 GMT","inverseRate":1.3615874200185},"svc":{"code":"SVC","alphaCode":"SVC","numericCode":"222","name":"Salvadoran colon","rate":0.0044023121387284,"date":"Sun, 27 Jun 2021 23:55:01 GMT","inverseRate":227.15336134453},"cve":{"code":"CVE","alphaCode":"CVE","numericCode":"132","name":"Cape Verde escudo","rate":0.047012345679012,"date":"Sun, 27 Jun 2021 23:55:01 GMT","inverseRate":21.271008403362},"zmw":{"code":"ZMW","alphaCode":"ZMW","numericCode":"967","name":"Zambian kwacha","rate":0.011360381861575,"date":"Sun, 27 Jun 2021 23:55:01 GMT","inverseRate":88.025210084032},"yer":{"code":"YER","alphaCode":"YER","numericCode":"886","name":"Yemeni rial","rate":0.12647801248838,"date":"Sun, 27 Jun 2021 23:55:01 GMT","inverseRate":7.906512605042},"dop":{"code":"DOP","alphaCode":"DOP","numericCode":"214","name":"Dominican Peso","rate":0.028635904827024,"date":"Sun, 27 Jun 2021 23:55:01 GMT","inverseRate":34.92119442499},"nzd":{"code":"NZD","alphaCode":"NZD","numericCode":"554","name":"New Zealand Dollar","rate":0.00071261225021933,"date":"Sun, 27 Jun 2021 23:55:01 GMT","inverseRate":1403.2876921386},"hrk":{"code":"HRK","alphaCode":"HRK","numericCode":"191","name":"Croatian Kuna","rate":0.0031647710059126,"date":"Sun, 27 Jun 2021 23:55:01 GMT","inverseRate":315.97862787916},"dzd":{"code":"DZD","alphaCode":"DZD","numericCode":"012","name":"Algerian Dinar","rate":0.067166243150423,"date":"Sun, 27 Jun 2021 23:55:01 GMT","inverseRate":14.888431347283},"ars":{"code":"ARS","alphaCode":"ARS","numericCode":"032","name":"Argentine Peso","rate":0.04809187509365,"date":"Sun, 27 Jun 2021 23:55:01 GMT","inverseRate":20.79353317068},"stn":{"code":"STN","alphaCode":"STN","numericCode":"930","name":"S\u00e3o Tom\u00e9 and Pr\u00edncipe Dobra","rate":0.010444322545255,"date":"Sun, 27 Jun 2021 23:55:01 GMT","inverseRate":95.745798319328},"xpf":{"code":"XPF","alphaCode":"XPF","numericCode":"953","name":"CFP Franc","rate":0.050313135850752,"date":"Sun, 27 Jun 2021 23:55:01 GMT","inverseRate":19.875525210084},"all":{"code":"ALL","alphaCode":"ALL","numericCode":"008","name":"Albanian lek","rate":0.051656311891263,"date":"Sun, 27 Jun 2021 23:55:01 GMT","inverseRate":19.358718487394},"mur":{"code":"MUR","alphaCode":"MUR","numericCode":"480","name":"Mauritian Rupee","rate":0.02065075921909,"date":"Sun, 27 Jun 2021 23:55:01 GMT","inverseRate":48.424369747898},"sos":{"code":"SOS","alphaCode":"SOS","numericCode":"706","name":"Somali shilling","rate":0.2909090909091,"date":"Sun, 27 Jun 2021 23:55:01 GMT","inverseRate":3.4374999999998},"ang":{"code":"ANG","alphaCode":"ANG","numericCode":"532","name":"Neth. Antillean Guilder","rate":0.00089700057377534,"date":"Sun, 27 Jun 2021 23:55:01 GMT","inverseRate":1114.8264886734},"pkr":{"code":"PKR","alphaCode":"PKR","numericCode":"586","name":"Pakistani Rupee","rate":0.078002600773547,"date":"Sun, 27 Jun 2021 23:55:01 GMT","inverseRate":12.820085357194},"krw":{"code":"KRW","alphaCode":"KRW","numericCode":"410","name":"South Korean Won","rate":0.56854336429861,"date":"Sun, 27 Jun 2021 23:55:01 GMT","inverseRate":1.7588807869276},"azn":{"code":"AZN","alphaCode":"AZN","numericCode":"944","name":"Azerbaijan Manat","rate":0.00085497638018399,"date":"Sun, 27 Jun 2021 23:55:01 GMT","inverseRate":1169.6229547123},"pyg":{"code":"PYG","alphaCode":"PYG","numericCode":"600","name":"Paraguayan Guaran\u00ed","rate":3.4190019838237,"date":"Sun, 27 Jun 2021 23:55:01 GMT","inverseRate":0.29248301250812},"bnd":{"code":"BND","alphaCode":"BND","numericCode":"096","name":"Brunei Dollar","rate":0.00067690557451651,"date":"Sun, 27 Jun 2021 23:55:01 GMT","inverseRate":1477.3109243697},"kmf":{"code":"KMF","alphaCode":"KMF","numericCode":"174","name":"\tComoro franc","rate":0.20845193781476,"date":"Sun, 27 Jun 2021 23:55:01 GMT","inverseRate":4.7972689075629},"szl":{"code":"SZL","alphaCode":"SZL","numericCode":"748","name":"Swazi lilangeni","rate":0.0071498310176494,"date":"Sun, 27 Jun 2021 23:55:01 GMT","inverseRate":139.86344537815},"wst":{"code":"WST","alphaCode":"WST","numericCode":"882","name":"Samoan tala","rate":0.00127845296448,"date":"Sun, 27 Jun 2021 23:55:01 GMT","inverseRate":782.19537815126},"egp":{"code":"EGP","alphaCode":"EGP","numericCode":"818","name":"Egyptian Pound","rate":0.0079071505781521,"date":"Sun, 27 Jun 2021 23:55:01 GMT","inverseRate":126.46780785522},"sgd":{"code":"SGD","alphaCode":"SGD","numericCode":"702","name":"Singapore Dollar","rate":0.00067679937734379,"date":"Sun, 27 Jun 2021 23:55:01 GMT","inverseRate":1477.5427304982},"zar":{"code":"ZAR","alphaCode":"ZAR","numericCode":"710","name":"South African Rand","rate":0.0071106423357594,"date":"Sun, 27 Jun 2021 23:55:01 GMT","inverseRate":140.63427082684},"kgs":{"code":"KGS","alphaCode":"KGS","numericCode":"417","name":"Kyrgyzstan Som","rate":0.042156475089324,"date":"Sun, 27 Jun 2021 23:55:01 GMT","inverseRate":23.721148361696},"crc":{"code":"CRC","alphaCode":"CRC","numericCode":"188","name":"Costa Rican Col\u00f3n","rate":0.3115261662669,"date":"Sun, 27 Jun 2021 23:55:01 GMT","inverseRate":3.2100032301725},"jmd":{"code":"JMD","alphaCode":"JMD","numericCode":"388","name":"Jamaican Dollar","rate":0.075256916996048,"date":"Sun, 27 Jun 2021 23:55:01 GMT","inverseRate":13.28781512605},"ssp":{"code":"SSP","alphaCode":"SSP","numericCode":"728","name":"South Sudanese pound","rate":0.089448463779011,"date":"Sun, 27 Jun 2021 23:55:01 GMT","inverseRate":11.179621848739},"ern":{"code":"ERN","alphaCode":"ERN","numericCode":"232","name":"Eritrean nakfa","rate":0.007582636399841,"date":"Sun, 27 Jun 2021 23:55:01 GMT","inverseRate":131.88025210084},"bam":{"code":"BAM","alphaCode":"BAM","numericCode":"977","name":"Bosnia and Herzegovina convertible mark","rate":0.00083264092360172,"date":"Sun, 27 Jun 2021 23:55:01 GMT","inverseRate":1200.9978991596},"inr":{"code":"INR","alphaCode":"INR","numericCode":"356","name":"Indian Rupee","rate":0.037418964139706,"date":"Sun, 27 Jun 2021 23:55:01 GMT","inverseRate":26.724416963186},"try":{"code":"TRY","alphaCode":"TRY","numericCode":"949","name":"Turkish Lira","rate":0.0043937608006958,"date":"Sun, 27 Jun 2021 23:55:01 GMT","inverseRate":227.59545759561},"twd":{"code":"TWD","alphaCode":"TWD","numericCode":"901","name":"New Taiwan Dollar ","rate":0.014071496742443,"date":"Sun, 27 Jun 2021 23:55:01 GMT","inverseRate":71.065645560204},"tmt":{"code":"TMT","alphaCode":"TMT","numericCode":"934","name":"New Turkmenistan Manat","rate":0.0017607861658365,"date":"Sun, 27 Jun 2021 23:55:01 GMT","inverseRate":567.92813312736},"mga":{"code":"MGA","alphaCode":"MGA","numericCode":"969","name":"Malagasy ariary","rate":1.904,"date":"Sun, 27 Jun 2021 23:55:01 GMT","inverseRate":0.5252100840336},"srd":{"code":"SRD","alphaCode":"SRD","numericCode":"968","name":"Surinamese dollar","rate":0.010467289719626,"date":"Sun, 27 Jun 2021 23:55:01 GMT","inverseRate":95.535714285714},"ghs":{"code":"GHS","alphaCode":"GHS","numericCode":"936","name":"Ghanaian Cedi","rate":0.002931937172775,"date":"Sun, 27 Jun 2021 23:55:01 GMT","inverseRate":341.07142857142},"mop":{"code":"MOP","alphaCode":"MOP","numericCode":"446","name":"Macanese pataca","rate":0.0040253699788584,"date":"Sun, 27 Jun 2021 23:55:01 GMT","inverseRate":248.4243697479},"lbp":{"code":"LBP","alphaCode":"LBP","numericCode":"422","name":"Lebanese Pound","rate":0.75952072878437,"date":"Sun, 27 Jun 2021 23:55:01 GMT","inverseRate":1.3166197604646},"huf":{"code":"HUF","alphaCode":"HUF","numericCode":"348","name":"Hungarian Forint","rate":0.14841740761119,"date":"Sun, 27 Jun 2021 23:55:01 GMT","inverseRate":6.7377541226142},"ngn":{"code":"NGN","alphaCode":"NGN","numericCode":"566","name":"Nigerian Naira","rate":0.20676007109151,"date":"Sun, 27 Jun 2021 23:55:01 GMT","inverseRate":4.8365237771533},"irr":{"code":"IRR","alphaCode":"IRR","numericCode":"364","name":"Iranian rial","rate":21.131632649484,"date":"Sun, 27 Jun 2021 23:55:01 GMT","inverseRate":0.047322420211787},"ves":{"code":"VES","alphaCode":"VES","numericCode":"928","name":"Venezuelan Bolivar","rate":1600,"date":"Sun, 27 Jun 2021 23:55:01 GMT","inverseRate":0.000625},"sbd":{"code":"SBD","alphaCode":"SBD","numericCode":"090","name":"Solomon Islands dollar","rate":0.004100796898557,"date":"Sun, 27 Jun 2021 23:55:01 GMT","inverseRate":243.8550420168},"mwk":{"code":"MWK","alphaCode":"MWK","numericCode":"454","name":"Malawian kwacha","rate":0.40510638297873,"date":"Sun, 27 Jun 2021 23:55:01 GMT","inverseRate":2.468487394958},"gtq":{"code":"GTQ","alphaCode":"GTQ","numericCode":"320","name":"Guatemalan Quetzal","rate":0.0038896833503575,"date":"Sun, 27 Jun 2021 23:55:01 GMT","inverseRate":257.09033613445},"sek":{"code":"SEK","alphaCode":"SEK","numericCode":"752","name":"Swedish Krona","rate":0.0042703659414562,"date":"Sun, 27 Jun 2021 23:55:01 GMT","inverseRate":234.1719687983},"npr":{"code":"NPR","alphaCode":"NPR","numericCode":"524","name":"Nepalese Rupee","rate":0.05980781797337,"date":"Sun, 27 Jun 2021 23:55:01 GMT","inverseRate":16.720222102824},"isk":{"code":"ISK","alphaCode":"ISK","numericCode":"352","name":"Icelandic Krona","rate":0.062071517563818,"date":"Sun, 27 Jun 2021 23:55:01 GMT","inverseRate":16.110448708973},"gip":{"code":"GIP","alphaCode":"GIP","numericCode":"292","name":"Gibraltar pound","rate":0.00036103022686661,"date":"Sun, 27 Jun 2021 23:55:01 GMT","inverseRate":2769.851180271},"gel":{"code":"GEL","alphaCode":"GEL","numericCode":"981","name":"Georgian lari","rate":0.0016337212213254,"date":"Sun, 27 Jun 2021 23:55:01 GMT","inverseRate":612.09953506553},"mkd":{"code":"MKD","alphaCode":"MKD","numericCode":"807","name":"Macedonian denar","rate":0.026047224274261,"date":"Sun, 27 Jun 2021 23:55:01 GMT","inverseRate":38.39180672269},"bif":{"code":"BIF","alphaCode":"BIF","numericCode":"108","name":"Burundian franc","rate":0.99529534762153,"date":"Sun, 27 Jun 2021 23:55:01 GMT","inverseRate":1.0047268907563},"mmk":{"code":"MMK","alphaCode":"MMK","numericCode":"104","name":"Myanma Kyat","rate":0.82782608695651,"date":"Sun, 27 Jun 2021 23:55:01 GMT","inverseRate":1.2079831932773},"mvr":{"code":"MVR","alphaCode":"MVR","numericCode":"462","name":"Maldivian rufiyaa","rate":0.0077746018783176,"date":"Sun, 27 Jun 2021 23:55:01 GMT","inverseRate":128.62394957983},"kes":{"code":"KES","alphaCode":"KES","numericCode":"404","name":"Kenyan shilling","rate":0.054186350959078,"date":"Sun, 27 Jun 2021 23:55:01 GMT","inverseRate":18.454831932772},"aed":{"code":"AED","alphaCode":"AED","numericCode":"784","name":"U.A.E Dirham","rate":0.0018490625422948,"date":"Sun, 27 Jun 2021 23:55:01 GMT","inverseRate":540.81458962385},"php":{"code":"PHP","alphaCode":"PHP","numericCode":"608","name":"Philippine Peso","rate":0.024463645492097,"date":"Sun, 27 Jun 2021 23:55:01 GMT","inverseRate":40.876982145734},"ils":{"code":"ILS","alphaCode":"ILS","numericCode":"376","name":"Israeli New Sheqel","rate":0.0016379635999662,"date":"Sun, 27 Jun 2021 23:55:01 GMT","inverseRate":610.51417749491},"mro":{"code":"MRO","alphaCode":"MRO","numericCode":"478","name":"Mauritanian Ouguiya","rate":0.018263758840728,"date":"Sun, 27 Jun 2021 23:55:01 GMT","inverseRate":54.753241581903},"cop":{"code":"COP","alphaCode":"COP","numericCode":"170","name":"Colombian Peso","rate":1.8964248427419,"date":"Sun, 27 Jun 2021 23:55:01 GMT","inverseRate":0.52730800475813},"bzd":{"code":"BZD","alphaCode":"BZD","numericCode":"084","name":"Belize dollar","rate":0.0010137365562773,"date":"Sun, 27 Jun 2021 23:55:01 GMT","inverseRate":986.44957983191},"gnf":{"code":"GNF","alphaCode":"GNF","numericCode":"324","name":"Guinean franc","rate":4.9326424870466,"date":"Sun, 27 Jun 2021 23:55:01 GMT","inverseRate":0.20273109243698},"sll":{"code":"SLL","alphaCode":"SLL","numericCode":"694","name":"Sierra Leonean leone","rate":5.159891598916,"date":"Sun, 27 Jun 2021 23:55:01 GMT","inverseRate":0.1938025210084},"ugx":{"code":"UGX","alphaCode":"UGX","numericCode":"800","name":"Ugandan shilling","rate":1.7979225684608,"date":"Sun, 27 Jun 2021 23:55:01 GMT","inverseRate":0.5561974789916},"cny":{"code":"CNY","alphaCode":"CNY","numericCode":"156","name":"Chinese Yuan","rate":0.0032561432308192,"date":"Sun, 27 Jun 2021 23:55:01 GMT","inverseRate":307.1117973359},"sar":{"code":"SAR","alphaCode":"SAR","numericCode":"682","name":"Saudi Riyal","rate":0.0018913868462501,"date":"Sun, 27 Jun 2021 23:55:01 GMT","inverseRate":528.71256981754},"myr":{"code":"MYR","alphaCode":"MYR","numericCode":"458","name":"Malaysian Ringgit","rate":0.0020900378368045,"date":"Sun, 27 Jun 2021 23:55:01 GMT","inverseRate":478.46023760457},"kzt":{"code":"KZT","alphaCode":"KZT","numericCode":"398","name":"Kazakhstani Tenge","rate":0.21500059586296,"date":"Sun, 27 Jun 2021 23:55:01 GMT","inverseRate":4.6511499002422},"bob":{"code":"BOB","alphaCode":"BOB","numericCode":"068","name":"Bolivian Boliviano","rate":0.0034663136432426,"date":"Sun, 27 Jun 2021 23:55:01 GMT","inverseRate":288.49091655323},"gyd":{"code":"GYD","alphaCode":"GYD","numericCode":"328","name":"Guyanese dollar","rate":0.1050366856071,"date":"Sun, 27 Jun 2021 23:55:01 GMT","inverseRate":9.5204831932774},"rwf":{"code":"RWF","alphaCode":"RWF","numericCode":"646","name":"Rwandan franc","rate":0.50571049136785,"date":"Sun, 27 Jun 2021 23:55:01 GMT","inverseRate":1.9774159663866},"mzn":{"code":"MZN","alphaCode":"MZN","numericCode":"943","name":"Mozambican metical","rate":0.032053872053873,"date":"Sun, 27 Jun 2021 23:55:01 GMT","inverseRate":31.197478991596},"vuv":{"code":"VUV","alphaCode":"VUV","numericCode":"548","name":"Vanuatu vatu","rate":0.055252466627974,"date":"Sun, 27 Jun 2021 23:55:01 GMT","inverseRate":18.098739495798},"idr":{"code":"IDR","alphaCode":"IDR","numericCode":"360","name":"Indonesian Rupiah","rate":7.2836863262882,"date":"Sun, 27 Jun 2021 23:55:01 GMT","inverseRate":0.13729311713916},"tnd":{"code":"TND","alphaCode":"TND","numericCode":"788","name":"Tunisian Dinar","rate":0.0013792763327354,"date":"Sun, 27 Jun 2021 23:55:01 GMT","inverseRate":725.01787804682},"xof":{"code":"XOF","alphaCode":"XOF","numericCode":"952","name":"West African CFA Franc","rate":0.27724128799792,"date":"Sun, 27 Jun 2021 23:55:01 GMT","inverseRate":3.6069663621225},"tjs":{"code":"TJS","alphaCode":"TJS","numericCode":"972","name":"Tajikistan Ruble","rate":0.0057031080367529,"date":"Sun, 27 Jun 2021 23:55:01 GMT","inverseRate":175.34298728967},"afn":{"code":"AFN","alphaCode":"AFN","numericCode":"971","name":"Afghan afghani","rate":0.039779374895538,"date":"Sun, 27 Jun 2021 23:55:01 GMT","inverseRate":25.138655462184},"nad":{"code":"NAD","alphaCode":"NAD","numericCode":"516","name":"Namibian dollar","rate":0.0071498310176494,"date":"Sun, 27 Jun 2021 23:55:01 GMT","inverseRate":139.86344537815},"syp":{"code":"SYP","alphaCode":"SYP","numericCode":"760","name":"Syrian pound","rate":1.2693333333333,"date":"Sun, 27 Jun 2021 23:55:01 GMT","inverseRate":0.78781512605043},"top":{"code":"TOP","alphaCode":"TOP","numericCode":"776","name":"Tongan pa\u02bbanga","rate":0.0011141670080169,"date":"Sun, 27 Jun 2021 23:55:01 GMT","inverseRate":897.53151260503},"kwd":{"code":"KWD","alphaCode":"KWD","numericCode":"414","name":"Kuwaiti Dinar","rate":0.00015169875973784,"date":"Sun, 27 Jun 2021 23:55:01 GMT","inverseRate":6592.0117061481},"czk":{"code":"CZK","alphaCode":"CZK","numericCode":"203","name":"Czech Koruna","rate":0.010757020812979,"date":"Sun, 27 Jun 2021 23:55:01 GMT","inverseRate":92.96254208167},"pgk":{"code":"PGK","alphaCode":"PGK","numericCode":"598","name":"Papua New Guinean kina","rate":0.0017701892535794,"date":"Sun, 27 Jun 2021 23:55:01 GMT","inverseRate":564.91134943789},"uah":{"code":"UAH","alphaCode":"UAH","numericCode":"980","name":"Ukrainian Hryvnia","rate":0.013817687659139,"date":"Sun, 27 Jun 2021 23:55:01 GMT","inverseRate":72.371009149177},"etb":{"code":"ETB","alphaCode":"ETB","numericCode":"230","name":"Ethiopian birr","rate":0.022011560693641,"date":"Sun, 27 Jun 2021 23:55:01 GMT","inverseRate":45.43067226891},"xcd":{"code":"XCD","alphaCode":"XCD","numericCode":"951","name":"East Caribbean Dollar","rate":0.0013627254509018,"date":"Sun, 27 Jun 2021 23:55:01 GMT","inverseRate":733.82352941175},"lak":{"code":"LAK","alphaCode":"LAK","numericCode":"418","name":"Lao kip","rate":4.7719298245614,"date":"Sun, 27 Jun 2021 23:55:01 GMT","inverseRate":0.20955882352941},"bwp":{"code":"BWP","alphaCode":"BWP","numericCode":"072","name":"Botswana Pula","rate":0.0054665518231413,"date":"Sun, 27 Jun 2021 23:55:01 GMT","inverseRate":182.9306722689},"nok":{"code":"NOK","alphaCode":"NOK","numericCode":"578","name":"Norwegian Krone","rate":0.004279259349962,"date":"Sun, 27 Jun 2021 23:55:01 GMT","inverseRate":233.68529883772},"mad":{"code":"MAD","alphaCode":"MAD","numericCode":"504","name":"Moroccan Dirham","rate":0.0044555062414579,"date":"Sun, 27 Jun 2021 23:55:01 GMT","inverseRate":224.44138686086},"ron":{"code":"RON","alphaCode":"RON","numericCode":"946","name":"Romanian New Leu","rate":0.0020794898976696,"date":"Sun, 27 Jun 2021 23:55:01 GMT","inverseRate":480.88716426114},"byn":{"code":"BYN","alphaCode":"BYN","numericCode":"933","name":"Belarussian Ruble","rate":0.0012741938456771,"date":"Sun, 27 Jun 2021 23:55:01 GMT","inverseRate":784.80994347342},"rsd":{"code":"RSD","alphaCode":"RSD","numericCode":"941","name":"Serbian Dinar","rate":0.048683385755395,"date":"Sun, 27 Jun 2021 23:55:01 GMT","inverseRate":20.540888528674},"gmd":{"code":"GMD","alphaCode":"GMD","numericCode":"270","name":"Gambian dalasi","rate":0.026117969821675,"date":"Sun, 27 Jun 2021 23:55:01 GMT","inverseRate":38.287815126049},"awg":{"code":"AWG","alphaCode":"AWG","numericCode":"533","name":"Aruban florin","rate":0.00091030789825972,"date":"Sun, 27 Jun 2021 23:55:01 GMT","inverseRate":1098.5294117647},"aoa":{"code":"AOA","alphaCode":"AOA","numericCode":"973","name":"Angolan kwanza","rate":0.32827586206897,"date":"Sun, 27 Jun 2021 23:55:01 GMT","inverseRate":3.0462184873949},"khr":{"code":"KHR","alphaCode":"KHR","numericCode":"116","name":"Cambodian riel","rate":2.0495156081809,"date":"Sun, 27 Jun 2021 23:55:01 GMT","inverseRate":0.4879201680672},"scr":{"code":"SCR","alphaCode":"SCR","numericCode":"690","name":"Seychelles rupee","rate":0.0075376088677754,"date":"Sun, 27 Jun 2021 23:55:01 GMT","inverseRate":132.66806722689},"bhd":{"code":"BHD","alphaCode":"BHD","numericCode":"048","name":"Bahrain Dinar","rate":0.00018981385708373,"date":"Sun, 27 Jun 2021 23:55:01 GMT","inverseRate":5268.319264799},"omr":{"code":"OMR","alphaCode":"OMR","numericCode":"512","name":"Omani Rial","rate":0.00019399836771841,"date":"Sun, 27 Jun 2021 23:55:01 GMT","inverseRate":5154.6825458424},"rub":{"code":"RUB","alphaCode":"RUB","numericCode":"643","name":"Russian Rouble","rate":0.03639958786156,"date":"Sun, 27 Jun 2021 23:55:01 GMT","inverseRate":27.472838533319},"lyd":{"code":"LYD","alphaCode":"LYD","numericCode":"434","name":"Libyan Dinar","rate":0.0022448856788293,"date":"Sun, 27 Jun 2021 23:55:01 GMT","inverseRate":445.45698225555},"clp":{"code":"CLP","alphaCode":"CLP","numericCode":"152","name":"Chilean Peso","rate":0.37013675877576,"date":"Sun, 27 Jun 2021 23:55:01 GMT","inverseRate":2.7017041033902},"bsd":{"code":"BSD","alphaCode":"BSD","numericCode":"044","name":"Bahamian Dollar","rate":0.00050266645546228,"date":"Sun, 27 Jun 2021 23:55:01 GMT","inverseRate":1989.3907563025},"djf":{"code":"DJF","alphaCode":"DJF","numericCode":"262","name":"Djiboutian franc","rate":0.089528377298161,"date":"Sun, 27 Jun 2021 23:55:01 GMT","inverseRate":11.169642857143},"hnl":{"code":"HNL","alphaCode":"HNL","numericCode":"340","name":"Honduran Lempira","rate":0.012050632911392,"date":"Sun, 27 Jun 2021 23:55:01 GMT","inverseRate":82.983193277311},"tzs":{"code":"TZS","alphaCode":"TZS","numericCode":"834","name":"Tanzanian shilling","rate":1.1659522351501,"date":"Sun, 27 Jun 2021 23:55:01 GMT","inverseRate":0.85766806722688},"bbd":{"code":"BBD","alphaCode":"BBD","numericCode":"052","name":"Barbadian Dollar","rate":0.0010093724503004,"date":"Sun, 27 Jun 2021 23:55:01 GMT","inverseRate":990.7145768664},"bdt":{"code":"BDT","alphaCode":"BDT","numericCode":"050","name":"Bangladeshi taka","rate":0.042670333763175,"date":"Sun, 27 Jun 2021 23:55:01 GMT","inverseRate":23.435485776843},"qar":{"code":"QAR","alphaCode":"QAR","numericCode":"634","name":"Qatari Rial","rate":0.00184494747657,"date":"Sun, 27 Jun 2021 23:55:01 GMT","inverseRate":542.02085029496},"mxn":{"code":"MXN","alphaCode":"MXN","numericCode":"484","name":"Mexican Peso","rate":0.0099845249810804,"date":"Sun, 27 Jun 2021 23:55:01 GMT","inverseRate":100.15499003657},"amd":{"code":"AMD","alphaCode":"AMD","numericCode":"051","name":"Armenia Dram","rate":0.26110495876793,"date":"Sun, 27 Jun 2021 23:55:01 GMT","inverseRate":3.829877474249},"uyu":{"code":"UYU","alphaCode":"UYU","numericCode":"858","name":"Uruguayan Peso","rate":0.021952389228136,"date":"Sun, 27 Jun 2021 23:55:01 GMT","inverseRate":45.553128163304},"fjd":{"code":"FJD","alphaCode":"FJD","numericCode":"242","name":"Fiji Dollar","rate":0.0010373195314628,"date":"Sun, 27 Jun 2021 23:55:01 GMT","inverseRate":964.02310924368},"lsl":{"code":"LSL","alphaCode":"LSL","numericCode":"426","name":"Lesotho loti","rate":0.0071525169045831,"date":"Sun, 27 Jun 2021 23:55:01 GMT","inverseRate":139.81092436975},"mnt":{"code":"MNT","alphaCode":"MNT","numericCode":"496","name":"Mongolian togrog","rate":1.433734939759,"date":"Sun, 27 Jun 2021 23:55:01 GMT","inverseRate":0.69747899159664},"brl":{"code":"BRL","alphaCode":"BRL","numericCode":"986","name":"Brazilian Real","rate":0.0025207633009831,"date":"Sun, 27 Jun 2021 23:55:01 GMT","inverseRate":396.70523591405},"hkd":{"code":"HKD","alphaCode":"HKD","numericCode":"344","name":"Hong Kong Dollar","rate":0.003914832816085,"date":"Sun, 27 Jun 2021 23:55:01 GMT","inverseRate":255.43874974463},"thb":{"code":"THB","alphaCode":"THB","numericCode":"764","name":"Thai Baht","rate":0.015939522117975,"date":"Sun, 27 Jun 2021 23:55:01 GMT","inverseRate":62.737138077203},"xaf":{"code":"XAF","alphaCode":"XAF","numericCode":"950","name":"Central African CFA Franc","rate":0.27747632775159,"date":"Sun, 27 Jun 2021 23:55:01 GMT","inverseRate":3.6039110366749},"mdl":{"code":"MDL","alphaCode":"MDL","numericCode":"498","name":"Moldova Lei","rate":0.0090743218477221,"date":"Sun, 27 Jun 2021 23:55:01 GMT","inverseRate":110.20107251883},"nio":{"code":"NIO","alphaCode":"NIO","numericCode":"558","name":"Nicaraguan C\u00f3rdoba","rate":0.017640838354018,"date":"Sun, 27 Jun 2021 23:55:01 GMT","inverseRate":56.686648328832},"lrd":{"code":"LRD","alphaCode":"LRD","numericCode":"430","name":"Liberian dollar","rate":0.08615384615385,"date":"Sun, 27 Jun 2021 23:55:01 GMT","inverseRate":11.607142857142},"sdg":{"code":"SDG","alphaCode":"SDG","numericCode":"938","name":"Sudanese pound","rate":0.22139534883721,"date":"Sun, 27 Jun 2021 23:55:01 GMT","inverseRate":4.5168067226891},"mru":{"code":"MRU","alphaCode":"MRU","numericCode":"929","name":"Mauritanian ouguiya","rate":0.018167938931298,"date":"Sun, 27 Jun 2021 23:55:01 GMT","inverseRate":55.042016806723},"dkk":{"code":"DKK","alphaCode":"DKK","numericCode":"208","name":"Danish Krone","rate":0.0031393237475548,"date":"Sun, 27 Jun 2021 23:55:01 GMT","inverseRate":318.53994057762},"jod":{"code":"JOD","alphaCode":"JOD","numericCode":"400","name":"Jordanian Dinar","rate":0.00035735057238803,"date":"Sun, 27 Jun 2021 23:55:01 GMT","inverseRate":2798.3724590601},"bgn":{"code":"BGN","alphaCode":"BGN","numericCode":"975","name":"Bulgarian Lev","rate":0.00082567682115597,"date":"Sun, 27 Jun 2021 23:55:01 GMT","inverseRate":1211.1276160084},"vnd":{"code":"VND","alphaCode":"VND","numericCode":"704","name":"Vietnamese Dong","rate":11.601197354743,"date":"Sun, 27 Jun 2021 23:55:01 GMT","inverseRate":0.086197999173868},"uzs":{"code":"UZS","alphaCode":"UZS","numericCode":"860","name":"Uzbekistan Sum","rate":5.3177496475078,"date":"Sun, 27 Jun 2021 23:55:01 GMT","inverseRate":0.18804946947223},"pab":{"code":"PAB","alphaCode":"PAB","numericCode":"590","name":"Panamanian Balboa","rate":0.00050266645546228,"date":"Sun, 27 Jun 2021 23:55:01 GMT","inverseRate":1989.3907563025},"ttd":{"code":"TTD","alphaCode":"TTD","numericCode":"780","name":"Trinidad Tobago Dollar","rate":0.0034183123877917,"date":"Sun, 27 Jun 2021 23:55:01 GMT","inverseRate":292.54201680673},"htg":{"code":"HTG","alphaCode":"HTG","numericCode":"332","name":"Haitian gourde","rate":0.047245657568239,"date":"Sun, 27 Jun 2021 23:55:01 GMT","inverseRate":21.165966386554},"cup":{"code":"CUP","alphaCode":"CUP","numericCode":"192","name":"Cuban peso","rate":0.00050266645546228,"date":"Sun, 27 Jun 2021 23:55:01 GMT","inverseRate":1989.3907563025}}