{"usd":{"code":"USD","alphaCode":"USD","numericCode":"840","name":"U.S. Dollar","rate":1.090495020701,"date":"Sun, 27 Jun 2021 23:55:01 GMT","inverseRate":0.91701473277446},"eur":{"code":"EUR","alphaCode":"EUR","numericCode":"978","name":"Euro","rate":0.91290649621262,"date":"Sun, 27 Jun 2021 23:55:01 GMT","inverseRate":1.0954024362284},"gbp":{"code":"GBP","alphaCode":"GBP","numericCode":"826","name":"U.K. Pound Sterling","rate":0.78415585413592,"date":"Sun, 27 Jun 2021 23:55:01 GMT","inverseRate":1.2752566912887},"jpy":{"code":"JPY","alphaCode":"JPY","numericCode":"392","name":"Japanese Yen","rate":120.75361256188,"date":"Sun, 27 Jun 2021 23:55:01 GMT","inverseRate":0.008281325740773},"aud":{"code":"AUD","alphaCode":"AUD","numericCode":"036","name":"Australian Dollar","rate":1.4354346431922,"date":"Sun, 27 Jun 2021 23:55:01 GMT","inverseRate":0.69665310416094},"cad":{"code":"CAD","alphaCode":"CAD","numericCode":"124","name":"Canadian Dollar","rate":1.3413026704665,"date":"Sun, 27 Jun 2021 23:55:01 GMT","inverseRate":0.74554388209203},"lkr":{"code":"LKR","alphaCode":"LKR","numericCode":"144","name":"Sri Lanka Rupee","rate":216.682738621,"date":"Sun, 27 Jun 2021 23:55:01 GMT","inverseRate":0.0046150422796212},"pln":{"code":"PLN","alphaCode":"PLN","numericCode":"985","name":"Polish Zloty","rate":4.1174713806672,"date":"Sun, 27 Jun 2021 23:55:01 GMT","inverseRate":0.24286750472518},"pen":{"code":"PEN","alphaCode":"PEN","numericCode":"604","name":"Peruvian Nuevo Sol","rate":4.3403895007376,"date":"Sun, 27 Jun 2021 23:55:01 GMT","inverseRate":0.23039406943318},"iqd":{"code":"IQD","alphaCode":"IQD","numericCode":"368","name":"Iraqi dinar","rate":1587.8762900778,"date":"Sun, 27 Jun 2021 23:55:01 GMT","inverseRate":0.00062977198302457},"svc":{"code":"SVC","alphaCode":"SVC","numericCode":"222","name":"Salvadoran colon","rate":9.5179413957093,"date":"Sun, 27 Jun 2021 23:55:01 GMT","inverseRate":0.10506473599961},"cve":{"code":"CVE","alphaCode":"CVE","numericCode":"132","name":"Cape Verde escudo","rate":101.64221367023,"date":"Sun, 27 Jun 2021 23:55:01 GMT","inverseRate":0.0098384319259757},"zmw":{"code":"ZMW","alphaCode":"ZMW","numericCode":"967","name":"Zambian kwacha","rate":24.561513446565,"date":"Sun, 27 Jun 2021 23:55:01 GMT","inverseRate":0.040714103476382},"yer":{"code":"YER","alphaCode":"YER","numericCode":"886","name":"Yemeni rial","rate":273.44955849902,"date":"Sun, 27 Jun 2021 23:55:01 GMT","inverseRate":0.0036569815855219},"dop":{"code":"DOP","alphaCode":"DOP","numericCode":"214","name":"Dominican Peso","rate":61.911753498572,"date":"Sun, 27 Jun 2021 23:55:01 GMT","inverseRate":0.016152021926226},"nzd":{"code":"NZD","alphaCode":"NZD","numericCode":"554","name":"New Zealand Dollar","rate":1.5406907601539,"date":"Sun, 27 Jun 2021 23:55:01 GMT","inverseRate":0.64905951658989},"hrk":{"code":"HRK","alphaCode":"HRK","numericCode":"191","name":"Croatian Kuna","rate":6.842337393599,"date":"Sun, 27 Jun 2021 23:55:01 GMT","inverseRate":0.14614888779608},"dzd":{"code":"DZD","alphaCode":"DZD","numericCode":"012","name":"Algerian Dinar","rate":145.2155926091,"date":"Sun, 27 Jun 2021 23:55:01 GMT","inverseRate":0.0068863128403287},"ars":{"code":"ARS","alphaCode":"ARS","numericCode":"032","name":"Argentine Peso","rate":103.97619122104,"date":"Sun, 27 Jun 2021 23:55:01 GMT","inverseRate":0.0096175863748858},"stn":{"code":"STN","alphaCode":"STN","numericCode":"930","name":"S\u00e3o Tom\u00e9 and Pr\u00edncipe Dobra","rate":22.580963541658,"date":"Sun, 27 Jun 2021 23:55:01 GMT","inverseRate":0.044285089879145},"xpf":{"code":"XPF","alphaCode":"XPF","numericCode":"953","name":"CFP Franc","rate":108.7786289048,"date":"Sun, 27 Jun 2021 23:55:01 GMT","inverseRate":0.0091929822067825},"all":{"code":"ALL","alphaCode":"ALL","numericCode":"008","name":"Albanian lek","rate":111.68261899792,"date":"Sun, 27 Jun 2021 23:55:01 GMT","inverseRate":0.0089539447496178},"mur":{"code":"MUR","alphaCode":"MUR","numericCode":"480","name":"Mauritian Rupee","rate":44.647610126294,"date":"Sun, 27 Jun 2021 23:55:01 GMT","inverseRate":0.022397615396912},"sos":{"code":"SOS","alphaCode":"SOS","numericCode":"706","name":"Somali shilling","rate":628.9548745064,"date":"Sun, 27 Jun 2021 23:55:01 GMT","inverseRate":0.0015899391840866},"ang":{"code":"ANG","alphaCode":"ANG","numericCode":"532","name":"Neth. Antillean Guilder","rate":1.9393442863816,"date":"Sun, 27 Jun 2021 23:55:01 GMT","inverseRate":0.51563820154171},"pkr":{"code":"PKR","alphaCode":"PKR","numericCode":"586","name":"Pakistani Rupee","rate":168.64414868365,"date":"Sun, 27 Jun 2021 23:55:01 GMT","inverseRate":0.0059296453971603},"krw":{"code":"KRW","alphaCode":"KRW","numericCode":"410","name":"South Korean Won","rate":1229.209163682,"date":"Sun, 27 Jun 2021 23:55:01 GMT","inverseRate":0.00081353119513407},"azn":{"code":"AZN","alphaCode":"AZN","numericCode":"944","name":"Azerbaijan Manat","rate":1.8484866190468,"date":"Sun, 27 Jun 2021 23:55:01 GMT","inverseRate":0.54098308837943},"pyg":{"code":"PYG","alphaCode":"PYG","numericCode":"600","name":"Paraguayan Guaran\u00ed","rate":7391.9930001255,"date":"Sun, 27 Jun 2021 23:55:01 GMT","inverseRate":0.00013528151338658},"bnd":{"code":"BND","alphaCode":"BND","numericCode":"096","name":"Brunei Dollar","rate":1.4634917710624,"date":"Sun, 27 Jun 2021 23:55:01 GMT","inverseRate":0.68329731657737},"kmf":{"code":"KMF","alphaCode":"KMF","numericCode":"174","name":"\tComoro franc","rate":450.67983946182,"date":"Sun, 27 Jun 2021 23:55:01 GMT","inverseRate":0.0022188700546138},"szl":{"code":"SZL","alphaCode":"SZL","numericCode":"748","name":"Swazi lilangeni","rate":15.458166179663,"date":"Sun, 27 Jun 2021 23:55:01 GMT","inverseRate":0.064690726466352},"wst":{"code":"WST","alphaCode":"WST","numericCode":"882","name":"Samoan tala","rate":2.764056706939,"date":"Sun, 27 Jun 2021 23:55:01 GMT","inverseRate":0.36178707820631},"egp":{"code":"EGP","alphaCode":"EGP","numericCode":"818","name":"Egyptian Pound","rate":17.095515592322,"date":"Sun, 27 Jun 2021 23:55:01 GMT","inverseRate":0.058494872213688},"sgd":{"code":"SGD","alphaCode":"SGD","numericCode":"702","name":"Singapore Dollar","rate":1.4632621693362,"date":"Sun, 27 Jun 2021 23:55:01 GMT","inverseRate":0.68340453334733},"zar":{"code":"ZAR","alphaCode":"ZAR","numericCode":"710","name":"South African Rand","rate":15.373438980444,"date":"Sun, 27 Jun 2021 23:55:01 GMT","inverseRate":0.065047254636525},"kgs":{"code":"KGS","alphaCode":"KGS","numericCode":"417","name":"Kyrgyzstan Som","rate":91.143664216813,"date":"Sun, 27 Jun 2021 23:55:01 GMT","inverseRate":0.010971689679067},"crc":{"code":"CRC","alphaCode":"CRC","numericCode":"188","name":"Costa Rican Col\u00f3n","rate":673.52965903385,"date":"Sun, 27 Jun 2021 23:55:01 GMT","inverseRate":0.0014847156121298},"jmd":{"code":"JMD","alphaCode":"JMD","numericCode":"388","name":"Jamaican Dollar","rate":162.70789144839,"date":"Sun, 27 Jun 2021 23:55:01 GMT","inverseRate":0.0061459834006711},"ssp":{"code":"SSP","alphaCode":"SSP","numericCode":"728","name":"South Sudanese pound","rate":193.39047513127,"date":"Sun, 27 Jun 2021 23:55:01 GMT","inverseRate":0.0051708854808966},"ern":{"code":"ERN","alphaCode":"ERN","numericCode":"232","name":"Eritrean nakfa","rate":16.393905430682,"date":"Sun, 27 Jun 2021 23:55:01 GMT","inverseRate":0.060998277941047},"bam":{"code":"BAM","alphaCode":"BAM","numericCode":"977","name":"Bosnia and Herzegovina convertible mark","rate":1.800196638669,"date":"Sun, 27 Jun 2021 23:55:01 GMT","inverseRate":0.55549487123772},"inr":{"code":"INR","alphaCode":"INR","numericCode":"356","name":"Indian Rupee","rate":80.90101213785,"date":"Sun, 27 Jun 2021 23:55:01 GMT","inverseRate":0.012360784785932},"try":{"code":"TRY","alphaCode":"TRY","numericCode":"949","name":"Turkish Lira","rate":9.4994531259809,"date":"Sun, 27 Jun 2021 23:55:01 GMT","inverseRate":0.1052692177895},"twd":{"code":"TWD","alphaCode":"TWD","numericCode":"901","name":"New Taiwan Dollar ","rate":30.423031607925,"date":"Sun, 27 Jun 2021 23:55:01 GMT","inverseRate":0.03286983404177},"tmt":{"code":"TMT","alphaCode":"TMT","numericCode":"934","name":"New Turkmenistan Manat","rate":3.806876706759,"date":"Sun, 27 Jun 2021 23:55:01 GMT","inverseRate":0.26268252875764},"mga":{"code":"MGA","alphaCode":"MGA","numericCode":"969","name":"Malagasy ariary","rate":4116.5096536443,"date":"Sun, 27 Jun 2021 23:55:01 GMT","inverseRate":0.00024292424508581},"srd":{"code":"SRD","alphaCode":"SRD","numericCode":"968","name":"Surinamese dollar","rate":22.630619316351,"date":"Sun, 27 Jun 2021 23:55:01 GMT","inverseRate":0.04418792018111},"ghs":{"code":"GHS","alphaCode":"GHS","numericCode":"936","name":"Ghanaian Cedi","rate":6.3389431069362,"date":"Sun, 27 Jun 2021 23:55:01 GMT","inverseRate":0.15775500475872},"mop":{"code":"MOP","alphaCode":"MOP","numericCode":"446","name":"Macanese pataca","rate":8.7029802402627,"date":"Sun, 27 Jun 2021 23:55:01 GMT","inverseRate":0.11490316792559},"lbp":{"code":"LBP","alphaCode":"LBP","numericCode":"422","name":"Lebanese Pound","rate":1642.1084097604,"date":"Sun, 27 Jun 2021 23:55:01 GMT","inverseRate":0.00060897319205979},"huf":{"code":"HUF","alphaCode":"HUF","numericCode":"348","name":"Hungarian Forint","rate":320.88324117663,"date":"Sun, 27 Jun 2021 23:55:01 GMT","inverseRate":0.0031163983395741},"ngn":{"code":"NGN","alphaCode":"NGN","numericCode":"566","name":"Nigerian Naira","rate":447.02196882162,"date":"Sun, 27 Jun 2021 23:55:01 GMT","inverseRate":0.0022370265216183},"irr":{"code":"IRR","alphaCode":"IRR","numericCode":"364","name":"Iranian rial","rate":45687.274054025,"date":"Sun, 27 Jun 2021 23:55:01 GMT","inverseRate":2.1887933143429e-5},"ves":{"code":"VES","alphaCode":"VES","numericCode":"928","name":"Venezuelan Bolivar","rate":3459251.809785,"date":"Sun, 27 Jun 2021 23:55:01 GMT","inverseRate":2.8907985165212e-7},"sbd":{"code":"SBD","alphaCode":"SBD","numericCode":"090","name":"Solomon Islands dollar","rate":8.866055683059,"date":"Sun, 27 Jun 2021 23:55:01 GMT","inverseRate":0.11278972699334},"mwk":{"code":"MWK","alphaCode":"MWK","numericCode":"454","name":"Malawian kwacha","rate":875.85311779665,"date":"Sun, 27 Jun 2021 23:55:01 GMT","inverseRate":0.0011417439519033},"gtq":{"code":"GTQ","alphaCode":"GTQ","numericCode":"320","name":"Guatemalan Quetzal","rate":8.4096213557594,"date":"Sun, 27 Jun 2021 23:55:01 GMT","inverseRate":0.11891141796951},"sek":{"code":"SEK","alphaCode":"SEK","numericCode":"752","name":"Swedish Krona","rate":9.2326694446418,"date":"Sun, 27 Jun 2021 23:55:01 GMT","inverseRate":0.10831103680208},"npr":{"code":"NPR","alphaCode":"NPR","numericCode":"524","name":"Nepalese Rupee","rate":129.3064391023,"date":"Sun, 27 Jun 2021 23:55:01 GMT","inverseRate":0.0077335669201197},"isk":{"code":"ISK","alphaCode":"ISK","numericCode":"352","name":"Icelandic Krona","rate":134.20063091796,"date":"Sun, 27 Jun 2021 23:55:01 GMT","inverseRate":0.0074515297965425},"gip":{"code":"GIP","alphaCode":"GIP","numericCode":"292","name":"Gibraltar pound","rate":0.78055904104715,"date":"Sun, 27 Jun 2021 23:55:01 GMT","inverseRate":1.2811330692659},"gel":{"code":"GEL","alphaCode":"GEL","numericCode":"981","name":"Georgian lari","rate":3.5321581822214,"date":"Sun, 27 Jun 2021 23:55:01 GMT","inverseRate":0.28311302846892},"mkd":{"code":"MKD","alphaCode":"MKD","numericCode":"807","name":"Macedonian denar","rate":56.314942319134,"date":"Sun, 27 Jun 2021 23:55:01 GMT","inverseRate":0.017757276467284},"bif":{"code":"BIF","alphaCode":"BIF","numericCode":"108","name":"Burundian franc","rate":2151.8607703315,"date":"Sun, 27 Jun 2021 23:55:01 GMT","inverseRate":0.00046471408084917},"mmk":{"code":"MMK","alphaCode":"MMK","numericCode":"104","name":"Myanma Kyat","rate":1789.7868059322,"date":"Sun, 27 Jun 2021 23:55:01 GMT","inverseRate":0.00055872576369739},"mvr":{"code":"MVR","alphaCode":"MVR","numericCode":"462","name":"Maldivian rufiyaa","rate":16.808941011205,"date":"Sun, 27 Jun 2021 23:55:01 GMT","inverseRate":0.059492147621518},"kes":{"code":"KES","alphaCode":"KES","numericCode":"404","name":"Kenyan shilling","rate":117.15264538802,"date":"Sun, 27 Jun 2021 23:55:01 GMT","inverseRate":0.0085358721238251},"aed":{"code":"AED","alphaCode":"AED","numericCode":"784","name":"U.A.E Dirham","rate":3.9977330911494,"date":"Sun, 27 Jun 2021 23:55:01 GMT","inverseRate":0.25014176214363},"php":{"code":"PHP","alphaCode":"PHP","numericCode":"608","name":"Philippine Peso","rate":52.891193714047,"date":"Sun, 27 Jun 2021 23:55:01 GMT","inverseRate":0.01890673909548},"ils":{"code":"ILS","alphaCode":"ILS","numericCode":"376","name":"Israeli New Sheqel","rate":3.5413303422158,"date":"Sun, 27 Jun 2021 23:55:01 GMT","inverseRate":0.2823797565788},"mro":{"code":"MRO","alphaCode":"MRO","numericCode":"478","name":"Mauritanian Ouguiya","rate":39.486838014541,"date":"Sun, 27 Jun 2021 23:55:01 GMT","inverseRate":0.025324894326351},"cop":{"code":"COP","alphaCode":"COP","numericCode":"170","name":"Colombian Peso","rate":4100.1319183602,"date":"Sun, 27 Jun 2021 23:55:01 GMT","inverseRate":0.00024389459166473},"bzd":{"code":"BZD","alphaCode":"BZD","numericCode":"084","name":"Belize dollar","rate":2.1917312605922,"date":"Sun, 27 Jun 2021 23:55:01 GMT","inverseRate":0.45626031712017},"gnf":{"code":"GNF","alphaCode":"GNF","numericCode":"324","name":"Guinean franc","rate":10664.532781462,"date":"Sun, 27 Jun 2021 23:55:01 GMT","inverseRate":9.3768758603126e-5},"sll":{"code":"SLL","alphaCode":"SLL","numericCode":"694","name":"Sierra Leonean leone","rate":11155.852719903,"date":"Sun, 27 Jun 2021 23:55:01 GMT","inverseRate":8.9639046436667e-5},"ugx":{"code":"UGX","alphaCode":"UGX","numericCode":"800","name":"Ugandan shilling","rate":3887.1668117509,"date":"Sun, 27 Jun 2021 23:55:01 GMT","inverseRate":0.00025725677554588},"cny":{"code":"CNY","alphaCode":"CNY","numericCode":"156","name":"Chinese Yuan","rate":7.0398871025816,"date":"Sun, 27 Jun 2021 23:55:01 GMT","inverseRate":0.14204773250317},"sar":{"code":"SAR","alphaCode":"SAR","numericCode":"682","name":"Saudi Riyal","rate":4.089239606809,"date":"Sun, 27 Jun 2021 23:55:01 GMT","inverseRate":0.24454424199915},"myr":{"code":"MYR","alphaCode":"MYR","numericCode":"458","name":"Malaysian Ringgit","rate":4.5187294809281,"date":"Sun, 27 Jun 2021 23:55:01 GMT","inverseRate":0.22130114321307},"kzt":{"code":"KZT","alphaCode":"KZT","numericCode":"398","name":"Kazakhstani Tenge","rate":464.83825021487,"date":"Sun, 27 Jun 2021 23:55:01 GMT","inverseRate":0.0021512859570781},"bob":{"code":"BOB","alphaCode":"BOB","numericCode":"068","name":"Bolivian Boliviano","rate":7.4942823397934,"date":"Sun, 27 Jun 2021 23:55:01 GMT","inverseRate":0.13343505817631},"gyd":{"code":"GYD","alphaCode":"GYD","numericCode":"328","name":"Guyanese dollar","rate":227.09271548762,"date":"Sun, 27 Jun 2021 23:55:01 GMT","inverseRate":0.0044034877906707},"rwf":{"code":"RWF","alphaCode":"RWF","numericCode":"646","name":"Rwandan franc","rate":1093.3624578072,"date":"Sun, 27 Jun 2021 23:55:01 GMT","inverseRate":0.00091460978274812},"mzn":{"code":"MZN","alphaCode":"MZN","numericCode":"943","name":"Mozambican metical","rate":69.301509320611,"date":"Sun, 27 Jun 2021 23:55:01 GMT","inverseRate":0.014429700158097},"vuv":{"code":"VUV","alphaCode":"VUV","numericCode":"548","name":"Vanuatu vatu","rate":119.45762198619,"date":"Sun, 27 Jun 2021 23:55:01 GMT","inverseRate":0.0083711694856574},"idr":{"code":"IDR","alphaCode":"IDR","numericCode":"360","name":"Indonesian Rupiah","rate":15747.565691324,"date":"Sun, 27 Jun 2021 23:55:01 GMT","inverseRate":6.3501878296715e-5},"tnd":{"code":"TND","alphaCode":"TND","numericCode":"788","name":"Tunisian Dinar","rate":2.9820400938803,"date":"Sun, 27 Jun 2021 23:55:01 GMT","inverseRate":0.33534089700946},"xof":{"code":"XOF","alphaCode":"XOF","numericCode":"952","name":"West African CFA Franc","rate":599.40464203371,"date":"Sun, 27 Jun 2021 23:55:01 GMT","inverseRate":0.0016683220814025},"tjs":{"code":"TJS","alphaCode":"TJS","numericCode":"972","name":"Tajikistan Ruble","rate":12.330304248461,"date":"Sun, 27 Jun 2021 23:55:01 GMT","inverseRate":0.081100999606302},"afn":{"code":"AFN","alphaCode":"AFN","numericCode":"971","name":"Afghan afghani","rate":86.004296624693,"date":"Sun, 27 Jun 2021 23:55:01 GMT","inverseRate":0.011627326066787},"nad":{"code":"NAD","alphaCode":"NAD","numericCode":"516","name":"Namibian dollar","rate":15.458166179663,"date":"Sun, 27 Jun 2021 23:55:01 GMT","inverseRate":0.064690726466352},"syp":{"code":"SYP","alphaCode":"SYP","numericCode":"760","name":"Syrian pound","rate":2744.3397690961,"date":"Sun, 27 Jun 2021 23:55:01 GMT","inverseRate":0.00036438636762873},"top":{"code":"TOP","alphaCode":"TOP","numericCode":"776","name":"Tongan pa\u02bbanga","rate":2.4088651493032,"date":"Sun, 27 Jun 2021 23:55:01 GMT","inverseRate":0.41513324242715},"kwd":{"code":"KWD","alphaCode":"KWD","numericCode":"414","name":"Kuwaiti Dinar","rate":0.3279776307283,"date":"Sun, 27 Jun 2021 23:55:01 GMT","inverseRate":3.0489884257638},"czk":{"code":"CZK","alphaCode":"CZK","numericCode":"203","name":"Czech Koruna","rate":23.257027321997,"date":"Sun, 27 Jun 2021 23:55:01 GMT","inverseRate":0.042997756598677},"pgk":{"code":"PGK","alphaCode":"PGK","numericCode":"598","name":"Papua New Guinean kina","rate":3.8272064869417,"date":"Sun, 27 Jun 2021 23:55:01 GMT","inverseRate":0.26128718254737},"uah":{"code":"UAH","alphaCode":"UAH","numericCode":"980","name":"Ukrainian Hryvnia","rate":29.8742881512,"date":"Sun, 27 Jun 2021 23:55:01 GMT","inverseRate":0.033473600942014},"etb":{"code":"ETB","alphaCode":"ETB","numericCode":"230","name":"Ethiopian birr","rate":47.589706978544,"date":"Sun, 27 Jun 2021 23:55:01 GMT","inverseRate":0.021012947199924},"xcd":{"code":"XCD","alphaCode":"XCD","numericCode":"951","name":"East Caribbean Dollar","rate":2.9462565514202,"date":"Sun, 27 Jun 2021 23:55:01 GMT","inverseRate":0.3394137552339},"lak":{"code":"LAK","alphaCode":"LAK","numericCode":"418","name":"Lao kip","rate":10317.066801113,"date":"Sun, 27 Jun 2021 23:55:01 GMT","inverseRate":9.6926773789241e-5},"bwp":{"code":"BWP","alphaCode":"BWP","numericCode":"072","name":"Botswana Pula","rate":11.818862054678,"date":"Sun, 27 Jun 2021 23:55:01 GMT","inverseRate":0.084610514563385},"nok":{"code":"NOK","alphaCode":"NOK","numericCode":"578","name":"Norwegian Krone","rate":9.2518972818098,"date":"Sun, 27 Jun 2021 23:55:01 GMT","inverseRate":0.10808593843407},"mad":{"code":"MAD","alphaCode":"MAD","numericCode":"504","name":"Moroccan Dirham","rate":9.6329487682948,"date":"Sun, 27 Jun 2021 23:55:01 GMT","inverseRate":0.10381037250933},"ron":{"code":"RON","alphaCode":"RON","numericCode":"946","name":"Romanian New Leu","rate":4.4959244949645,"date":"Sun, 27 Jun 2021 23:55:01 GMT","inverseRate":0.22242366416963},"byn":{"code":"BYN","alphaCode":"BYN","numericCode":"933","name":"Belarussian Ruble","rate":2.7548483541721,"date":"Sun, 27 Jun 2021 23:55:01 GMT","inverseRate":0.36299638725505},"rsd":{"code":"RSD","alphaCode":"RSD","numericCode":"941","name":"Serbian Dinar","rate":105.25505642551,"date":"Sun, 27 Jun 2021 23:55:01 GMT","inverseRate":0.009500731213875},"gmd":{"code":"GMD","alphaCode":"GMD","numericCode":"270","name":"Gambian dalasi","rate":56.467896483462,"date":"Sun, 27 Jun 2021 23:55:01 GMT","inverseRate":0.017709177466755},"awg":{"code":"AWG","alphaCode":"AWG","numericCode":"533","name":"Aruban florin","rate":1.9681151528228,"date":"Sun, 27 Jun 2021 23:55:01 GMT","inverseRate":0.50810035102149},"aoa":{"code":"AOA","alphaCode":"AOA","numericCode":"973","name":"Angolan kwanza","rate":709.74304373177,"date":"Sun, 27 Jun 2021 23:55:01 GMT","inverseRate":0.0014089606214977},"khr":{"code":"KHR","alphaCode":"KHR","numericCode":"116","name":"Cambodian riel","rate":4431.1191104891,"date":"Sun, 27 Jun 2021 23:55:01 GMT","inverseRate":0.00022567662368471},"scr":{"code":"SCR","alphaCode":"SCR","numericCode":"690","name":"Seychelles rupee","rate":16.296554448315,"date":"Sun, 27 Jun 2021 23:55:01 GMT","inverseRate":0.061362664308675},"bhd":{"code":"BHD","alphaCode":"BHD","numericCode":"048","name":"Bahrain Dinar","rate":0.41038370539947,"date":"Sun, 27 Jun 2021 23:55:01 GMT","inverseRate":2.4367439224386},"omr":{"code":"OMR","alphaCode":"OMR","numericCode":"512","name":"Omani Rial","rate":0.41943075289078,"date":"Sun, 27 Jun 2021 23:55:01 GMT","inverseRate":2.3841837850655},"rub":{"code":"RUB","alphaCode":"RUB","numericCode":"643","name":"Russian Rouble","rate":78.697087615957,"date":"Sun, 27 Jun 2021 23:55:01 GMT","inverseRate":0.012706950540279},"lyd":{"code":"LYD","alphaCode":"LYD","numericCode":"434","name":"Libyan Dinar","rate":4.8535155295317,"date":"Sun, 27 Jun 2021 23:55:01 GMT","inverseRate":0.20603622135654},"clp":{"code":"CLP","alphaCode":"CLP","numericCode":"152","name":"Chilean Peso","rate":800.24765791438,"date":"Sun, 27 Jun 2021 23:55:01 GMT","inverseRate":0.0012496131542655},"bsd":{"code":"BSD","alphaCode":"BSD","numericCode":"044","name":"Bahamian Dollar","rate":1.0867811536101,"date":"Sun, 27 Jun 2021 23:55:01 GMT","inverseRate":0.92014845553605},"djf":{"code":"DJF","alphaCode":"DJF","numericCode":"262","name":"Djiboutian franc","rate":193.56325074736,"date":"Sun, 27 Jun 2021 23:55:01 GMT","inverseRate":0.0051662699202401},"hnl":{"code":"HNL","alphaCode":"HNL","numericCode":"340","name":"Honduran Lempira","rate":26.053858567369,"date":"Sun, 27 Jun 2021 23:55:01 GMT","inverseRate":0.038382030723559},"tzs":{"code":"TZS","alphaCode":"TZS","numericCode":"834","name":"Tanzanian shilling","rate":2520.8264872286,"date":"Sun, 27 Jun 2021 23:55:01 GMT","inverseRate":0.00039669529222513},"bbd":{"code":"BBD","alphaCode":"BBD","numericCode":"052","name":"Barbadian Dollar","rate":2.1822959221556,"date":"Sun, 27 Jun 2021 23:55:01 GMT","inverseRate":0.45823299665622},"bdt":{"code":"BDT","alphaCode":"BDT","numericCode":"050","name":"Bangladeshi taka","rate":92.254643308996,"date":"Sun, 27 Jun 2021 23:55:01 GMT","inverseRate":0.010839562802824},"qar":{"code":"QAR","alphaCode":"QAR","numericCode":"634","name":"Qatari Rial","rate":3.9888361858019,"date":"Sun, 27 Jun 2021 23:55:01 GMT","inverseRate":0.250699691193},"mxn":{"code":"MXN","alphaCode":"MXN","numericCode":"484","name":"Mexican Peso","rate":21.586866319154,"date":"Sun, 27 Jun 2021 23:55:01 GMT","inverseRate":0.046324463459187},"amd":{"code":"AMD","alphaCode":"AMD","numericCode":"051","name":"Armenia Dram","rate":564.51737572613,"date":"Sun, 27 Jun 2021 23:55:01 GMT","inverseRate":0.0017714246593627},"uyu":{"code":"UYU","alphaCode":"UYU","numericCode":"858","name":"Uruguayan Peso","rate":47.461776354083,"date":"Sun, 27 Jun 2021 23:55:01 GMT","inverseRate":0.021069586450781},"fjd":{"code":"FJD","alphaCode":"FJD","numericCode":"242","name":"Fiji Dollar","rate":2.2427184165864,"date":"Sun, 27 Jun 2021 23:55:01 GMT","inverseRate":0.44588745185501},"cdf":{"code":"CDF","alphaCode":"CDF","numericCode":"976","name":"Congolese franc","rate":2162.0323811157,"date":"Sun, 27 Jun 2021 23:55:01 GMT","inverseRate":0.0004625277626434},"lsl":{"code":"LSL","alphaCode":"LSL","numericCode":"426","name":"Lesotho loti","rate":15.463973154186,"date":"Sun, 27 Jun 2021 23:55:01 GMT","inverseRate":0.064666434041844},"mnt":{"code":"MNT","alphaCode":"MNT","numericCode":"496","name":"Mongolian togrog","rate":3099.7813656959,"date":"Sun, 27 Jun 2021 23:55:01 GMT","inverseRate":0.00032260339747397},"brl":{"code":"BRL","alphaCode":"BRL","numericCode":"986","name":"Brazilian Real","rate":5.4499718818535,"date":"Sun, 27 Jun 2021 23:55:01 GMT","inverseRate":0.18348718519625},"hkd":{"code":"HKD","alphaCode":"HKD","numericCode":"344","name":"Hong Kong Dollar","rate":8.4639953150299,"date":"Sun, 27 Jun 2021 23:55:01 GMT","inverseRate":0.11814751341181},"thb":{"code":"THB","alphaCode":"THB","numericCode":"764","name":"Thai Baht","rate":34.46176295857,"date":"Sun, 27 Jun 2021 23:55:01 GMT","inverseRate":0.029017668109499},"xaf":{"code":"XAF","alphaCode":"XAF","numericCode":"950","name":"Central African CFA Franc","rate":599.91280559201,"date":"Sun, 27 Jun 2021 23:55:01 GMT","inverseRate":0.0016669089085591},"mdl":{"code":"MDL","alphaCode":"MDL","numericCode":"498","name":"Moldova Lei","rate":19.61897767144,"date":"Sun, 27 Jun 2021 23:55:01 GMT","inverseRate":0.050971055513036},"nio":{"code":"NIO","alphaCode":"NIO","numericCode":"558","name":"Nicaraguan C\u00f3rdoba","rate":38.140063751414,"date":"Sun, 27 Jun 2021 23:55:01 GMT","inverseRate":0.026219148623288},"lrd":{"code":"LRD","alphaCode":"LRD","numericCode":"430","name":"Liberian dollar","rate":186.26740514228,"date":"Sun, 27 Jun 2021 23:55:01 GMT","inverseRate":0.0053686258163963},"sdg":{"code":"SDG","alphaCode":"SDG","numericCode":"938","name":"Sudanese pound","rate":478.66391321444,"date":"Sun, 27 Jun 2021 23:55:01 GMT","inverseRate":0.002089148507738},"mru":{"code":"MRU","alphaCode":"MRU","numericCode":"929","name":"Mauritanian ouguiya","rate":39.279672267597,"date":"Sun, 27 Jun 2021 23:55:01 GMT","inverseRate":0.025458460884994},"dkk":{"code":"DKK","alphaCode":"DKK","numericCode":"208","name":"Danish Krone","rate":6.7873195970187,"date":"Sun, 27 Jun 2021 23:55:01 GMT","inverseRate":0.14733356602793},"jod":{"code":"JOD","alphaCode":"JOD","numericCode":"400","name":"Jordanian Dinar","rate":0.77260350891313,"date":"Sun, 27 Jun 2021 23:55:01 GMT","inverseRate":1.294324952532},"bgn":{"code":"BGN","alphaCode":"BGN","numericCode":"975","name":"Bulgarian Lev","rate":1.7851400236758,"date":"Sun, 27 Jun 2021 23:55:01 GMT","inverseRate":0.56018014650798},"vnd":{"code":"VND","alphaCode":"VND","numericCode":"704","name":"Vietnamese Dong","rate":25082.164340667,"date":"Sun, 27 Jun 2021 23:55:01 GMT","inverseRate":3.9868967702227e-5},"uzs":{"code":"UZS","alphaCode":"UZS","numericCode":"860","name":"Uzbekistan Sum","rate":11497.146932578,"date":"Sun, 27 Jun 2021 23:55:01 GMT","inverseRate":8.6978100381269e-5},"pab":{"code":"PAB","alphaCode":"PAB","numericCode":"590","name":"Panamanian Balboa","rate":1.0867811536101,"date":"Sun, 27 Jun 2021 23:55:01 GMT","inverseRate":0.92014845553605},"ttd":{"code":"TTD","alphaCode":"TTD","numericCode":"780","name":"Trinidad Tobago Dollar","rate":7.3905020711744,"date":"Sun, 27 Jun 2021 23:55:01 GMT","inverseRate":0.1353088045128},"htg":{"code":"HTG","alphaCode":"HTG","numericCode":"332","name":"Haitian gourde","rate":102.14664152964,"date":"Sun, 27 Jun 2021 23:55:01 GMT","inverseRate":0.0097898470769582},"cup":{"code":"CUP","alphaCode":"CUP","numericCode":"192","name":"Cuban peso","rate":1.0867811536101,"date":"Sun, 27 Jun 2021 23:55:01 GMT","inverseRate":0.92014845553605}}