{"usd":{"code":"USD","alphaCode":"USD","numericCode":"840","name":"U.S. Dollar","rate":0.001362696922529,"date":"Sun, 27 Jun 2021 23:55:01 GMT","inverseRate":733.83889217574},"eur":{"code":"EUR","alphaCode":"EUR","numericCode":"978","name":"Euro","rate":0.0011407799662818,"date":"Sun, 27 Jun 2021 23:55:01 GMT","inverseRate":876.59323406545},"gbp":{"code":"GBP","alphaCode":"GBP","numericCode":"826","name":"U.K. Pound Sterling","rate":0.00097989147032258,"date":"Sun, 27 Jun 2021 23:55:01 GMT","inverseRate":1020.5211804434},"jpy":{"code":"JPY","alphaCode":"JPY","numericCode":"392","name":"Japanese Yen","rate":0.15089530268241,"date":"Sun, 27 Jun 2021 23:55:01 GMT","inverseRate":6.6271115284796},"aud":{"code":"AUD","alphaCode":"AUD","numericCode":"036","name":"Australian Dollar","rate":0.0017937380122214,"date":"Sun, 27 Jun 2021 23:55:01 GMT","inverseRate":557.49501498357},"chf":{"code":"CHF","alphaCode":"CHF","numericCode":"756","name":"Swiss Franc","rate":0.0012496131542655,"date":"Sun, 27 Jun 2021 23:55:01 GMT","inverseRate":800.24765791438},"cad":{"code":"CAD","alphaCode":"CAD","numericCode":"124","name":"Canadian Dollar","rate":0.0016761094608664,"date":"Sun, 27 Jun 2021 23:55:01 GMT","inverseRate":596.61974551654},"lkr":{"code":"LKR","alphaCode":"LKR","numericCode":"144","name":"Sri Lanka Rupee","rate":0.27076960048308,"date":"Sun, 27 Jun 2021 23:55:01 GMT","inverseRate":3.6931767754427},"pln":{"code":"PLN","alphaCode":"PLN","numericCode":"985","name":"Polish Zloty","rate":0.0051452463995936,"date":"Sun, 27 Jun 2021 23:55:01 GMT","inverseRate":194.35415183984},"pen":{"code":"PEN","alphaCode":"PEN","numericCode":"604","name":"Peruvian Nuevo Sol","rate":0.0054238078147578,"date":"Sun, 27 Jun 2021 23:55:01 GMT","inverseRate":184.37231446127},"iqd":{"code":"IQD","alphaCode":"IQD","numericCode":"368","name":"Iraqi dinar","rate":1.9842310994276,"date":"Sun, 27 Jun 2021 23:55:01 GMT","inverseRate":0.50397355443551},"svc":{"code":"SVC","alphaCode":"SVC","numericCode":"222","name":"Salvadoran colon","rate":0.011893744769607,"date":"Sun, 27 Jun 2021 23:55:01 GMT","inverseRate":84.077808913084},"cve":{"code":"CVE","alphaCode":"CVE","numericCode":"132","name":"Cape Verde escudo","rate":0.12701344723098,"date":"Sun, 27 Jun 2021 23:55:01 GMT","inverseRate":7.8731821063121},"zmw":{"code":"ZMW","alphaCode":"ZMW","numericCode":"967","name":"Zambian kwacha","rate":0.030692390291498,"date":"Sun, 27 Jun 2021 23:55:01 GMT","inverseRate":32.581365951059},"yer":{"code":"YER","alphaCode":"YER","numericCode":"886","name":"Yemeni rial","rate":0.34170616532848,"date":"Sun, 27 Jun 2021 23:55:01 GMT","inverseRate":2.9264909488499},"dop":{"code":"DOP","alphaCode":"DOP","numericCode":"214","name":"Dominican Peso","rate":0.077365741575461,"date":"Sun, 27 Jun 2021 23:55:01 GMT","inverseRate":12.925617717044},"nzd":{"code":"NZD","alphaCode":"NZD","numericCode":"554","name":"New Zealand Dollar","rate":0.0019252674405437,"date":"Sun, 27 Jun 2021 23:55:01 GMT","inverseRate":519.4083579981},"hrk":{"code":"HRK","alphaCode":"HRK","numericCode":"191","name":"Croatian Kuna","rate":0.0085502748129644,"date":"Sun, 27 Jun 2021 23:55:01 GMT","inverseRate":116.9553051656},"dzd":{"code":"DZD","alphaCode":"DZD","numericCode":"012","name":"Algerian Dinar","rate":0.1814633147288,"date":"Sun, 27 Jun 2021 23:55:01 GMT","inverseRate":5.5107557221388},"ars":{"code":"ARS","alphaCode":"ARS","numericCode":"032","name":"Argentine Peso","rate":0.12993001628024,"date":"Sun, 27 Jun 2021 23:55:01 GMT","inverseRate":7.6964509712916},"stn":{"code":"STN","alphaCode":"STN","numericCode":"930","name":"S\u00e3o Tom\u00e9 and Pr\u00edncipe Dobra","rate":0.028217469077646,"date":"Sun, 27 Jun 2021 23:55:01 GMT","inverseRate":35.439039456313},"xpf":{"code":"XPF","alphaCode":"XPF","numericCode":"953","name":"CFP Franc","rate":0.13593120558241,"date":"Sun, 27 Jun 2021 23:55:01 GMT","inverseRate":7.3566624802262},"all":{"code":"ALL","alphaCode":"ALL","numericCode":"008","name":"Albanian lek","rate":0.13956006980263,"date":"Sun, 27 Jun 2021 23:55:01 GMT","inverseRate":7.1653733149764},"mur":{"code":"MUR","alphaCode":"MUR","numericCode":"480","name":"Mauritian Rupee","rate":0.055792240920337,"date":"Sun, 27 Jun 2021 23:55:01 GMT","inverseRate":17.923639264246},"sos":{"code":"SOS","alphaCode":"SOS","numericCode":"706","name":"Somali shilling","rate":0.78595028462263,"date":"Sun, 27 Jun 2021 23:55:01 GMT","inverseRate":1.2723451082916},"ang":{"code":"ANG","alphaCode":"ANG","numericCode":"532","name":"Neth. Antillean Guilder","rate":0.0024234301309122,"date":"Sun, 27 Jun 2021 23:55:01 GMT","inverseRate":412.63826311494},"pkr":{"code":"PKR","alphaCode":"PKR","numericCode":"586","name":"Pakistani Rupee","rate":0.210739946585,"date":"Sun, 27 Jun 2021 23:55:01 GMT","inverseRate":4.7451848413403},"krw":{"code":"KRW","alphaCode":"KRW","numericCode":"410","name":"South Korean Won","rate":1.5360359402808,"date":"Sun, 27 Jun 2021 23:55:01 GMT","inverseRate":0.65102643354633},"azn":{"code":"AZN","alphaCode":"AZN","numericCode":"944","name":"Azerbaijan Manat","rate":0.0023098931946448,"date":"Sun, 27 Jun 2021 23:55:01 GMT","inverseRate":432.92044944692},"pyg":{"code":"PYG","alphaCode":"PYG","numericCode":"600","name":"Paraguayan Guaran\u00ed","rate":9.2371316891957,"date":"Sun, 27 Jun 2021 23:55:01 GMT","inverseRate":0.10825871424672},"bnd":{"code":"BND","alphaCode":"BND","numericCode":"096","name":"Brunei Dollar","rate":0.0018287985682789,"date":"Sun, 27 Jun 2021 23:55:01 GMT","inverseRate":546.80707725022},"kmf":{"code":"KMF","alphaCode":"KMF","numericCode":"174","name":"\tComoro franc","rate":0.56317545575378,"date":"Sun, 27 Jun 2021 23:55:01 GMT","inverseRate":1.7756455644211},"szl":{"code":"SZL","alphaCode":"SZL","numericCode":"748","name":"Swazi lilangeni","rate":0.01931672779893,"date":"Sun, 27 Jun 2021 23:55:01 GMT","inverseRate":51.768602343478},"wst":{"code":"WST","alphaCode":"WST","numericCode":"882","name":"Samoan tala","rate":0.0034540016201269,"date":"Sun, 27 Jun 2021 23:55:01 GMT","inverseRate":289.51926199828},"egp":{"code":"EGP","alphaCode":"EGP","numericCode":"818","name":"Egyptian Pound","rate":0.021362781163118,"date":"Sun, 27 Jun 2021 23:55:01 GMT","inverseRate":46.810384489005},"sgd":{"code":"SGD","alphaCode":"SGD","numericCode":"702","name":"Singapore Dollar","rate":0.0018285116549416,"date":"Sun, 27 Jun 2021 23:55:01 GMT","inverseRate":546.89287721927},"zar":{"code":"ZAR","alphaCode":"ZAR","numericCode":"710","name":"South African Rand","rate":0.019210851576261,"date":"Sun, 27 Jun 2021 23:55:01 GMT","inverseRate":52.053913176639},"kgs":{"code":"KGS","alphaCode":"KGS","numericCode":"417","name":"Kyrgyzstan Som","rate":0.11389432173329,"date":"Sun, 27 Jun 2021 23:55:01 GMT","inverseRate":8.7800689690371},"crc":{"code":"CRC","alphaCode":"CRC","numericCode":"188","name":"Costa Rican Col\u00f3n","rate":0.84165152171669,"date":"Sun, 27 Jun 2021 23:55:01 GMT","inverseRate":1.1881401912758},"jmd":{"code":"JMD","alphaCode":"JMD","numericCode":"388","name":"Jamaican Dollar","rate":0.20332192145672,"date":"Sun, 27 Jun 2021 23:55:01 GMT","inverseRate":4.9183088219677},"ssp":{"code":"SSP","alphaCode":"SSP","numericCode":"728","name":"South Sudanese pound","rate":0.2416632816337,"date":"Sun, 27 Jun 2021 23:55:01 GMT","inverseRate":4.137988995431},"ern":{"code":"ERN","alphaCode":"ERN","numericCode":"232","name":"Eritrean nakfa","rate":0.020486039875966,"date":"Sun, 27 Jun 2021 23:55:01 GMT","inverseRate":48.813729059133},"bam":{"code":"BAM","alphaCode":"BAM","numericCode":"977","name":"Bosnia and Herzegovina convertible mark","rate":0.0022495493999454,"date":"Sun, 27 Jun 2021 23:55:01 GMT","inverseRate":444.53346969144},"inr":{"code":"INR","alphaCode":"INR","numericCode":"356","name":"Indian Rupee","rate":0.10109496896085,"date":"Sun, 27 Jun 2021 23:55:01 GMT","inverseRate":9.8916890749254},"try":{"code":"TRY","alphaCode":"TRY","numericCode":"949","name":"Turkish Lira","rate":0.011870641584555,"date":"Sun, 27 Jun 2021 23:55:01 GMT","inverseRate":84.241444986523},"twd":{"code":"TWD","alphaCode":"TWD","numericCode":"901","name":"New Taiwan Dollar ","rate":0.038017020489899,"date":"Sun, 27 Jun 2021 23:55:01 GMT","inverseRate":26.304007707961},"tmt":{"code":"TMT","alphaCode":"TMT","numericCode":"934","name":"New Turkmenistan Manat","rate":0.0047571232094331,"date":"Sun, 27 Jun 2021 23:55:01 GMT","inverseRate":210.21107841333},"mga":{"code":"MGA","alphaCode":"MGA","numericCode":"969","name":"Malagasy ariary","rate":5.144044612855,"date":"Sun, 27 Jun 2021 23:55:01 GMT","inverseRate":0.19439955818054},"srd":{"code":"SRD","alphaCode":"SRD","numericCode":"968","name":"Surinamese dollar","rate":0.028279519586888,"date":"Sun, 27 Jun 2021 23:55:01 GMT","inverseRate":35.361279633041},"ghs":{"code":"GHS","alphaCode":"GHS","numericCode":"936","name":"Ghanaian Cedi","rate":0.0079212266905684,"date":"Sun, 27 Jun 2021 23:55:01 GMT","inverseRate":126.24307308244},"mop":{"code":"MOP","alphaCode":"MOP","numericCode":"446","name":"Macanese pataca","rate":0.010875358589545,"date":"Sun, 27 Jun 2021 23:55:01 GMT","inverseRate":91.950991019396},"lbp":{"code":"LBP","alphaCode":"LBP","numericCode":"422","name":"Lebanese Pound","rate":2.0520002695666,"date":"Sun, 27 Jun 2021 23:55:01 GMT","inverseRate":0.48732937067849},"huf":{"code":"HUF","alphaCode":"HUF","numericCode":"348","name":"Hungarian Forint","rate":0.40097991915768,"date":"Sun, 27 Jun 2021 23:55:01 GMT","inverseRate":2.4938904723724},"ngn":{"code":"NGN","alphaCode":"NGN","numericCode":"566","name":"Nigerian Naira","rate":0.55860453248518,"date":"Sun, 27 Jun 2021 23:55:01 GMT","inverseRate":1.7901752346174},"irr":{"code":"IRR","alphaCode":"IRR","numericCode":"364","name":"Iranian rial","rate":57.091418640444,"date":"Sun, 27 Jun 2021 23:55:01 GMT","inverseRate":0.017515767234615},"ves":{"code":"VES","alphaCode":"VES","numericCode":"928","name":"Venezuelan Bolivar","rate":4322.7265654243,"date":"Sun, 27 Jun 2021 23:55:01 GMT","inverseRate":0.00023133547423485},"sbd":{"code":"SBD","alphaCode":"SBD","numericCode":"090","name":"Solomon Islands dollar","rate":0.011079139808001,"date":"Sun, 27 Jun 2021 23:55:01 GMT","inverseRate":90.259714863225},"mwk":{"code":"MWK","alphaCode":"MWK","numericCode":"454","name":"Malawian kwacha","rate":1.0944775772032,"date":"Sun, 27 Jun 2021 23:55:01 GMT","inverseRate":0.91367792344855},"gtq":{"code":"GTQ","alphaCode":"GTQ","numericCode":"320","name":"Guatemalan Quetzal","rate":0.010508773468549,"date":"Sun, 27 Jun 2021 23:55:01 GMT","inverseRate":95.158583729376},"sek":{"code":"SEK","alphaCode":"SEK","numericCode":"752","name":"Swedish Krona","rate":0.01153726518701,"date":"Sun, 27 Jun 2021 23:55:01 GMT","inverseRate":86.675653527139},"npr":{"code":"NPR","alphaCode":"NPR","numericCode":"524","name":"Nepalese Rupee","rate":0.16158302723347,"date":"Sun, 27 Jun 2021 23:55:01 GMT","inverseRate":6.1887688151499},"isk":{"code":"ISK","alphaCode":"ISK","numericCode":"352","name":"Icelandic Krona","rate":0.16769887370582,"date":"Sun, 27 Jun 2021 23:55:01 GMT","inverseRate":5.9630692675623},"gip":{"code":"GIP","alphaCode":"GIP","numericCode":"292","name":"Gibraltar pound","rate":0.00097539684537342,"date":"Sun, 27 Jun 2021 23:55:01 GMT","inverseRate":1025.2237381567},"gel":{"code":"GEL","alphaCode":"GEL","numericCode":"981","name":"Georgian lari","rate":0.0044138313274506,"date":"Sun, 27 Jun 2021 23:55:01 GMT","inverseRate":226.5605379573},"mkd":{"code":"MKD","alphaCode":"MKD","numericCode":"807","name":"Macedonian denar","rate":0.070371892703696,"date":"Sun, 27 Jun 2021 23:55:01 GMT","inverseRate":14.210218903882},"bif":{"code":"BIF","alphaCode":"BIF","numericCode":"108","name":"Burundian franc","rate":2.6889935247543,"date":"Sun, 27 Jun 2021 23:55:01 GMT","inverseRate":0.37188635479938},"mmk":{"code":"MMK","alphaCode":"MMK","numericCode":"104","name":"Myanma Kyat","rate":2.2365411360238,"date":"Sun, 27 Jun 2021 23:55:01 GMT","inverseRate":0.44711898381526},"mvr":{"code":"MVR","alphaCode":"MVR","numericCode":"462","name":"Maldivian rufiyaa","rate":0.021004673796876,"date":"Sun, 27 Jun 2021 23:55:01 GMT","inverseRate":47.608451798416},"kes":{"code":"KES","alphaCode":"KES","numericCode":"404","name":"Kenyan shilling","rate":0.14639548673388,"date":"Sun, 27 Jun 2021 23:55:01 GMT","inverseRate":6.8308116753476},"aed":{"code":"AED","alphaCode":"AED","numericCode":"784","name":"U.A.E Dirham","rate":0.004995619857943,"date":"Sun, 27 Jun 2021 23:55:01 GMT","inverseRate":200.17535930201},"php":{"code":"PHP","alphaCode":"PHP","numericCode":"608","name":"Philippine Peso","rate":0.06609353140988,"date":"Sun, 27 Jun 2021 23:55:01 GMT","inverseRate":15.130073679956},"ils":{"code":"ILS","alphaCode":"ILS","numericCode":"376","name":"Israeli New Sheqel","rate":0.0044252929792326,"date":"Sun, 27 Jun 2021 23:55:01 GMT","inverseRate":225.97373884461},"mro":{"code":"MRO","alphaCode":"MRO","numericCode":"478","name":"Mauritanian Ouguiya","rate":0.049343272203324,"date":"Sun, 27 Jun 2021 23:55:01 GMT","inverseRate":20.266187371592},"cop":{"code":"COP","alphaCode":"COP","numericCode":"170","name":"Colombian Peso","rate":5.1235787794069,"date":"Sun, 27 Jun 2021 23:55:01 GMT","inverseRate":0.19517607575769},"bzd":{"code":"BZD","alphaCode":"BZD","numericCode":"084","name":"Belize dollar","rate":0.002738816213851,"date":"Sun, 27 Jun 2021 23:55:01 GMT","inverseRate":365.12125017469},"gnf":{"code":"GNF","alphaCode":"GNF","numericCode":"324","name":"Guinean franc","rate":13.326540447811,"date":"Sun, 27 Jun 2021 23:55:01 GMT","inverseRate":0.07503822945769},"sll":{"code":"SLL","alphaCode":"SLL","numericCode":"694","name":"Sierra Leonean leone","rate":13.94050030584,"date":"Sun, 27 Jun 2021 23:55:01 GMT","inverseRate":0.071733436968621},"ugx":{"code":"UGX","alphaCode":"UGX","numericCode":"800","name":"Ugandan shilling","rate":4.8574547807884,"date":"Sun, 27 Jun 2021 23:55:01 GMT","inverseRate":0.2058691321132},"cny":{"code":"CNY","alphaCode":"CNY","numericCode":"156","name":"Chinese Yuan","rate":0.0087971355279303,"date":"Sun, 27 Jun 2021 23:55:01 GMT","inverseRate":113.67336524771},"sar":{"code":"SAR","alphaCode":"SAR","numericCode":"682","name":"Saudi Riyal","rate":0.0051099676036122,"date":"Sun, 27 Jun 2021 23:55:01 GMT","inverseRate":195.69595691626},"myr":{"code":"MYR","alphaCode":"MYR","numericCode":"458","name":"Malaysian Ringgit","rate":0.0056466637999353,"date":"Sun, 27 Jun 2021 23:55:01 GMT","inverseRate":177.09572155003},"kzt":{"code":"KZT","alphaCode":"KZT","numericCode":"398","name":"Kazakhstani Tenge","rate":0.58086799207429,"date":"Sun, 27 Jun 2021 23:55:01 GMT","inverseRate":1.7215615486558},"bob":{"code":"BOB","alphaCode":"BOB","numericCode":"068","name":"Bolivian Boliviano","rate":0.0093649537935858,"date":"Sun, 27 Jun 2021 23:55:01 GMT","inverseRate":106.78109278926},"gyd":{"code":"GYD","alphaCode":"GYD","numericCode":"328","name":"Guyanese dollar","rate":0.28377804451122,"date":"Sun, 27 Jun 2021 23:55:01 GMT","inverseRate":3.5238807911388},"rwf":{"code":"RWF","alphaCode":"RWF","numericCode":"646","name":"Rwandan franc","rate":1.366280109656,"date":"Sun, 27 Jun 2021 23:55:01 GMT","inverseRate":0.73191433654976},"mzn":{"code":"MZN","alphaCode":"MZN","numericCode":"943","name":"Mozambican metical","rate":0.086600077657492,"date":"Sun, 27 Jun 2021 23:55:01 GMT","inverseRate":11.547333755924},"vuv":{"code":"VUV","alphaCode":"VUV","numericCode":"548","name":"Vanuatu vatu","rate":0.14927581581123,"date":"Sun, 27 Jun 2021 23:55:01 GMT","inverseRate":6.6990087749016},"idr":{"code":"IDR","alphaCode":"IDR","numericCode":"360","name":"Indonesian Rupiah","rate":19.67836523554,"date":"Sun, 27 Jun 2021 23:55:01 GMT","inverseRate":0.05081722938011},"tnd":{"code":"TND","alphaCode":"TND","numericCode":"788","name":"Tunisian Dinar","rate":0.0037263965278601,"date":"Sun, 27 Jun 2021 23:55:01 GMT","inverseRate":268.35576743473},"xof":{"code":"XOF","alphaCode":"XOF","numericCode":"952","name":"West African CFA Franc","rate":0.74902392541315,"date":"Sun, 27 Jun 2021 23:55:01 GMT","inverseRate":1.3350708382892},"tjs":{"code":"TJS","alphaCode":"TJS","numericCode":"972","name":"Tajikistan Ruble","rate":0.015408110384973,"date":"Sun, 27 Jun 2021 23:55:01 GMT","inverseRate":64.900884989458},"afn":{"code":"AFN","alphaCode":"AFN","numericCode":"971","name":"Afghan afghani","rate":0.10747210038557,"date":"Sun, 27 Jun 2021 23:55:01 GMT","inverseRate":9.3047404527534},"nad":{"code":"NAD","alphaCode":"NAD","numericCode":"516","name":"Namibian dollar","rate":0.01931672779893,"date":"Sun, 27 Jun 2021 23:55:01 GMT","inverseRate":51.768602343478},"syp":{"code":"SYP","alphaCode":"SYP","numericCode":"760","name":"Syrian pound","rate":3.4293630752366,"date":"Sun, 27 Jun 2021 23:55:01 GMT","inverseRate":0.29159933727082},"top":{"code":"TOP","alphaCode":"TOP","numericCode":"776","name":"Tongan pa\u02bbanga","rate":0.0030101495774211,"date":"Sun, 27 Jun 2021 23:55:01 GMT","inverseRate":332.20940497473},"kwd":{"code":"KWD","alphaCode":"KWD","numericCode":"414","name":"Kuwaiti Dinar","rate":0.00040984516166293,"date":"Sun, 27 Jun 2021 23:55:01 GMT","inverseRate":2439.9458467255},"czk":{"code":"CZK","alphaCode":"CZK","numericCode":"203","name":"Czech Koruna","rate":0.02906228727068,"date":"Sun, 27 Jun 2021 23:55:01 GMT","inverseRate":34.408854013664},"pgk":{"code":"PGK","alphaCode":"PGK","numericCode":"598","name":"Papua New Guinean kina","rate":0.0047825275701727,"date":"Sun, 27 Jun 2021 23:55:01 GMT","inverseRate":209.09445587658},"uah":{"code":"UAH","alphaCode":"UAH","numericCode":"980","name":"Ukrainian Hryvnia","rate":0.037331303448059,"date":"Sun, 27 Jun 2021 23:55:01 GMT","inverseRate":26.787170755807},"etb":{"code":"ETB","alphaCode":"ETB","numericCode":"230","name":"Ethiopian birr","rate":0.059468723848031,"date":"Sun, 27 Jun 2021 23:55:01 GMT","inverseRate":16.815561782618},"xcd":{"code":"XCD","alphaCode":"XCD","numericCode":"951","name":"East Caribbean Dollar","rate":0.0036816809424957,"date":"Sun, 27 Jun 2021 23:55:01 GMT","inverseRate":271.61506268985},"lak":{"code":"LAK","alphaCode":"LAK","numericCode":"418","name":"Lao kip","rate":12.892342388108,"date":"Sun, 27 Jun 2021 23:55:01 GMT","inverseRate":0.077565423714037},"bwp":{"code":"BWP","alphaCode":"BWP","numericCode":"072","name":"Botswana Pula","rate":0.014769005491976,"date":"Sun, 27 Jun 2021 23:55:01 GMT","inverseRate":67.70936611428},"nok":{"code":"NOK","alphaCode":"NOK","numericCode":"578","name":"Norwegian Krone","rate":0.011561292545263,"date":"Sun, 27 Jun 2021 23:55:01 GMT","inverseRate":86.495519085339},"mad":{"code":"MAD","alphaCode":"MAD","numericCode":"504","name":"Moroccan Dirham","rate":0.012037459495227,"date":"Sun, 27 Jun 2021 23:55:01 GMT","inverseRate":83.074007467813},"ron":{"code":"RON","alphaCode":"RON","numericCode":"946","name":"Romanian New Leu","rate":0.0056181663894923,"date":"Sun, 27 Jun 2021 23:55:01 GMT","inverseRate":177.99401631648},"byn":{"code":"BYN","alphaCode":"BYN","numericCode":"933","name":"Belarussian Ruble","rate":0.0034424947413803,"date":"Sun, 27 Jun 2021 23:55:01 GMT","inverseRate":290.48700873223},"rsd":{"code":"RSD","alphaCode":"RSD","numericCode":"941","name":"Serbian Dinar","rate":0.13152810306228,"date":"Sun, 27 Jun 2021 23:55:01 GMT","inverseRate":7.6029379023775},"gmd":{"code":"GMD","alphaCode":"GMD","numericCode":"270","name":"Gambian dalasi","rate":0.07056302623944,"date":"Sun, 27 Jun 2021 23:55:01 GMT","inverseRate":14.171727791361},"awg":{"code":"AWG","alphaCode":"AWG","numericCode":"533","name":"Aruban florin","rate":0.0024593825840768,"date":"Sun, 27 Jun 2021 23:55:01 GMT","inverseRate":406.60611589042},"aoa":{"code":"AOA","alphaCode":"AOA","numericCode":"973","name":"Angolan kwanza","rate":0.88690424359568,"date":"Sun, 27 Jun 2021 23:55:01 GMT","inverseRate":1.1275174374471},"khr":{"code":"KHR","alphaCode":"KHR","numericCode":"116","name":"Cambodian riel","rate":5.5371847285847,"date":"Sun, 27 Jun 2021 23:55:01 GMT","inverseRate":0.18059718954972},"scr":{"code":"SCR","alphaCode":"SCR","numericCode":"690","name":"Seychelles rupee","rate":0.020364388807819,"date":"Sun, 27 Jun 2021 23:55:01 GMT","inverseRate":49.105328396403},"bhd":{"code":"BHD","alphaCode":"BHD","numericCode":"048","name":"Bahrain Dinar","rate":0.00051282087656342,"date":"Sun, 27 Jun 2021 23:55:01 GMT","inverseRate":1949.9986168686},"omr":{"code":"OMR","alphaCode":"OMR","numericCode":"512","name":"Omani Rial","rate":0.00052412618611582,"date":"Sun, 27 Jun 2021 23:55:01 GMT","inverseRate":1907.9374900361},"rub":{"code":"RUB","alphaCode":"RUB","numericCode":"643","name":"Russian Rouble","rate":0.098340915887288,"date":"Sun, 27 Jun 2021 23:55:01 GMT","inverseRate":10.168707409092},"lyd":{"code":"LYD","alphaCode":"LYD","numericCode":"434","name":"Libyan Dinar","rate":0.0060650168501349,"date":"Sun, 27 Jun 2021 23:55:01 GMT","inverseRate":164.8800035861},"bsd":{"code":"BSD","alphaCode":"BSD","numericCode":"044","name":"Bahamian Dollar","rate":0.001358056025359,"date":"Sun, 27 Jun 2021 23:55:01 GMT","inverseRate":736.34664647626},"djf":{"code":"DJF","alphaCode":"DJF","numericCode":"262","name":"Djiboutian franc","rate":0.24187918431631,"date":"Sun, 27 Jun 2021 23:55:01 GMT","inverseRate":4.1342954038256},"hnl":{"code":"HNL","alphaCode":"HNL","numericCode":"340","name":"Honduran Lempira","rate":0.032557244385158,"date":"Sun, 27 Jun 2021 23:55:01 GMT","inverseRate":30.715130192526},"tzs":{"code":"TZS","alphaCode":"TZS","numericCode":"834","name":"Tanzanian shilling","rate":3.1500579380618,"date":"Sun, 27 Jun 2021 23:55:01 GMT","inverseRate":0.31745447850882},"bbd":{"code":"BBD","alphaCode":"BBD","numericCode":"052","name":"Barbadian Dollar","rate":0.0027270256908257,"date":"Sun, 27 Jun 2021 23:55:01 GMT","inverseRate":366.69988235323},"bdt":{"code":"BDT","alphaCode":"BDT","numericCode":"050","name":"Bangladeshi taka","rate":0.115282615821,"date":"Sun, 27 Jun 2021 23:55:01 GMT","inverseRate":8.6743347457758},"qar":{"code":"QAR","alphaCode":"QAR","numericCode":"634","name":"Qatari Rial","rate":0.0049845021679884,"date":"Sun, 27 Jun 2021 23:55:01 GMT","inverseRate":200.62184071706},"mxn":{"code":"MXN","alphaCode":"MXN","numericCode":"484","name":"Mexican Peso","rate":0.026975232111787,"date":"Sun, 27 Jun 2021 23:55:01 GMT","inverseRate":37.071043387354},"amd":{"code":"AMD","alphaCode":"AMD","numericCode":"051","name":"Armenia Dram","rate":0.70542833851884,"date":"Sun, 27 Jun 2021 23:55:01 GMT","inverseRate":1.4175784348268},"uyu":{"code":"UYU","alphaCode":"UYU","numericCode":"858","name":"Uruguayan Peso","rate":0.059308860056872,"date":"Sun, 27 Jun 2021 23:55:01 GMT","inverseRate":16.860887210462},"fjd":{"code":"FJD","alphaCode":"FJD","numericCode":"242","name":"Fiji Dollar","rate":0.0028025304346799,"date":"Sun, 27 Jun 2021 23:55:01 GMT","inverseRate":356.82038904038},"cdf":{"code":"CDF","alphaCode":"CDF","numericCode":"976","name":"Congolese franc","rate":2.7017041033902,"date":"Sun, 27 Jun 2021 23:55:01 GMT","inverseRate":0.37013675877576},"lsl":{"code":"LSL","alphaCode":"LSL","numericCode":"426","name":"Lesotho loti","rate":0.01932398427068,"date":"Sun, 27 Jun 2021 23:55:01 GMT","inverseRate":51.749162387661},"mnt":{"code":"MNT","alphaCode":"MNT","numericCode":"496","name":"Mongolian togrog","rate":3.8735275699208,"date":"Sun, 27 Jun 2021 23:55:01 GMT","inverseRate":0.25816261326376},"brl":{"code":"BRL","alphaCode":"BRL","numericCode":"986","name":"Brazilian Real","rate":0.0068103565539415,"date":"Sun, 27 Jun 2021 23:55:01 GMT","inverseRate":146.8351902106},"hkd":{"code":"HKD","alphaCode":"HKD","numericCode":"344","name":"Hong Kong Dollar","rate":0.010576719883303,"date":"Sun, 27 Jun 2021 23:55:01 GMT","inverseRate":94.547270896209},"thb":{"code":"THB","alphaCode":"THB","numericCode":"764","name":"Thai Baht","rate":0.04306387231221,"date":"Sun, 27 Jun 2021 23:55:01 GMT","inverseRate":23.221320942763},"xaf":{"code":"XAF","alphaCode":"XAF","numericCode":"950","name":"Central African CFA Franc","rate":0.74965893328012,"date":"Sun, 27 Jun 2021 23:55:01 GMT","inverseRate":1.333939950031},"mdl":{"code":"MDL","alphaCode":"MDL","numericCode":"498","name":"Moldova Lei","rate":0.024516132571474,"date":"Sun, 27 Jun 2021 23:55:01 GMT","inverseRate":40.789467795731},"nio":{"code":"NIO","alphaCode":"NIO","numericCode":"558","name":"Nicaraguan C\u00f3rdoba","rate":0.047660325368294,"date":"Sun, 27 Jun 2021 23:55:01 GMT","inverseRate":20.981812278295},"lrd":{"code":"LRD","alphaCode":"LRD","numericCode":"430","name":"Liberian dollar","rate":0.2327621996767,"date":"Sun, 27 Jun 2021 23:55:01 GMT","inverseRate":4.2962302357898},"sdg":{"code":"SDG","alphaCode":"SDG","numericCode":"938","name":"Sudanese pound","rate":0.59814472242499,"date":"Sun, 27 Jun 2021 23:55:01 GMT","inverseRate":1.6718362003527},"mru":{"code":"MRU","alphaCode":"MRU","numericCode":"929","name":"Mauritanian ouguiya","rate":0.049084395160829,"date":"Sun, 27 Jun 2021 23:55:01 GMT","inverseRate":20.373073697321},"dkk":{"code":"DKK","alphaCode":"DKK","numericCode":"208","name":"Danish Krone","rate":0.0084815238506389,"date":"Sun, 27 Jun 2021 23:55:01 GMT","inverseRate":117.90334114602},"jod":{"code":"JOD","alphaCode":"JOD","numericCode":"400","name":"Jordanian Dinar","rate":0.00096545550776956,"date":"Sun, 27 Jun 2021 23:55:01 GMT","inverseRate":1035.7805118438},"bgn":{"code":"BGN","alphaCode":"BGN","numericCode":"975","name":"Bulgarian Lev","rate":0.0022307344557912,"date":"Sun, 27 Jun 2021 23:55:01 GMT","inverseRate":448.28285025315},"vnd":{"code":"VND","alphaCode":"VND","numericCode":"704","name":"Vietnamese Dong","rate":31.343002497548,"date":"Sun, 27 Jun 2021 23:55:01 GMT","inverseRate":0.031905048027171},"uzs":{"code":"UZS","alphaCode":"UZS","numericCode":"860","name":"Uzbekistan Sum","rate":14.366986043474,"date":"Sun, 27 Jun 2021 23:55:01 GMT","inverseRate":0.069604021119952},"pab":{"code":"PAB","alphaCode":"PAB","numericCode":"590","name":"Panamanian Balboa","rate":0.001358056025359,"date":"Sun, 27 Jun 2021 23:55:01 GMT","inverseRate":736.34664647626},"ttd":{"code":"TTD","alphaCode":"TTD","numericCode":"780","name":"Trinidad Tobago Dollar","rate":0.0092352686047663,"date":"Sun, 27 Jun 2021 23:55:01 GMT","inverseRate":108.28055390656},"htg":{"code":"HTG","alphaCode":"HTG","numericCode":"332","name":"Haitian gourde","rate":0.12764378691948,"date":"Sun, 27 Jun 2021 23:55:01 GMT","inverseRate":7.8343021946757},"cup":{"code":"CUP","alphaCode":"CUP","numericCode":"192","name":"Cuban peso","rate":0.001358056025359,"date":"Sun, 27 Jun 2021 23:55:01 GMT","inverseRate":736.34664647626}}