{"usd":{"code":"USD","alphaCode":"USD","numericCode":"840","name":"U.S. Dollar","rate":0.15490234499657,"date":"Sun, 27 Jun 2021 23:55:01 GMT","inverseRate":6.4556801901362},"eur":{"code":"EUR","alphaCode":"EUR","numericCode":"978","name":"Euro","rate":0.12967629777441,"date":"Sun, 27 Jun 2021 23:55:01 GMT","inverseRate":7.7115094829405},"gbp":{"code":"GBP","alphaCode":"GBP","numericCode":"826","name":"U.K. Pound Sterling","rate":0.11138756100909,"date":"Sun, 27 Jun 2021 23:55:01 GMT","inverseRate":8.9776631334838},"jpy":{"code":"JPY","alphaCode":"JPY","numericCode":"392","name":"Japanese Yen","rate":17.15277685598,"date":"Sun, 27 Jun 2021 23:55:01 GMT","inverseRate":0.058299598274745},"aud":{"code":"AUD","alphaCode":"AUD","numericCode":"036","name":"Australian Dollar","rate":0.20390023622194,"date":"Sun, 27 Jun 2021 23:55:01 GMT","inverseRate":4.904359202956},"chf":{"code":"CHF","alphaCode":"CHF","numericCode":"756","name":"Swiss Franc","rate":0.14204773250317,"date":"Sun, 27 Jun 2021 23:55:01 GMT","inverseRate":7.0398871025816},"cad":{"code":"CAD","alphaCode":"CAD","numericCode":"124","name":"Canadian Dollar","rate":0.19052900294021,"date":"Sun, 27 Jun 2021 23:55:01 GMT","inverseRate":5.2485447599483},"lkr":{"code":"LKR","alphaCode":"LKR","numericCode":"144","name":"Sri Lanka Rupee","rate":30.779291693689,"date":"Sun, 27 Jun 2021 23:55:01 GMT","inverseRate":0.032489376622174},"pln":{"code":"PLN","alphaCode":"PLN","numericCode":"985","name":"Polish Zloty","rate":0.58487747327046,"date":"Sun, 27 Jun 2021 23:55:01 GMT","inverseRate":1.709759814151},"pen":{"code":"PEN","alphaCode":"PEN","numericCode":"604","name":"Peruvian Nuevo Sol","rate":0.61654248676033,"date":"Sun, 27 Jun 2021 23:55:01 GMT","inverseRate":1.6219482379139},"iqd":{"code":"IQD","alphaCode":"IQD","numericCode":"368","name":"Iraqi dinar","rate":225.55422650109,"date":"Sun, 27 Jun 2021 23:55:01 GMT","inverseRate":0.0044335236608619},"svc":{"code":"SVC","alphaCode":"SVC","numericCode":"222","name":"Salvadoran colon","rate":1.3520019933585,"date":"Sun, 27 Jun 2021 23:55:01 GMT","inverseRate":0.73964387989983},"cve":{"code":"CVE","alphaCode":"CVE","numericCode":"132","name":"Cape Verde escudo","rate":14.438045978458,"date":"Sun, 27 Jun 2021 23:55:01 GMT","inverseRate":0.069261450025303},"zmw":{"code":"ZMW","alphaCode":"ZMW","numericCode":"967","name":"Zambian kwacha","rate":3.4889072919306,"date":"Sun, 27 Jun 2021 23:55:01 GMT","inverseRate":0.28662269195656},"yer":{"code":"YER","alphaCode":"YER","numericCode":"886","name":"Yemeni rial","rate":38.842889738777,"date":"Sun, 27 Jun 2021 23:55:01 GMT","inverseRate":0.025744737498294},"dop":{"code":"DOP","alphaCode":"DOP","numericCode":"214","name":"Dominican Peso","rate":8.7944241997671,"date":"Sun, 27 Jun 2021 23:55:01 GMT","inverseRate":0.11370841083905},"nzd":{"code":"NZD","alphaCode":"NZD","numericCode":"554","name":"New Zealand Dollar","rate":0.21885162896844,"date":"Sun, 27 Jun 2021 23:55:01 GMT","inverseRate":4.569305719649},"hrk":{"code":"HRK","alphaCode":"HRK","numericCode":"191","name":"Croatian Kuna","rate":0.97193851178237,"date":"Sun, 27 Jun 2021 23:55:01 GMT","inverseRate":1.0288716702522},"dzd":{"code":"DZD","alphaCode":"DZD","numericCode":"012","name":"Algerian Dinar","rate":20.627545654226,"date":"Sun, 27 Jun 2021 23:55:01 GMT","inverseRate":0.048478864948972},"ars":{"code":"ARS","alphaCode":"ARS","numericCode":"032","name":"Argentine Peso","rate":14.769582197265,"date":"Sun, 27 Jun 2021 23:55:01 GMT","inverseRate":0.067706722278522},"stn":{"code":"STN","alphaCode":"STN","numericCode":"930","name":"S\u00e3o Tom\u00e9 and Pr\u00edncipe Dobra","rate":3.2075746688291,"date":"Sun, 27 Jun 2021 23:55:01 GMT","inverseRate":0.31176203307686},"xpf":{"code":"XPF","alphaCode":"XPF","numericCode":"953","name":"CFP Franc","rate":15.45175758073,"date":"Sun, 27 Jun 2021 23:55:01 GMT","inverseRate":0.06471755687179},"all":{"code":"ALL","alphaCode":"ALL","numericCode":"008","name":"Albanian lek","rate":15.86426278867,"date":"Sun, 27 Jun 2021 23:55:01 GMT","inverseRate":0.063034760160062},"mur":{"code":"MUR","alphaCode":"MUR","numericCode":"480","name":"Mauritian Rupee","rate":6.3420917801255,"date":"Sun, 27 Jun 2021 23:55:01 GMT","inverseRate":0.1576766837613},"sos":{"code":"SOS","alphaCode":"SOS","numericCode":"706","name":"Somali shilling","rate":89.341613770448,"date":"Sun, 27 Jun 2021 23:55:01 GMT","inverseRate":0.01119299235594},"ang":{"code":"ANG","alphaCode":"ANG","numericCode":"532","name":"Neth. Antillean Guilder","rate":0.27547945842348,"date":"Sun, 27 Jun 2021 23:55:01 GMT","inverseRate":3.6300347246318},"pkr":{"code":"PKR","alphaCode":"PKR","numericCode":"586","name":"Pakistani Rupee","rate":23.955518920439,"date":"Sun, 27 Jun 2021 23:55:01 GMT","inverseRate":0.041744034154351},"krw":{"code":"KRW","alphaCode":"KRW","numericCode":"410","name":"South Korean Won","rate":174.60637447315,"date":"Sun, 27 Jun 2021 23:55:01 GMT","inverseRate":0.0057271677681721},"azn":{"code":"AZN","alphaCode":"AZN","numericCode":"944","name":"Azerbaijan Manat","rate":0.26257333279805,"date":"Sun, 27 Jun 2021 23:55:01 GMT","inverseRate":3.8084598665971},"pyg":{"code":"PYG","alphaCode":"PYG","numericCode":"600","name":"Paraguayan Guaran\u00ed","rate":1050.0158443471,"date":"Sun, 27 Jun 2021 23:55:01 GMT","inverseRate":0.00095236658130791},"bnd":{"code":"BND","alphaCode":"BND","numericCode":"096","name":"Brunei Dollar","rate":0.20788568761646,"date":"Sun, 27 Jun 2021 23:55:01 GMT","inverseRate":4.8103359662016},"kmf":{"code":"KMF","alphaCode":"KMF","numericCode":"174","name":"\tComoro franc","rate":64.018049280443,"date":"Sun, 27 Jun 2021 23:55:01 GMT","inverseRate":0.01562059467978},"szl":{"code":"SZL","alphaCode":"SZL","numericCode":"748","name":"Swazi lilangeni","rate":2.1957974544783,"date":"Sun, 27 Jun 2021 23:55:01 GMT","inverseRate":0.4554154109071},"wst":{"code":"WST","alphaCode":"WST","numericCode":"882","name":"Samoan tala","rate":0.39262798773085,"date":"Sun, 27 Jun 2021 23:55:01 GMT","inverseRate":2.5469401857453},"egp":{"code":"EGP","alphaCode":"EGP","numericCode":"818","name":"Egyptian Pound","rate":2.4283792258619,"date":"Sun, 27 Jun 2021 23:55:01 GMT","inverseRate":0.4117972964643},"sgd":{"code":"SGD","alphaCode":"SGD","numericCode":"702","name":"Singapore Dollar","rate":0.20785307321187,"date":"Sun, 27 Jun 2021 23:55:01 GMT","inverseRate":4.8110907601576},"zar":{"code":"ZAR","alphaCode":"ZAR","numericCode":"710","name":"South African Rand","rate":2.1837621479478,"date":"Sun, 27 Jun 2021 23:55:01 GMT","inverseRate":0.45792532897401},"kgs":{"code":"KGS","alphaCode":"KGS","numericCode":"417","name":"Kyrgyzstan Som","rate":12.946750834028,"date":"Sun, 27 Jun 2021 23:55:01 GMT","inverseRate":0.077239456665194},"crc":{"code":"CRC","alphaCode":"CRC","numericCode":"188","name":"Costa Rican Col\u00f3n","rate":95.67336083939,"date":"Sun, 27 Jun 2021 23:55:01 GMT","inverseRate":0.010452230288834},"jmd":{"code":"JMD","alphaCode":"JMD","numericCode":"388","name":"Jamaican Dollar","rate":23.112287040615,"date":"Sun, 27 Jun 2021 23:55:01 GMT","inverseRate":0.043267029275065},"ssp":{"code":"SSP","alphaCode":"SSP","numericCode":"728","name":"South Sudanese pound","rate":27.470678480107,"date":"Sun, 27 Jun 2021 23:55:01 GMT","inverseRate":0.03640245000589},"ern":{"code":"ERN","alphaCode":"ERN","numericCode":"232","name":"Eritrean nakfa","rate":2.3287170932998,"date":"Sun, 27 Jun 2021 23:55:01 GMT","inverseRate":0.42942099015686},"bam":{"code":"BAM","alphaCode":"BAM","numericCode":"977","name":"Bosnia and Herzegovina convertible mark","rate":0.25571385058275,"date":"Sun, 27 Jun 2021 23:55:01 GMT","inverseRate":3.9106211795767},"inr":{"code":"INR","alphaCode":"INR","numericCode":"356","name":"Indian Rupee","rate":11.491805331393,"date":"Sun, 27 Jun 2021 23:55:01 GMT","inverseRate":0.087018529392266},"try":{"code":"TRY","alphaCode":"TRY","numericCode":"949","name":"Turkish Lira","rate":1.3493757765657,"date":"Sun, 27 Jun 2021 23:55:01 GMT","inverseRate":0.74108340861513},"twd":{"code":"TWD","alphaCode":"TWD","numericCode":"901","name":"New Taiwan Dollar ","rate":4.3215226557779,"date":"Sun, 27 Jun 2021 23:55:01 GMT","inverseRate":0.23139992073465},"tmt":{"code":"TMT","alphaCode":"TMT","numericCode":"934","name":"New Turkmenistan Manat","rate":0.54075820411424,"date":"Sun, 27 Jun 2021 23:55:01 GMT","inverseRate":1.8492553462744},"mga":{"code":"MGA","alphaCode":"MGA","numericCode":"969","name":"Malagasy ariary","rate":584.74086212757,"date":"Sun, 27 Jun 2021 23:55:01 GMT","inverseRate":0.001710159259884},"srd":{"code":"SRD","alphaCode":"SRD","numericCode":"968","name":"Surinamese dollar","rate":3.21462815903,"date":"Sun, 27 Jun 2021 23:55:01 GMT","inverseRate":0.3110779693729},"ghs":{"code":"GHS","alphaCode":"GHS","numericCode":"936","name":"Ghanaian Cedi","rate":0.90043249480687,"date":"Sun, 27 Jun 2021 23:55:01 GMT","inverseRate":1.1105774233686},"mop":{"code":"MOP","alphaCode":"MOP","numericCode":"446","name":"Macanese pataca","rate":1.2362386091492,"date":"Sun, 27 Jun 2021 23:55:01 GMT","inverseRate":0.80890532992513},"lbp":{"code":"LBP","alphaCode":"LBP","numericCode":"422","name":"Lebanese Pound","rate":233.25777613084,"date":"Sun, 27 Jun 2021 23:55:01 GMT","inverseRate":0.0042871025205996},"huf":{"code":"HUF","alphaCode":"HUF","numericCode":"348","name":"Hungarian Forint","rate":45.580736807407,"date":"Sun, 27 Jun 2021 23:55:01 GMT","inverseRate":0.021939092477274},"ngn":{"code":"NGN","alphaCode":"NGN","numericCode":"566","name":"Nigerian Naira","rate":63.498457050212,"date":"Sun, 27 Jun 2021 23:55:01 GMT","inverseRate":0.015748414157674},"irr":{"code":"IRR","alphaCode":"IRR","numericCode":"364","name":"Iranian rial","rate":6489.773683625,"date":"Sun, 27 Jun 2021 23:55:01 GMT","inverseRate":0.00015408857823859},"ves":{"code":"VES","alphaCode":"VES","numericCode":"928","name":"Venezuelan Bolivar","rate":491378.87573744,"date":"Sun, 27 Jun 2021 23:55:01 GMT","inverseRate":2.035089519262e-6},"sbd":{"code":"SBD","alphaCode":"SBD","numericCode":"090","name":"Solomon Islands dollar","rate":1.2594031060253,"date":"Sun, 27 Jun 2021 23:55:01 GMT","inverseRate":0.79402694436413},"mwk":{"code":"MWK","alphaCode":"MWK","numericCode":"454","name":"Malawian kwacha","rate":124.41294938884,"date":"Sun, 27 Jun 2021 23:55:01 GMT","inverseRate":0.0080377485214548},"gtq":{"code":"GTQ","alphaCode":"GTQ","numericCode":"320","name":"Guatemalan Quetzal","rate":1.1945676447958,"date":"Sun, 27 Jun 2021 23:55:01 GMT","inverseRate":0.83712295771322},"sek":{"code":"SEK","alphaCode":"SEK","numericCode":"752","name":"Swedish Krona","rate":1.3114797595626,"date":"Sun, 27 Jun 2021 23:55:01 GMT","inverseRate":0.76249747105017},"npr":{"code":"NPR","alphaCode":"NPR","numericCode":"524","name":"Nepalese Rupee","rate":18.36768647254,"date":"Sun, 27 Jun 2021 23:55:01 GMT","inverseRate":0.054443438017902},"isk":{"code":"ISK","alphaCode":"ISK","numericCode":"352","name":"Icelandic Krona","rate":19.062895322391,"date":"Sun, 27 Jun 2021 23:55:01 GMT","inverseRate":0.052457928509181},"gip":{"code":"GIP","alphaCode":"GIP","numericCode":"292","name":"Gibraltar pound","rate":0.11087664186559,"date":"Sun, 27 Jun 2021 23:55:01 GMT","inverseRate":9.0190321710159},"gel":{"code":"GEL","alphaCode":"GEL","numericCode":"981","name":"Georgian lari","rate":0.50173506062706,"date":"Sun, 27 Jun 2021 23:55:01 GMT","inverseRate":1.9930837576912},"mkd":{"code":"MKD","alphaCode":"MKD","numericCode":"807","name":"Macedonian denar","rate":7.9994098624796,"date":"Sun, 27 Jun 2021 23:55:01 GMT","inverseRate":0.12500922157901},"bif":{"code":"BIF","alphaCode":"BIF","numericCode":"108","name":"Burundian franc","rate":305.66694308811,"date":"Sun, 27 Jun 2021 23:55:01 GMT","inverseRate":0.0032715346641581},"mmk":{"code":"MMK","alphaCode":"MMK","numericCode":"104","name":"Myanma Kyat","rate":254.23515744676,"date":"Sun, 27 Jun 2021 23:55:01 GMT","inverseRate":0.0039333662977333},"mvr":{"code":"MVR","alphaCode":"MVR","numericCode":"462","name":"Maldivian rufiyaa","rate":2.3876719564212,"date":"Sun, 27 Jun 2021 23:55:01 GMT","inverseRate":0.4188180027456},"kes":{"code":"KES","alphaCode":"KES","numericCode":"404","name":"Kenyan shilling","rate":16.641267634116,"date":"Sun, 27 Jun 2021 23:55:01 GMT","inverseRate":0.060091576073802},"aed":{"code":"AED","alphaCode":"AED","numericCode":"784","name":"U.A.E Dirham","rate":0.56786892075065,"date":"Sun, 27 Jun 2021 23:55:01 GMT","inverseRate":1.7609697651319},"php":{"code":"PHP","alphaCode":"PHP","numericCode":"608","name":"Philippine Peso","rate":7.5130741364661,"date":"Sun, 27 Jun 2021 23:55:01 GMT","inverseRate":0.13310130871015},"ils":{"code":"ILS","alphaCode":"ILS","numericCode":"376","name":"Israeli New Sheqel","rate":0.50303794515642,"date":"Sun, 27 Jun 2021 23:55:01 GMT","inverseRate":1.9879216063692},"mro":{"code":"MRO","alphaCode":"MRO","numericCode":"478","name":"Mauritanian Ouguiya","rate":5.6090158036854,"date":"Sun, 27 Jun 2021 23:55:01 GMT","inverseRate":0.17828439694232},"cop":{"code":"COP","alphaCode":"COP","numericCode":"170","name":"Colombian Peso","rate":582.41444196692,"date":"Sun, 27 Jun 2021 23:55:01 GMT","inverseRate":0.00171699039025},"bzd":{"code":"BZD","alphaCode":"BZD","numericCode":"084","name":"Belize dollar","rate":0.31133045582343,"date":"Sun, 27 Jun 2021 23:55:01 GMT","inverseRate":3.2120211219141},"gnf":{"code":"GNF","alphaCode":"GNF","numericCode":"324","name":"Guinean franc","rate":1514.8726998123,"date":"Sun, 27 Jun 2021 23:55:01 GMT","inverseRate":0.00066012147431523},"sll":{"code":"SLL","alphaCode":"SLL","numericCode":"694","name":"Sierra Leonean leone","rate":1584.6635830015,"date":"Sun, 27 Jun 2021 23:55:01 GMT","inverseRate":0.00063104876689721},"ugx":{"code":"UGX","alphaCode":"UGX","numericCode":"800","name":"Ugandan shilling","rate":552.16323147078,"date":"Sun, 27 Jun 2021 23:55:01 GMT","inverseRate":0.0018110586562172},"sar":{"code":"SAR","alphaCode":"SAR","numericCode":"682","name":"Saudi Riyal","rate":0.58086721380936,"date":"Sun, 27 Jun 2021 23:55:01 GMT","inverseRate":1.7215638552604},"myr":{"code":"MYR","alphaCode":"MYR","numericCode":"458","name":"Malaysian Ringgit","rate":0.64187527656106,"date":"Sun, 27 Jun 2021 23:55:01 GMT","inverseRate":1.5579350638922},"kzt":{"code":"KZT","alphaCode":"KZT","numericCode":"398","name":"Kazakhstani Tenge","rate":66.029219423762,"date":"Sun, 27 Jun 2021 23:55:01 GMT","inverseRate":0.015144810263199},"bob":{"code":"BOB","alphaCode":"BOB","numericCode":"068","name":"Bolivian Boliviano","rate":1.0645458131062,"date":"Sun, 27 Jun 2021 23:55:01 GMT","inverseRate":0.9393677450876},"gyd":{"code":"GYD","alphaCode":"GYD","numericCode":"328","name":"Guyanese dollar","rate":32.258005303004,"date":"Sun, 27 Jun 2021 23:55:01 GMT","inverseRate":0.031000056903918},"rwf":{"code":"RWF","alphaCode":"RWF","numericCode":"646","name":"Rwandan franc","rate":155.3096579356,"date":"Sun, 27 Jun 2021 23:55:01 GMT","inverseRate":0.0064387496134634},"mzn":{"code":"MZN","alphaCode":"MZN","numericCode":"943","name":"Mozambican metical","rate":9.8441222580399,"date":"Sun, 27 Jun 2021 23:55:01 GMT","inverseRate":0.10158346003711},"vuv":{"code":"VUV","alphaCode":"VUV","numericCode":"548","name":"Vanuatu vatu","rate":16.968684333359,"date":"Sun, 27 Jun 2021 23:55:01 GMT","inverseRate":0.058932088095604},"idr":{"code":"IDR","alphaCode":"IDR","numericCode":"360","name":"Indonesian Rupiah","rate":2236.9059988973,"date":"Sun, 27 Jun 2021 23:55:01 GMT","inverseRate":0.00044704605401075},"tnd":{"code":"TND","alphaCode":"TND","numericCode":"788","name":"Tunisian Dinar","rate":0.42359203356923,"date":"Sun, 27 Jun 2021 23:55:01 GMT","inverseRate":2.360762055825},"xof":{"code":"XOF","alphaCode":"XOF","numericCode":"952","name":"West African CFA Franc","rate":85.14407025276,"date":"Sun, 27 Jun 2021 23:55:01 GMT","inverseRate":0.011744799103818},"tjs":{"code":"TJS","alphaCode":"TJS","numericCode":"972","name":"Tajikistan Ruble","rate":1.751491759568,"date":"Sun, 27 Jun 2021 23:55:01 GMT","inverseRate":0.57094188113488},"afn":{"code":"AFN","alphaCode":"AFN","numericCode":"971","name":"Afghan afghani","rate":12.216715321067,"date":"Sun, 27 Jun 2021 23:55:01 GMT","inverseRate":0.081855062815087},"nad":{"code":"NAD","alphaCode":"NAD","numericCode":"516","name":"Namibian dollar","rate":2.1957974544783,"date":"Sun, 27 Jun 2021 23:55:01 GMT","inverseRate":0.4554154109071},"syp":{"code":"SYP","alphaCode":"SYP","numericCode":"760","name":"Syrian pound","rate":389.82724141837,"date":"Sun, 27 Jun 2021 23:55:01 GMT","inverseRate":0.002565238889826},"top":{"code":"TOP","alphaCode":"TOP","numericCode":"776","name":"Tongan pa\u02bbanga","rate":0.34217383236442,"date":"Sun, 27 Jun 2021 23:55:01 GMT","inverseRate":2.9224911592157},"kwd":{"code":"KWD","alphaCode":"KWD","numericCode":"414","name":"Kuwaiti Dinar","rate":0.046588478756716,"date":"Sun, 27 Jun 2021 23:55:01 GMT","inverseRate":21.464534294455},"czk":{"code":"CZK","alphaCode":"CZK","numericCode":"203","name":"Czech Koruna","rate":3.3036079958538,"date":"Sun, 27 Jun 2021 23:55:01 GMT","inverseRate":0.30269935211897},"pgk":{"code":"PGK","alphaCode":"PGK","numericCode":"598","name":"Papua New Guinean kina","rate":0.54364600329148,"date":"Sun, 27 Jun 2021 23:55:01 GMT","inverseRate":1.8394322664851},"uah":{"code":"UAH","alphaCode":"UAH","numericCode":"980","name":"Ukrainian Hryvnia","rate":4.2435748920242,"date":"Sun, 27 Jun 2021 23:55:01 GMT","inverseRate":0.23565037154864},"etb":{"code":"ETB","alphaCode":"ETB","numericCode":"230","name":"Ethiopian birr","rate":6.7600099667922,"date":"Sun, 27 Jun 2021 23:55:01 GMT","inverseRate":0.14792877597997},"xcd":{"code":"XCD","alphaCode":"XCD","numericCode":"951","name":"East Caribbean Dollar","rate":0.41850906250184,"date":"Sun, 27 Jun 2021 23:55:01 GMT","inverseRate":2.3894345179099},"lak":{"code":"LAK","alphaCode":"LAK","numericCode":"418","name":"Lao kip","rate":1465.5159451819,"date":"Sun, 27 Jun 2021 23:55:01 GMT","inverseRate":0.00068235354469372},"bwp":{"code":"BWP","alphaCode":"BWP","numericCode":"072","name":"Botswana Pula","rate":1.6788425556348,"date":"Sun, 27 Jun 2021 23:55:01 GMT","inverseRate":0.59564847021757},"nok":{"code":"NOK","alphaCode":"NOK","numericCode":"578","name":"Norwegian Krone","rate":1.3142110302333,"date":"Sun, 27 Jun 2021 23:55:01 GMT","inverseRate":0.76091280395241},"mad":{"code":"MAD","alphaCode":"MAD","numericCode":"504","name":"Moroccan Dirham","rate":1.3683385298554,"date":"Sun, 27 Jun 2021 23:55:01 GMT","inverseRate":0.73081330254264},"ron":{"code":"RON","alphaCode":"RON","numericCode":"946","name":"Romanian New Leu","rate":0.63863588001515,"date":"Sun, 27 Jun 2021 23:55:01 GMT","inverseRate":1.5658374846967},"byn":{"code":"BYN","alphaCode":"BYN","numericCode":"933","name":"Belarussian Ruble","rate":0.39131996210023,"date":"Sun, 27 Jun 2021 23:55:01 GMT","inverseRate":2.5554535849205},"rsd":{"code":"RSD","alphaCode":"RSD","numericCode":"941","name":"Serbian Dinar","rate":14.951242099736,"date":"Sun, 27 Jun 2021 23:55:01 GMT","inverseRate":0.066884075137653},"gmd":{"code":"GMD","alphaCode":"GMD","numericCode":"270","name":"Gambian dalasi","rate":8.0211366546994,"date":"Sun, 27 Jun 2021 23:55:01 GMT","inverseRate":0.12467061004554},"awg":{"code":"AWG","alphaCode":"AWG","numericCode":"533","name":"Aruban florin","rate":0.27956629476361,"date":"Sun, 27 Jun 2021 23:55:01 GMT","inverseRate":3.5769691079734},"aoa":{"code":"AOA","alphaCode":"AOA","numericCode":"973","name":"Angolan kwanza","rate":100.81739002199,"date":"Sun, 27 Jun 2021 23:55:01 GMT","inverseRate":0.0099189237073271},"khr":{"code":"KHR","alphaCode":"KHR","numericCode":"116","name":"Cambodian riel","rate":629.43042209643,"date":"Sun, 27 Jun 2021 23:55:01 GMT","inverseRate":0.0015887379524322},"scr":{"code":"SCR","alphaCode":"SCR","numericCode":"690","name":"Seychelles rupee","rate":2.3148886069975,"date":"Sun, 27 Jun 2021 23:55:01 GMT","inverseRate":0.43198622904668},"bhd":{"code":"BHD","alphaCode":"BHD","numericCode":"048","name":"Bahrain Dinar","rate":0.058294074808243,"date":"Sun, 27 Jun 2021 23:55:01 GMT","inverseRate":17.15440211187},"omr":{"code":"OMR","alphaCode":"OMR","numericCode":"512","name":"Omani Rial","rate":0.059579187390232,"date":"Sun, 27 Jun 2021 23:55:01 GMT","inverseRate":16.784384678666},"rub":{"code":"RUB","alphaCode":"RUB","numericCode":"643","name":"Russian Rouble","rate":11.17874285045,"date":"Sun, 27 Jun 2021 23:55:01 GMT","inverseRate":0.089455497221655},"lyd":{"code":"LYD","alphaCode":"LYD","numericCode":"434","name":"Libyan Dinar","rate":0.68943087563888,"date":"Sun, 27 Jun 2021 23:55:01 GMT","inverseRate":1.4504717373926},"clp":{"code":"CLP","alphaCode":"CLP","numericCode":"152","name":"Chilean Peso","rate":113.67336524771,"date":"Sun, 27 Jun 2021 23:55:01 GMT","inverseRate":0.0087971355279303},"bsd":{"code":"BSD","alphaCode":"BSD","numericCode":"044","name":"Bahamian Dollar","rate":0.15437479859749,"date":"Sun, 27 Jun 2021 23:55:01 GMT","inverseRate":6.4777412445886},"djf":{"code":"DJF","alphaCode":"DJF","numericCode":"262","name":"Djiboutian franc","rate":27.495220864605,"date":"Sun, 27 Jun 2021 23:55:01 GMT","inverseRate":0.036369956979953},"hnl":{"code":"HNL","alphaCode":"HNL","numericCode":"340","name":"Honduran Lempira","rate":3.7008915324529,"date":"Sun, 27 Jun 2021 23:55:01 GMT","inverseRate":0.27020516306167},"tzs":{"code":"TZS","alphaCode":"TZS","numericCode":"834","name":"Tanzanian shilling","rate":358.07768654474,"date":"Sun, 27 Jun 2021 23:55:01 GMT","inverseRate":0.0027926900713905},"bbd":{"code":"BBD","alphaCode":"BBD","numericCode":"052","name":"Barbadian Dollar","rate":0.30999018739311,"date":"Sun, 27 Jun 2021 23:55:01 GMT","inverseRate":3.2259085631374},"bdt":{"code":"BDT","alphaCode":"BDT","numericCode":"050","name":"Bangladeshi taka","rate":13.104562894931,"date":"Sun, 27 Jun 2021 23:55:01 GMT","inverseRate":0.076309298373224},"qar":{"code":"QAR","alphaCode":"QAR","numericCode":"634","name":"Qatari Rial","rate":0.56660513551974,"date":"Sun, 27 Jun 2021 23:55:01 GMT","inverseRate":1.7648975226508},"mxn":{"code":"MXN","alphaCode":"MXN","numericCode":"484","name":"Mexican Peso","rate":3.0663654124848,"date":"Sun, 27 Jun 2021 23:55:01 GMT","inverseRate":0.32611899284034},"amd":{"code":"AMD","alphaCode":"AMD","numericCode":"051","name":"Armenia Dram","rate":80.188413180536,"date":"Sun, 27 Jun 2021 23:55:01 GMT","inverseRate":0.012470629612643},"uyu":{"code":"UYU","alphaCode":"UYU","numericCode":"858","name":"Uruguayan Peso","rate":6.74183771167,"date":"Sun, 27 Jun 2021 23:55:01 GMT","inverseRate":0.14832750991158},"fjd":{"code":"FJD","alphaCode":"FJD","numericCode":"242","name":"Fiji Dollar","rate":0.31857306571918,"date":"Sun, 27 Jun 2021 23:55:01 GMT","inverseRate":3.1389973215171},"cdf":{"code":"CDF","alphaCode":"CDF","numericCode":"976","name":"Congolese franc","rate":307.1117973359,"date":"Sun, 27 Jun 2021 23:55:01 GMT","inverseRate":0.0032561432308192},"lsl":{"code":"LSL","alphaCode":"LSL","numericCode":"426","name":"Lesotho loti","rate":2.1966223220419,"date":"Sun, 27 Jun 2021 23:55:01 GMT","inverseRate":0.45524439498112},"mnt":{"code":"MNT","alphaCode":"MNT","numericCode":"496","name":"Mongolian togrog","rate":440.31691425268,"date":"Sun, 27 Jun 2021 23:55:01 GMT","inverseRate":0.002271091497126},"brl":{"code":"BRL","alphaCode":"BRL","numericCode":"986","name":"Brazilian Real","rate":0.77415614802331,"date":"Sun, 27 Jun 2021 23:55:01 GMT","inverseRate":1.2917290685521},"hkd":{"code":"HKD","alphaCode":"HKD","numericCode":"344","name":"Hong Kong Dollar","rate":1.2022913424174,"date":"Sun, 27 Jun 2021 23:55:01 GMT","inverseRate":0.83174515586989},"thb":{"code":"THB","alphaCode":"THB","numericCode":"764","name":"Thai Baht","rate":4.8952152863265,"date":"Sun, 27 Jun 2021 23:55:01 GMT","inverseRate":0.20428110747105},"xaf":{"code":"XAF","alphaCode":"XAF","numericCode":"950","name":"Central African CFA Franc","rate":85.216253733958,"date":"Sun, 27 Jun 2021 23:55:01 GMT","inverseRate":0.011734850526544},"mdl":{"code":"MDL","alphaCode":"MDL","numericCode":"498","name":"Moldova Lei","rate":2.7868312922584,"date":"Sun, 27 Jun 2021 23:55:01 GMT","inverseRate":0.35883047631119},"nio":{"code":"NIO","alphaCode":"NIO","numericCode":"558","name":"Nicaraguan C\u00f3rdoba","rate":5.4177095734146,"date":"Sun, 27 Jun 2021 23:55:01 GMT","inverseRate":0.18457984623375},"lrd":{"code":"LRD","alphaCode":"LRD","numericCode":"430","name":"Liberian dollar","rate":26.45886253971,"date":"Sun, 27 Jun 2021 23:55:01 GMT","inverseRate":0.037794519643435},"sdg":{"code":"SDG","alphaCode":"SDG","numericCode":"938","name":"Sudanese pound","rate":67.993123503204,"date":"Sun, 27 Jun 2021 23:55:01 GMT","inverseRate":0.014707369635002},"mru":{"code":"MRU","alphaCode":"MRU","numericCode":"929","name":"Mauritanian ouguiya","rate":5.5795883790797,"date":"Sun, 27 Jun 2021 23:55:01 GMT","inverseRate":0.17922469043585},"dkk":{"code":"DKK","alphaCode":"DKK","numericCode":"208","name":"Danish Krone","rate":0.96412335853082,"date":"Sun, 27 Jun 2021 23:55:01 GMT","inverseRate":1.0372116712573},"jod":{"code":"JOD","alphaCode":"JOD","numericCode":"400","name":"Jordanian Dinar","rate":0.1097465765651,"date":"Sun, 27 Jun 2021 23:55:01 GMT","inverseRate":9.1119015398792},"bgn":{"code":"BGN","alphaCode":"BGN","numericCode":"975","name":"Bulgarian Lev","rate":0.2535750925638,"date":"Sun, 27 Jun 2021 23:55:01 GMT","inverseRate":3.9436049885238},"vnd":{"code":"VND","alphaCode":"VND","numericCode":"704","name":"Vietnamese Dong","rate":3562.8645708636,"date":"Sun, 27 Jun 2021 23:55:01 GMT","inverseRate":0.00028067303152015},"uzs":{"code":"UZS","alphaCode":"UZS","numericCode":"860","name":"Uzbekistan Sum","rate":1633.1436520285,"date":"Sun, 27 Jun 2021 23:55:01 GMT","inverseRate":0.00061231600708114},"pab":{"code":"PAB","alphaCode":"PAB","numericCode":"590","name":"Panamanian Balboa","rate":0.15437479859749,"date":"Sun, 27 Jun 2021 23:55:01 GMT","inverseRate":6.4777412445886},"ttd":{"code":"TTD","alphaCode":"TTD","numericCode":"780","name":"Trinidad Tobago Dollar","rate":1.0498040612703,"date":"Sun, 27 Jun 2021 23:55:01 GMT","inverseRate":0.95255870775541},"htg":{"code":"HTG","alphaCode":"HTG","numericCode":"332","name":"Haitian gourde","rate":14.509698812098,"date":"Sun, 27 Jun 2021 23:55:01 GMT","inverseRate":0.068919418173324},"cup":{"code":"CUP","alphaCode":"CUP","numericCode":"192","name":"Cuban peso","rate":0.15437479859749,"date":"Sun, 27 Jun 2021 23:55:01 GMT","inverseRate":6.4777412445886}}