{"usd":{"code":"USD","alphaCode":"USD","numericCode":"840","name":"U.S. Dollar","rate":0.00026596583778629,"date":"Sun, 27 Jun 2021 23:55:01 GMT","inverseRate":3759.8813754551},"eur":{"code":"EUR","alphaCode":"EUR","numericCode":"978","name":"Euro","rate":0.00022265295712186,"date":"Sun, 27 Jun 2021 23:55:01 GMT","inverseRate":4491.2944922294},"gbp":{"code":"GBP","alphaCode":"GBP","numericCode":"826","name":"U.K. Pound Sterling","rate":0.00019125137184599,"date":"Sun, 27 Jun 2021 23:55:01 GMT","inverseRate":5228.720664055},"jpy":{"code":"JPY","alphaCode":"JPY","numericCode":"392","name":"Japanese Yen","rate":0.02945115302782,"date":"Sun, 27 Jun 2021 23:55:01 GMT","inverseRate":33.954527996081},"aud":{"code":"AUD","alphaCode":"AUD","numericCode":"036","name":"Australian Dollar","rate":0.00035009474616278,"date":"Sun, 27 Jun 2021 23:55:01 GMT","inverseRate":2856.369628395},"chf":{"code":"CHF","alphaCode":"CHF","numericCode":"756","name":"Swiss Franc","rate":0.00024389459166473,"date":"Sun, 27 Jun 2021 23:55:01 GMT","inverseRate":4100.1319183602},"cad":{"code":"CAD","alphaCode":"CAD","numericCode":"124","name":"Canadian Dollar","rate":0.00032713646711224,"date":"Sun, 27 Jun 2021 23:55:01 GMT","inverseRate":3056.8282675037},"lkr":{"code":"LKR","alphaCode":"LKR","numericCode":"144","name":"Sri Lanka Rupee","rate":0.052847748056764,"date":"Sun, 27 Jun 2021 23:55:01 GMT","inverseRate":18.922282155257},"pln":{"code":"PLN","alphaCode":"PLN","numericCode":"985","name":"Polish Zloty","rate":0.0010042290010791,"date":"Sun, 27 Jun 2021 23:55:01 GMT","inverseRate":995.78880805622},"pen":{"code":"PEN","alphaCode":"PEN","numericCode":"604","name":"Peruvian Nuevo Sol","rate":0.0010585975249483,"date":"Sun, 27 Jun 2021 23:55:01 GMT","inverseRate":944.64607788388},"iqd":{"code":"IQD","alphaCode":"IQD","numericCode":"368","name":"Iraqi dinar","rate":0.38727443938264,"date":"Sun, 27 Jun 2021 23:55:01 GMT","inverseRate":2.582148208888},"svc":{"code":"SVC","alphaCode":"SVC","numericCode":"222","name":"Salvadoran colon","rate":0.0023213744301954,"date":"Sun, 27 Jun 2021 23:55:01 GMT","inverseRate":430.77927756611},"cve":{"code":"CVE","alphaCode":"CVE","numericCode":"132","name":"Cape Verde escudo","rate":0.024789986198999,"date":"Sun, 27 Jun 2021 23:55:01 GMT","inverseRate":40.338868766307},"zmw":{"code":"ZMW","alphaCode":"ZMW","numericCode":"967","name":"Zambian kwacha","rate":0.0059904202927178,"date":"Sun, 27 Jun 2021 23:55:01 GMT","inverseRate":166.93319519093},"yer":{"code":"YER","alphaCode":"YER","numericCode":"886","name":"Yemeni rial","rate":0.066692868411019,"date":"Sun, 27 Jun 2021 23:55:01 GMT","inverseRate":14.994106923654},"dop":{"code":"DOP","alphaCode":"DOP","numericCode":"214","name":"Dominican Peso","rate":0.015099941838782,"date":"Sun, 27 Jun 2021 23:55:01 GMT","inverseRate":66.225420645771},"nzd":{"code":"NZD","alphaCode":"NZD","numericCode":"554","name":"New Zealand Dollar","rate":0.00037576614382936,"date":"Sun, 27 Jun 2021 23:55:01 GMT","inverseRate":2661.2296408857},"hrk":{"code":"HRK","alphaCode":"HRK","numericCode":"191","name":"Croatian Kuna","rate":0.0016688090846442,"date":"Sun, 27 Jun 2021 23:55:01 GMT","inverseRate":599.22971968553},"dzd":{"code":"DZD","alphaCode":"DZD","numericCode":"012","name":"Algerian Dinar","rate":0.035417297662749,"date":"Sun, 27 Jun 2021 23:55:01 GMT","inverseRate":28.234791076445},"ars":{"code":"ARS","alphaCode":"ARS","numericCode":"032","name":"Argentine Peso","rate":0.02535923070071,"date":"Sun, 27 Jun 2021 23:55:01 GMT","inverseRate":39.433372873255},"stn":{"code":"STN","alphaCode":"STN","numericCode":"930","name":"S\u00e3o Tom\u00e9 and Pr\u00edncipe Dobra","rate":0.0055073748823888,"date":"Sun, 27 Jun 2021 23:55:01 GMT","inverseRate":181.57471052093},"xpf":{"code":"XPF","alphaCode":"XPF","numericCode":"953","name":"CFP Franc","rate":0.026530519278585,"date":"Sun, 27 Jun 2021 23:55:01 GMT","inverseRate":37.692439770946},"all":{"code":"ALL","alphaCode":"ALL","numericCode":"008","name":"Albanian lek","rate":0.027238786756546,"date":"Sun, 27 Jun 2021 23:55:01 GMT","inverseRate":36.712354663142},"mur":{"code":"MUR","alphaCode":"MUR","numericCode":"480","name":"Mauritian Rupee","rate":0.010889310640559,"date":"Sun, 27 Jun 2021 23:55:01 GMT","inverseRate":91.833177784033},"sos":{"code":"SOS","alphaCode":"SOS","numericCode":"706","name":"Somali shilling","rate":0.15339869229328,"date":"Sun, 27 Jun 2021 23:55:01 GMT","inverseRate":6.5189603969251},"ang":{"code":"ANG","alphaCode":"ANG","numericCode":"532","name":"Neth. Antillean Guilder","rate":0.00047299558282438,"date":"Sun, 27 Jun 2021 23:55:01 GMT","inverseRate":2114.184648467},"pkr":{"code":"PKR","alphaCode":"PKR","numericCode":"586","name":"Pakistani Rupee","rate":0.041131395779845,"date":"Sun, 27 Jun 2021 23:55:01 GMT","inverseRate":24.312328357455},"krw":{"code":"KRW","alphaCode":"KRW","numericCode":"410","name":"South Korean Won","rate":0.29979746704678,"date":"Sun, 27 Jun 2021 23:55:01 GMT","inverseRate":3.3355852197509},"azn":{"code":"AZN","alphaCode":"AZN","numericCode":"944","name":"Azerbaijan Manat","rate":0.00045083588915015,"date":"Sun, 27 Jun 2021 23:55:01 GMT","inverseRate":2218.1020279576},"pyg":{"code":"PYG","alphaCode":"PYG","numericCode":"600","name":"Paraguayan Guaran\u00ed","rate":1.8028671143542,"date":"Sun, 27 Jun 2021 23:55:01 GMT","inverseRate":0.55467205100039},"bnd":{"code":"BND","alphaCode":"BND","numericCode":"096","name":"Brunei Dollar","rate":0.00035693772790796,"date":"Sun, 27 Jun 2021 23:55:01 GMT","inverseRate":2801.6091374288},"kmf":{"code":"KMF","alphaCode":"KMF","numericCode":"174","name":"\tComoro franc","rate":0.10991837541707,"date":"Sun, 27 Jun 2021 23:55:01 GMT","inverseRate":9.0976599336157},"szl":{"code":"SZL","alphaCode":"SZL","numericCode":"748","name":"Swazi lilangeni","rate":0.0037701631282745,"date":"Sun, 27 Jun 2021 23:55:01 GMT","inverseRate":265.2405124066},"wst":{"code":"WST","alphaCode":"WST","numericCode":"882","name":"Samoan tala","rate":0.00067413848187705,"date":"Sun, 27 Jun 2021 23:55:01 GMT","inverseRate":1483.374747004},"egp":{"code":"EGP","alphaCode":"EGP","numericCode":"818","name":"Egyptian Pound","rate":0.0041695037946875,"date":"Sun, 27 Jun 2021 23:55:01 GMT","inverseRate":239.83669262374},"sgd":{"code":"SGD","alphaCode":"SGD","numericCode":"702","name":"Singapore Dollar","rate":0.0003568817292887,"date":"Sun, 27 Jun 2021 23:55:01 GMT","inverseRate":2802.0487403294},"zar":{"code":"ZAR","alphaCode":"ZAR","numericCode":"710","name":"South African Rand","rate":0.003749498622618,"date":"Sun, 27 Jun 2021 23:55:01 GMT","inverseRate":266.70232493692},"kgs":{"code":"KGS","alphaCode":"KGS","numericCode":"417","name":"Kyrgyzstan Som","rate":0.022229446766987,"date":"Sun, 27 Jun 2021 23:55:01 GMT","inverseRate":44.985375051488},"crc":{"code":"CRC","alphaCode":"CRC","numericCode":"188","name":"Costa Rican Col\u00f3n","rate":0.16427024116415,"date":"Sun, 27 Jun 2021 23:55:01 GMT","inverseRate":6.087529870981},"jmd":{"code":"JMD","alphaCode":"JMD","numericCode":"388","name":"Jamaican Dollar","rate":0.039683574745435,"date":"Sun, 27 Jun 2021 23:55:01 GMT","inverseRate":25.199342710804},"ssp":{"code":"SSP","alphaCode":"SSP","numericCode":"728","name":"South Sudanese pound","rate":0.047166890963991,"date":"Sun, 27 Jun 2021 23:55:01 GMT","inverseRate":21.20131260641},"ern":{"code":"ERN","alphaCode":"ERN","numericCode":"232","name":"Eritrean nakfa","rate":0.0039983848708066,"date":"Sun, 27 Jun 2021 23:55:01 GMT","inverseRate":250.10098635109},"bam":{"code":"BAM","alphaCode":"BAM","numericCode":"977","name":"Bosnia and Herzegovina convertible mark","rate":0.00043905822410439,"date":"Sun, 27 Jun 2021 23:55:01 GMT","inverseRate":2277.6022520472},"inr":{"code":"INR","alphaCode":"INR","numericCode":"356","name":"Indian Rupee","rate":0.019731319320625,"date":"Sun, 27 Jun 2021 23:55:01 GMT","inverseRate":50.680848236779},"try":{"code":"TRY","alphaCode":"TRY","numericCode":"949","name":"Turkish Lira","rate":0.0023168652411994,"date":"Sun, 27 Jun 2021 23:55:01 GMT","inverseRate":431.61767987953},"twd":{"code":"TWD","alphaCode":"TWD","numericCode":"901","name":"New Taiwan Dollar ","rate":0.0074200128712181,"date":"Sun, 27 Jun 2021 23:55:01 GMT","inverseRate":134.77065570586},"tmt":{"code":"TMT","alphaCode":"TMT","numericCode":"934","name":"New Turkmenistan Manat","rate":0.00092847663991297,"date":"Sun, 27 Jun 2021 23:55:01 GMT","inverseRate":1077.0330205548},"mga":{"code":"MGA","alphaCode":"MGA","numericCode":"969","name":"Malagasy ariary","rate":1.0039944410595,"date":"Sun, 27 Jun 2021 23:55:01 GMT","inverseRate":0.99602145101989},"srd":{"code":"SRD","alphaCode":"SRD","numericCode":"968","name":"Surinamese dollar","rate":0.0055194856572814,"date":"Sun, 27 Jun 2021 23:55:01 GMT","inverseRate":181.17630194052},"ghs":{"code":"GHS","alphaCode":"GHS","numericCode":"936","name":"Ghanaian Cedi","rate":0.0015460339406522,"date":"Sun, 27 Jun 2021 23:55:01 GMT","inverseRate":646.81633029231},"mop":{"code":"MOP","alphaCode":"MOP","numericCode":"446","name":"Macanese pataca","rate":0.0021226098119651,"date":"Sun, 27 Jun 2021 23:55:01 GMT","inverseRate":471.11814633241},"lbp":{"code":"LBP","alphaCode":"LBP","numericCode":"422","name":"Lebanese Pound","rate":0.40050136006773,"date":"Sun, 27 Jun 2021 23:55:01 GMT","inverseRate":2.49687042219},"huf":{"code":"HUF","alphaCode":"HUF","numericCode":"348","name":"Hungarian Forint","rate":0.078261687078831,"date":"Sun, 27 Jun 2021 23:55:01 GMT","inverseRate":12.777644302412},"ngn":{"code":"NGN","alphaCode":"NGN","numericCode":"566","name":"Nigerian Naira","rate":0.10902624055091,"date":"Sun, 27 Jun 2021 23:55:01 GMT","inverseRate":9.1721038435055},"irr":{"code":"IRR","alphaCode":"IRR","numericCode":"364","name":"Iranian rial","rate":11.142879049681,"date":"Sun, 27 Jun 2021 23:55:01 GMT","inverseRate":0.089743413308306},"ves":{"code":"VES","alphaCode":"VES","numericCode":"928","name":"Venezuelan Bolivar","rate":843.69280761302,"date":"Sun, 27 Jun 2021 23:55:01 GMT","inverseRate":0.0011852655267137},"sbd":{"code":"SBD","alphaCode":"SBD","numericCode":"090","name":"Solomon Islands dollar","rate":0.0021623830304965,"date":"Sun, 27 Jun 2021 23:55:01 GMT","inverseRate":462.45275970854},"mwk":{"code":"MWK","alphaCode":"MWK","numericCode":"454","name":"Malawian kwacha","rate":0.2136158385233,"date":"Sun, 27 Jun 2021 23:55:01 GMT","inverseRate":4.6813008197936},"gtq":{"code":"GTQ","alphaCode":"GTQ","numericCode":"320","name":"Guatemalan Quetzal","rate":0.002051061166618,"date":"Sun, 27 Jun 2021 23:55:01 GMT","inverseRate":487.55250027425},"sek":{"code":"SEK","alphaCode":"SEK","numericCode":"752","name":"Swedish Krona","rate":0.0022517981441764,"date":"Sun, 27 Jun 2021 23:55:01 GMT","inverseRate":444.08953910288},"npr":{"code":"NPR","alphaCode":"NPR","numericCode":"524","name":"Nepalese Rupee","rate":0.031537141164476,"date":"Sun, 27 Jun 2021 23:55:01 GMT","inverseRate":31.708644571957},"isk":{"code":"ISK","alphaCode":"ISK","numericCode":"352","name":"Icelandic Krona","rate":0.032730808078886,"date":"Sun, 27 Jun 2021 23:55:01 GMT","inverseRate":30.552255159416},"gip":{"code":"GIP","alphaCode":"GIP","numericCode":"292","name":"Gibraltar pound","rate":0.00019037412858641,"date":"Sun, 27 Jun 2021 23:55:01 GMT","inverseRate":5252.814588964},"gel":{"code":"GEL","alphaCode":"GEL","numericCode":"981","name":"Georgian lari","rate":0.00086147427754814,"date":"Sun, 27 Jun 2021 23:55:01 GMT","inverseRate":1160.8007645291},"mkd":{"code":"MKD","alphaCode":"MKD","numericCode":"807","name":"Macedonian denar","rate":0.013734909861548,"date":"Sun, 27 Jun 2021 23:55:01 GMT","inverseRate":72.807176026656},"bif":{"code":"BIF","alphaCode":"BIF","numericCode":"108","name":"Burundian franc","rate":0.52482720389937,"date":"Sun, 27 Jun 2021 23:55:01 GMT","inverseRate":1.9053890358011},"mmk":{"code":"MMK","alphaCode":"MMK","numericCode":"104","name":"Myanma Kyat","rate":0.43651932219977,"date":"Sun, 27 Jun 2021 23:55:01 GMT","inverseRate":2.2908493373458},"mvr":{"code":"MVR","alphaCode":"MVR","numericCode":"462","name":"Maldivian rufiyaa","rate":0.0040996098042445,"date":"Sun, 27 Jun 2021 23:55:01 GMT","inverseRate":243.92565335478},"kes":{"code":"KES","alphaCode":"KES","numericCode":"404","name":"Kenyan shilling","rate":0.028572896609356,"date":"Sun, 27 Jun 2021 23:55:01 GMT","inverseRate":34.998201745936},"aed":{"code":"AED","alphaCode":"AED","numericCode":"784","name":"U.A.E Dirham","rate":0.00097502547985048,"date":"Sun, 27 Jun 2021 23:55:01 GMT","inverseRate":1025.6142230799},"php":{"code":"PHP","alphaCode":"PHP","numericCode":"608","name":"Philippine Peso","rate":0.012899876093548,"date":"Sun, 27 Jun 2021 23:55:01 GMT","inverseRate":77.520124437488},"ils":{"code":"ILS","alphaCode":"ILS","numericCode":"376","name":"Israeli New Sheqel","rate":0.00086371131776465,"date":"Sun, 27 Jun 2021 23:55:01 GMT","inverseRate":1157.7942530475},"mro":{"code":"MRO","alphaCode":"MRO","numericCode":"478","name":"Mauritanian Ouguiya","rate":0.009630626233688,"date":"Sun, 27 Jun 2021 23:55:01 GMT","inverseRate":103.83540755657},"bzd":{"code":"BZD","alphaCode":"BZD","numericCode":"084","name":"Belize dollar","rate":0.00053455140084097,"date":"Sun, 27 Jun 2021 23:55:01 GMT","inverseRate":1870.7274893056},"gnf":{"code":"GNF","alphaCode":"GNF","numericCode":"324","name":"Guinean franc","rate":2.6010218680298,"date":"Sun, 27 Jun 2021 23:55:01 GMT","inverseRate":0.38446428009369},"sll":{"code":"SLL","alphaCode":"SLL","numericCode":"694","name":"Sierra Leonean leone","rate":2.7208521437926,"date":"Sun, 27 Jun 2021 23:55:01 GMT","inverseRate":0.36753191542635},"ugx":{"code":"UGX","alphaCode":"UGX","numericCode":"800","name":"Ugandan shilling","rate":0.94805896228469,"date":"Sun, 27 Jun 2021 23:55:01 GMT","inverseRate":1.0547867166301},"cny":{"code":"CNY","alphaCode":"CNY","numericCode":"156","name":"Chinese Yuan","rate":0.00171699039025,"date":"Sun, 27 Jun 2021 23:55:01 GMT","inverseRate":582.41444196692},"sar":{"code":"SAR","alphaCode":"SAR","numericCode":"682","name":"Saudi Riyal","rate":0.00099734342412194,"date":"Sun, 27 Jun 2021 23:55:01 GMT","inverseRate":1002.6636520719},"myr":{"code":"MYR","alphaCode":"MYR","numericCode":"458","name":"Malaysian Ringgit","rate":0.0011020936815944,"date":"Sun, 27 Jun 2021 23:55:01 GMT","inverseRate":907.36388085751},"kzt":{"code":"KZT","alphaCode":"KZT","numericCode":"398","name":"Kazakhstani Tenge","rate":0.11337153522631,"date":"Sun, 27 Jun 2021 23:55:01 GMT","inverseRate":8.8205562181358},"bob":{"code":"BOB","alphaCode":"BOB","numericCode":"068","name":"Bolivian Boliviano","rate":0.0018278149310841,"date":"Sun, 27 Jun 2021 23:55:01 GMT","inverseRate":547.10134105692},"gyd":{"code":"GYD","alphaCode":"GYD","numericCode":"328","name":"Guyanese dollar","rate":0.05538668511389,"date":"Sun, 27 Jun 2021 23:55:01 GMT","inverseRate":18.054880842638},"rwf":{"code":"RWF","alphaCode":"RWF","numericCode":"646","name":"Rwandan franc","rate":0.26666519018844,"date":"Sun, 27 Jun 2021 23:55:01 GMT","inverseRate":3.7500207630901},"mzn":{"code":"MZN","alphaCode":"MZN","numericCode":"943","name":"Mozambican metical","rate":0.0169022633175,"date":"Sun, 27 Jun 2021 23:55:01 GMT","inverseRate":59.163674190582},"vuv":{"code":"VUV","alphaCode":"VUV","numericCode":"548","name":"Vanuatu vatu","rate":0.029135067935562,"date":"Sun, 27 Jun 2021 23:55:01 GMT","inverseRate":34.322899202147},"idr":{"code":"IDR","alphaCode":"IDR","numericCode":"360","name":"Indonesian Rupiah","rate":3.8407461039991,"date":"Sun, 27 Jun 2021 23:55:01 GMT","inverseRate":0.26036607808019},"tnd":{"code":"TND","alphaCode":"TND","numericCode":"788","name":"Tunisian Dinar","rate":0.00072730345102481,"date":"Sun, 27 Jun 2021 23:55:01 GMT","inverseRate":1374.94191536},"xof":{"code":"XOF","alphaCode":"XOF","numericCode":"952","name":"West African CFA Franc","rate":0.14619155041076,"date":"Sun, 27 Jun 2021 23:55:01 GMT","inverseRate":6.8403406160635},"tjs":{"code":"TJS","alphaCode":"TJS","numericCode":"972","name":"Tajikistan Ruble","rate":0.0030072945197803,"date":"Sun, 27 Jun 2021 23:55:01 GMT","inverseRate":332.52479709672},"afn":{"code":"AFN","alphaCode":"AFN","numericCode":"971","name":"Afghan afghani","rate":0.020975982806692,"date":"Sun, 27 Jun 2021 23:55:01 GMT","inverseRate":47.673570731616},"nad":{"code":"NAD","alphaCode":"NAD","numericCode":"516","name":"Namibian dollar","rate":0.0037701631282745,"date":"Sun, 27 Jun 2021 23:55:01 GMT","inverseRate":265.2405124066},"syp":{"code":"SYP","alphaCode":"SYP","numericCode":"760","name":"Syrian pound","rate":0.66932962737299,"date":"Sun, 27 Jun 2021 23:55:01 GMT","inverseRate":1.4940321765299},"top":{"code":"TOP","alphaCode":"TOP","numericCode":"776","name":"Tongan pa\u02bbanga","rate":0.00058750918196472,"date":"Sun, 27 Jun 2021 23:55:01 GMT","inverseRate":1702.1010576479},"kwd":{"code":"KWD","alphaCode":"KWD","numericCode":"414","name":"Kuwaiti Dinar","rate":7.9991970321645e-5,"date":"Sun, 27 Jun 2021 23:55:01 GMT","inverseRate":12501.254763185},"czk":{"code":"CZK","alphaCode":"CZK","numericCode":"203","name":"Czech Koruna","rate":0.0056722631820339,"date":"Sun, 27 Jun 2021 23:55:01 GMT","inverseRate":176.29647424812},"pgk":{"code":"PGK","alphaCode":"PGK","numericCode":"598","name":"Papua New Guinean kina","rate":0.00093343496334926,"date":"Sun, 27 Jun 2021 23:55:01 GMT","inverseRate":1071.3119170209},"uah":{"code":"UAH","alphaCode":"UAH","numericCode":"980","name":"Ukrainian Hryvnia","rate":0.0072861773099116,"date":"Sun, 27 Jun 2021 23:55:01 GMT","inverseRate":137.2461796448},"etb":{"code":"ETB","alphaCode":"ETB","numericCode":"230","name":"Ethiopian birr","rate":0.011606872150976,"date":"Sun, 27 Jun 2021 23:55:01 GMT","inverseRate":86.155855513226},"xcd":{"code":"XCD","alphaCode":"XCD","numericCode":"951","name":"East Caribbean Dollar","rate":0.00071857603854818,"date":"Sun, 27 Jun 2021 23:55:01 GMT","inverseRate":1391.641171365},"lak":{"code":"LAK","alphaCode":"LAK","numericCode":"418","name":"Lao kip","rate":2.5162767946353,"date":"Sun, 27 Jun 2021 23:55:01 GMT","inverseRate":0.39741255895694},"bwp":{"code":"BWP","alphaCode":"BWP","numericCode":"072","name":"Botswana Pula","rate":0.0028825565347676,"date":"Sun, 27 Jun 2021 23:55:01 GMT","inverseRate":346.91427139022},"nok":{"code":"NOK","alphaCode":"NOK","numericCode":"578","name":"Norwegian Krone","rate":0.0022564877096711,"date":"Sun, 27 Jun 2021 23:55:01 GMT","inverseRate":443.16660609943},"mad":{"code":"MAD","alphaCode":"MAD","numericCode":"504","name":"Moroccan Dirham","rate":0.0023494241063706,"date":"Sun, 27 Jun 2021 23:55:01 GMT","inverseRate":425.63622178238},"ron":{"code":"RON","alphaCode":"RON","numericCode":"946","name":"Romanian New Leu","rate":0.0010965316688548,"date":"Sun, 27 Jun 2021 23:55:01 GMT","inverseRate":911.96636486053},"byn":{"code":"BYN","alphaCode":"BYN","numericCode":"933","name":"Belarussian Ruble","rate":0.00067189261443907,"date":"Sun, 27 Jun 2021 23:55:01 GMT","inverseRate":1488.3330736339},"rsd":{"code":"RSD","alphaCode":"RSD","numericCode":"941","name":"Serbian Dinar","rate":0.025671139007548,"date":"Sun, 27 Jun 2021 23:55:01 GMT","inverseRate":38.95425129777},"gmd":{"code":"GMD","alphaCode":"GMD","numericCode":"270","name":"Gambian dalasi","rate":0.013772214555,"date":"Sun, 27 Jun 2021 23:55:01 GMT","inverseRate":72.609963779348},"awg":{"code":"AWG","alphaCode":"AWG","numericCode":"533","name":"Aruban florin","rate":0.0004800126415469,"date":"Sun, 27 Jun 2021 23:55:01 GMT","inverseRate":2083.2784669532},"aoa":{"code":"AOA","alphaCode":"AOA","numericCode":"973","name":"Angolan kwanza","rate":0.17310248983785,"date":"Sun, 27 Jun 2021 23:55:01 GMT","inverseRate":5.7769244159154},"khr":{"code":"KHR","alphaCode":"KHR","numericCode":"116","name":"Cambodian riel","rate":1.0807259860705,"date":"Sun, 27 Jun 2021 23:55:01 GMT","inverseRate":0.92530392799745},"scr":{"code":"SCR","alphaCode":"SCR","numericCode":"690","name":"Seychelles rupee","rate":0.0039746414927139,"date":"Sun, 27 Jun 2021 23:55:01 GMT","inverseRate":251.59501852762},"bhd":{"code":"BHD","alphaCode":"BHD","numericCode":"048","name":"Bahrain Dinar","rate":0.00010009036625426,"date":"Sun, 27 Jun 2021 23:55:01 GMT","inverseRate":9990.9715332607},"omr":{"code":"OMR","alphaCode":"OMR","numericCode":"512","name":"Omani Rial","rate":0.00010229689220793,"date":"Sun, 27 Jun 2021 23:55:01 GMT","inverseRate":9775.4680363837},"rub":{"code":"RUB","alphaCode":"RUB","numericCode":"643","name":"Russian Rouble","rate":0.019193794049298,"date":"Sun, 27 Jun 2021 23:55:01 GMT","inverseRate":52.100173495224},"lyd":{"code":"LYD","alphaCode":"LYD","numericCode":"434","name":"Libyan Dinar","rate":0.0011837461882136,"date":"Sun, 27 Jun 2021 23:55:01 GMT","inverseRate":844.77568752228},"clp":{"code":"CLP","alphaCode":"CLP","numericCode":"152","name":"Chilean Peso","rate":0.19517607575769,"date":"Sun, 27 Jun 2021 23:55:01 GMT","inverseRate":5.1235787794069},"bsd":{"code":"BSD","alphaCode":"BSD","numericCode":"044","name":"Bahamian Dollar","rate":0.00026506004568866,"date":"Sun, 27 Jun 2021 23:55:01 GMT","inverseRate":3772.7300521732},"djf":{"code":"DJF","alphaCode":"DJF","numericCode":"262","name":"Djiboutian franc","rate":0.047209030002327,"date":"Sun, 27 Jun 2021 23:55:01 GMT","inverseRate":21.182388198841},"hnl":{"code":"HNL","alphaCode":"HNL","numericCode":"340","name":"Honduran Lempira","rate":0.0063543951965791,"date":"Sun, 27 Jun 2021 23:55:01 GMT","inverseRate":157.37138926115},"tzs":{"code":"TZS","alphaCode":"TZS","numericCode":"834","name":"Tanzanian shilling","rate":0.61481594676026,"date":"Sun, 27 Jun 2021 23:55:01 GMT","inverseRate":1.6265030295155},"bbd":{"code":"BBD","alphaCode":"BBD","numericCode":"052","name":"Barbadian Dollar","rate":0.00053225017282575,"date":"Sun, 27 Jun 2021 23:55:01 GMT","inverseRate":1878.815735636},"bdt":{"code":"BDT","alphaCode":"BDT","numericCode":"050","name":"Bangladeshi taka","rate":0.022500408559023,"date":"Sun, 27 Jun 2021 23:55:01 GMT","inverseRate":44.443637428929},"qar":{"code":"QAR","alphaCode":"QAR","numericCode":"634","name":"Qatari Rial","rate":0.00097285557275366,"date":"Sun, 27 Jun 2021 23:55:01 GMT","inverseRate":1027.9018057835},"mxn":{"code":"MXN","alphaCode":"MXN","numericCode":"484","name":"Mexican Peso","rate":0.0052649199462313,"date":"Sun, 27 Jun 2021 23:55:01 GMT","inverseRate":189.93641122992},"amd":{"code":"AMD","alphaCode":"AMD","numericCode":"051","name":"Armenia Dram","rate":0.13768273484037,"date":"Sun, 27 Jun 2021 23:55:01 GMT","inverseRate":7.2630747868234},"uyu":{"code":"UYU","alphaCode":"UYU","numericCode":"858","name":"Uruguayan Peso","rate":0.011575670563562,"date":"Sun, 27 Jun 2021 23:55:01 GMT","inverseRate":86.388083913497},"fjd":{"code":"FJD","alphaCode":"FJD","numericCode":"242","name":"Fiji Dollar","rate":0.00054698689243231,"date":"Sun, 27 Jun 2021 23:55:01 GMT","inverseRate":1828.197373347},"cdf":{"code":"CDF","alphaCode":"CDF","numericCode":"976","name":"Congolese franc","rate":0.52730800475813,"date":"Sun, 27 Jun 2021 23:55:01 GMT","inverseRate":1.8964248427419},"lsl":{"code":"LSL","alphaCode":"LSL","numericCode":"426","name":"Lesotho loti","rate":0.0037715794179545,"date":"Sun, 27 Jun 2021 23:55:01 GMT","inverseRate":265.1409102615},"mnt":{"code":"MNT","alphaCode":"MNT","numericCode":"496","name":"Mongolian togrog","rate":0.75601991043636,"date":"Sun, 27 Jun 2021 23:55:01 GMT","inverseRate":1.3227164869545},"brl":{"code":"BRL","alphaCode":"BRL","numericCode":"986","name":"Brazilian Real","rate":0.0013292186667089,"date":"Sun, 27 Jun 2021 23:55:01 GMT","inverseRate":752.32166463321},"hkd":{"code":"HKD","alphaCode":"HKD","numericCode":"344","name":"Hong Kong Dollar","rate":0.0020643226812114,"date":"Sun, 27 Jun 2021 23:55:01 GMT","inverseRate":484.42039081466},"thb":{"code":"THB","alphaCode":"THB","numericCode":"764","name":"Thai Baht","rate":0.0084050376048273,"date":"Sun, 27 Jun 2021 23:55:01 GMT","inverseRate":118.97626721214},"xaf":{"code":"XAF","alphaCode":"XAF","numericCode":"950","name":"Central African CFA Franc","rate":0.14631548875431,"date":"Sun, 27 Jun 2021 23:55:01 GMT","inverseRate":6.8345464209821},"mdl":{"code":"MDL","alphaCode":"MDL","numericCode":"498","name":"Moldova Lei","rate":0.0047849625480555,"date":"Sun, 27 Jun 2021 23:55:01 GMT","inverseRate":208.98805162151},"nio":{"code":"NIO","alphaCode":"NIO","numericCode":"558","name":"Nicaraguan C\u00f3rdoba","rate":0.0093021552747181,"date":"Sun, 27 Jun 2021 23:55:01 GMT","inverseRate":107.50196814257},"lrd":{"code":"LRD","alphaCode":"LRD","numericCode":"430","name":"Liberian dollar","rate":0.045429612717626,"date":"Sun, 27 Jun 2021 23:55:01 GMT","inverseRate":22.012074067539},"sdg":{"code":"SDG","alphaCode":"SDG","numericCode":"938","name":"Sudanese pound","rate":0.11674353965808,"date":"Sun, 27 Jun 2021 23:55:01 GMT","inverseRate":8.5657844787712},"mru":{"code":"MRU","alphaCode":"MRU","numericCode":"929","name":"Mauritanian ouguiya","rate":0.0095800996284302,"date":"Sun, 27 Jun 2021 23:55:01 GMT","inverseRate":104.38304806689},"dkk":{"code":"DKK","alphaCode":"DKK","numericCode":"208","name":"Danish Krone","rate":0.0016553905416129,"date":"Sun, 27 Jun 2021 23:55:01 GMT","inverseRate":604.08705671693},"jod":{"code":"JOD","alphaCode":"JOD","numericCode":"400","name":"Jordanian Dinar","rate":0.00018843381732511,"date":"Sun, 27 Jun 2021 23:55:01 GMT","inverseRate":5306.9030506063},"bgn":{"code":"BGN","alphaCode":"BGN","numericCode":"975","name":"Bulgarian Lev","rate":0.00043538599713879,"date":"Sun, 27 Jun 2021 23:55:01 GMT","inverseRate":2296.8124987291},"vnd":{"code":"VND","alphaCode":"VND","numericCode":"704","name":"Vietnamese Dong","rate":6.1174042299348,"date":"Sun, 27 Jun 2021 23:55:01 GMT","inverseRate":0.16346802702797},"uzs":{"code":"UZS","alphaCode":"UZS","numericCode":"860","name":"Uzbekistan Sum","rate":2.8040919564306,"date":"Sun, 27 Jun 2021 23:55:01 GMT","inverseRate":0.35662168557158},"pab":{"code":"PAB","alphaCode":"PAB","numericCode":"590","name":"Panamanian Balboa","rate":0.00026506004568866,"date":"Sun, 27 Jun 2021 23:55:01 GMT","inverseRate":3772.7300521732},"ttd":{"code":"TTD","alphaCode":"TTD","numericCode":"780","name":"Trinidad Tobago Dollar","rate":0.0018025034848465,"date":"Sun, 27 Jun 2021 23:55:01 GMT","inverseRate":554.7839482181},"htg":{"code":"HTG","alphaCode":"HTG","numericCode":"332","name":"Haitian gourde","rate":0.024913013425794,"date":"Sun, 27 Jun 2021 23:55:01 GMT","inverseRate":40.139664476102},"cup":{"code":"CUP","alphaCode":"CUP","numericCode":"192","name":"Cuban peso","rate":0.00026506004568866,"date":"Sun, 27 Jun 2021 23:55:01 GMT","inverseRate":3772.7300521732}}