{"usd":{"code":"USD","alphaCode":"USD","numericCode":"840","name":"U.S. Dollar","rate":0.0016190749821845,"date":"Sun, 27 Jun 2021 23:55:01 GMT","inverseRate":617.6366202946},"eur":{"code":"EUR","alphaCode":"EUR","numericCode":"978","name":"Euro","rate":0.0013554065273416,"date":"Sun, 27 Jun 2021 23:55:01 GMT","inverseRate":737.78602937774},"gbp":{"code":"GBP","alphaCode":"GBP","numericCode":"826","name":"U.K. Pound Sterling","rate":0.0011642484389786,"date":"Sun, 27 Jun 2021 23:55:01 GMT","inverseRate":858.92320446428},"jpy":{"code":"JPY","alphaCode":"JPY","numericCode":"392","name":"Japanese Yen","rate":0.17928477379169,"date":"Sun, 27 Jun 2021 23:55:01 GMT","inverseRate":5.5777185025311},"aud":{"code":"AUD","alphaCode":"AUD","numericCode":"036","name":"Australian Dollar","rate":0.0021312122249394,"date":"Sun, 27 Jun 2021 23:55:01 GMT","inverseRate":469.21652771039},"chf":{"code":"CHF","alphaCode":"CHF","numericCode":"756","name":"Swiss Franc","rate":0.0014847156121298,"date":"Sun, 27 Jun 2021 23:55:01 GMT","inverseRate":673.52965903385},"cad":{"code":"CAD","alphaCode":"CAD","numericCode":"124","name":"Canadian Dollar","rate":0.001991453015433,"date":"Sun, 27 Jun 2021 23:55:01 GMT","inverseRate":502.14591670022},"lkr":{"code":"LKR","alphaCode":"LKR","numericCode":"144","name":"Sri Lanka Rupee","rate":0.32171224490963,"date":"Sun, 27 Jun 2021 23:55:01 GMT","inverseRate":3.1083678530201},"pln":{"code":"PLN","alphaCode":"PLN","numericCode":"985","name":"Polish Zloty","rate":0.0061132740413741,"date":"Sun, 27 Jun 2021 23:55:01 GMT","inverseRate":163.57846764796},"pen":{"code":"PEN","alphaCode":"PEN","numericCode":"604","name":"Peruvian Nuevo Sol","rate":0.0064442440544693,"date":"Sun, 27 Jun 2021 23:55:01 GMT","inverseRate":155.17723902875},"iqd":{"code":"IQD","alphaCode":"IQD","numericCode":"368","name":"Iraqi dinar","rate":2.3575447180092,"date":"Sun, 27 Jun 2021 23:55:01 GMT","inverseRate":0.42417010899561},"svc":{"code":"SVC","alphaCode":"SVC","numericCode":"222","name":"Salvadoran colon","rate":0.014131436185546,"date":"Sun, 27 Jun 2021 23:55:01 GMT","inverseRate":70.764215814302},"cve":{"code":"CVE","alphaCode":"CVE","numericCode":"132","name":"Cape Verde escudo","rate":0.15090978148761,"date":"Sun, 27 Jun 2021 23:55:01 GMT","inverseRate":6.6264757005302},"zmw":{"code":"ZMW","alphaCode":"ZMW","numericCode":"967","name":"Zambian kwacha","rate":0.03646686247165,"date":"Sun, 27 Jun 2021 23:55:01 GMT","inverseRate":27.422156232317},"yer":{"code":"YER","alphaCode":"YER","numericCode":"886","name":"Yemeni rial","rate":0.40599482863348,"date":"Sun, 27 Jun 2021 23:55:01 GMT","inverseRate":2.4630855603896},"dop":{"code":"DOP","alphaCode":"DOP","numericCode":"214","name":"Dominican Peso","rate":0.091921346993659,"date":"Sun, 27 Jun 2021 23:55:01 GMT","inverseRate":10.878865820678},"nzd":{"code":"NZD","alphaCode":"NZD","numericCode":"554","name":"New Zealand Dollar","rate":0.0022874876250646,"date":"Sun, 27 Jun 2021 23:55:01 GMT","inverseRate":437.16083490147},"hrk":{"code":"HRK","alphaCode":"HRK","numericCode":"191","name":"Croatian Kuna","rate":0.010158925151736,"date":"Sun, 27 Jun 2021 23:55:01 GMT","inverseRate":98.435610565468},"dzd":{"code":"DZD","alphaCode":"DZD","numericCode":"012","name":"Algerian Dinar","rate":0.21560385747141,"date":"Sun, 27 Jun 2021 23:55:01 GMT","inverseRate":4.638135939347},"ars":{"code":"ARS","alphaCode":"ARS","numericCode":"032","name":"Argentine Peso","rate":0.15437507439567,"date":"Sun, 27 Jun 2021 23:55:01 GMT","inverseRate":6.4777296718054},"stn":{"code":"STN","alphaCode":"STN","numericCode":"930","name":"S\u00e3o Tom\u00e9 and Pr\u00edncipe Dobra","rate":0.033526309107232,"date":"Sun, 27 Jun 2021 23:55:01 GMT","inverseRate":29.827321486584},"xpf":{"code":"XPF","alphaCode":"XPF","numericCode":"953","name":"CFP Franc","rate":0.16150532860102,"date":"Sun, 27 Jun 2021 23:55:01 GMT","inverseRate":6.1917461712385},"all":{"code":"ALL","alphaCode":"ALL","numericCode":"008","name":"Albanian lek","rate":0.16581692802975,"date":"Sun, 27 Jun 2021 23:55:01 GMT","inverseRate":6.030747354218},"mur":{"code":"MUR","alphaCode":"MUR","numericCode":"480","name":"Mauritian Rupee","rate":0.066289003798792,"date":"Sun, 27 Jun 2021 23:55:01 GMT","inverseRate":15.085458261453},"sos":{"code":"SOS","alphaCode":"SOS","numericCode":"706","name":"Somali shilling","rate":0.93381912150477,"date":"Sun, 27 Jun 2021 23:55:01 GMT","inverseRate":1.0708711965424},"ang":{"code":"ANG","alphaCode":"ANG","numericCode":"532","name":"Neth. Antillean Guilder","rate":0.0028793747392854,"date":"Sun, 27 Jun 2021 23:55:01 GMT","inverseRate":347.29762206922},"pkr":{"code":"PKR","alphaCode":"PKR","numericCode":"586","name":"Pakistani Rupee","rate":0.25038860044494,"date":"Sun, 27 Jun 2021 23:55:01 GMT","inverseRate":3.993792042541},"krw":{"code":"KRW","alphaCode":"KRW","numericCode":"410","name":"South Korean Won","rate":1.8250260358917,"date":"Sun, 27 Jun 2021 23:55:01 GMT","inverseRate":0.54793738847205},"azn":{"code":"AZN","alphaCode":"AZN","numericCode":"944","name":"Azerbaijan Manat","rate":0.0027444769421118,"date":"Sun, 27 Jun 2021 23:55:01 GMT","inverseRate":364.36815505927},"pyg":{"code":"PYG","alphaCode":"PYG","numericCode":"600","name":"Paraguayan Guaran\u00ed","rate":10.97500741204,"date":"Sun, 27 Jun 2021 23:55:01 GMT","inverseRate":0.091116111584848},"bnd":{"code":"BND","alphaCode":"BND","numericCode":"096","name":"Brunei Dollar","rate":0.0021728690807198,"date":"Sun, 27 Jun 2021 23:55:01 GMT","inverseRate":460.2210086531},"kmf":{"code":"KMF","alphaCode":"KMF","numericCode":"174","name":"\tComoro franc","rate":0.66913139372111,"date":"Sun, 27 Jun 2021 23:55:01 GMT","inverseRate":1.4944747913245},"szl":{"code":"SZL","alphaCode":"SZL","numericCode":"748","name":"Swazi lilangeni","rate":0.022950980661842,"date":"Sun, 27 Jun 2021 23:55:01 GMT","inverseRate":43.571122939534},"wst":{"code":"WST","alphaCode":"WST","numericCode":"882","name":"Samoan tala","rate":0.0041038381456043,"date":"Sun, 27 Jun 2021 23:55:01 GMT","inverseRate":243.67432742715},"egp":{"code":"EGP","alphaCode":"EGP","numericCode":"818","name":"Egyptian Pound","rate":0.025381978897329,"date":"Sun, 27 Jun 2021 23:55:01 GMT","inverseRate":39.398031337314},"sgd":{"code":"SGD","alphaCode":"SGD","numericCode":"702","name":"Singapore Dollar","rate":0.0021725281874523,"date":"Sun, 27 Jun 2021 23:55:01 GMT","inverseRate":460.29322232762},"zar":{"code":"ZAR","alphaCode":"ZAR","numericCode":"710","name":"South African Rand","rate":0.022825184866389,"date":"Sun, 27 Jun 2021 23:55:01 GMT","inverseRate":43.811255236427},"kgs":{"code":"KGS","alphaCode":"KGS","numericCode":"417","name":"Kyrgyzstan Som","rate":0.13532242120942,"date":"Sun, 27 Jun 2021 23:55:01 GMT","inverseRate":7.3897584085675},"jmd":{"code":"JMD","alphaCode":"JMD","numericCode":"388","name":"Jamaican Dollar","rate":0.24157494665014,"date":"Sun, 27 Jun 2021 23:55:01 GMT","inverseRate":4.1395021042817},"ssp":{"code":"SSP","alphaCode":"SSP","numericCode":"728","name":"South Sudanese pound","rate":0.28712985766459,"date":"Sun, 27 Jun 2021 23:55:01 GMT","inverseRate":3.4827447348514},"ern":{"code":"ERN","alphaCode":"ERN","numericCode":"232","name":"Eritrean nakfa","rate":0.024340287336713,"date":"Sun, 27 Jun 2021 23:55:01 GMT","inverseRate":41.084149343285},"bam":{"code":"BAM","alphaCode":"BAM","numericCode":"977","name":"Bosnia and Herzegovina convertible mark","rate":0.0026727800543353,"date":"Sun, 27 Jun 2021 23:55:01 GMT","inverseRate":374.1422712198},"inr":{"code":"INR","alphaCode":"INR","numericCode":"356","name":"Indian Rupee","rate":0.12011499575817,"date":"Sun, 27 Jun 2021 23:55:01 GMT","inverseRate":8.3253551622593},"try":{"code":"TRY","alphaCode":"TRY","numericCode":"949","name":"Turkish Lira","rate":0.014103986362839,"date":"Sun, 27 Jun 2021 23:55:01 GMT","inverseRate":70.90194036452},"twd":{"code":"TWD","alphaCode":"TWD","numericCode":"901","name":"New Taiwan Dollar ","rate":0.045169549996603,"date":"Sun, 27 Jun 2021 23:55:01 GMT","inverseRate":22.138808114652},"tmt":{"code":"TMT","alphaCode":"TMT","numericCode":"934","name":"New Turkmenistan Manat","rate":0.0056521292799782,"date":"Sun, 27 Jun 2021 23:55:01 GMT","inverseRate":176.92447402828},"mga":{"code":"MGA","alphaCode":"MGA","numericCode":"969","name":"Malagasy ariary","rate":6.1118461502486,"date":"Sun, 27 Jun 2021 23:55:01 GMT","inverseRate":0.1636166839637},"srd":{"code":"SRD","alphaCode":"SRD","numericCode":"968","name":"Surinamese dollar","rate":0.033600033811152,"date":"Sun, 27 Jun 2021 23:55:01 GMT","inverseRate":29.761874812998},"ghs":{"code":"GHS","alphaCode":"GHS","numericCode":"936","name":"Ghanaian Cedi","rate":0.0094115277952706,"date":"Sun, 27 Jun 2021 23:55:01 GMT","inverseRate":106.25267456603},"mop":{"code":"MOP","alphaCode":"MOP","numericCode":"446","name":"Macanese pataca","rate":0.012921450634775,"date":"Sun, 27 Jun 2021 23:55:01 GMT","inverseRate":77.390691514832},"lbp":{"code":"LBP","alphaCode":"LBP","numericCode":"422","name":"Lebanese Pound","rate":2.4380639927808,"date":"Sun, 27 Jun 2021 23:55:01 GMT","inverseRate":0.41016150640879},"huf":{"code":"HUF","alphaCode":"HUF","numericCode":"348","name":"Hungarian Forint","rate":0.47642035784575,"date":"Sun, 27 Jun 2021 23:55:01 GMT","inverseRate":2.098986711067},"ngn":{"code":"NGN","alphaCode":"NGN","numericCode":"566","name":"Nigerian Naira","rate":0.66370049607445,"date":"Sun, 27 Jun 2021 23:55:01 GMT","inverseRate":1.5067037103553},"irr":{"code":"IRR","alphaCode":"IRR","numericCode":"364","name":"Iranian rial","rate":67.832609063662,"date":"Sun, 27 Jun 2021 23:55:01 GMT","inverseRate":0.014742172147049},"ves":{"code":"VES","alphaCode":"VES","numericCode":"928","name":"Venezuelan Bolivar","rate":5136.005168276,"date":"Sun, 27 Jun 2021 23:55:01 GMT","inverseRate":0.00019470385391681},"sbd":{"code":"SBD","alphaCode":"SBD","numericCode":"090","name":"Solomon Islands dollar","rate":0.01316357129065,"date":"Sun, 27 Jun 2021 23:55:01 GMT","inverseRate":75.967226364348},"mwk":{"code":"MWK","alphaCode":"MWK","numericCode":"454","name":"Malawian kwacha","rate":1.3003927979252,"date":"Sun, 27 Jun 2021 23:55:01 GMT","inverseRate":0.76899841462941},"gtq":{"code":"GTQ","alphaCode":"GTQ","numericCode":"320","name":"Guatemalan Quetzal","rate":0.012485896118996,"date":"Sun, 27 Jun 2021 23:55:01 GMT","inverseRate":80.090366800234},"sek":{"code":"SEK","alphaCode":"SEK","numericCode":"752","name":"Swedish Krona","rate":0.013707888466093,"date":"Sun, 27 Jun 2021 23:55:01 GMT","inverseRate":72.950695686905},"npr":{"code":"NPR","alphaCode":"NPR","numericCode":"524","name":"Nepalese Rupee","rate":0.19198328888409,"date":"Sun, 27 Jun 2021 23:55:01 GMT","inverseRate":5.2087866908237},"isk":{"code":"ISK","alphaCode":"ISK","numericCode":"352","name":"Icelandic Krona","rate":0.19924977188157,"date":"Sun, 27 Jun 2021 23:55:01 GMT","inverseRate":5.0188263231458},"gip":{"code":"GIP","alphaCode":"GIP","numericCode":"292","name":"Gibraltar pound","rate":0.0011589081944317,"date":"Sun, 27 Jun 2021 23:55:01 GMT","inverseRate":862.88111931967},"gel":{"code":"GEL","alphaCode":"GEL","numericCode":"981","name":"Georgian lari","rate":0.0052442503976561,"date":"Sun, 27 Jun 2021 23:55:01 GMT","inverseRate":190.68502153272},"mkd":{"code":"MKD","alphaCode":"MKD","numericCode":"807","name":"Macedonian denar","rate":0.083611674057406,"date":"Sun, 27 Jun 2021 23:55:01 GMT","inverseRate":11.960052364379},"bif":{"code":"BIF","alphaCode":"BIF","numericCode":"108","name":"Burundian franc","rate":3.1949012808408,"date":"Sun, 27 Jun 2021 23:55:01 GMT","inverseRate":0.31299871642257},"mmk":{"code":"MMK","alphaCode":"MMK","numericCode":"104","name":"Myanma Kyat","rate":2.6573244131515,"date":"Sun, 27 Jun 2021 23:55:01 GMT","inverseRate":0.37631837311653},"mvr":{"code":"MVR","alphaCode":"MVR","numericCode":"462","name":"Maldivian rufiyaa","rate":0.024956497142705,"date":"Sun, 27 Jun 2021 23:55:01 GMT","inverseRate":40.069725902712},"kes":{"code":"KES","alphaCode":"KES","numericCode":"404","name":"Kenyan shilling","rate":0.1739383616099,"date":"Sun, 27 Jun 2021 23:55:01 GMT","inverseRate":5.7491630411165},"aed":{"code":"AED","alphaCode":"AED","numericCode":"784","name":"U.A.E Dirham","rate":0.0059354967335574,"date":"Sun, 27 Jun 2021 23:55:01 GMT","inverseRate":168.47789576672},"php":{"code":"PHP","alphaCode":"PHP","numericCode":"608","name":"Philippine Peso","rate":0.078528381051426,"date":"Sun, 27 Jun 2021 23:55:01 GMT","inverseRate":12.734249536421},"ils":{"code":"ILS","alphaCode":"ILS","numericCode":"376","name":"Israeli New Sheqel","rate":0.0052578684467966,"date":"Sun, 27 Jun 2021 23:55:01 GMT","inverseRate":190.19114116658},"mro":{"code":"MRO","alphaCode":"MRO","numericCode":"478","name":"Mauritanian Ouguiya","rate":0.058626724873829,"date":"Sun, 27 Jun 2021 23:55:01 GMT","inverseRate":17.057067440696},"cop":{"code":"COP","alphaCode":"COP","numericCode":"170","name":"Colombian Peso","rate":6.087529870981,"date":"Sun, 27 Jun 2021 23:55:01 GMT","inverseRate":0.16427024116415},"bzd":{"code":"BZD","alphaCode":"BZD","numericCode":"084","name":"Belize dollar","rate":0.0032540976201941,"date":"Sun, 27 Jun 2021 23:55:01 GMT","inverseRate":307.30485582063},"gnf":{"code":"GNF","alphaCode":"GNF","numericCode":"324","name":"Guinean franc","rate":15.833798316706,"date":"Sun, 27 Jun 2021 23:55:01 GMT","inverseRate":0.063156040009991},"sll":{"code":"SLL","alphaCode":"SLL","numericCode":"694","name":"Sierra Leonean leone","rate":16.56326869986,"date":"Sun, 27 Jun 2021 23:55:01 GMT","inverseRate":0.060374556382608},"ugx":{"code":"UGX","alphaCode":"UGX","numericCode":"800","name":"Ugandan shilling","rate":5.7713372523593,"date":"Sun, 27 Jun 2021 23:55:01 GMT","inverseRate":0.17327006831757},"cny":{"code":"CNY","alphaCode":"CNY","numericCode":"156","name":"Chinese Yuan","rate":0.010452230288834,"date":"Sun, 27 Jun 2021 23:55:01 GMT","inverseRate":95.67336083939},"sar":{"code":"SAR","alphaCode":"SAR","numericCode":"682","name":"Saudi Riyal","rate":0.0060713578859687,"date":"Sun, 27 Jun 2021 23:55:01 GMT","inverseRate":164.70779993238},"myr":{"code":"MYR","alphaCode":"MYR","numericCode":"458","name":"Malaysian Ringgit","rate":0.0067090282073251,"date":"Sun, 27 Jun 2021 23:55:01 GMT","inverseRate":149.0528835321},"kzt":{"code":"KZT","alphaCode":"KZT","numericCode":"398","name":"Kazakhstani Tenge","rate":0.69015260720911,"date":"Sun, 27 Jun 2021 23:55:01 GMT","inverseRate":1.4489548971551},"bob":{"code":"BOB","alphaCode":"BOB","numericCode":"068","name":"Bolivian Boliviano","rate":0.0111268779916,"date":"Sun, 27 Jun 2021 23:55:01 GMT","inverseRate":89.87246923665},"gyd":{"code":"GYD","alphaCode":"GYD","numericCode":"328","name":"Guyanese dollar","rate":0.33716810008542,"date":"Sun, 27 Jun 2021 23:55:01 GMT","inverseRate":2.9658796302101},"rwf":{"code":"RWF","alphaCode":"RWF","numericCode":"646","name":"Rwandan franc","rate":1.6233323108229,"date":"Sun, 27 Jun 2021 23:55:01 GMT","inverseRate":0.61601681512337},"mzn":{"code":"MZN","alphaCode":"MZN","numericCode":"943","name":"Mozambican metical","rate":0.10289303283247,"date":"Sun, 27 Jun 2021 23:55:01 GMT","inverseRate":9.7188310274439},"vuv":{"code":"VUV","alphaCode":"VUV","numericCode":"548","name":"Vanuatu vatu","rate":0.1773605963508,"date":"Sun, 27 Jun 2021 23:55:01 GMT","inverseRate":5.6382309293894},"idr":{"code":"IDR","alphaCode":"IDR","numericCode":"360","name":"Indonesian Rupiah","rate":23.380656634948,"date":"Sun, 27 Jun 2021 23:55:01 GMT","inverseRate":0.042770398437196},"tnd":{"code":"TND","alphaCode":"TND","numericCode":"788","name":"Tunisian Dinar","rate":0.0044274814833811,"date":"Sun, 27 Jun 2021 23:55:01 GMT","inverseRate":225.86204002289},"xof":{"code":"XOF","alphaCode":"XOF","numericCode":"952","name":"West African CFA Franc","rate":0.8899454300105,"date":"Sun, 27 Jun 2021 23:55:01 GMT","inverseRate":1.1236644026457},"tjs":{"code":"TJS","alphaCode":"TJS","numericCode":"972","name":"Tajikistan Ruble","rate":0.01830699522,"date":"Sun, 27 Jun 2021 23:55:01 GMT","inverseRate":54.623928612137},"afn":{"code":"AFN","alphaCode":"AFN","numericCode":"971","name":"Afghan afghani","rate":0.12769192190892,"date":"Sun, 27 Jun 2021 23:55:01 GMT","inverseRate":7.8313489612387},"nad":{"code":"NAD","alphaCode":"NAD","numericCode":"516","name":"Namibian dollar","rate":0.022950980661842,"date":"Sun, 27 Jun 2021 23:55:01 GMT","inverseRate":43.571122939534},"syp":{"code":"SYP","alphaCode":"SYP","numericCode":"760","name":"Syrian pound","rate":4.0745641001656,"date":"Sun, 27 Jun 2021 23:55:01 GMT","inverseRate":0.24542502594556},"top":{"code":"TOP","alphaCode":"TOP","numericCode":"776","name":"Tongan pa\u02bbanga","rate":0.0035764796946858,"date":"Sun, 27 Jun 2021 23:55:01 GMT","inverseRate":279.60455122557},"kwd":{"code":"KWD","alphaCode":"KWD","numericCode":"414","name":"Kuwaiti Dinar","rate":0.00048695350877164,"date":"Sun, 27 Jun 2021 23:55:01 GMT","inverseRate":2053.5841348028},"czk":{"code":"CZK","alphaCode":"CZK","numericCode":"203","name":"Czech Koruna","rate":0.034530071556697,"date":"Sun, 27 Jun 2021 23:55:01 GMT","inverseRate":28.960264341128},"pgk":{"code":"PGK","alphaCode":"PGK","numericCode":"598","name":"Papua New Guinean kina","rate":0.0056823132220066,"date":"Sun, 27 Jun 2021 23:55:01 GMT","inverseRate":175.98466697104},"uah":{"code":"UAH","alphaCode":"UAH","numericCode":"980","name":"Ukrainian Hryvnia","rate":0.04435482201935,"date":"Sun, 27 Jun 2021 23:55:01 GMT","inverseRate":22.54546302911},"etb":{"code":"ETB","alphaCode":"ETB","numericCode":"230","name":"Ethiopian birr","rate":0.070657180927725,"date":"Sun, 27 Jun 2021 23:55:01 GMT","inverseRate":14.152843162861},"xcd":{"code":"XCD","alphaCode":"XCD","numericCode":"951","name":"East Caribbean Dollar","rate":0.0043743530992332,"date":"Sun, 27 Jun 2021 23:55:01 GMT","inverseRate":228.60523083409},"lak":{"code":"LAK","alphaCode":"LAK","numericCode":"418","name":"Lao kip","rate":15.317910150999,"date":"Sun, 27 Jun 2021 23:55:01 GMT","inverseRate":0.065283056901519},"bwp":{"code":"BWP","alphaCode":"BWP","numericCode":"072","name":"Botswana Pula","rate":0.017547649010189,"date":"Sun, 27 Jun 2021 23:55:01 GMT","inverseRate":56.987691024556},"nok":{"code":"NOK","alphaCode":"NOK","numericCode":"578","name":"Norwegian Krone","rate":0.013736436336124,"date":"Sun, 27 Jun 2021 23:55:01 GMT","inverseRate":72.79908525985},"mad":{"code":"MAD","alphaCode":"MAD","numericCode":"504","name":"Moroccan Dirham","rate":0.014302189427134,"date":"Sun, 27 Jun 2021 23:55:01 GMT","inverseRate":69.919364800388},"ron":{"code":"RON","alphaCode":"RON","numericCode":"946","name":"Romanian New Leu","rate":0.0066751692886304,"date":"Sun, 27 Jun 2021 23:55:01 GMT","inverseRate":149.80893468923},"byn":{"code":"BYN","alphaCode":"BYN","numericCode":"933","name":"Belarussian Ruble","rate":0.0040901663604893,"date":"Sun, 27 Jun 2021 23:55:01 GMT","inverseRate":244.48883293841},"rsd":{"code":"RSD","alphaCode":"RSD","numericCode":"941","name":"Serbian Dinar","rate":0.15627382553055,"date":"Sun, 27 Jun 2021 23:55:01 GMT","inverseRate":6.3990242550535},"gmd":{"code":"GMD","alphaCode":"GMD","numericCode":"270","name":"Gambian dalasi","rate":0.083838767493124,"date":"Sun, 27 Jun 2021 23:55:01 GMT","inverseRate":11.927656260954},"awg":{"code":"AWG","alphaCode":"AWG","numericCode":"533","name":"Aruban florin","rate":0.0029220912938652,"date":"Sun, 27 Jun 2021 23:55:01 GMT","inverseRate":342.22065617849},"aoa":{"code":"AOA","alphaCode":"AOA","numericCode":"973","name":"Angolan kwanza","rate":1.0537665776291,"date":"Sun, 27 Jun 2021 23:55:01 GMT","inverseRate":0.94897676698949},"khr":{"code":"KHR","alphaCode":"KHR","numericCode":"116","name":"Cambodian riel","rate":6.5789517225498,"date":"Sun, 27 Jun 2021 23:55:01 GMT","inverseRate":0.15199989940228},"scr":{"code":"SCR","alphaCode":"SCR","numericCode":"690","name":"Seychelles rupee","rate":0.024195748813336,"date":"Sun, 27 Jun 2021 23:55:01 GMT","inverseRate":41.329574369231},"bhd":{"code":"BHD","alphaCode":"BHD","numericCode":"048","name":"Bahrain Dinar","rate":0.00060930309437026,"date":"Sun, 27 Jun 2021 23:55:01 GMT","inverseRate":1641.2193032329},"omr":{"code":"OMR","alphaCode":"OMR","numericCode":"512","name":"Omani Rial","rate":0.00062273538702429,"date":"Sun, 27 Jun 2021 23:55:01 GMT","inverseRate":1605.8184918292},"rub":{"code":"RUB","alphaCode":"RUB","numericCode":"643","name":"Russian Rouble","rate":0.11684279461256,"date":"Sun, 27 Jun 2021 23:55:01 GMT","inverseRate":8.5585080647544},"lyd":{"code":"LYD","alphaCode":"LYD","numericCode":"434","name":"Libyan Dinar","rate":0.00720609028041,"date":"Sun, 27 Jun 2021 23:55:01 GMT","inverseRate":138.77150591889},"clp":{"code":"CLP","alphaCode":"CLP","numericCode":"152","name":"Chilean Peso","rate":1.1881401912758,"date":"Sun, 27 Jun 2021 23:55:01 GMT","inverseRate":0.84165152171669},"bsd":{"code":"BSD","alphaCode":"BSD","numericCode":"044","name":"Bahamian Dollar","rate":0.0016135609457333,"date":"Sun, 27 Jun 2021 23:55:01 GMT","inverseRate":619.74727551772},"djf":{"code":"DJF","alphaCode":"DJF","numericCode":"262","name":"Djiboutian franc","rate":0.2873863803192,"date":"Sun, 27 Jun 2021 23:55:01 GMT","inverseRate":3.4796360178562},"hnl":{"code":"HNL","alphaCode":"HNL","numericCode":"340","name":"Honduran Lempira","rate":0.038682570571193,"date":"Sun, 27 Jun 2021 23:55:01 GMT","inverseRate":25.851436066266},"tzs":{"code":"TZS","alphaCode":"TZS","numericCode":"834","name":"Tanzanian shilling","rate":3.7427104410585,"date":"Sun, 27 Jun 2021 23:55:01 GMT","inverseRate":0.26718604491273},"bbd":{"code":"BBD","alphaCode":"BBD","numericCode":"052","name":"Barbadian Dollar","rate":0.0032400888259115,"date":"Sun, 27 Jun 2021 23:55:01 GMT","inverseRate":308.63351399592},"bdt":{"code":"BDT","alphaCode":"BDT","numericCode":"050","name":"Bangladeshi taka","rate":0.13697190921233,"date":"Sun, 27 Jun 2021 23:55:01 GMT","inverseRate":7.3007670386622},"qar":{"code":"QAR","alphaCode":"QAR","numericCode":"634","name":"Qatari Rial","rate":0.0059222873592882,"date":"Sun, 27 Jun 2021 23:55:01 GMT","inverseRate":168.85367752911},"mxn":{"code":"MXN","alphaCode":"MXN","numericCode":"484","name":"Mexican Peso","rate":0.032050357441006,"date":"Sun, 27 Jun 2021 23:55:01 GMT","inverseRate":31.200900078592},"amd":{"code":"AMD","alphaCode":"AMD","numericCode":"051","name":"Armenia Dram","rate":0.83814776105912,"date":"Sun, 27 Jun 2021 23:55:01 GMT","inverseRate":1.1931070468247},"uyu":{"code":"UYU","alphaCode":"UYU","numericCode":"858","name":"Uruguayan Peso","rate":0.070467240332319,"date":"Sun, 27 Jun 2021 23:55:01 GMT","inverseRate":14.190991378179},"fjd":{"code":"FJD","alphaCode":"FJD","numericCode":"242","name":"Fiji Dollar","rate":0.0033297990467167,"date":"Sun, 27 Jun 2021 23:55:01 GMT","inverseRate":300.31842341538},"cdf":{"code":"CDF","alphaCode":"CDF","numericCode":"976","name":"Congolese franc","rate":3.2100032301725,"date":"Sun, 27 Jun 2021 23:55:01 GMT","inverseRate":0.3115261662669},"lsl":{"code":"LSL","alphaCode":"LSL","numericCode":"426","name":"Lesotho loti","rate":0.022959602367575,"date":"Sun, 27 Jun 2021 23:55:01 GMT","inverseRate":43.554761271138},"mnt":{"code":"MNT","alphaCode":"MNT","numericCode":"496","name":"Mongolian togrog","rate":4.6022937878377,"date":"Sun, 27 Jun 2021 23:55:01 GMT","inverseRate":0.2172829563038},"brl":{"code":"BRL","alphaCode":"BRL","numericCode":"986","name":"Brazilian Real","rate":0.0080916583386561,"date":"Sun, 27 Jun 2021 23:55:01 GMT","inverseRate":123.58406128231},"hkd":{"code":"HKD","alphaCode":"HKD","numericCode":"344","name":"Hong Kong Dollar","rate":0.012566625985218,"date":"Sun, 27 Jun 2021 23:55:01 GMT","inverseRate":79.575854423955},"thb":{"code":"THB","alphaCode":"THB","numericCode":"764","name":"Thai Baht","rate":0.051165917486105,"date":"Sun, 27 Jun 2021 23:55:01 GMT","inverseRate":19.544260107748},"xaf":{"code":"XAF","alphaCode":"XAF","numericCode":"950","name":"Central African CFA Franc","rate":0.89069990837902,"date":"Sun, 27 Jun 2021 23:55:01 GMT","inverseRate":1.1227125888223},"mdl":{"code":"MDL","alphaCode":"MDL","numericCode":"498","name":"Moldova Lei","rate":0.029128602442813,"date":"Sun, 27 Jun 2021 23:55:01 GMT","inverseRate":34.330517640291},"nio":{"code":"NIO","alphaCode":"NIO","numericCode":"558","name":"Nicaraguan C\u00f3rdoba","rate":0.056627148099349,"date":"Sun, 27 Jun 2021 23:55:01 GMT","inverseRate":17.659374232401},"lrd":{"code":"LRD","alphaCode":"LRD","numericCode":"430","name":"Liberian dollar","rate":0.27655412444564,"date":"Sun, 27 Jun 2021 23:55:01 GMT","inverseRate":3.6159287155978},"sdg":{"code":"SDG","alphaCode":"SDG","numericCode":"938","name":"Sudanese pound","rate":0.71067978491261,"date":"Sun, 27 Jun 2021 23:55:01 GMT","inverseRate":1.4071034820879},"mru":{"code":"MRU","alphaCode":"MRU","numericCode":"929","name":"Mauritanian ouguiya","rate":0.058319142655042,"date":"Sun, 27 Jun 2021 23:55:01 GMT","inverseRate":17.147028479397},"dkk":{"code":"DKK","alphaCode":"DKK","numericCode":"208","name":"Danish Krone","rate":0.010077239370208,"date":"Sun, 27 Jun 2021 23:55:01 GMT","inverseRate":99.233526491031},"jod":{"code":"JOD","alphaCode":"JOD","numericCode":"400","name":"Jordanian Dinar","rate":0.0011470964916696,"date":"Sun, 27 Jun 2021 23:55:01 GMT","inverseRate":871.76624395785},"bgn":{"code":"BGN","alphaCode":"BGN","numericCode":"975","name":"Bulgarian Lev","rate":0.0026504252629892,"date":"Sun, 27 Jun 2021 23:55:01 GMT","inverseRate":377.29794307505},"vnd":{"code":"VND","alphaCode":"VND","numericCode":"704","name":"Vietnamese Dong","rate":37.239880982593,"date":"Sun, 27 Jun 2021 23:55:01 GMT","inverseRate":0.026852932222512},"uzs":{"code":"UZS","alphaCode":"UZS","numericCode":"860","name":"Uzbekistan Sum","rate":17.069993545749,"date":"Sun, 27 Jun 2021 23:55:01 GMT","inverseRate":0.058582330293208},"pab":{"code":"PAB","alphaCode":"PAB","numericCode":"590","name":"Panamanian Balboa","rate":0.0016135609457333,"date":"Sun, 27 Jun 2021 23:55:01 GMT","inverseRate":619.74727551772},"ttd":{"code":"TTD","alphaCode":"TTD","numericCode":"780","name":"Trinidad Tobago Dollar","rate":0.01097279380655,"date":"Sun, 27 Jun 2021 23:55:01 GMT","inverseRate":91.134492967786},"htg":{"code":"HTG","alphaCode":"HTG","numericCode":"332","name":"Haitian gourde","rate":0.15165871340567,"date":"Sun, 27 Jun 2021 23:55:01 GMT","inverseRate":6.5937523637372},"cup":{"code":"CUP","alphaCode":"CUP","numericCode":"192","name":"Cuban peso","rate":0.0016135609457333,"date":"Sun, 27 Jun 2021 23:55:01 GMT","inverseRate":619.74727551772}}