{"usd":{"code":"USD","alphaCode":"USD","numericCode":"840","name":"U.S. Dollar","rate":0.010728761026782,"date":"Sun, 27 Jun 2021 23:55:01 GMT","inverseRate":93.207407407407},"eur":{"code":"EUR","alphaCode":"EUR","numericCode":"978","name":"Euro","rate":0.0089815684177688,"date":"Sun, 27 Jun 2021 23:55:01 GMT","inverseRate":111.33912847801},"gbp":{"code":"GBP","alphaCode":"GBP","numericCode":"826","name":"U.K. Pound Sterling","rate":0.0077148639902716,"date":"Sun, 27 Jun 2021 23:55:01 GMT","inverseRate":129.61991310035},"jpy":{"code":"JPY","alphaCode":"JPY","numericCode":"392","name":"Japanese Yen","rate":1.1880261970057,"date":"Sun, 27 Jun 2021 23:55:01 GMT","inverseRate":0.84173228041639},"aud":{"code":"AUD","alphaCode":"AUD","numericCode":"036","name":"Australian Dollar","rate":0.014122426021234,"date":"Sun, 27 Jun 2021 23:55:01 GMT","inverseRate":70.809363667153},"chf":{"code":"CHF","alphaCode":"CHF","numericCode":"756","name":"Swiss Franc","rate":0.0098384319259757,"date":"Sun, 27 Jun 2021 23:55:01 GMT","inverseRate":101.64221367023},"cad":{"code":"CAD","alphaCode":"CAD","numericCode":"124","name":"Canadian Dollar","rate":0.013196315015514,"date":"Sun, 27 Jun 2021 23:55:01 GMT","inverseRate":75.778730564128},"lkr":{"code":"LKR","alphaCode":"LKR","numericCode":"144","name":"Sri Lanka Rupee","rate":2.1318183734567,"date":"Sun, 27 Jun 2021 23:55:01 GMT","inverseRate":0.46908311348238},"pln":{"code":"PLN","alphaCode":"PLN","numericCode":"985","name":"Polish Zloty","rate":0.040509461885847,"date":"Sun, 27 Jun 2021 23:55:01 GMT","inverseRate":24.685590808832},"pen":{"code":"PEN","alphaCode":"PEN","numericCode":"604","name":"Peruvian Nuevo Sol","rate":0.042702626635227,"date":"Sun, 27 Jun 2021 23:55:01 GMT","inverseRate":23.41776323368},"iqd":{"code":"IQD","alphaCode":"IQD","numericCode":"368","name":"Iraqi dinar","rate":15.622212786801,"date":"Sun, 27 Jun 2021 23:55:01 GMT","inverseRate":0.064011418462106},"svc":{"code":"SVC","alphaCode":"SVC","numericCode":"222","name":"Salvadoran colon","rate":0.093641618497112,"date":"Sun, 27 Jun 2021 23:55:01 GMT","inverseRate":10.679012345679},"zmw":{"code":"ZMW","alphaCode":"ZMW","numericCode":"967","name":"Zambian kwacha","rate":0.24164677804297,"date":"Sun, 27 Jun 2021 23:55:01 GMT","inverseRate":4.1382716049382},"yer":{"code":"YER","alphaCode":"YER","numericCode":"886","name":"Yemeni rial","rate":2.6903148664807,"date":"Sun, 27 Jun 2021 23:55:01 GMT","inverseRate":0.3717037037037},"dop":{"code":"DOP","alphaCode":"DOP","numericCode":"214","name":"Dominican Peso","rate":0.60911457221349,"date":"Sun, 27 Jun 2021 23:55:01 GMT","inverseRate":1.6417272638316},"nzd":{"code":"NZD","alphaCode":"NZD","numericCode":"554","name":"New Zealand Dollar","rate":0.015157981162754,"date":"Sun, 27 Jun 2021 23:55:01 GMT","inverseRate":65.971846069924},"hrk":{"code":"HRK","alphaCode":"HRK","numericCode":"191","name":"Croatian Kuna","rate":0.067317870661482,"date":"Sun, 27 Jun 2021 23:55:01 GMT","inverseRate":14.854896481035},"dzd":{"code":"DZD","alphaCode":"DZD","numericCode":"012","name":"Algerian Dinar","rate":1.4286937224749,"date":"Sun, 27 Jun 2021 23:55:01 GMT","inverseRate":0.69994008111671},"ars":{"code":"ARS","alphaCode":"ARS","numericCode":"032","name":"Argentine Peso","rate":1.0229626792504,"date":"Sun, 27 Jun 2021 23:55:01 GMT","inverseRate":0.97755276930799},"stn":{"code":"STN","alphaCode":"STN","numericCode":"930","name":"S\u00e3o Tom\u00e9 and Pr\u00edncipe Dobra","rate":0.22216127262754,"date":"Sun, 27 Jun 2021 23:55:01 GMT","inverseRate":4.5012345679012},"xpf":{"code":"XPF","alphaCode":"XPF","numericCode":"953","name":"CFP Franc","rate":1.0702111354808,"date":"Sun, 27 Jun 2021 23:55:01 GMT","inverseRate":0.93439506172837},"all":{"code":"ALL","alphaCode":"ALL","numericCode":"008","name":"Albanian lek","rate":1.0987818443257,"date":"Sun, 27 Jun 2021 23:55:01 GMT","inverseRate":0.91009876543206},"mur":{"code":"MUR","alphaCode":"MUR","numericCode":"480","name":"Mauritian Rupee","rate":0.43926247288505,"date":"Sun, 27 Jun 2021 23:55:01 GMT","inverseRate":2.2765432098764},"sos":{"code":"SOS","alphaCode":"SOS","numericCode":"706","name":"Somali shilling","rate":6.1879297173418,"date":"Sun, 27 Jun 2021 23:55:01 GMT","inverseRate":0.1616049382716},"ang":{"code":"ANG","alphaCode":"ANG","numericCode":"532","name":"Neth. Antillean Guilder","rate":0.019080106742595,"date":"Sun, 27 Jun 2021 23:55:01 GMT","inverseRate":52.410608257634},"pkr":{"code":"PKR","alphaCode":"PKR","numericCode":"586","name":"Pakistani Rupee","rate":1.6591939765382,"date":"Sun, 27 Jun 2021 23:55:01 GMT","inverseRate":0.60270228444684},"krw":{"code":"KRW","alphaCode":"KRW","numericCode":"410","name":"South Korean Won","rate":12.093490679671,"date":"Sun, 27 Jun 2021 23:55:01 GMT","inverseRate":0.082689111563212},"azn":{"code":"AZN","alphaCode":"AZN","numericCode":"944","name":"Azerbaijan Manat","rate":0.018186209767569,"date":"Sun, 27 Jun 2021 23:55:01 GMT","inverseRate":54.98671866104},"pyg":{"code":"PYG","alphaCode":"PYG","numericCode":"600","name":"Paraguayan Guaran\u00ed","rate":72.725619929024,"date":"Sun, 27 Jun 2021 23:55:01 GMT","inverseRate":0.01375031248927},"bnd":{"code":"BND","alphaCode":"BND","numericCode":"096","name":"Brunei Dollar","rate":0.014398464163823,"date":"Sun, 27 Jun 2021 23:55:01 GMT","inverseRate":69.45185185185},"kmf":{"code":"KMF","alphaCode":"KMF","numericCode":"174","name":"\tComoro franc","rate":4.4339829209548,"date":"Sun, 27 Jun 2021 23:55:01 GMT","inverseRate":0.22553086419752},"szl":{"code":"SZL","alphaCode":"SZL","numericCode":"748","name":"Swazi lilangeni","rate":0.15208411565904,"date":"Sun, 27 Jun 2021 23:55:01 GMT","inverseRate":6.5753086419751},"wst":{"code":"WST","alphaCode":"WST","numericCode":"882","name":"Samoan tala","rate":0.027193983750756,"date":"Sun, 27 Jun 2021 23:55:01 GMT","inverseRate":36.772839506172},"egp":{"code":"EGP","alphaCode":"EGP","numericCode":"818","name":"Egyptian Pound","rate":0.16819306639452,"date":"Sun, 27 Jun 2021 23:55:01 GMT","inverseRate":5.9455483001562},"sgd":{"code":"SGD","alphaCode":"SGD","numericCode":"702","name":"Singapore Dollar","rate":0.01439620524287,"date":"Sun, 27 Jun 2021 23:55:01 GMT","inverseRate":69.462749601691},"zar":{"code":"ZAR","alphaCode":"ZAR","numericCode":"710","name":"South African Rand","rate":0.15125053287724,"date":"Sun, 27 Jun 2021 23:55:01 GMT","inverseRate":6.6115469544273},"kgs":{"code":"KGS","alphaCode":"KGS","numericCode":"417","name":"Kyrgyzstan Som","rate":0.89671073588111,"date":"Sun, 27 Jun 2021 23:55:01 GMT","inverseRate":1.1151868266832},"crc":{"code":"CRC","alphaCode":"CRC","numericCode":"188","name":"Costa Rican Col\u00f3n","rate":6.6264757005302,"date":"Sun, 27 Jun 2021 23:55:01 GMT","inverseRate":0.15090978148761},"jmd":{"code":"JMD","alphaCode":"JMD","numericCode":"388","name":"Jamaican Dollar","rate":1.600790513834,"date":"Sun, 27 Jun 2021 23:55:01 GMT","inverseRate":0.62469135802468},"ssp":{"code":"SSP","alphaCode":"SSP","numericCode":"728","name":"South Sudanese pound","rate":1.9026590247111,"date":"Sun, 27 Jun 2021 23:55:01 GMT","inverseRate":0.52558024691357},"ern":{"code":"ERN","alphaCode":"ERN","numericCode":"232","name":"Eritrean nakfa","rate":0.16129032258065,"date":"Sun, 27 Jun 2021 23:55:01 GMT","inverseRate":6.1999999999997},"bam":{"code":"BAM","alphaCode":"BAM","numericCode":"977","name":"Bosnia and Herzegovina convertible mark","rate":0.017711112082915,"date":"Sun, 27 Jun 2021 23:55:01 GMT","inverseRate":56.46172839506},"inr":{"code":"INR","alphaCode":"INR","numericCode":"356","name":"Indian Rupee","rate":0.79593910066078,"date":"Sun, 27 Jun 2021 23:55:01 GMT","inverseRate":1.2563775283433},"try":{"code":"TRY","alphaCode":"TRY","numericCode":"949","name":"Turkish Lira","rate":0.093459722913961,"date":"Sun, 27 Jun 2021 23:55:01 GMT","inverseRate":10.699796327458},"twd":{"code":"TWD","alphaCode":"TWD","numericCode":"901","name":"New Taiwan Dollar ","rate":0.29931492545638,"date":"Sun, 27 Jun 2021 23:55:01 GMT","inverseRate":3.3409626949784},"tmt":{"code":"TMT","alphaCode":"TMT","numericCode":"934","name":"New Turkmenistan Manat","rate":0.037453697330031,"date":"Sun, 27 Jun 2021 23:55:01 GMT","inverseRate":26.699633715419},"mga":{"code":"MGA","alphaCode":"MGA","numericCode":"969","name":"Malagasy ariary","rate":40.500000000001,"date":"Sun, 27 Jun 2021 23:55:01 GMT","inverseRate":0.024691358024691},"srd":{"code":"SRD","alphaCode":"SRD","numericCode":"968","name":"Surinamese dollar","rate":0.22264980758659,"date":"Sun, 27 Jun 2021 23:55:01 GMT","inverseRate":4.4913580246913},"ghs":{"code":"GHS","alphaCode":"GHS","numericCode":"936","name":"Ghanaian Cedi","rate":0.062365260240225,"date":"Sun, 27 Jun 2021 23:55:01 GMT","inverseRate":16.034567901234},"mop":{"code":"MOP","alphaCode":"MOP","numericCode":"446","name":"Macanese pataca","rate":0.085623678646936,"date":"Sun, 27 Jun 2021 23:55:01 GMT","inverseRate":11.679012345679},"lbp":{"code":"LBP","alphaCode":"LBP","numericCode":"422","name":"Lebanese Pound","rate":16.1557718045,"date":"Sun, 27 Jun 2021 23:55:01 GMT","inverseRate":0.061897383306781},"huf":{"code":"HUF","alphaCode":"HUF","numericCode":"348","name":"Hungarian Forint","rate":3.1569879245027,"date":"Sun, 27 Jun 2021 23:55:01 GMT","inverseRate":0.31675762591253},"ngn":{"code":"NGN","alphaCode":"NGN","numericCode":"566","name":"Nigerian Naira","rate":4.3979952096671,"date":"Sun, 27 Jun 2021 23:55:01 GMT","inverseRate":0.22737632769629},"irr":{"code":"IRR","alphaCode":"IRR","numericCode":"364","name":"Iranian rial","rate":449.49113566392,"date":"Sun, 27 Jun 2021 23:55:01 GMT","inverseRate":0.002224737977364},"ves":{"code":"VES","alphaCode":"VES","numericCode":"928","name":"Venezuelan Bolivar","rate":34033.613445379,"date":"Sun, 27 Jun 2021 23:55:01 GMT","inverseRate":2.9382716049382e-5},"sbd":{"code":"SBD","alphaCode":"SBD","numericCode":"090","name":"Solomon Islands dollar","rate":0.087228085289686,"date":"Sun, 27 Jun 2021 23:55:01 GMT","inverseRate":11.464197530864},"mwk":{"code":"MWK","alphaCode":"MWK","numericCode":"454","name":"Malawian kwacha","rate":8.6170212765959,"date":"Sun, 27 Jun 2021 23:55:01 GMT","inverseRate":0.11604938271605},"gtq":{"code":"GTQ","alphaCode":"GTQ","numericCode":"320","name":"Guatemalan Quetzal","rate":0.082737487231871,"date":"Sun, 27 Jun 2021 23:55:01 GMT","inverseRate":12.086419753086},"sek":{"code":"SEK","alphaCode":"SEK","numericCode":"752","name":"Swedish Krona","rate":0.090834989826144,"date":"Sun, 27 Jun 2021 23:55:01 GMT","inverseRate":11.00897354548},"npr":{"code":"NPR","alphaCode":"NPR","numericCode":"524","name":"Nepalese Rupee","rate":1.2721725986983,"date":"Sun, 27 Jun 2021 23:55:01 GMT","inverseRate":0.7860568613278},"isk":{"code":"ISK","alphaCode":"ISK","numericCode":"352","name":"Icelandic Krona","rate":1.3203237717094,"date":"Sun, 27 Jun 2021 23:55:01 GMT","inverseRate":0.75738998375023},"gip":{"code":"GIP","alphaCode":"GIP","numericCode":"292","name":"Gibraltar pound","rate":0.0076794769895473,"date":"Sun, 27 Jun 2021 23:55:01 GMT","inverseRate":130.21720116632},"gel":{"code":"GEL","alphaCode":"GEL","numericCode":"981","name":"Georgian lari","rate":0.034750897827564,"date":"Sun, 27 Jun 2021 23:55:01 GMT","inverseRate":28.776234932463},"mkd":{"code":"MKD","alphaCode":"MKD","numericCode":"807","name":"Macedonian denar","rate":0.55405072642205,"date":"Sun, 27 Jun 2021 23:55:01 GMT","inverseRate":1.8048888888889},"bif":{"code":"BIF","alphaCode":"BIF","numericCode":"108","name":"Burundian franc","rate":21.170935703084,"date":"Sun, 27 Jun 2021 23:55:01 GMT","inverseRate":0.047234567901234},"mmk":{"code":"MMK","alphaCode":"MMK","numericCode":"104","name":"Myanma Kyat","rate":17.608695652174,"date":"Sun, 27 Jun 2021 23:55:01 GMT","inverseRate":0.05679012345679},"mvr":{"code":"MVR","alphaCode":"MVR","numericCode":"462","name":"Maldivian rufiyaa","rate":0.16537362188648,"date":"Sun, 27 Jun 2021 23:55:01 GMT","inverseRate":6.0469135802469},"kes":{"code":"KES","alphaCode":"KES","numericCode":"404","name":"Kenyan shilling","rate":1.152598326598,"date":"Sun, 27 Jun 2021 23:55:01 GMT","inverseRate":0.86760493827156},"aed":{"code":"AED","alphaCode":"AED","numericCode":"784","name":"U.A.E Dirham","rate":0.039331424875494,"date":"Sun, 27 Jun 2021 23:55:01 GMT","inverseRate":25.424962435649},"php":{"code":"PHP","alphaCode":"PHP","numericCode":"608","name":"Philippine Peso","rate":0.52036640883925,"date":"Sun, 27 Jun 2021 23:55:01 GMT","inverseRate":1.92172281495},"ils":{"code":"ILS","alphaCode":"ILS","numericCode":"376","name":"Israeli New Sheqel","rate":0.034841137499282,"date":"Sun, 27 Jun 2021 23:55:01 GMT","inverseRate":28.701703554328},"mro":{"code":"MRO","alphaCode":"MRO","numericCode":"478","name":"Mauritanian Ouguiya","rate":0.3884885677781,"date":"Sun, 27 Jun 2021 23:55:01 GMT","inverseRate":2.5740783202949},"cop":{"code":"COP","alphaCode":"COP","numericCode":"170","name":"Colombian Peso","rate":40.338868766307,"date":"Sun, 27 Jun 2021 23:55:01 GMT","inverseRate":0.024789986198999},"bzd":{"code":"BZD","alphaCode":"BZD","numericCode":"084","name":"Belize dollar","rate":0.021563198807369,"date":"Sun, 27 Jun 2021 23:55:01 GMT","inverseRate":46.375308641974},"gnf":{"code":"GNF","alphaCode":"GNF","numericCode":"324","name":"Guinean franc","rate":104.92227979275,"date":"Sun, 27 Jun 2021 23:55:01 GMT","inverseRate":0.0095308641975308},"sll":{"code":"SLL","alphaCode":"SLL","numericCode":"694","name":"Sierra Leonean leone","rate":109.75609756098,"date":"Sun, 27 Jun 2021 23:55:01 GMT","inverseRate":0.0091111111111111},"ugx":{"code":"UGX","alphaCode":"UGX","numericCode":"800","name":"Ugandan shilling","rate":38.243626062323,"date":"Sun, 27 Jun 2021 23:55:01 GMT","inverseRate":0.026148148148148},"cny":{"code":"CNY","alphaCode":"CNY","numericCode":"156","name":"Chinese Yuan","rate":0.069261450025303,"date":"Sun, 27 Jun 2021 23:55:01 GMT","inverseRate":14.438045978458},"sar":{"code":"SAR","alphaCode":"SAR","numericCode":"682","name":"Saudi Riyal","rate":0.040231705500594,"date":"Sun, 27 Jun 2021 23:55:01 GMT","inverseRate":24.856018097101},"myr":{"code":"MYR","alphaCode":"MYR","numericCode":"458","name":"Malaysian Ringgit","rate":0.044457212390011,"date":"Sun, 27 Jun 2021 23:55:01 GMT","inverseRate":22.493538083928},"kzt":{"code":"KZT","alphaCode":"KZT","numericCode":"398","name":"Kazakhstani Tenge","rate":4.5732794813287,"date":"Sun, 27 Jun 2021 23:55:01 GMT","inverseRate":0.21866146691509},"bob":{"code":"BOB","alphaCode":"BOB","numericCode":"068","name":"Bolivian Boliviano","rate":0.0737319866341,"date":"Sun, 27 Jun 2021 23:55:01 GMT","inverseRate":13.562634694255},"gyd":{"code":"GYD","alphaCode":"GYD","numericCode":"328","name":"Guyanese dollar","rate":2.23423622221,"date":"Sun, 27 Jun 2021 23:55:01 GMT","inverseRate":0.44758024691358},"rwf":{"code":"RWF","alphaCode":"RWF","numericCode":"646","name":"Rwandan franc","rate":10.756972111554,"date":"Sun, 27 Jun 2021 23:55:01 GMT","inverseRate":0.092962962962964},"mzn":{"code":"MZN","alphaCode":"MZN","numericCode":"943","name":"Mozambican metical","rate":0.68181818181821,"date":"Sun, 27 Jun 2021 23:55:01 GMT","inverseRate":1.4666666666666},"vuv":{"code":"VUV","alphaCode":"VUV","numericCode":"548","name":"Vanuatu vatu","rate":1.1752756819501,"date":"Sun, 27 Jun 2021 23:55:01 GMT","inverseRate":0.85086419753086},"idr":{"code":"IDR","alphaCode":"IDR","numericCode":"360","name":"Indonesian Rupiah","rate":154.93135305393,"date":"Sun, 27 Jun 2021 23:55:01 GMT","inverseRate":0.0064544714822954},"tnd":{"code":"TND","alphaCode":"TND","numericCode":"788","name":"Tunisian Dinar","rate":0.029338598464172,"date":"Sun, 27 Jun 2021 23:55:01 GMT","inverseRate":34.084791106201},"xof":{"code":"XOF","alphaCode":"XOF","numericCode":"952","name":"West African CFA Franc","rate":5.8972017667625,"date":"Sun, 27 Jun 2021 23:55:01 GMT","inverseRate":0.16957194946867},"tjs":{"code":"TJS","alphaCode":"TJS","numericCode":"972","name":"Tajikistan Ruble","rate":0.12131085897505,"date":"Sun, 27 Jun 2021 23:55:01 GMT","inverseRate":8.2432851308527},"afn":{"code":"AFN","alphaCode":"AFN","numericCode":"971","name":"Afghan afghani","rate":0.84614741768346,"date":"Sun, 27 Jun 2021 23:55:01 GMT","inverseRate":1.1818271604938},"nad":{"code":"NAD","alphaCode":"NAD","numericCode":"516","name":"Namibian dollar","rate":0.15208411565904,"date":"Sun, 27 Jun 2021 23:55:01 GMT","inverseRate":6.5753086419751},"syp":{"code":"SYP","alphaCode":"SYP","numericCode":"760","name":"Syrian pound","rate":27,"date":"Sun, 27 Jun 2021 23:55:01 GMT","inverseRate":0.037037037037037},"top":{"code":"TOP","alphaCode":"TOP","numericCode":"776","name":"Tongan pa\u02bbanga","rate":0.023699455790275,"date":"Sun, 27 Jun 2021 23:55:01 GMT","inverseRate":42.195061728394},"kwd":{"code":"KWD","alphaCode":"KWD","numericCode":"414","name":"Kuwaiti Dinar","rate":0.0032267855931632,"date":"Sun, 27 Jun 2021 23:55:01 GMT","inverseRate":309.90593304953},"czk":{"code":"CZK","alphaCode":"CZK","numericCode":"203","name":"Czech Koruna","rate":0.22881268010802,"date":"Sun, 27 Jun 2021 23:55:01 GMT","inverseRate":4.3703871635432},"pgk":{"code":"PGK","alphaCode":"PGK","numericCode":"598","name":"Papua New Guinean kina","rate":0.037653710488428,"date":"Sun, 27 Jun 2021 23:55:01 GMT","inverseRate":26.557807637771},"uah":{"code":"UAH","alphaCode":"UAH","numericCode":"980","name":"Ukrainian Hryvnia","rate":0.29391615031257,"date":"Sun, 27 Jun 2021 23:55:01 GMT","inverseRate":3.40233089926},"etb":{"code":"ETB","alphaCode":"ETB","numericCode":"230","name":"Ethiopian birr","rate":0.46820809248553,"date":"Sun, 27 Jun 2021 23:55:01 GMT","inverseRate":2.1358024691359},"xcd":{"code":"XCD","alphaCode":"XCD","numericCode":"951","name":"East Caribbean Dollar","rate":0.028986544517608,"date":"Sun, 27 Jun 2021 23:55:01 GMT","inverseRate":34.498765432098},"lak":{"code":"LAK","alphaCode":"LAK","numericCode":"418","name":"Lao kip","rate":101.5037593985,"date":"Sun, 27 Jun 2021 23:55:01 GMT","inverseRate":0.0098518518518517},"bwp":{"code":"BWP","alphaCode":"BWP","numericCode":"072","name":"Botswana Pula","rate":0.11627906976745,"date":"Sun, 27 Jun 2021 23:55:01 GMT","inverseRate":8.5999999999994},"nok":{"code":"NOK","alphaCode":"NOK","numericCode":"578","name":"Norwegian Krone","rate":0.091024161593206,"date":"Sun, 27 Jun 2021 23:55:01 GMT","inverseRate":10.986094049062},"mad":{"code":"MAD","alphaCode":"MAD","numericCode":"504","name":"Moroccan Dirham","rate":0.09477311070328,"date":"Sun, 27 Jun 2021 23:55:01 GMT","inverseRate":10.551516063779},"ron":{"code":"RON","alphaCode":"RON","numericCode":"946","name":"Romanian New Leu","rate":0.044232847088035,"date":"Sun, 27 Jun 2021 23:55:01 GMT","inverseRate":22.607633598844},"byn":{"code":"BYN","alphaCode":"BYN","numericCode":"933","name":"Belarussian Ruble","rate":0.027103387998909,"date":"Sun, 27 Jun 2021 23:55:01 GMT","inverseRate":36.895756354898},"rsd":{"code":"RSD","alphaCode":"RSD","numericCode":"941","name":"Serbian Dinar","rate":1.0355447075071,"date":"Sun, 27 Jun 2021 23:55:01 GMT","inverseRate":0.96567535206407},"gmd":{"code":"GMD","alphaCode":"GMD","numericCode":"270","name":"Gambian dalasi","rate":0.55555555555559,"date":"Sun, 27 Jun 2021 23:55:01 GMT","inverseRate":1.7999999999999},"awg":{"code":"AWG","alphaCode":"AWG","numericCode":"533","name":"Aruban florin","rate":0.019363166953529,"date":"Sun, 27 Jun 2021 23:55:01 GMT","inverseRate":51.644444444443},"aoa":{"code":"AOA","alphaCode":"AOA","numericCode":"973","name":"Angolan kwanza","rate":6.9827586206898,"date":"Sun, 27 Jun 2021 23:55:01 GMT","inverseRate":0.14320987654321},"khr":{"code":"KHR","alphaCode":"KHR","numericCode":"116","name":"Cambodian riel","rate":43.595263724438,"date":"Sun, 27 Jun 2021 23:55:01 GMT","inverseRate":0.022938271604937},"scr":{"code":"SCR","alphaCode":"SCR","numericCode":"690","name":"Seychelles rupee","rate":0.1603325415677,"date":"Sun, 27 Jun 2021 23:55:01 GMT","inverseRate":6.2370370370367},"bhd":{"code":"BHD","alphaCode":"BHD","numericCode":"048","name":"Bahrain Dinar","rate":0.0040375321491024,"date":"Sun, 27 Jun 2021 23:55:01 GMT","inverseRate":247.67604642413},"omr":{"code":"OMR","alphaCode":"OMR","numericCode":"512","name":"Omani Rial","rate":0.0041265409099767,"date":"Sun, 27 Jun 2021 23:55:01 GMT","inverseRate":242.33371771071},"rub":{"code":"RUB","alphaCode":"RUB","numericCode":"643","name":"Russian Rouble","rate":0.77425593928214,"date":"Sun, 27 Jun 2021 23:55:01 GMT","inverseRate":1.2915625819121},"lyd":{"code":"LYD","alphaCode":"LYD","numericCode":"434","name":"Libyan Dinar","rate":0.047750982138964,"date":"Sun, 27 Jun 2021 23:55:01 GMT","inverseRate":20.941977634928},"clp":{"code":"CLP","alphaCode":"CLP","numericCode":"152","name":"Chilean Peso","rate":7.8731821063121,"date":"Sun, 27 Jun 2021 23:55:01 GMT","inverseRate":0.12701344723098},"bsd":{"code":"BSD","alphaCode":"BSD","numericCode":"044","name":"Bahamian Dollar","rate":0.010692222398226,"date":"Sun, 27 Jun 2021 23:55:01 GMT","inverseRate":93.525925925924},"djf":{"code":"DJF","alphaCode":"DJF","numericCode":"262","name":"Djiboutian franc","rate":1.9043588658485,"date":"Sun, 27 Jun 2021 23:55:01 GMT","inverseRate":0.52511111111111},"hnl":{"code":"HNL","alphaCode":"HNL","numericCode":"340","name":"Honduran Lempira","rate":0.25632911392405,"date":"Sun, 27 Jun 2021 23:55:01 GMT","inverseRate":3.9012345679012},"tzs":{"code":"TZS","alphaCode":"TZS","numericCode":"834","name":"Tanzanian shilling","rate":24.800979791795,"date":"Sun, 27 Jun 2021 23:55:01 GMT","inverseRate":0.04032098765432},"bbd":{"code":"BBD","alphaCode":"BBD","numericCode":"052","name":"Barbadian Dollar","rate":0.021470369872462,"date":"Sun, 27 Jun 2021 23:55:01 GMT","inverseRate":46.575816156879},"bdt":{"code":"BDT","alphaCode":"BDT","numericCode":"050","name":"Bangladeshi taka","rate":0.90764102805073,"date":"Sun, 27 Jun 2021 23:55:01 GMT","inverseRate":1.1017571584965},"qar":{"code":"QAR","alphaCode":"QAR","numericCode":"634","name":"Qatari Rial","rate":0.03924389327788,"date":"Sun, 27 Jun 2021 23:55:01 GMT","inverseRate":25.481671579299},"mxn":{"code":"MXN","alphaCode":"MXN","numericCode":"484","name":"Mexican Peso","rate":0.21238091477613,"date":"Sun, 27 Jun 2021 23:55:01 GMT","inverseRate":4.7085210130772},"amd":{"code":"AMD","alphaCode":"AMD","numericCode":"051","name":"Armenia Dram","rate":5.553965772112,"date":"Sun, 27 Jun 2021 23:55:01 GMT","inverseRate":0.18005152372765},"uyu":{"code":"UYU","alphaCode":"UYU","numericCode":"858","name":"Uruguayan Peso","rate":0.46694945574553,"date":"Sun, 27 Jun 2021 23:55:01 GMT","inverseRate":2.1415594079736},"fjd":{"code":"FJD","alphaCode":"FJD","numericCode":"242","name":"Fiji Dollar","rate":0.022064832470717,"date":"Sun, 27 Jun 2021 23:55:01 GMT","inverseRate":45.32098765432},"cdf":{"code":"CDF","alphaCode":"CDF","numericCode":"976","name":"Congolese franc","rate":21.271008403362,"date":"Sun, 27 Jun 2021 23:55:01 GMT","inverseRate":0.047012345679012},"lsl":{"code":"LSL","alphaCode":"LSL","numericCode":"426","name":"Lesotho loti","rate":0.15214124718257,"date":"Sun, 27 Jun 2021 23:55:01 GMT","inverseRate":6.5728395061727},"mnt":{"code":"MNT","alphaCode":"MNT","numericCode":"496","name":"Mongolian togrog","rate":30.496987951807,"date":"Sun, 27 Jun 2021 23:55:01 GMT","inverseRate":0.03279012345679},"brl":{"code":"BRL","alphaCode":"BRL","numericCode":"986","name":"Brazilian Real","rate":0.053619177358097,"date":"Sun, 27 Jun 2021 23:55:01 GMT","inverseRate":18.650043683465},"hkd":{"code":"HKD","alphaCode":"HKD","numericCode":"344","name":"Hong Kong Dollar","rate":0.083272441728699,"date":"Sun, 27 Jun 2021 23:55:01 GMT","inverseRate":12.008774802809},"thb":{"code":"THB","alphaCode":"THB","numericCode":"764","name":"Thai Baht","rate":0.339049708917,"date":"Sun, 27 Jun 2021 23:55:01 GMT","inverseRate":2.9494200221974},"xaf":{"code":"XAF","alphaCode":"XAF","numericCode":"950","name":"Central African CFA Franc","rate":5.9022012993381,"date":"Sun, 27 Jun 2021 23:55:01 GMT","inverseRate":0.16942831145257},"mdl":{"code":"MDL","alphaCode":"MDL","numericCode":"498","name":"Moldova Lei","rate":0.1930199762777,"date":"Sun, 27 Jun 2021 23:55:01 GMT","inverseRate":5.180810915453},"nio":{"code":"NIO","alphaCode":"NIO","numericCode":"558","name":"Nicaraguan C\u00f3rdoba","rate":0.37523842087066,"date":"Sun, 27 Jun 2021 23:55:01 GMT","inverseRate":2.6649723066196},"lrd":{"code":"LRD","alphaCode":"LRD","numericCode":"430","name":"Liberian dollar","rate":1.8325791855205,"date":"Sun, 27 Jun 2021 23:55:01 GMT","inverseRate":0.54567901234565},"sdg":{"code":"SDG","alphaCode":"SDG","numericCode":"938","name":"Sudanese pound","rate":4.7093023255815,"date":"Sun, 27 Jun 2021 23:55:01 GMT","inverseRate":0.21234567901234},"mru":{"code":"MRU","alphaCode":"MRU","numericCode":"929","name":"Mauritanian ouguiya","rate":0.38645038167939,"date":"Sun, 27 Jun 2021 23:55:01 GMT","inverseRate":2.5876543209876},"dkk":{"code":"DKK","alphaCode":"DKK","numericCode":"208","name":"Danish Krone","rate":0.06677658181511,"date":"Sun, 27 Jun 2021 23:55:01 GMT","inverseRate":14.975309799007},"jod":{"code":"JOD","alphaCode":"JOD","numericCode":"400","name":"Jordanian Dinar","rate":0.0076012070282118,"date":"Sun, 27 Jun 2021 23:55:01 GMT","inverseRate":131.55805338396},"bgn":{"code":"BGN","alphaCode":"BGN","numericCode":"975","name":"Bulgarian Lev","rate":0.01756297860127,"date":"Sun, 27 Jun 2021 23:55:01 GMT","inverseRate":56.937950145183},"vnd":{"code":"VND","alphaCode":"VND","numericCode":"704","name":"Vietnamese Dong","rate":246.76916642179,"date":"Sun, 27 Jun 2021 23:55:01 GMT","inverseRate":0.0040523701340011},"uzs":{"code":"UZS","alphaCode":"UZS","numericCode":"860","name":"Uzbekistan Sum","rate":113.11389743911,"date":"Sun, 27 Jun 2021 23:55:01 GMT","inverseRate":0.0088406466635834},"pab":{"code":"PAB","alphaCode":"PAB","numericCode":"590","name":"Panamanian Balboa","rate":0.010692222398226,"date":"Sun, 27 Jun 2021 23:55:01 GMT","inverseRate":93.525925925924},"ttd":{"code":"TTD","alphaCode":"TTD","numericCode":"780","name":"Trinidad Tobago Dollar","rate":0.072710951526032,"date":"Sun, 27 Jun 2021 23:55:01 GMT","inverseRate":13.753086419753},"htg":{"code":"HTG","alphaCode":"HTG","numericCode":"332","name":"Haitian gourde","rate":1.0049627791564,"date":"Sun, 27 Jun 2021 23:55:01 GMT","inverseRate":0.99506172839503},"cup":{"code":"CUP","alphaCode":"CUP","numericCode":"192","name":"Cuban peso","rate":0.010692222398226,"date":"Sun, 27 Jun 2021 23:55:01 GMT","inverseRate":93.525925925924}}