{"usd":{"code":"USD","alphaCode":"USD","numericCode":"840","name":"U.S. Dollar","rate":0.046888839472171,"date":"Sun, 27 Jun 2021 23:55:01 GMT","inverseRate":21.327036694809},"eur":{"code":"EUR","alphaCode":"EUR","numericCode":"978","name":"Euro","rate":0.039252931321501,"date":"Sun, 27 Jun 2021 23:55:01 GMT","inverseRate":25.475804387945},"gbp":{"code":"GBP","alphaCode":"GBP","numericCode":"826","name":"U.K. Pound Sterling","rate":0.033716942551564,"date":"Sun, 27 Jun 2021 23:55:01 GMT","inverseRate":29.658679711859},"jpy":{"code":"JPY","alphaCode":"JPY","numericCode":"392","name":"Japanese Yen","rate":5.1921344413466,"date":"Sun, 27 Jun 2021 23:55:01 GMT","inverseRate":0.19259901901551},"aud":{"code":"AUD","alphaCode":"AUD","numericCode":"036","name":"Australian Dollar","rate":0.061720469401288,"date":"Sun, 27 Jun 2021 23:55:01 GMT","inverseRate":16.202080277425},"chf":{"code":"CHF","alphaCode":"CHF","numericCode":"756","name":"Swiss Franc","rate":0.042997756598677,"date":"Sun, 27 Jun 2021 23:55:01 GMT","inverseRate":23.257027321997},"cad":{"code":"CAD","alphaCode":"CAD","numericCode":"124","name":"Canadian Dollar","rate":0.057673005749874,"date":"Sun, 27 Jun 2021 23:55:01 GMT","inverseRate":17.339134435562},"lkr":{"code":"LKR","alphaCode":"LKR","numericCode":"144","name":"Sri Lanka Rupee","rate":9.3168716543604,"date":"Sun, 27 Jun 2021 23:55:01 GMT","inverseRate":0.10733216438932},"pln":{"code":"PLN","alphaCode":"PLN","numericCode":"985","name":"Polish Zloty","rate":0.17704203222795,"date":"Sun, 27 Jun 2021 23:55:01 GMT","inverseRate":5.6483761930188},"pen":{"code":"PEN","alphaCode":"PEN","numericCode":"604","name":"Peruvian Nuevo Sol","rate":0.18662701129617,"date":"Sun, 27 Jun 2021 23:55:01 GMT","inverseRate":5.3582811676335},"iqd":{"code":"IQD","alphaCode":"IQD","numericCode":"368","name":"Iraqi dinar","rate":68.275118229576,"date":"Sun, 27 Jun 2021 23:55:01 GMT","inverseRate":0.01464662421583},"svc":{"code":"SVC","alphaCode":"SVC","numericCode":"222","name":"Salvadoran colon","rate":0.40925012745318,"date":"Sun, 27 Jun 2021 23:55:01 GMT","inverseRate":2.4434934357214},"cve":{"code":"CVE","alphaCode":"CVE","numericCode":"132","name":"Cape Verde escudo","rate":4.3703871635432,"date":"Sun, 27 Jun 2021 23:55:01 GMT","inverseRate":0.22881268010802},"zmw":{"code":"ZMW","alphaCode":"ZMW","numericCode":"967","name":"Zambian kwacha","rate":1.0560899768705,"date":"Sun, 27 Jun 2021 23:55:01 GMT","inverseRate":0.94688901694082},"yer":{"code":"YER","alphaCode":"YER","numericCode":"886","name":"Yemeni rial","rate":11.757717558357,"date":"Sun, 27 Jun 2021 23:55:01 GMT","inverseRate":0.085050520650521},"dop":{"code":"DOP","alphaCode":"DOP","numericCode":"214","name":"Dominican Peso","rate":2.6620665075289,"date":"Sun, 27 Jun 2021 23:55:01 GMT","inverseRate":0.37564801524371},"nzd":{"code":"NZD","alphaCode":"NZD","numericCode":"554","name":"New Zealand Dollar","rate":0.066246246298928,"date":"Sun, 27 Jun 2021 23:55:01 GMT","inverseRate":15.095194910933},"hrk":{"code":"HRK","alphaCode":"HRK","numericCode":"191","name":"Croatian Kuna","rate":0.294205157816,"date":"Sun, 27 Jun 2021 23:55:01 GMT","inverseRate":3.3989886765528},"dzd":{"code":"DZD","alphaCode":"DZD","numericCode":"012","name":"Algerian Dinar","rate":6.2439447053388,"date":"Sun, 27 Jun 2021 23:55:01 GMT","inverseRate":0.16015516587534},"ars":{"code":"ARS","alphaCode":"ARS","numericCode":"032","name":"Argentine Peso","rate":4.4707429621799,"date":"Sun, 27 Jun 2021 23:55:01 GMT","inverseRate":0.22367646909238},"stn":{"code":"STN","alphaCode":"STN","numericCode":"930","name":"S\u00e3o Tom\u00e9 and Pr\u00edncipe Dobra","rate":0.9709307741278,"date":"Sun, 27 Jun 2021 23:55:01 GMT","inverseRate":1.0299395452763},"xpf":{"code":"XPF","alphaCode":"XPF","numericCode":"953","name":"CFP Franc","rate":4.6772370087863,"date":"Sun, 27 Jun 2021 23:55:01 GMT","inverseRate":0.21380143835377},"all":{"code":"ALL","alphaCode":"ALL","numericCode":"008","name":"Albanian lek","rate":4.8021020679754,"date":"Sun, 27 Jun 2021 23:55:01 GMT","inverseRate":0.20824213768151},"mur":{"code":"MUR","alphaCode":"MUR","numericCode":"480","name":"Mauritian Rupee","rate":1.919747072923,"date":"Sun, 27 Jun 2021 23:55:01 GMT","inverseRate":0.52090195323355},"sos":{"code":"SOS","alphaCode":"SOS","numericCode":"706","name":"Somali shilling","rate":27.043648605578,"date":"Sun, 27 Jun 2021 23:55:01 GMT","inverseRate":0.036977259044615},"ang":{"code":"ANG","alphaCode":"ANG","numericCode":"532","name":"Neth. Antillean Guilder","rate":0.083387453586872,"date":"Sun, 27 Jun 2021 23:55:01 GMT","inverseRate":11.992211741521},"pkr":{"code":"PKR","alphaCode":"PKR","numericCode":"586","name":"Pakistani Rupee","rate":7.2513200568906,"date":"Sun, 27 Jun 2021 23:55:01 GMT","inverseRate":0.13790592501151},"krw":{"code":"KRW","alphaCode":"KRW","numericCode":"410","name":"South Korean Won","rate":52.853236428864,"date":"Sun, 27 Jun 2021 23:55:01 GMT","inverseRate":0.01892031723253},"azn":{"code":"AZN","alphaCode":"AZN","numericCode":"944","name":"Azerbaijan Manat","rate":0.079480777721688,"date":"Sun, 27 Jun 2021 23:55:01 GMT","inverseRate":12.581658467178},"pyg":{"code":"PYG","alphaCode":"PYG","numericCode":"600","name":"Paraguayan Guaran\u00ed","rate":317.83911579853,"date":"Sun, 27 Jun 2021 23:55:01 GMT","inverseRate":0.0031462458529928},"bnd":{"code":"BND","alphaCode":"BND","numericCode":"096","name":"Brunei Dollar","rate":0.062926862956308,"date":"Sun, 27 Jun 2021 23:55:01 GMT","inverseRate":15.891464360687},"kmf":{"code":"KMF","alphaCode":"KMF","numericCode":"174","name":"\tComoro franc","rate":19.37822204111,"date":"Sun, 27 Jun 2021 23:55:01 GMT","inverseRate":0.051604321484114},"szl":{"code":"SZL","alphaCode":"SZL","numericCode":"748","name":"Swazi lilangeni","rate":0.66466646685506,"date":"Sun, 27 Jun 2021 23:55:01 GMT","inverseRate":1.5045139929078},"wst":{"code":"WST","alphaCode":"WST","numericCode":"882","name":"Samoan tala","rate":0.1188482375099,"date":"Sun, 27 Jun 2021 23:55:01 GMT","inverseRate":8.4140919625894},"egp":{"code":"EGP","alphaCode":"EGP","numericCode":"818","name":"Egyptian Pound","rate":0.73506881836757,"date":"Sun, 27 Jun 2021 23:55:01 GMT","inverseRate":1.3604168412704},"sgd":{"code":"SGD","alphaCode":"SGD","numericCode":"702","name":"Singapore Dollar","rate":0.06291699059717,"date":"Sun, 27 Jun 2021 23:55:01 GMT","inverseRate":15.893957904035},"zar":{"code":"ZAR","alphaCode":"ZAR","numericCode":"710","name":"South African Rand","rate":0.66102338736574,"date":"Sun, 27 Jun 2021 23:55:01 GMT","inverseRate":1.5128057783025},"kgs":{"code":"KGS","alphaCode":"KGS","numericCode":"417","name":"Kyrgyzstan Som","rate":3.9189730895061,"date":"Sun, 27 Jun 2021 23:55:01 GMT","inverseRate":0.25516888663454},"crc":{"code":"CRC","alphaCode":"CRC","numericCode":"188","name":"Costa Rican Col\u00f3n","rate":28.960264341128,"date":"Sun, 27 Jun 2021 23:55:01 GMT","inverseRate":0.034530071556697},"jmd":{"code":"JMD","alphaCode":"JMD","numericCode":"388","name":"Jamaican Dollar","rate":6.9960743131819,"date":"Sun, 27 Jun 2021 23:55:01 GMT","inverseRate":0.14293730386995},"ssp":{"code":"SSP","alphaCode":"SSP","numericCode":"728","name":"South Sudanese pound","rate":8.3153565781971,"date":"Sun, 27 Jun 2021 23:55:01 GMT","inverseRate":0.12025942490813},"ern":{"code":"ERN","alphaCode":"ERN","numericCode":"232","name":"Eritrean nakfa","rate":0.70490115541022,"date":"Sun, 27 Jun 2021 23:55:01 GMT","inverseRate":1.4186386166697},"bam":{"code":"BAM","alphaCode":"BAM","numericCode":"977","name":"Bosnia and Herzegovina convertible mark","rate":0.077404416899245,"date":"Sun, 27 Jun 2021 23:55:01 GMT","inverseRate":12.919159397605},"inr":{"code":"INR","alphaCode":"INR","numericCode":"356","name":"Indian Rupee","rate":3.4785620284899,"date":"Sun, 27 Jun 2021 23:55:01 GMT","inverseRate":0.28747510948773},"try":{"code":"TRY","alphaCode":"TRY","numericCode":"949","name":"Turkish Lira","rate":0.40845517333147,"date":"Sun, 27 Jun 2021 23:55:01 GMT","inverseRate":2.4482490742955},"twd":{"code":"TWD","alphaCode":"TWD","numericCode":"901","name":"New Taiwan Dollar ","rate":1.3081221080714,"date":"Sun, 27 Jun 2021 23:55:01 GMT","inverseRate":0.76445462837893},"tmt":{"code":"TMT","alphaCode":"TMT","numericCode":"934","name":"New Turkmenistan Manat","rate":0.1636871580384,"date":"Sun, 27 Jun 2021 23:55:01 GMT","inverseRate":6.1092147483276},"mga":{"code":"MGA","alphaCode":"MGA","numericCode":"969","name":"Malagasy ariary","rate":177.0006801235,"date":"Sun, 27 Jun 2021 23:55:01 GMT","inverseRate":0.0056496958051361},"srd":{"code":"SRD","alphaCode":"SRD","numericCode":"968","name":"Surinamese dollar","rate":0.97306586104178,"date":"Sun, 27 Jun 2021 23:55:01 GMT","inverseRate":1.0276796669543},"ghs":{"code":"GHS","alphaCode":"GHS","numericCode":"936","name":"Ghanaian Cedi","rate":0.27256033280491,"date":"Sun, 27 Jun 2021 23:55:01 GMT","inverseRate":3.6689124558553},"mop":{"code":"MOP","alphaCode":"MOP","numericCode":"446","name":"Macanese pataca","rate":0.37420862605391,"date":"Sun, 27 Jun 2021 23:55:01 GMT","inverseRate":2.6723061158294},"lbp":{"code":"LBP","alphaCode":"LBP","numericCode":"422","name":"Lebanese Pound","rate":70.606977711518,"date":"Sun, 27 Jun 2021 23:55:01 GMT","inverseRate":0.014162906166098},"huf":{"code":"HUF","alphaCode":"HUF","numericCode":"348","name":"Hungarian Forint","rate":13.797259500707,"date":"Sun, 27 Jun 2021 23:55:01 GMT","inverseRate":0.072478161329699},"ngn":{"code":"NGN","alphaCode":"NGN","numericCode":"566","name":"Nigerian Naira","rate":19.220941809654,"date":"Sun, 27 Jun 2021 23:55:01 GMT","inverseRate":0.052026586933308},"irr":{"code":"IRR","alphaCode":"IRR","numericCode":"364","name":"Iranian rial","rate":1964.450289432,"date":"Sun, 27 Jun 2021 23:55:01 GMT","inverseRate":0.00050904825913876},"ves":{"code":"VES","alphaCode":"VES","numericCode":"928","name":"Venezuelan Bolivar","rate":148740.06733067,"date":"Sun, 27 Jun 2021 23:55:01 GMT","inverseRate":6.7231380081121e-6},"sbd":{"code":"SBD","alphaCode":"SBD","numericCode":"090","name":"Solomon Islands dollar","rate":0.38122050425049,"date":"Sun, 27 Jun 2021 23:55:01 GMT","inverseRate":2.6231537623247},"mwk":{"code":"MWK","alphaCode":"MWK","numericCode":"454","name":"Malawian kwacha","rate":37.659719175213,"date":"Sun, 27 Jun 2021 23:55:01 GMT","inverseRate":0.02655357028414},"gtq":{"code":"GTQ","alphaCode":"GTQ","numericCode":"320","name":"Guatemalan Quetzal","rate":0.36159485214198,"date":"Sun, 27 Jun 2021 23:55:01 GMT","inverseRate":2.7655260966142},"sek":{"code":"SEK","alphaCode":"SEK","numericCode":"752","name":"Swedish Krona","rate":0.39698407353675,"date":"Sun, 27 Jun 2021 23:55:01 GMT","inverseRate":2.5189927421797},"npr":{"code":"NPR","alphaCode":"NPR","numericCode":"524","name":"Nepalese Rupee","rate":5.5598867951623,"date":"Sun, 27 Jun 2021 23:55:01 GMT","inverseRate":0.17985977715771},"isk":{"code":"ISK","alphaCode":"ISK","numericCode":"352","name":"Icelandic Krona","rate":5.7703260635995,"date":"Sun, 27 Jun 2021 23:55:01 GMT","inverseRate":0.17330043206886},"gip":{"code":"GIP","alphaCode":"GIP","numericCode":"292","name":"Gibraltar pound","rate":0.033562287657842,"date":"Sun, 27 Jun 2021 23:55:01 GMT","inverseRate":29.795346795031},"gel":{"code":"GEL","alphaCode":"GEL","numericCode":"981","name":"Georgian lari","rate":0.15187487778718,"date":"Sun, 27 Jun 2021 23:55:01 GMT","inverseRate":6.584367438315},"mkd":{"code":"MKD","alphaCode":"MKD","numericCode":"807","name":"Macedonian denar","rate":2.4214161827067,"date":"Sun, 27 Jun 2021 23:55:01 GMT","inverseRate":0.41298146396386},"bif":{"code":"BIF","alphaCode":"BIF","numericCode":"108","name":"Burundian franc","rate":92.525185636957,"date":"Sun, 27 Jun 2021 23:55:01 GMT","inverseRate":0.010807868075226},"mmk":{"code":"MMK","alphaCode":"MMK","numericCode":"104","name":"Myanma Kyat","rate":76.956817444998,"date":"Sun, 27 Jun 2021 23:55:01 GMT","inverseRate":0.012994300351814},"mvr":{"code":"MVR","alphaCode":"MVR","numericCode":"462","name":"Maldivian rufiyaa","rate":0.72274675428133,"date":"Sun, 27 Jun 2021 23:55:01 GMT","inverseRate":1.3836105026779},"kes":{"code":"KES","alphaCode":"KES","numericCode":"404","name":"Kenyan shilling","rate":5.0373009312854,"date":"Sun, 27 Jun 2021 23:55:01 GMT","inverseRate":0.19851901120087},"aed":{"code":"AED","alphaCode":"AED","numericCode":"784","name":"U.A.E Dirham","rate":0.17189355439972,"date":"Sun, 27 Jun 2021 23:55:01 GMT","inverseRate":5.8175537965467},"php":{"code":"PHP","alphaCode":"PHP","numericCode":"608","name":"Philippine Peso","rate":2.2742026735301,"date":"Sun, 27 Jun 2021 23:55:01 GMT","inverseRate":0.43971454771345},"ils":{"code":"ILS","alphaCode":"ILS","numericCode":"376","name":"Israeli New Sheqel","rate":0.15226926009011,"date":"Sun, 27 Jun 2021 23:55:01 GMT","inverseRate":6.5673137139318},"mro":{"code":"MRO","alphaCode":"MRO","numericCode":"478","name":"Mauritanian Ouguiya","rate":1.6978454498007,"date":"Sun, 27 Jun 2021 23:55:01 GMT","inverseRate":0.58898175927462},"cop":{"code":"COP","alphaCode":"COP","numericCode":"170","name":"Colombian Peso","rate":176.29647424812,"date":"Sun, 27 Jun 2021 23:55:01 GMT","inverseRate":0.0056722631820339},"bzd":{"code":"BZD","alphaCode":"BZD","numericCode":"084","name":"Belize dollar","rate":0.094239527272657,"date":"Sun, 27 Jun 2021 23:55:01 GMT","inverseRate":10.611258661207},"gnf":{"code":"GNF","alphaCode":"GNF","numericCode":"324","name":"Guinean franc","rate":458.5509847759,"date":"Sun, 27 Jun 2021 23:55:01 GMT","inverseRate":0.0021807825807826},"sll":{"code":"SLL","alphaCode":"SLL","numericCode":"694","name":"Sierra Leonean leone","rate":479.67663990108,"date":"Sun, 27 Jun 2021 23:55:01 GMT","inverseRate":0.0020847377520953},"ugx":{"code":"UGX","alphaCode":"UGX","numericCode":"800","name":"Ugandan shilling","rate":167.13945243012,"date":"Sun, 27 Jun 2021 23:55:01 GMT","inverseRate":0.0059830278576393},"cny":{"code":"CNY","alphaCode":"CNY","numericCode":"156","name":"Chinese Yuan","rate":0.30269935211897,"date":"Sun, 27 Jun 2021 23:55:01 GMT","inverseRate":3.3036079958538},"sar":{"code":"SAR","alphaCode":"SAR","numericCode":"682","name":"Saudi Riyal","rate":0.17582812928725,"date":"Sun, 27 Jun 2021 23:55:01 GMT","inverseRate":5.6873721176111},"myr":{"code":"MYR","alphaCode":"MYR","numericCode":"458","name":"Malaysian Ringgit","rate":0.19429523035622,"date":"Sun, 27 Jun 2021 23:55:01 GMT","inverseRate":5.1468067340954},"kzt":{"code":"KZT","alphaCode":"KZT","numericCode":"398","name":"Kazakhstani Tenge","rate":19.987001940494,"date":"Sun, 27 Jun 2021 23:55:01 GMT","inverseRate":0.050032516281192},"bob":{"code":"BOB","alphaCode":"BOB","numericCode":"068","name":"Bolivian Boliviano","rate":0.3222373279282,"date":"Sun, 27 Jun 2021 23:55:01 GMT","inverseRate":3.1033027937186},"gyd":{"code":"GYD","alphaCode":"GYD","numericCode":"328","name":"Guyanese dollar","rate":9.7644773058696,"date":"Sun, 27 Jun 2021 23:55:01 GMT","inverseRate":0.10241203585971},"rwf":{"code":"RWF","alphaCode":"RWF","numericCode":"646","name":"Rwandan franc","rate":47.012132834926,"date":"Sun, 27 Jun 2021 23:55:01 GMT","inverseRate":0.021271104706338},"mzn":{"code":"MZN","alphaCode":"MZN","numericCode":"943","name":"Mozambican metical","rate":2.9798094296886,"date":"Sun, 27 Jun 2021 23:55:01 GMT","inverseRate":0.33559193082509},"vuv":{"code":"VUV","alphaCode":"VUV","numericCode":"548","name":"Vanuatu vatu","rate":5.1364097540191,"date":"Sun, 27 Jun 2021 23:55:01 GMT","inverseRate":0.194688517445},"idr":{"code":"IDR","alphaCode":"IDR","numericCode":"360","name":"Indonesian Rupiah","rate":677.10999661725,"date":"Sun, 27 Jun 2021 23:55:01 GMT","inverseRate":0.0014768649185448},"tnd":{"code":"TND","alphaCode":"TND","numericCode":"788","name":"Tunisian Dinar","rate":0.12822103412416,"date":"Sun, 27 Jun 2021 23:55:01 GMT","inverseRate":7.7990324039318},"xof":{"code":"XOF","alphaCode":"XOF","numericCode":"952","name":"West African CFA Franc","rate":25.773054902283,"date":"Sun, 27 Jun 2021 23:55:01 GMT","inverseRate":0.038800212229068},"tjs":{"code":"TJS","alphaCode":"TJS","numericCode":"972","name":"Tajikistan Ruble","rate":0.53017542086295,"date":"Sun, 27 Jun 2021 23:55:01 GMT","inverseRate":1.886168163685},"afn":{"code":"AFN","alphaCode":"AFN","numericCode":"971","name":"Afghan afghani","rate":3.697991812709,"date":"Sun, 27 Jun 2021 23:55:01 GMT","inverseRate":0.27041704001704},"nad":{"code":"NAD","alphaCode":"NAD","numericCode":"516","name":"Namibian dollar","rate":0.66466646685506,"date":"Sun, 27 Jun 2021 23:55:01 GMT","inverseRate":1.5045139929078},"syp":{"code":"SYP","alphaCode":"SYP","numericCode":"760","name":"Syrian pound","rate":118.00045341567,"date":"Sun, 27 Jun 2021 23:55:01 GMT","inverseRate":0.0084745437077044},"top":{"code":"TOP","alphaCode":"TOP","numericCode":"776","name":"Tongan pa\u02bbanga","rate":0.10357579736878,"date":"Sun, 27 Jun 2021 23:55:01 GMT","inverseRate":9.6547651613972},"kwd":{"code":"KWD","alphaCode":"KWD","numericCode":"414","name":"Kuwaiti Dinar","rate":0.014102302335866,"date":"Sun, 27 Jun 2021 23:55:01 GMT","inverseRate":70.910407122439},"pgk":{"code":"PGK","alphaCode":"PGK","numericCode":"598","name":"Papua New Guinean kina","rate":0.1645612929784,"date":"Sun, 27 Jun 2021 23:55:01 GMT","inverseRate":6.0767631433916},"uah":{"code":"UAH","alphaCode":"UAH","numericCode":"980","name":"Ukrainian Hryvnia","rate":1.2845273704841,"date":"Sun, 27 Jun 2021 23:55:01 GMT","inverseRate":0.77849645167402},"etb":{"code":"ETB","alphaCode":"ETB","numericCode":"230","name":"Ethiopian birr","rate":2.0462506372658,"date":"Sun, 27 Jun 2021 23:55:01 GMT","inverseRate":0.48869868714431},"xcd":{"code":"XCD","alphaCode":"XCD","numericCode":"951","name":"East Caribbean Dollar","rate":0.12668242207522,"date":"Sun, 27 Jun 2021 23:55:01 GMT","inverseRate":7.8937549789362},"lak":{"code":"LAK","alphaCode":"LAK","numericCode":"418","name":"Lao kip","rate":443.61072712657,"date":"Sun, 27 Jun 2021 23:55:01 GMT","inverseRate":0.0022542286262494},"bwp":{"code":"BWP","alphaCode":"BWP","numericCode":"072","name":"Botswana Pula","rate":0.5081845539004,"date":"Sun, 27 Jun 2021 23:55:01 GMT","inverseRate":1.9677890489288},"nok":{"code":"NOK","alphaCode":"NOK","numericCode":"578","name":"Norwegian Krone","rate":0.39781082739922,"date":"Sun, 27 Jun 2021 23:55:01 GMT","inverseRate":2.5137576232847},"mad":{"code":"MAD","alphaCode":"MAD","numericCode":"504","name":"Moroccan Dirham","rate":0.41419518646667,"date":"Sun, 27 Jun 2021 23:55:01 GMT","inverseRate":2.4143206697562},"ron":{"code":"RON","alphaCode":"RON","numericCode":"946","name":"Romanian New Leu","rate":0.19331466712051,"date":"Sun, 27 Jun 2021 23:55:01 GMT","inverseRate":5.1729132346517},"byn":{"code":"BYN","alphaCode":"BYN","numericCode":"933","name":"Belarussian Ruble","rate":0.11845229899896,"date":"Sun, 27 Jun 2021 23:55:01 GMT","inverseRate":8.4422168961768},"rsd":{"code":"RSD","alphaCode":"RSD","numericCode":"941","name":"Serbian Dinar","rate":4.5257312969641,"date":"Sun, 27 Jun 2021 23:55:01 GMT","inverseRate":0.22095876542004},"gmd":{"code":"GMD","alphaCode":"GMD","numericCode":"270","name":"Gambian dalasi","rate":2.4279928686352,"date":"Sun, 27 Jun 2021 23:55:01 GMT","inverseRate":0.41186282419441},"awg":{"code":"AWG","alphaCode":"AWG","numericCode":"533","name":"Aruban florin","rate":0.084624536299245,"date":"Sun, 27 Jun 2021 23:55:01 GMT","inverseRate":11.816903746023},"aoa":{"code":"AOA","alphaCode":"AOA","numericCode":"973","name":"Angolan kwanza","rate":30.517358641983,"date":"Sun, 27 Jun 2021 23:55:01 GMT","inverseRate":0.03276823566979},"khr":{"code":"KHR","alphaCode":"KHR","numericCode":"116","name":"Cambodian riel","rate":190.52818097256,"date":"Sun, 27 Jun 2021 23:55:01 GMT","inverseRate":0.0052485674029713},"scr":{"code":"SCR","alphaCode":"SCR","numericCode":"690","name":"Seychelles rupee","rate":0.70071528156574,"date":"Sun, 27 Jun 2021 23:55:01 GMT","inverseRate":1.4271131603774},"bhd":{"code":"BHD","alphaCode":"BHD","numericCode":"048","name":"Bahrain Dinar","rate":0.01764557867683,"date":"Sun, 27 Jun 2021 23:55:01 GMT","inverseRate":56.671419980864},"omr":{"code":"OMR","alphaCode":"OMR","numericCode":"512","name":"Omani Rial","rate":0.018034581422798,"date":"Sun, 27 Jun 2021 23:55:01 GMT","inverseRate":55.449027429929},"rub":{"code":"RUB","alphaCode":"RUB","numericCode":"643","name":"Russian Rouble","rate":3.3837982183357,"date":"Sun, 27 Jun 2021 23:55:01 GMT","inverseRate":0.29552589589454},"lyd":{"code":"LYD","alphaCode":"LYD","numericCode":"434","name":"Libyan Dinar","rate":0.20869027938671,"date":"Sun, 27 Jun 2021 23:55:01 GMT","inverseRate":4.79179002941},"clp":{"code":"CLP","alphaCode":"CLP","numericCode":"152","name":"Chilean Peso","rate":34.408854013664,"date":"Sun, 27 Jun 2021 23:55:01 GMT","inverseRate":0.02906228727068},"bsd":{"code":"BSD","alphaCode":"BSD","numericCode":"044","name":"Bahamian Dollar","rate":0.046729151518956,"date":"Sun, 27 Jun 2021 23:55:01 GMT","inverseRate":21.399917770695},"djf":{"code":"DJF","alphaCode":"DJF","numericCode":"262","name":"Djiboutian franc","rate":8.3227855420839,"date":"Sun, 27 Jun 2021 23:55:01 GMT","inverseRate":0.12015208068783},"hnl":{"code":"HNL","alphaCode":"HNL","numericCode":"340","name":"Honduran Lempira","rate":1.1202574691361,"date":"Sun, 27 Jun 2021 23:55:01 GMT","inverseRate":0.89265193721152},"tzs":{"code":"TZS","alphaCode":"TZS","numericCode":"834","name":"Tanzanian shilling","rate":108.38988372535,"date":"Sun, 27 Jun 2021 23:55:01 GMT","inverseRate":0.0092259532497873},"bbd":{"code":"BBD","alphaCode":"BBD","numericCode":"052","name":"Barbadian Dollar","rate":0.093833828887132,"date":"Sun, 27 Jun 2021 23:55:01 GMT","inverseRate":10.657137323074},"bdt":{"code":"BDT","alphaCode":"BDT","numericCode":"050","name":"Bangladeshi taka","rate":3.966742698098,"date":"Sun, 27 Jun 2021 23:55:01 GMT","inverseRate":0.25209600826378},"qar":{"code":"QAR","alphaCode":"QAR","numericCode":"634","name":"Qatari Rial","rate":0.17151100742911,"date":"Sun, 27 Jun 2021 23:55:01 GMT","inverseRate":5.8305295676917},"mxn":{"code":"MXN","alphaCode":"MXN","numericCode":"484","name":"Mexican Peso","rate":0.92818682371917,"date":"Sun, 27 Jun 2021 23:55:01 GMT","inverseRate":1.0773693123471},"amd":{"code":"AMD","alphaCode":"AMD","numericCode":"051","name":"Armenia Dram","rate":24.272980717196,"date":"Sun, 27 Jun 2021 23:55:01 GMT","inverseRate":0.041198071701657},"uyu":{"code":"UYU","alphaCode":"UYU","numericCode":"858","name":"Uruguayan Peso","rate":2.0407499074137,"date":"Sun, 27 Jun 2021 23:55:01 GMT","inverseRate":0.49001594774899},"fjd":{"code":"FJD","alphaCode":"FJD","numericCode":"242","name":"Fiji Dollar","rate":0.096431860595752,"date":"Sun, 27 Jun 2021 23:55:01 GMT","inverseRate":10.370016650327},"cdf":{"code":"CDF","alphaCode":"CDF","numericCode":"976","name":"Congolese franc","rate":92.96254208167,"date":"Sun, 27 Jun 2021 23:55:01 GMT","inverseRate":0.010757020812979},"lsl":{"code":"LSL","alphaCode":"LSL","numericCode":"426","name":"Lesotho loti","rate":0.66491615373216,"date":"Sun, 27 Jun 2021 23:55:01 GMT","inverseRate":1.5039490233273},"mnt":{"code":"MNT","alphaCode":"MNT","numericCode":"496","name":"Mongolian togrog","rate":133.28364467131,"date":"Sun, 27 Jun 2021 23:55:01 GMT","inverseRate":0.007502796029221},"brl":{"code":"BRL","alphaCode":"BRL","numericCode":"986","name":"Brazilian Real","rate":0.23433656444557,"date":"Sun, 27 Jun 2021 23:55:01 GMT","inverseRate":4.2673664793454},"hkd":{"code":"HKD","alphaCode":"HKD","numericCode":"344","name":"Hong Kong Dollar","rate":0.363932810408,"date":"Sun, 27 Jun 2021 23:55:01 GMT","inverseRate":2.7477599474445},"thb":{"code":"THB","alphaCode":"THB","numericCode":"764","name":"Thai Baht","rate":1.4817784956539,"date":"Sun, 27 Jun 2021 23:55:01 GMT","inverseRate":0.67486470004324},"xaf":{"code":"XAF","alphaCode":"XAF","numericCode":"950","name":"Central African CFA Franc","rate":25.794904795275,"date":"Sun, 27 Jun 2021 23:55:01 GMT","inverseRate":0.038767346029639},"mdl":{"code":"MDL","alphaCode":"MDL","numericCode":"498","name":"Moldova Lei","rate":0.84357202663148,"date":"Sun, 27 Jun 2021 23:55:01 GMT","inverseRate":1.1854352306977},"nio":{"code":"NIO","alphaCode":"NIO","numericCode":"558","name":"Nicaraguan C\u00f3rdoba","rate":1.6399371778414,"date":"Sun, 27 Jun 2021 23:55:01 GMT","inverseRate":0.60977945589129},"lrd":{"code":"LRD","alphaCode":"LRD","numericCode":"430","name":"Liberian dollar","rate":8.009080548575,"date":"Sun, 27 Jun 2021 23:55:01 GMT","inverseRate":0.12485827729351},"sdg":{"code":"SDG","alphaCode":"SDG","numericCode":"938","name":"Sudanese pound","rate":20.581474432965,"date":"Sun, 27 Jun 2021 23:55:01 GMT","inverseRate":0.048587383924172},"mru":{"code":"MRU","alphaCode":"MRU","numericCode":"929","name":"Mauritanian ouguiya","rate":1.688937787438,"date":"Sun, 27 Jun 2021 23:55:01 GMT","inverseRate":0.59208812037828},"dkk":{"code":"DKK","alphaCode":"DKK","numericCode":"208","name":"Danish Krone","rate":0.29183951599005,"date":"Sun, 27 Jun 2021 23:55:01 GMT","inverseRate":3.4265407705587},"jod":{"code":"JOD","alphaCode":"JOD","numericCode":"400","name":"Jordanian Dinar","rate":0.033220217623531,"date":"Sun, 27 Jun 2021 23:55:01 GMT","inverseRate":30.102150784577},"bgn":{"code":"BGN","alphaCode":"BGN","numericCode":"975","name":"Bulgarian Lev","rate":0.076757016232571,"date":"Sun, 27 Jun 2021 23:55:01 GMT","inverseRate":13.028124972576},"vnd":{"code":"VND","alphaCode":"VND","numericCode":"704","name":"Vietnamese Dong","rate":1078.476797288,"date":"Sun, 27 Jun 2021 23:55:01 GMT","inverseRate":0.00092723367115048},"uzs":{"code":"UZS","alphaCode":"UZS","numericCode":"860","name":"Uzbekistan Sum","rate":494.35152538623,"date":"Sun, 27 Jun 2021 23:55:01 GMT","inverseRate":0.0020228520569825},"pab":{"code":"PAB","alphaCode":"PAB","numericCode":"590","name":"Panamanian Balboa","rate":0.046729151518956,"date":"Sun, 27 Jun 2021 23:55:01 GMT","inverseRate":21.399917770695},"ttd":{"code":"TTD","alphaCode":"TTD","numericCode":"780","name":"Trinidad Tobago Dollar","rate":0.31777500919838,"date":"Sun, 27 Jun 2021 23:55:01 GMT","inverseRate":3.1468805634609},"htg":{"code":"HTG","alphaCode":"HTG","numericCode":"332","name":"Haitian gourde","rate":4.3920764298636,"date":"Sun, 27 Jun 2021 23:55:01 GMT","inverseRate":0.22768274094699},"cup":{"code":"CUP","alphaCode":"CUP","numericCode":"192","name":"Cuban peso","rate":0.046729151518956,"date":"Sun, 27 Jun 2021 23:55:01 GMT","inverseRate":21.399917770695}}