{"usd":{"code":"USD","alphaCode":"USD","numericCode":"840","name":"U.S. Dollar","rate":0.0056337916236191,"date":"Sun, 27 Jun 2021 23:55:01 GMT","inverseRate":177.50035265905},"eur":{"code":"EUR","alphaCode":"EUR","numericCode":"978","name":"Euro","rate":0.004716321371375,"date":"Sun, 27 Jun 2021 23:55:01 GMT","inverseRate":212.02965643294},"gbp":{"code":"GBP","alphaCode":"GBP","numericCode":"826","name":"U.K. Pound Sterling","rate":0.0040511608020026,"date":"Sun, 27 Jun 2021 23:55:01 GMT","inverseRate":246.84283070316},"jpy":{"code":"JPY","alphaCode":"JPY","numericCode":"392","name":"Japanese Yen","rate":0.62384575633875,"date":"Sun, 27 Jun 2021 23:55:01 GMT","inverseRate":1.6029603308818},"aud":{"code":"AUD","alphaCode":"AUD","numericCode":"036","name":"Australian Dollar","rate":0.0074158428195945,"date":"Sun, 27 Jun 2021 23:55:01 GMT","inverseRate":134.84643948463},"chf":{"code":"CHF","alphaCode":"CHF","numericCode":"756","name":"Swiss Franc","rate":0.0051662699202401,"date":"Sun, 27 Jun 2021 23:55:01 GMT","inverseRate":193.56325074736},"cad":{"code":"CAD","alphaCode":"CAD","numericCode":"124","name":"Canadian Dollar","rate":0.0069295316403688,"date":"Sun, 27 Jun 2021 23:55:01 GMT","inverseRate":144.30989739254},"lkr":{"code":"LKR","alphaCode":"LKR","numericCode":"144","name":"Sri Lanka Rupee","rate":1.1194415147729,"date":"Sun, 27 Jun 2021 23:55:01 GMT","inverseRate":0.89330258598},"pln":{"code":"PLN","alphaCode":"PLN","numericCode":"985","name":"Polish Zloty","rate":0.02127196854139,"date":"Sun, 27 Jun 2021 23:55:01 GMT","inverseRate":47.010223715508},"pen":{"code":"PEN","alphaCode":"PEN","numericCode":"604","name":"Peruvian Nuevo Sol","rate":0.022423623719787,"date":"Sun, 27 Jun 2021 23:55:01 GMT","inverseRate":44.595825032401},"iqd":{"code":"IQD","alphaCode":"IQD","numericCode":"368","name":"Iraqi dinar","rate":8.2033975144914,"date":"Sun, 27 Jun 2021 23:55:01 GMT","inverseRate":0.12190071226385},"svc":{"code":"SVC","alphaCode":"SVC","numericCode":"222","name":"Salvadoran colon","rate":0.049172254335261,"date":"Sun, 27 Jun 2021 23:55:01 GMT","inverseRate":20.336671838999},"cve":{"code":"CVE","alphaCode":"CVE","numericCode":"132","name":"Cape Verde escudo","rate":0.52511111111111,"date":"Sun, 27 Jun 2021 23:55:01 GMT","inverseRate":1.9043588658485},"zmw":{"code":"ZMW","alphaCode":"ZMW","numericCode":"967","name":"Zambian kwacha","rate":0.12689140811456,"date":"Sun, 27 Jun 2021 23:55:01 GMT","inverseRate":7.8807542201531},"yer":{"code":"YER","alphaCode":"YER","numericCode":"886","name":"Yemeni rial","rate":1.4127142287764,"date":"Sun, 27 Jun 2021 23:55:01 GMT","inverseRate":0.70785724361687},"dop":{"code":"DOP","alphaCode":"DOP","numericCode":"214","name":"Dominican Peso","rate":0.31985282980899,"date":"Sun, 27 Jun 2021 23:55:01 GMT","inverseRate":3.1264378701829},"nzd":{"code":"NZD","alphaCode":"NZD","numericCode":"554","name":"New Zealand Dollar","rate":0.0079596243305749,"date":"Sun, 27 Jun 2021 23:55:01 GMT","inverseRate":125.63406995965},"hrk":{"code":"HRK","alphaCode":"HRK","numericCode":"191","name":"Croatian Kuna","rate":0.035349361860685,"date":"Sun, 27 Jun 2021 23:55:01 GMT","inverseRate":28.28905381492},"dzd":{"code":"DZD","alphaCode":"DZD","numericCode":"012","name":"Algerian Dinar","rate":0.75022294804624,"date":"Sun, 27 Jun 2021 23:55:01 GMT","inverseRate":1.3329370990373},"ars":{"code":"ARS","alphaCode":"ARS","numericCode":"032","name":"Argentine Peso","rate":0.5371690691264,"date":"Sun, 27 Jun 2021 23:55:01 GMT","inverseRate":1.8616112830664},"stn":{"code":"STN","alphaCode":"STN","numericCode":"930","name":"S\u00e3o Tom\u00e9 and Pr\u00edncipe Dobra","rate":0.1166593527153,"date":"Sun, 27 Jun 2021 23:55:01 GMT","inverseRate":8.5719659566465},"xpf":{"code":"XPF","alphaCode":"XPF","numericCode":"953","name":"CFP Franc","rate":0.56197975847582,"date":"Sun, 27 Jun 2021 23:55:01 GMT","inverseRate":1.7794235200075},"all":{"code":"ALL","alphaCode":"ALL","numericCode":"008","name":"Albanian lek","rate":0.57698255514259,"date":"Sun, 27 Jun 2021 23:55:01 GMT","inverseRate":1.7331546527483},"mur":{"code":"MUR","alphaCode":"MUR","numericCode":"480","name":"Mauritian Rupee","rate":0.23066160520608,"date":"Sun, 27 Jun 2021 23:55:01 GMT","inverseRate":4.3353552452155},"sos":{"code":"SOS","alphaCode":"SOS","numericCode":"706","name":"Somali shilling","rate":3.2493506493508,"date":"Sun, 27 Jun 2021 23:55:01 GMT","inverseRate":0.30775379696242},"ang":{"code":"ANG","alphaCode":"ANG","numericCode":"532","name":"Neth. Antillean Guilder","rate":0.010019176051723,"date":"Sun, 27 Jun 2021 23:55:01 GMT","inverseRate":99.808606499938},"pkr":{"code":"PKR","alphaCode":"PKR","numericCode":"586","name":"Pakistani Rupee","rate":0.87126119256882,"date":"Sun, 27 Jun 2021 23:55:01 GMT","inverseRate":1.1477614388535},"krw":{"code":"KRW","alphaCode":"KRW","numericCode":"410","name":"South Korean Won","rate":6.350426328014,"date":"Sun, 27 Jun 2021 23:55:01 GMT","inverseRate":0.15746974271454},"azn":{"code":"AZN","alphaCode":"AZN","numericCode":"944","name":"Azerbaijan Manat","rate":0.009549780817948,"date":"Sun, 27 Jun 2021 23:55:01 GMT","inverseRate":104.71444518607},"pyg":{"code":"PYG","alphaCode":"PYG","numericCode":"600","name":"Paraguayan Guaran\u00ed","rate":38.189031087174,"date":"Sun, 27 Jun 2021 23:55:01 GMT","inverseRate":0.02618552949713},"bnd":{"code":"BND","alphaCode":"BND","numericCode":"096","name":"Brunei Dollar","rate":0.0075607935153585,"date":"Sun, 27 Jun 2021 23:55:01 GMT","inverseRate":132.26124982367},"kmf":{"code":"KMF","alphaCode":"KMF","numericCode":"174","name":"\tComoro franc","rate":2.3283336982703,"date":"Sun, 27 Jun 2021 23:55:01 GMT","inverseRate":0.42949170075703},"szl":{"code":"SZL","alphaCode":"SZL","numericCode":"748","name":"Swazi lilangeni","rate":0.079861058956067,"date":"Sun, 27 Jun 2021 23:55:01 GMT","inverseRate":12.521747308036},"wst":{"code":"WST","alphaCode":"WST","numericCode":"882","name":"Samoan tala","rate":0.014279863022897,"date":"Sun, 27 Jun 2021 23:55:01 GMT","inverseRate":70.028682936004},"egp":{"code":"EGP","alphaCode":"EGP","numericCode":"818","name":"Egyptian Pound","rate":0.08832004797561,"date":"Sun, 27 Jun 2021 23:55:01 GMT","inverseRate":11.322457617733},"sgd":{"code":"SGD","alphaCode":"SGD","numericCode":"702","name":"Singapore Dollar","rate":0.0075596073308668,"date":"Sun, 27 Jun 2021 23:55:01 GMT","inverseRate":132.28200305019},"zar":{"code":"ZAR","alphaCode":"ZAR","numericCode":"710","name":"South African Rand","rate":0.079423335375313,"date":"Sun, 27 Jun 2021 23:55:01 GMT","inverseRate":12.590758059637},"kgs":{"code":"KGS","alphaCode":"KGS","numericCode":"417","name":"Kyrgyzstan Som","rate":0.47087277086379,"date":"Sun, 27 Jun 2021 23:55:01 GMT","inverseRate":2.1237159204716},"crc":{"code":"CRC","alphaCode":"CRC","numericCode":"188","name":"Costa Rican Col\u00f3n","rate":3.4796360178562,"date":"Sun, 27 Jun 2021 23:55:01 GMT","inverseRate":0.2873863803192},"jmd":{"code":"JMD","alphaCode":"JMD","numericCode":"388","name":"Jamaican Dollar","rate":0.8405928853755,"date":"Sun, 27 Jun 2021 23:55:01 GMT","inverseRate":1.1896365260732},"ssp":{"code":"SSP","alphaCode":"SSP","numericCode":"728","name":"South Sudanese pound","rate":0.99910739453164,"date":"Sun, 27 Jun 2021 23:55:01 GMT","inverseRate":1.0008934029247},"ern":{"code":"ERN","alphaCode":"ERN","numericCode":"232","name":"Eritrean nakfa","rate":0.084695340501795,"date":"Sun, 27 Jun 2021 23:55:01 GMT","inverseRate":11.80702496826},"bam":{"code":"BAM","alphaCode":"BAM","numericCode":"977","name":"Bosnia and Herzegovina convertible mark","rate":0.0093003017448728,"date":"Sun, 27 Jun 2021 23:55:01 GMT","inverseRate":107.52339305026},"inr":{"code":"INR","alphaCode":"INR","numericCode":"356","name":"Indian Rupee","rate":0.41795646552475,"date":"Sun, 27 Jun 2021 23:55:01 GMT","inverseRate":2.3925936849535},"try":{"code":"TRY","alphaCode":"TRY","numericCode":"949","name":"Turkish Lira","rate":0.049076738943486,"date":"Sun, 27 Jun 2021 23:55:01 GMT","inverseRate":20.376251998967},"twd":{"code":"TWD","alphaCode":"TWD","numericCode":"901","name":"New Taiwan Dollar ","rate":0.15717359307854,"date":"Sun, 27 Jun 2021 23:55:01 GMT","inverseRate":6.3623919286513},"tmt":{"code":"TMT","alphaCode":"TMT","numericCode":"934","name":"New Turkmenistan Manat","rate":0.019667352620192,"date":"Sun, 27 Jun 2021 23:55:01 GMT","inverseRate":50.845684180867},"mga":{"code":"MGA","alphaCode":"MGA","numericCode":"969","name":"Malagasy ariary","rate":21.267,"date":"Sun, 27 Jun 2021 23:55:01 GMT","inverseRate":0.047021206564159},"srd":{"code":"SRD","alphaCode":"SRD","numericCode":"968","name":"Surinamese dollar","rate":0.11691588785047,"date":"Sun, 27 Jun 2021 23:55:01 GMT","inverseRate":8.5531574740207},"ghs":{"code":"GHS","alphaCode":"GHS","numericCode":"936","name":"Ghanaian Cedi","rate":0.032748691099478,"date":"Sun, 27 Jun 2021 23:55:01 GMT","inverseRate":30.535571542765},"mop":{"code":"MOP","alphaCode":"MOP","numericCode":"446","name":"Macanese pataca","rate":0.044961945031713,"date":"Sun, 27 Jun 2021 23:55:01 GMT","inverseRate":22.241030704848},"lbp":{"code":"LBP","alphaCode":"LBP","numericCode":"422","name":"Lebanese Pound","rate":8.4835752831183,"date":"Sun, 27 Jun 2021 23:55:01 GMT","inverseRate":0.11787483067309},"huf":{"code":"HUF","alphaCode":"HUF","numericCode":"348","name":"Hungarian Forint","rate":1.6577694368,"date":"Sun, 27 Jun 2021 23:55:01 GMT","inverseRate":0.60322019323165},"ngn":{"code":"NGN","alphaCode":"NGN","numericCode":"566","name":"Nigerian Naira","rate":2.3094361512096,"date":"Sun, 27 Jun 2021 23:55:01 GMT","inverseRate":0.43300612553251},"irr":{"code":"IRR","alphaCode":"IRR","numericCode":"364","name":"Iranian rial","rate":236.03278968307,"date":"Sun, 27 Jun 2021 23:55:01 GMT","inverseRate":0.004236699491383},"ves":{"code":"VES","alphaCode":"VES","numericCode":"928","name":"Venezuelan Bolivar","rate":17871.428571429,"date":"Sun, 27 Jun 2021 23:55:01 GMT","inverseRate":5.5955235811351e-5},"sbd":{"code":"SBD","alphaCode":"SBD","numericCode":"090","name":"Solomon Islands dollar","rate":0.045804436786561,"date":"Sun, 27 Jun 2021 23:55:01 GMT","inverseRate":21.831946207739},"mwk":{"code":"MWK","alphaCode":"MWK","numericCode":"454","name":"Malawian kwacha","rate":4.5248936170213,"date":"Sun, 27 Jun 2021 23:55:01 GMT","inverseRate":0.22099967085155},"gtq":{"code":"GTQ","alphaCode":"GTQ","numericCode":"320","name":"Guatemalan Quetzal","rate":0.043446373850869,"date":"Sun, 27 Jun 2021 23:55:01 GMT","inverseRate":23.016880613156},"sek":{"code":"SEK","alphaCode":"SEK","numericCode":"752","name":"Swedish Krona","rate":0.047698462435373,"date":"Sun, 27 Jun 2021 23:55:01 GMT","inverseRate":20.965036375227},"npr":{"code":"NPR","alphaCode":"NPR","numericCode":"524","name":"Nepalese Rupee","rate":0.66803196682756,"date":"Sun, 27 Jun 2021 23:55:01 GMT","inverseRate":1.4969343529307},"isk":{"code":"ISK","alphaCode":"ISK","numericCode":"352","name":"Icelandic Krona","rate":0.69331668278872,"date":"Sun, 27 Jun 2021 23:55:01 GMT","inverseRate":1.4423423304596},"gip":{"code":"GIP","alphaCode":"GIP","numericCode":"292","name":"Gibraltar pound","rate":0.0040325786947333,"date":"Sun, 27 Jun 2021 23:55:01 GMT","inverseRate":247.98028152706},"gel":{"code":"GEL","alphaCode":"GEL","numericCode":"981","name":"Georgian lari","rate":0.01824808257034,"date":"Sun, 27 Jun 2021 23:55:01 GMT","inverseRate":54.800278119376},"mkd":{"code":"MKD","alphaCode":"MKD","numericCode":"807","name":"Macedonian denar","rate":0.2909381925634,"date":"Sun, 27 Jun 2021 23:55:01 GMT","inverseRate":3.4371561574271},"bif":{"code":"BIF","alphaCode":"BIF","numericCode":"108","name":"Burundian franc","rate":11.117093570308,"date":"Sun, 27 Jun 2021 23:55:01 GMT","inverseRate":0.089951568157239},"mmk":{"code":"MMK","alphaCode":"MMK","numericCode":"104","name":"Myanma Kyat","rate":9.2465217391303,"date":"Sun, 27 Jun 2021 23:55:01 GMT","inverseRate":0.10814877509757},"mvr":{"code":"MVR","alphaCode":"MVR","numericCode":"462","name":"Maldivian rufiyaa","rate":0.08683952633728,"date":"Sun, 27 Jun 2021 23:55:01 GMT","inverseRate":11.515493487563},"kes":{"code":"KES","alphaCode":"KES","numericCode":"404","name":"Kenyan shilling","rate":0.6052421879447,"date":"Sun, 27 Jun 2021 23:55:01 GMT","inverseRate":1.6522311562514},"aed":{"code":"AED","alphaCode":"AED","numericCode":"784","name":"U.A.E Dirham","rate":0.020653368217954,"date":"Sun, 27 Jun 2021 23:55:01 GMT","inverseRate":48.418252628194},"php":{"code":"PHP","alphaCode":"PHP","numericCode":"608","name":"Philippine Peso","rate":0.27325018313047,"date":"Sun, 27 Jun 2021 23:55:01 GMT","inverseRate":3.6596498803535},"ils":{"code":"ILS","alphaCode":"ILS","numericCode":"376","name":"Israeli New Sheqel","rate":0.018295468424623,"date":"Sun, 27 Jun 2021 23:55:01 GMT","inverseRate":54.658343628641},"mro":{"code":"MRO","alphaCode":"MRO","numericCode":"478","name":"Mauritanian Ouguiya","rate":0.20399966347992,"date":"Sun, 27 Jun 2021 23:55:01 GMT","inverseRate":4.901968870642},"cop":{"code":"COP","alphaCode":"COP","numericCode":"170","name":"Colombian Peso","rate":21.182388198841,"date":"Sun, 27 Jun 2021 23:55:01 GMT","inverseRate":0.047209030002327},"bzd":{"code":"BZD","alphaCode":"BZD","numericCode":"084","name":"Belize dollar","rate":0.011323075284847,"date":"Sun, 27 Jun 2021 23:55:01 GMT","inverseRate":88.315230168804},"gnf":{"code":"GNF","alphaCode":"GNF","numericCode":"324","name":"Guinean franc","rate":55.09585492228,"date":"Sun, 27 Jun 2021 23:55:01 GMT","inverseRate":0.018150185733766},"sll":{"code":"SLL","alphaCode":"SLL","numericCode":"694","name":"Sierra Leonean leone","rate":57.634146341463,"date":"Sun, 27 Jun 2021 23:55:01 GMT","inverseRate":0.017350825222175},"ugx":{"code":"UGX","alphaCode":"UGX","numericCode":"800","name":"Ugandan shilling","rate":20.082152974504,"date":"Sun, 27 Jun 2021 23:55:01 GMT","inverseRate":0.049795457751446},"cny":{"code":"CNY","alphaCode":"CNY","numericCode":"156","name":"Chinese Yuan","rate":0.036369956979953,"date":"Sun, 27 Jun 2021 23:55:01 GMT","inverseRate":27.495220864605},"sar":{"code":"SAR","alphaCode":"SAR","numericCode":"682","name":"Saudi Riyal","rate":0.021126115577312,"date":"Sun, 27 Jun 2021 23:55:01 GMT","inverseRate":47.334778432905},"myr":{"code":"MYR","alphaCode":"MYR","numericCode":"458","name":"Malaysian Ringgit","rate":0.023344976195021,"date":"Sun, 27 Jun 2021 23:55:01 GMT","inverseRate":42.83576867443},"kzt":{"code":"KZT","alphaCode":"KZT","numericCode":"398","name":"Kazakhstani Tenge","rate":2.4014798698621,"date":"Sun, 27 Jun 2021 23:55:01 GMT","inverseRate":0.41640990313919},"bob":{"code":"BOB","alphaCode":"BOB","numericCode":"068","name":"Bolivian Boliviano","rate":0.038717485425861,"date":"Sun, 27 Jun 2021 23:55:01 GMT","inverseRate":25.82812362427},"gyd":{"code":"GYD","alphaCode":"GYD","numericCode":"328","name":"Guyanese dollar","rate":1.1732222651294,"date":"Sun, 27 Jun 2021 23:55:01 GMT","inverseRate":0.85235341138854},"rwf":{"code":"RWF","alphaCode":"RWF","numericCode":"646","name":"Rwandan franc","rate":5.6486055776891,"date":"Sun, 27 Jun 2021 23:55:01 GMT","inverseRate":0.17703484271407},"mzn":{"code":"MZN","alphaCode":"MZN","numericCode":"943","name":"Mozambican metical","rate":0.35803030303031,"date":"Sun, 27 Jun 2021 23:55:01 GMT","inverseRate":2.7930596699111},"vuv":{"code":"VUV","alphaCode":"VUV","numericCode":"548","name":"Vanuatu vatu","rate":0.61715031921067,"date":"Sun, 27 Jun 2021 23:55:01 GMT","inverseRate":1.620350778201},"idr":{"code":"IDR","alphaCode":"IDR","numericCode":"360","name":"Indonesian Rupiah","rate":81.356174948094,"date":"Sun, 27 Jun 2021 23:55:01 GMT","inverseRate":0.012291629991676},"tnd":{"code":"TND","alphaCode":"TND","numericCode":"788","name":"Tunisian Dinar","rate":0.015406024037964,"date":"Sun, 27 Jun 2021 23:55:01 GMT","inverseRate":64.909674133688},"xof":{"code":"XOF","alphaCode":"XOF","numericCode":"952","name":"West African CFA Franc","rate":3.096686172191,"date":"Sun, 27 Jun 2021 23:55:01 GMT","inverseRate":0.32292584536988},"tjs":{"code":"TJS","alphaCode":"TJS","numericCode":"972","name":"Tajikistan Ruble","rate":0.063701679946231,"date":"Sun, 27 Jun 2021 23:55:01 GMT","inverseRate":15.698173122657},"afn":{"code":"AFN","alphaCode":"AFN","numericCode":"971","name":"Afghan afghani","rate":0.44432141066356,"date":"Sun, 27 Jun 2021 23:55:01 GMT","inverseRate":2.2506230309869},"nad":{"code":"NAD","alphaCode":"NAD","numericCode":"516","name":"Namibian dollar","rate":0.079861058956067,"date":"Sun, 27 Jun 2021 23:55:01 GMT","inverseRate":12.521747308036},"syp":{"code":"SYP","alphaCode":"SYP","numericCode":"760","name":"Syrian pound","rate":14.178,"date":"Sun, 27 Jun 2021 23:55:01 GMT","inverseRate":0.070531809846241},"top":{"code":"TOP","alphaCode":"TOP","numericCode":"776","name":"Tongan pa\u02bbanga","rate":0.01244484756276,"date":"Sun, 27 Jun 2021 23:55:01 GMT","inverseRate":80.354539897492},"kwd":{"code":"KWD","alphaCode":"KWD","numericCode":"414","name":"Kuwaiti Dinar","rate":0.0016944209681432,"date":"Sun, 27 Jun 2021 23:55:01 GMT","inverseRate":590.17211118192},"czk":{"code":"CZK","alphaCode":"CZK","numericCode":"203","name":"Czech Koruna","rate":0.12015208068783,"date":"Sun, 27 Jun 2021 23:55:01 GMT","inverseRate":8.3227855420839},"pgk":{"code":"PGK","alphaCode":"PGK","numericCode":"598","name":"Papua New Guinean kina","rate":0.019772381752035,"date":"Sun, 27 Jun 2021 23:55:01 GMT","inverseRate":50.575596432489},"uah":{"code":"UAH","alphaCode":"UAH","numericCode":"980","name":"Ukrainian Hryvnia","rate":0.15433863626413,"date":"Sun, 27 Jun 2021 23:55:01 GMT","inverseRate":6.4792590125562},"etb":{"code":"ETB","alphaCode":"ETB","numericCode":"230","name":"Ethiopian birr","rate":0.24586127167629,"date":"Sun, 27 Jun 2021 23:55:01 GMT","inverseRate":4.0673343678001},"xcd":{"code":"XCD","alphaCode":"XCD","numericCode":"951","name":"East Caribbean Dollar","rate":0.015221156598913,"date":"Sun, 27 Jun 2021 23:55:01 GMT","inverseRate":65.698029811443},"lak":{"code":"LAK","alphaCode":"LAK","numericCode":"418","name":"Lao kip","rate":53.3007518797,"date":"Sun, 27 Jun 2021 23:55:01 GMT","inverseRate":0.0187614614191},"bwp":{"code":"BWP","alphaCode":"BWP","numericCode":"072","name":"Botswana Pula","rate":0.061059431524551,"date":"Sun, 27 Jun 2021 23:55:01 GMT","inverseRate":16.377486246296},"nok":{"code":"NOK","alphaCode":"NOK","numericCode":"578","name":"Norwegian Krone","rate":0.047797798632165,"date":"Sun, 27 Jun 2021 23:55:01 GMT","inverseRate":20.921465603377},"mad":{"code":"MAD","alphaCode":"MAD","numericCode":"504","name":"Moroccan Dirham","rate":0.049766413464855,"date":"Sun, 27 Jun 2021 23:55:01 GMT","inverseRate":20.093873164201},"ron":{"code":"RON","alphaCode":"RON","numericCode":"946","name":"Romanian New Leu","rate":0.023227159482006,"date":"Sun, 27 Jun 2021 23:55:01 GMT","inverseRate":43.053047479814},"byn":{"code":"BYN","alphaCode":"BYN","numericCode":"933","name":"Belarussian Ruble","rate":0.014232290186982,"date":"Sun, 27 Jun 2021 23:55:01 GMT","inverseRate":70.262760726637},"rsd":{"code":"RSD","alphaCode":"RSD","numericCode":"941","name":"Serbian Dinar","rate":0.54377603196428,"date":"Sun, 27 Jun 2021 23:55:01 GMT","inverseRate":1.8389924182346},"gmd":{"code":"GMD","alphaCode":"GMD","numericCode":"270","name":"Gambian dalasi","rate":0.29172839506174,"date":"Sun, 27 Jun 2021 23:55:01 GMT","inverseRate":3.4278459585271},"awg":{"code":"AWG","alphaCode":"AWG","numericCode":"533","name":"Aruban florin","rate":0.010167814113597,"date":"Sun, 27 Jun 2021 23:55:01 GMT","inverseRate":98.349555649597},"aoa":{"code":"AOA","alphaCode":"AOA","numericCode":"973","name":"Angolan kwanza","rate":3.6667241379311,"date":"Sun, 27 Jun 2021 23:55:01 GMT","inverseRate":0.27272299807213},"khr":{"code":"KHR","alphaCode":"KHR","numericCode":"116","name":"Cambodian riel","rate":22.892357373521,"date":"Sun, 27 Jun 2021 23:55:01 GMT","inverseRate":0.043682700898103},"scr":{"code":"SCR","alphaCode":"SCR","numericCode":"690","name":"Seychelles rupee","rate":0.084192399049885,"date":"Sun, 27 Jun 2021 23:55:01 GMT","inverseRate":11.877556778106},"bhd":{"code":"BHD","alphaCode":"BHD","numericCode":"048","name":"Bahrain Dinar","rate":0.002120152992962,"date":"Sun, 27 Jun 2021 23:55:01 GMT","inverseRate":471.6640748661},"omr":{"code":"OMR","alphaCode":"OMR","numericCode":"512","name":"Omani Rial","rate":0.0021668924822833,"date":"Sun, 27 Jun 2021 23:55:01 GMT","inverseRate":461.49036381643},"rub":{"code":"RUB","alphaCode":"RUB","numericCode":"643","name":"Russian Rouble","rate":0.40657039656082,"date":"Sun, 27 Jun 2021 23:55:01 GMT","inverseRate":2.4595986536625},"lyd":{"code":"LYD","alphaCode":"LYD","numericCode":"434","name":"Libyan Dinar","rate":0.025074571287638,"date":"Sun, 27 Jun 2021 23:55:01 GMT","inverseRate":39.881040777476},"clp":{"code":"CLP","alphaCode":"CLP","numericCode":"152","name":"Chilean Peso","rate":4.1342954038256,"date":"Sun, 27 Jun 2021 23:55:01 GMT","inverseRate":0.24187918431631},"bsd":{"code":"BSD","alphaCode":"BSD","numericCode":"044","name":"Bahamian Dollar","rate":0.0056146047837796,"date":"Sun, 27 Jun 2021 23:55:01 GMT","inverseRate":178.10692622373},"hnl":{"code":"HNL","alphaCode":"HNL","numericCode":"340","name":"Honduran Lempira","rate":0.13460126582279,"date":"Sun, 27 Jun 2021 23:55:01 GMT","inverseRate":7.4293506371373},"tzs":{"code":"TZS","alphaCode":"TZS","numericCode":"834","name":"Tanzanian shilling","rate":13.023270055114,"date":"Sun, 27 Jun 2021 23:55:01 GMT","inverseRate":0.076785630319272},"bbd":{"code":"BBD","alphaCode":"BBD","numericCode":"052","name":"Barbadian Dollar","rate":0.011274329779695,"date":"Sun, 27 Jun 2021 23:55:01 GMT","inverseRate":88.697068432484},"bdt":{"code":"BDT","alphaCode":"BDT","numericCode":"050","name":"Bangladeshi taka","rate":0.47661238872975,"date":"Sun, 27 Jun 2021 23:55:01 GMT","inverseRate":2.0981410127948},"qar":{"code":"QAR","alphaCode":"QAR","numericCode":"634","name":"Qatari Rial","rate":0.020607404403473,"date":"Sun, 27 Jun 2021 23:55:01 GMT","inverseRate":48.526247188678},"mxn":{"code":"MXN","alphaCode":"MXN","numericCode":"484","name":"Mexican Peso","rate":0.11152357813689,"date":"Sun, 27 Jun 2021 23:55:01 GMT","inverseRate":8.9667137362877},"amd":{"code":"AMD","alphaCode":"AMD","numericCode":"051","name":"Armenia Dram","rate":2.9164491376668,"date":"Sun, 27 Jun 2021 23:55:01 GMT","inverseRate":0.34288271552029},"uyu":{"code":"UYU","alphaCode":"UYU","numericCode":"858","name":"Uruguayan Peso","rate":0.24520034753926,"date":"Sun, 27 Jun 2021 23:55:01 GMT","inverseRate":4.0782976453158},"fjd":{"code":"FJD","alphaCode":"FJD","numericCode":"242","name":"Fiji Dollar","rate":0.011586488695179,"date":"Sun, 27 Jun 2021 23:55:01 GMT","inverseRate":86.307424648515},"cdf":{"code":"CDF","alphaCode":"CDF","numericCode":"976","name":"Congolese franc","rate":11.169642857143,"date":"Sun, 27 Jun 2021 23:55:01 GMT","inverseRate":0.089528377298161},"lsl":{"code":"LSL","alphaCode":"LSL","numericCode":"426","name":"Lesotho loti","rate":0.07989105935387,"date":"Sun, 27 Jun 2021 23:55:01 GMT","inverseRate":12.517045187379},"mnt":{"code":"MNT","alphaCode":"MNT","numericCode":"496","name":"Mongolian togrog","rate":16.014307228916,"date":"Sun, 27 Jun 2021 23:55:01 GMT","inverseRate":0.062444162317205},"brl":{"code":"BRL","alphaCode":"BRL","numericCode":"986","name":"Brazilian Real","rate":0.028156025799374,"date":"Sun, 27 Jun 2021 23:55:01 GMT","inverseRate":35.51637603707},"hkd":{"code":"HKD","alphaCode":"HKD","numericCode":"344","name":"Hong Kong Dollar","rate":0.043727284401092,"date":"Sun, 27 Jun 2021 23:55:01 GMT","inverseRate":22.869016763708},"thb":{"code":"THB","alphaCode":"THB","numericCode":"764","name":"Thai Baht","rate":0.17803876937131,"date":"Sun, 27 Jun 2021 23:55:01 GMT","inverseRate":5.6167541683827},"xaf":{"code":"XAF","alphaCode":"XAF","numericCode":"950","name":"Central African CFA Franc","rate":3.0993114822968,"date":"Sun, 27 Jun 2021 23:55:01 GMT","inverseRate":0.32265230704044},"mdl":{"code":"MDL","alphaCode":"MDL","numericCode":"498","name":"Moldova Lei","rate":0.10135693420982,"date":"Sun, 27 Jun 2021 23:55:01 GMT","inverseRate":9.8661231991276},"nio":{"code":"NIO","alphaCode":"NIO","numericCode":"558","name":"Nicaraguan C\u00f3rdoba","rate":0.19704186411497,"date":"Sun, 27 Jun 2021 23:55:01 GMT","inverseRate":5.0750636393519},"lrd":{"code":"LRD","alphaCode":"LRD","numericCode":"430","name":"Liberian dollar","rate":0.96230769230774,"date":"Sun, 27 Jun 2021 23:55:01 GMT","inverseRate":1.0391686650679},"sdg":{"code":"SDG","alphaCode":"SDG","numericCode":"938","name":"Sudanese pound","rate":2.4729069767442,"date":"Sun, 27 Jun 2021 23:55:01 GMT","inverseRate":0.40438237645178},"mru":{"code":"MRU","alphaCode":"MRU","numericCode":"929","name":"Mauritanian ouguiya","rate":0.20292938931298,"date":"Sun, 27 Jun 2021 23:55:01 GMT","inverseRate":4.927822447924},"dkk":{"code":"DKK","alphaCode":"DKK","numericCode":"208","name":"Danish Krone","rate":0.035065125073134,"date":"Sun, 27 Jun 2021 23:55:01 GMT","inverseRate":28.518363984567},"jod":{"code":"JOD","alphaCode":"JOD","numericCode":"400","name":"Jordanian Dinar","rate":0.0039914782683698,"date":"Sun, 27 Jun 2021 23:55:01 GMT","inverseRate":250.53374533551},"bgn":{"code":"BGN","alphaCode":"BGN","numericCode":"975","name":"Bulgarian Lev","rate":0.0092225152077332,"date":"Sun, 27 Jun 2021 23:55:01 GMT","inverseRate":108.43029016222},"vnd":{"code":"VND","alphaCode":"VND","numericCode":"704","name":"Vietnamese Dong","rate":129.58123116771,"date":"Sun, 27 Jun 2021 23:55:01 GMT","inverseRate":0.0077171669923847},"uzs":{"code":"UZS","alphaCode":"UZS","numericCode":"860","name":"Uzbekistan Sum","rate":59.39736436636,"date":"Sun, 27 Jun 2021 23:55:01 GMT","inverseRate":0.016835763853629},"pab":{"code":"PAB","alphaCode":"PAB","numericCode":"590","name":"Panamanian Balboa","rate":0.0056146047837796,"date":"Sun, 27 Jun 2021 23:55:01 GMT","inverseRate":178.10692622373},"ttd":{"code":"TTD","alphaCode":"TTD","numericCode":"780","name":"Trinidad Tobago Dollar","rate":0.038181328545781,"date":"Sun, 27 Jun 2021 23:55:01 GMT","inverseRate":26.190812056238},"htg":{"code":"HTG","alphaCode":"HTG","numericCode":"332","name":"Haitian gourde","rate":0.5277171215881,"date":"Sun, 27 Jun 2021 23:55:01 GMT","inverseRate":1.8949546245356},"cup":{"code":"CUP","alphaCode":"CUP","numericCode":"192","name":"Cuban peso","rate":0.0056146047837796,"date":"Sun, 27 Jun 2021 23:55:01 GMT","inverseRate":178.10692622373}}