{"usd":{"code":"USD","alphaCode":"USD","numericCode":"840","name":"U.S. Dollar","rate":0.16066652013557,"date":"Sun, 27 Jun 2021 23:55:01 GMT","inverseRate":6.224072066515},"eur":{"code":"EUR","alphaCode":"EUR","numericCode":"978","name":"Euro","rate":0.13450176953706,"date":"Sun, 27 Jun 2021 23:55:01 GMT","inverseRate":7.4348464220349},"gbp":{"code":"GBP","alphaCode":"GBP","numericCode":"826","name":"U.K. Pound Sterling","rate":0.11553247831152,"date":"Sun, 27 Jun 2021 23:55:01 GMT","inverseRate":8.6555747320127},"jpy":{"code":"JPY","alphaCode":"JPY","numericCode":"392","name":"Japanese Yen","rate":17.791060349496,"date":"Sun, 27 Jun 2021 23:55:01 GMT","inverseRate":0.056208004489644},"aud":{"code":"AUD","alphaCode":"AUD","numericCode":"036","name":"Australian Dollar","rate":0.21148770478153,"date":"Sun, 27 Jun 2021 23:55:01 GMT","inverseRate":4.7284072661955},"chf":{"code":"CHF","alphaCode":"CHF","numericCode":"756","name":"Swiss Franc","rate":0.14733356602793,"date":"Sun, 27 Jun 2021 23:55:01 GMT","inverseRate":6.7873195970187},"cad":{"code":"CAD","alphaCode":"CAD","numericCode":"124","name":"Canadian Dollar","rate":0.19761890556261,"date":"Sun, 27 Jun 2021 23:55:01 GMT","inverseRate":5.0602446013607},"lkr":{"code":"LKR","alphaCode":"LKR","numericCode":"144","name":"Sri Lanka Rupee","rate":31.924640577728,"date":"Sun, 27 Jun 2021 23:55:01 GMT","inverseRate":0.031323766905543},"pln":{"code":"PLN","alphaCode":"PLN","numericCode":"985","name":"Polish Zloty","rate":0.60664174153163,"date":"Sun, 27 Jun 2021 23:55:01 GMT","inverseRate":1.6484193743003},"pen":{"code":"PEN","alphaCode":"PEN","numericCode":"604","name":"Peruvian Nuevo Sol","rate":0.63948506309385,"date":"Sun, 27 Jun 2021 23:55:01 GMT","inverseRate":1.5637581825007},"iqd":{"code":"IQD","alphaCode":"IQD","numericCode":"368","name":"Iraqi dinar","rate":233.94747622836,"date":"Sun, 27 Jun 2021 23:55:01 GMT","inverseRate":0.004274463722036},"svc":{"code":"SVC","alphaCode":"SVC","numericCode":"222","name":"Salvadoran colon","rate":1.4023122470747,"date":"Sun, 27 Jun 2021 23:55:01 GMT","inverseRate":0.71310794160579},"cve":{"code":"CVE","alphaCode":"CVE","numericCode":"132","name":"Cape Verde escudo","rate":14.975309799007,"date":"Sun, 27 Jun 2021 23:55:01 GMT","inverseRate":0.06677658181511},"zmw":{"code":"ZMW","alphaCode":"ZMW","numericCode":"967","name":"Zambian kwacha","rate":3.6187353631253,"date":"Sun, 27 Jun 2021 23:55:01 GMT","inverseRate":0.2763396324003},"yer":{"code":"YER","alphaCode":"YER","numericCode":"886","name":"Yemeni rial","rate":40.288298582422,"date":"Sun, 27 Jun 2021 23:55:01 GMT","inverseRate":0.02482110278135},"dop":{"code":"DOP","alphaCode":"DOP","numericCode":"214","name":"Dominican Peso","rate":9.1216794219865,"date":"Sun, 27 Jun 2021 23:55:01 GMT","inverseRate":0.10962893495135},"nzd":{"code":"NZD","alphaCode":"NZD","numericCode":"554","name":"New Zealand Dollar","rate":0.22699546383975,"date":"Sun, 27 Jun 2021 23:55:01 GMT","inverseRate":4.4053743765821},"hrk":{"code":"HRK","alphaCode":"HRK","numericCode":"191","name":"Croatian Kuna","rate":1.0081059681652,"date":"Sun, 27 Jun 2021 23:55:01 GMT","inverseRate":0.9919592102208},"dzd":{"code":"DZD","alphaCode":"DZD","numericCode":"012","name":"Algerian Dinar","rate":21.395131101958,"date":"Sun, 27 Jun 2021 23:55:01 GMT","inverseRate":0.046739606092365},"ars":{"code":"ARS","alphaCode":"ARS","numericCode":"032","name":"Argentine Peso","rate":15.319183034598,"date":"Sun, 27 Jun 2021 23:55:01 GMT","inverseRate":0.065277632478283},"stn":{"code":"STN","alphaCode":"STN","numericCode":"930","name":"S\u00e3o Tom\u00e9 and Pr\u00edncipe Dobra","rate":3.326933882939,"date":"Sun, 27 Jun 2021 23:55:01 GMT","inverseRate":0.30057705839246},"xpf":{"code":"XPF","alphaCode":"XPF","numericCode":"953","name":"CFP Franc","rate":16.026743304172,"date":"Sun, 27 Jun 2021 23:55:01 GMT","inverseRate":0.06239570828714},"all":{"code":"ALL","alphaCode":"ALL","numericCode":"008","name":"Albanian lek","rate":16.454598520302,"date":"Sun, 27 Jun 2021 23:55:01 GMT","inverseRate":0.060773284669704},"mur":{"code":"MUR","alphaCode":"MUR","numericCode":"480","name":"Mauritian Rupee","rate":6.5780916145315,"date":"Sun, 27 Jun 2021 23:55:01 GMT","inverseRate":0.15201977390995},"sos":{"code":"SOS","alphaCode":"SOS","numericCode":"706","name":"Somali shilling","rate":92.666164531675,"date":"Sun, 27 Jun 2021 23:55:01 GMT","inverseRate":0.010791425382219},"ang":{"code":"ANG","alphaCode":"ANG","numericCode":"532","name":"Neth. Antillean Guilder","rate":0.28573050946849,"date":"Sun, 27 Jun 2021 23:55:01 GMT","inverseRate":3.4998012702956},"pkr":{"code":"PKR","alphaCode":"PKR","numericCode":"586","name":"Pakistani Rupee","rate":24.846943815305,"date":"Sun, 27 Jun 2021 23:55:01 GMT","inverseRate":0.040246398407518},"krw":{"code":"KRW","alphaCode":"KRW","numericCode":"410","name":"South Korean Won","rate":181.10376947948,"date":"Sun, 27 Jun 2021 23:55:01 GMT","inverseRate":0.0055216962235196},"azn":{"code":"AZN","alphaCode":"AZN","numericCode":"944","name":"Azerbaijan Manat","rate":0.27234412533908,"date":"Sun, 27 Jun 2021 23:55:01 GMT","inverseRate":3.6718251174134},"pyg":{"code":"PYG","alphaCode":"PYG","numericCode":"600","name":"Paraguayan Guaran\u00ed","rate":1089.088688762,"date":"Sun, 27 Jun 2021 23:55:01 GMT","inverseRate":0.0009181988669231},"bnd":{"code":"BND","alphaCode":"BND","numericCode":"096","name":"Brunei Dollar","rate":0.21562146148315,"date":"Sun, 27 Jun 2021 23:55:01 GMT","inverseRate":4.6377572673959},"kmf":{"code":"KMF","alphaCode":"KMF","numericCode":"174","name":"\tComoro franc","rate":66.400267884804,"date":"Sun, 27 Jun 2021 23:55:01 GMT","inverseRate":0.015060180204918},"szl":{"code":"SZL","alphaCode":"SZL","numericCode":"748","name":"Swazi lilangeni","rate":2.2775067475021,"date":"Sun, 27 Jun 2021 23:55:01 GMT","inverseRate":0.43907663549045},"wst":{"code":"WST","alphaCode":"WST","numericCode":"882","name":"Samoan tala","rate":0.40723833133673,"date":"Sun, 27 Jun 2021 23:55:01 GMT","inverseRate":2.4555645258578},"egp":{"code":"EGP","alphaCode":"EGP","numericCode":"818","name":"Egyptian Pound","rate":2.5187432753029,"date":"Sun, 27 Jun 2021 23:55:01 GMT","inverseRate":0.39702339250107},"sgd":{"code":"SGD","alphaCode":"SGD","numericCode":"702","name":"Singapore Dollar","rate":0.21558763344206,"date":"Sun, 27 Jun 2021 23:55:01 GMT","inverseRate":4.6384849818798},"zar":{"code":"ZAR","alphaCode":"ZAR","numericCode":"710","name":"South African Rand","rate":2.2650235871015,"date":"Sun, 27 Jun 2021 23:55:01 GMT","inverseRate":0.44149650612676},"kgs":{"code":"KGS","alphaCode":"KGS","numericCode":"417","name":"Kyrgyzstan Som","rate":13.428521069915,"date":"Sun, 27 Jun 2021 23:55:01 GMT","inverseRate":0.074468364371143},"crc":{"code":"CRC","alphaCode":"CRC","numericCode":"188","name":"Costa Rican Col\u00f3n","rate":99.233526491031,"date":"Sun, 27 Jun 2021 23:55:01 GMT","inverseRate":0.010077239370208},"jmd":{"code":"JMD","alphaCode":"JMD","numericCode":"388","name":"Jamaican Dollar","rate":23.972333867976,"date":"Sun, 27 Jun 2021 23:55:01 GMT","inverseRate":0.041714753578327},"ssp":{"code":"SSP","alphaCode":"SSP","numericCode":"728","name":"South Sudanese pound","rate":28.492908336925,"date":"Sun, 27 Jun 2021 23:55:01 GMT","inverseRate":0.035096452358429},"ern":{"code":"ERN","alphaCode":"ERN","numericCode":"232","name":"Eritrean nakfa","rate":2.415372548227,"date":"Sun, 27 Jun 2021 23:55:01 GMT","inverseRate":0.41401480725366},"bam":{"code":"BAM","alphaCode":"BAM","numericCode":"977","name":"Bosnia and Herzegovina convertible mark","rate":0.26522939032658,"date":"Sun, 27 Jun 2021 23:55:01 GMT","inverseRate":3.7703212255952},"inr":{"code":"INR","alphaCode":"INR","numericCode":"356","name":"Indian Rupee","rate":11.919434613538,"date":"Sun, 27 Jun 2021 23:55:01 GMT","inverseRate":0.083896596812084},"try":{"code":"TRY","alphaCode":"TRY","numericCode":"949","name":"Turkish Lira","rate":1.3995883043659,"date":"Sun, 27 Jun 2021 23:55:01 GMT","inverseRate":0.71449582486548},"twd":{"code":"TWD","alphaCode":"TWD","numericCode":"901","name":"New Taiwan Dollar ","rate":4.4823337361759,"date":"Sun, 27 Jun 2021 23:55:01 GMT","inverseRate":0.22309806874246},"tmt":{"code":"TMT","alphaCode":"TMT","numericCode":"934","name":"New Turkmenistan Manat","rate":0.56088072063545,"date":"Sun, 27 Jun 2021 23:55:01 GMT","inverseRate":1.7829102752312},"mga":{"code":"MGA","alphaCode":"MGA","numericCode":"969","name":"Malagasy ariary","rate":606.5000468598,"date":"Sun, 27 Jun 2021 23:55:01 GMT","inverseRate":0.0016488044892619},"srd":{"code":"SRD","alphaCode":"SRD","numericCode":"968","name":"Surinamese dollar","rate":3.3342498452984,"date":"Sun, 27 Jun 2021 23:55:01 GMT","inverseRate":0.29991753659675},"ghs":{"code":"GHS","alphaCode":"GHS","numericCode":"936","name":"Ghanaian Cedi","rate":0.93393909279305,"date":"Sun, 27 Jun 2021 23:55:01 GMT","inverseRate":1.0707336353267},"mop":{"code":"MOP","alphaCode":"MOP","numericCode":"446","name":"Macanese pataca","rate":1.2822411138685,"date":"Sun, 27 Jun 2021 23:55:01 GMT","inverseRate":0.7798845234209},"lbp":{"code":"LBP","alphaCode":"LBP","numericCode":"422","name":"Lebanese Pound","rate":241.93768781444,"date":"Sun, 27 Jun 2021 23:55:01 GMT","inverseRate":0.0041332956805265},"huf":{"code":"HUF","alphaCode":"HUF","numericCode":"348","name":"Hungarian Forint","rate":47.276872201152,"date":"Sun, 27 Jun 2021 23:55:01 GMT","inverseRate":0.021151991522308},"ngn":{"code":"NGN","alphaCode":"NGN","numericCode":"566","name":"Nigerian Naira","rate":65.861340759314,"date":"Sun, 27 Jun 2021 23:55:01 GMT","inverseRate":0.015183413949231},"irr":{"code":"IRR","alphaCode":"IRR","numericCode":"364","name":"Iranian rial","rate":6731.2690084746,"date":"Sun, 27 Jun 2021 23:55:01 GMT","inverseRate":0.00014856039756263},"ves":{"code":"VES","alphaCode":"VES","numericCode":"928","name":"Venezuelan Bolivar","rate":509663.90492419,"date":"Sun, 27 Jun 2021 23:55:01 GMT","inverseRate":1.9620773422217e-6},"sbd":{"code":"SBD","alphaCode":"SBD","numericCode":"090","name":"Solomon Islands dollar","rate":1.3062676003872,"date":"Sun, 27 Jun 2021 23:55:01 GMT","inverseRate":0.76553992436431},"mwk":{"code":"MWK","alphaCode":"MWK","numericCode":"454","name":"Malawian kwacha","rate":129.04256316166,"date":"Sun, 27 Jun 2021 23:55:01 GMT","inverseRate":0.0077493810995311},"gtq":{"code":"GTQ","alphaCode":"GTQ","numericCode":"320","name":"Guatemalan Quetzal","rate":1.2390195032886,"date":"Sun, 27 Jun 2021 23:55:01 GMT","inverseRate":0.80708979749372},"sek":{"code":"SEK","alphaCode":"SEK","numericCode":"752","name":"Swedish Krona","rate":1.3602821132361,"date":"Sun, 27 Jun 2021 23:55:01 GMT","inverseRate":0.73514162266015},"npr":{"code":"NPR","alphaCode":"NPR","numericCode":"524","name":"Nepalese Rupee","rate":19.051178783314,"date":"Sun, 27 Jun 2021 23:55:01 GMT","inverseRate":0.052490190311784},"isk":{"code":"ISK","alphaCode":"ISK","numericCode":"352","name":"Icelandic Krona","rate":19.772257516341,"date":"Sun, 27 Jun 2021 23:55:01 GMT","inverseRate":0.050575914215842},"gip":{"code":"GIP","alphaCode":"GIP","numericCode":"292","name":"Gibraltar pound","rate":0.11500254701282,"date":"Sun, 27 Jun 2021 23:55:01 GMT","inverseRate":8.6954595874174},"gel":{"code":"GEL","alphaCode":"GEL","numericCode":"981","name":"Georgian lari","rate":0.5204054607614,"date":"Sun, 27 Jun 2021 23:55:01 GMT","inverseRate":1.9215786062985},"mkd":{"code":"MKD","alphaCode":"MKD","numericCode":"807","name":"Macedonian denar","rate":8.297081272535,"date":"Sun, 27 Jun 2021 23:55:01 GMT","inverseRate":0.12052431055607},"bif":{"code":"BIF","alphaCode":"BIF","numericCode":"108","name":"Burundian franc","rate":317.04132088854,"date":"Sun, 27 Jun 2021 23:55:01 GMT","inverseRate":0.0031541629879581},"mmk":{"code":"MMK","alphaCode":"MMK","numericCode":"104","name":"Myanma Kyat","rate":263.69567254773,"date":"Sun, 27 Jun 2021 23:55:01 GMT","inverseRate":0.0037922503253026},"mvr":{"code":"MVR","alphaCode":"MVR","numericCode":"462","name":"Maldivian rufiyaa","rate":2.4765212203339,"date":"Sun, 27 Jun 2021 23:55:01 GMT","inverseRate":0.40379221942026},"kes":{"code":"KES","alphaCode":"KES","numericCode":"404","name":"Kenyan shilling","rate":17.260517014623,"date":"Sun, 27 Jun 2021 23:55:01 GMT","inverseRate":0.057935692143684},"aed":{"code":"AED","alphaCode":"AED","numericCode":"784","name":"U.A.E Dirham","rate":0.58900027234689,"date":"Sun, 27 Jun 2021 23:55:01 GMT","inverseRate":1.6977920842302},"php":{"code":"PHP","alphaCode":"PHP","numericCode":"608","name":"Philippine Peso","rate":7.7926481813644,"date":"Sun, 27 Jun 2021 23:55:01 GMT","inverseRate":0.12832608077847},"ils":{"code":"ILS","alphaCode":"ILS","numericCode":"376","name":"Israeli New Sheqel","rate":0.52175682780155,"date":"Sun, 27 Jun 2021 23:55:01 GMT","inverseRate":1.9166016556286},"mro":{"code":"MRO","alphaCode":"MRO","numericCode":"478","name":"Mauritanian Ouguiya","rate":5.8177366558495,"date":"Sun, 27 Jun 2021 23:55:01 GMT","inverseRate":0.17188815155367},"cop":{"code":"COP","alphaCode":"COP","numericCode":"170","name":"Colombian Peso","rate":604.08705671693,"date":"Sun, 27 Jun 2021 23:55:01 GMT","inverseRate":0.0016553905416129},"bzd":{"code":"BZD","alphaCode":"BZD","numericCode":"084","name":"Belize dollar","rate":0.32291558239793,"date":"Sun, 27 Jun 2021 23:55:01 GMT","inverseRate":3.0967845917317},"gnf":{"code":"GNF","alphaCode":"GNF","numericCode":"324","name":"Guinean franc","rate":1571.2436447145,"date":"Sun, 27 Jun 2021 23:55:01 GMT","inverseRate":0.00063643853285512},"sll":{"code":"SLL","alphaCode":"SLL","numericCode":"694","name":"Sierra Leonean leone","rate":1643.6315633056,"date":"Sun, 27 Jun 2021 23:55:01 GMT","inverseRate":0.00060840885653767},"ugx":{"code":"UGX","alphaCode":"UGX","numericCode":"800","name":"Ugandan shilling","rate":572.71014812067,"date":"Sun, 27 Jun 2021 23:55:01 GMT","inverseRate":0.0017460839541284},"cny":{"code":"CNY","alphaCode":"CNY","numericCode":"156","name":"Chinese Yuan","rate":1.0372116712573,"date":"Sun, 27 Jun 2021 23:55:01 GMT","inverseRate":0.96412335853082},"sar":{"code":"SAR","alphaCode":"SAR","numericCode":"682","name":"Saudi Riyal","rate":0.60248225361381,"date":"Sun, 27 Jun 2021 23:55:01 GMT","inverseRate":1.6597999260589},"myr":{"code":"MYR","alphaCode":"MYR","numericCode":"458","name":"Malaysian Ringgit","rate":0.66576052834066,"date":"Sun, 27 Jun 2021 23:55:01 GMT","inverseRate":1.5020415861727},"kzt":{"code":"KZT","alphaCode":"KZT","numericCode":"398","name":"Kazakhstani Tenge","rate":68.486277030339,"date":"Sun, 27 Jun 2021 23:55:01 GMT","inverseRate":0.014601465335267},"bob":{"code":"BOB","alphaCode":"BOB","numericCode":"068","name":"Bolivian Boliviano","rate":1.1041593419419,"date":"Sun, 27 Jun 2021 23:55:01 GMT","inverseRate":0.90566638528938},"gyd":{"code":"GYD","alphaCode":"GYD","numericCode":"328","name":"Guyanese dollar","rate":33.458379591757,"date":"Sun, 27 Jun 2021 23:55:01 GMT","inverseRate":0.029887878976852},"rwf":{"code":"RWF","alphaCode":"RWF","numericCode":"646","name":"Rwandan franc","rate":161.08898986979,"date":"Sun, 27 Jun 2021 23:55:01 GMT","inverseRate":0.0062077489020714},"mzn":{"code":"MZN","alphaCode":"MZN","numericCode":"943","name":"Mozambican metical","rate":10.210438499323,"date":"Sun, 27 Jun 2021 23:55:01 GMT","inverseRate":0.097938986662158},"vuv":{"code":"VUV","alphaCode":"VUV","numericCode":"548","name":"Vanuatu vatu","rate":17.600117436442,"date":"Sun, 27 Jun 2021 23:55:01 GMT","inverseRate":0.056817802699968},"idr":{"code":"IDR","alphaCode":"IDR","numericCode":"360","name":"Indonesian Rupiah","rate":2320.1450095618,"date":"Sun, 27 Jun 2021 23:55:01 GMT","inverseRate":0.00043100754301079},"tnd":{"code":"TND","alphaCode":"TND","numericCode":"788","name":"Tunisian Dinar","rate":0.43935460106964,"date":"Sun, 27 Jun 2021 23:55:01 GMT","inverseRate":2.2760658419541},"xof":{"code":"XOF","alphaCode":"XOF","numericCode":"952","name":"West African CFA Franc","rate":88.312423404519,"date":"Sun, 27 Jun 2021 23:55:01 GMT","inverseRate":0.011323435157242},"tjs":{"code":"TJS","alphaCode":"TJS","numericCode":"972","name":"Tajikistan Ruble","rate":1.816667695135,"date":"Sun, 27 Jun 2021 23:55:01 GMT","inverseRate":0.55045840396566},"afn":{"code":"AFN","alphaCode":"AFN","numericCode":"971","name":"Afghan afghani","rate":12.67131971544,"date":"Sun, 27 Jun 2021 23:55:01 GMT","inverseRate":0.078918378074033},"nad":{"code":"NAD","alphaCode":"NAD","numericCode":"516","name":"Namibian dollar","rate":2.2775067475021,"date":"Sun, 27 Jun 2021 23:55:01 GMT","inverseRate":0.43907663549045},"syp":{"code":"SYP","alphaCode":"SYP","numericCode":"760","name":"Syrian pound","rate":404.33336457319,"date":"Sun, 27 Jun 2021 23:55:01 GMT","inverseRate":0.002473206733893},"top":{"code":"TOP","alphaCode":"TOP","numericCode":"776","name":"Tongan pa\u02bbanga","rate":0.35490669252724,"date":"Sun, 27 Jun 2021 23:55:01 GMT","inverseRate":2.8176419916997},"kwd":{"code":"KWD","alphaCode":"KWD","numericCode":"414","name":"Kuwaiti Dinar","rate":0.04832211391259,"date":"Sun, 27 Jun 2021 23:55:01 GMT","inverseRate":20.69445889327},"czk":{"code":"CZK","alphaCode":"CZK","numericCode":"203","name":"Czech Koruna","rate":3.4265407705587,"date":"Sun, 27 Jun 2021 23:55:01 GMT","inverseRate":0.29183951599005},"pgk":{"code":"PGK","alphaCode":"PGK","numericCode":"598","name":"Papua New Guinean kina","rate":0.56387597964633,"date":"Sun, 27 Jun 2021 23:55:01 GMT","inverseRate":1.7734396145536},"uah":{"code":"UAH","alphaCode":"UAH","numericCode":"980","name":"Ukrainian Hryvnia","rate":4.4014854058621,"date":"Sun, 27 Jun 2021 23:55:01 GMT","inverseRate":0.22719602765651},"etb":{"code":"ETB","alphaCode":"ETB","numericCode":"230","name":"Ethiopian birr","rate":7.0115612353729,"date":"Sun, 27 Jun 2021 23:55:01 GMT","inverseRate":0.14262158832117},"xcd":{"code":"XCD","alphaCode":"XCD","numericCode":"951","name":"East Caribbean Dollar","rate":0.43408248415388,"date":"Sun, 27 Jun 2021 23:55:01 GMT","inverseRate":2.3037096323967},"lak":{"code":"LAK","alphaCode":"LAK","numericCode":"418","name":"Lao kip","rate":1520.0502427564,"date":"Sun, 27 Jun 2021 23:55:01 GMT","inverseRate":0.00065787299121552},"bwp":{"code":"BWP","alphaCode":"BWP","numericCode":"072","name":"Botswana Pula","rate":1.7413150929079,"date":"Sun, 27 Jun 2021 23:55:01 GMT","inverseRate":0.57427860360991},"nok":{"code":"NOK","alphaCode":"NOK","numericCode":"578","name":"Norwegian Krone","rate":1.3631150190531,"date":"Sun, 27 Jun 2021 23:55:01 GMT","inverseRate":0.7336138080957},"mad":{"code":"MAD","alphaCode":"MAD","numericCode":"504","name":"Moroccan Dirham","rate":1.4192566933972,"date":"Sun, 27 Jun 2021 23:55:01 GMT","inverseRate":0.70459417570641},"ron":{"code":"RON","alphaCode":"RON","numericCode":"946","name":"Romanian New Leu","rate":0.66240058843542,"date":"Sun, 27 Jun 2021 23:55:01 GMT","inverseRate":1.5096604946593},"byn":{"code":"BYN","alphaCode":"BYN","numericCode":"933","name":"Belarussian Ruble","rate":0.40588163188634,"date":"Sun, 27 Jun 2021 23:55:01 GMT","inverseRate":2.4637724928632},"rsd":{"code":"RSD","alphaCode":"RSD","numericCode":"941","name":"Serbian Dinar","rate":15.507602805641,"date":"Sun, 27 Jun 2021 23:55:01 GMT","inverseRate":0.064484499153942},"gmd":{"code":"GMD","alphaCode":"GMD","numericCode":"270","name":"Gambian dalasi","rate":8.3196165550043,"date":"Sun, 27 Jun 2021 23:55:01 GMT","inverseRate":0.12019784726719},"awg":{"code":"AWG","alphaCode":"AWG","numericCode":"533","name":"Aruban florin","rate":0.28996942381899,"date":"Sun, 27 Jun 2021 23:55:01 GMT","inverseRate":3.4486394697403},"aoa":{"code":"AOA","alphaCode":"AOA","numericCode":"973","name":"Angolan kwanza","rate":104.56897359652,"date":"Sun, 27 Jun 2021 23:55:01 GMT","inverseRate":0.0095630660377192},"khr":{"code":"KHR","alphaCode":"KHR","numericCode":"116","name":"Cambodian riel","rate":652.85258004286,"date":"Sun, 27 Jun 2021 23:55:01 GMT","inverseRate":0.0015317393705243},"scr":{"code":"SCR","alphaCode":"SCR","numericCode":"690","name":"Seychelles rupee","rate":2.4010294808385,"date":"Sun, 27 Jun 2021 23:55:01 GMT","inverseRate":0.41648801398755},"bhd":{"code":"BHD","alphaCode":"BHD","numericCode":"048","name":"Bahrain Dinar","rate":0.060463294756258,"date":"Sun, 27 Jun 2021 23:55:01 GMT","inverseRate":16.538959777684},"omr":{"code":"OMR","alphaCode":"OMR","numericCode":"512","name":"Omani Rial","rate":0.061796228525177,"date":"Sun, 27 Jun 2021 23:55:01 GMT","inverseRate":16.182217327269},"rub":{"code":"RUB","alphaCode":"RUB","numericCode":"643","name":"Russian Rouble","rate":11.594722554471,"date":"Sun, 27 Jun 2021 23:55:01 GMT","inverseRate":0.086246134420386},"lyd":{"code":"LYD","alphaCode":"LYD","numericCode":"434","name":"Libyan Dinar","rate":0.71508575073782,"date":"Sun, 27 Jun 2021 23:55:01 GMT","inverseRate":1.3984336829089},"clp":{"code":"CLP","alphaCode":"CLP","numericCode":"152","name":"Chilean Peso","rate":117.90334114602,"date":"Sun, 27 Jun 2021 23:55:01 GMT","inverseRate":0.0084815238506389},"bsd":{"code":"BSD","alphaCode":"BSD","numericCode":"044","name":"Bahamian Dollar","rate":0.16011934285332,"date":"Sun, 27 Jun 2021 23:55:01 GMT","inverseRate":6.2453416444264},"djf":{"code":"DJF","alphaCode":"DJF","numericCode":"262","name":"Djiboutian franc","rate":28.518363984567,"date":"Sun, 27 Jun 2021 23:55:01 GMT","inverseRate":0.035065125073134},"hnl":{"code":"HNL","alphaCode":"HNL","numericCode":"340","name":"Honduran Lempira","rate":3.8386078915176,"date":"Sun, 27 Jun 2021 23:55:01 GMT","inverseRate":0.26051110930339},"tzs":{"code":"TZS","alphaCode":"TZS","numericCode":"834","name":"Tanzanian shilling","rate":371.40235570104,"date":"Sun, 27 Jun 2021 23:55:01 GMT","inverseRate":0.0026924977309647},"bbd":{"code":"BBD","alphaCode":"BBD","numericCode":"052","name":"Barbadian Dollar","rate":0.32152544033938,"date":"Sun, 27 Jun 2021 23:55:01 GMT","inverseRate":3.1101737982054},"bdt":{"code":"BDT","alphaCode":"BDT","numericCode":"050","name":"Bangladeshi taka","rate":13.592205581349,"date":"Sun, 27 Jun 2021 23:55:01 GMT","inverseRate":0.073571577034724},"qar":{"code":"QAR","alphaCode":"QAR","numericCode":"634","name":"Qatari Rial","rate":0.58768945955542,"date":"Sun, 27 Jun 2021 23:55:01 GMT","inverseRate":1.7015789270008},"mxn":{"code":"MXN","alphaCode":"MXN","numericCode":"484","name":"Mexican Peso","rate":3.1804699941691,"date":"Sun, 27 Jun 2021 23:55:01 GMT","inverseRate":0.31441893865792},"amd":{"code":"AMD","alphaCode":"AMD","numericCode":"051","name":"Armenia Dram","rate":83.172358050458,"date":"Sun, 27 Jun 2021 23:55:01 GMT","inverseRate":0.012023225305135},"uyu":{"code":"UYU","alphaCode":"UYU","numericCode":"858","name":"Uruguayan Peso","rate":6.992712760267,"date":"Sun, 27 Jun 2021 23:55:01 GMT","inverseRate":0.14300601701847},"fjd":{"code":"FJD","alphaCode":"FJD","numericCode":"242","name":"Fiji Dollar","rate":0.33042770191217,"date":"Sun, 27 Jun 2021 23:55:01 GMT","inverseRate":3.0263806400403},"cdf":{"code":"CDF","alphaCode":"CDF","numericCode":"976","name":"Congolese franc","rate":318.53994057762,"date":"Sun, 27 Jun 2021 23:55:01 GMT","inverseRate":0.0031393237475548},"lsl":{"code":"LSL","alphaCode":"LSL","numericCode":"426","name":"Lesotho loti","rate":2.2783623097663,"date":"Sun, 27 Jun 2021 23:55:01 GMT","inverseRate":0.43891175504153},"mnt":{"code":"MNT","alphaCode":"MNT","numericCode":"496","name":"Mongolian togrog","rate":456.7018425149,"date":"Sun, 27 Jun 2021 23:55:01 GMT","inverseRate":0.0021896123617399},"brl":{"code":"BRL","alphaCode":"BRL","numericCode":"986","name":"Brazilian Real","rate":0.8029637921054,"date":"Sun, 27 Jun 2021 23:55:01 GMT","inverseRate":1.2453861678843},"hkd":{"code":"HKD","alphaCode":"HKD","numericCode":"344","name":"Hong Kong Dollar","rate":1.247030612607,"date":"Sun, 27 Jun 2021 23:55:01 GMT","inverseRate":0.80190493311902},"thb":{"code":"THB","alphaCode":"THB","numericCode":"764","name":"Thai Baht","rate":5.0773744282952,"date":"Sun, 27 Jun 2021 23:55:01 GMT","inverseRate":0.19695218741939},"xaf":{"code":"XAF","alphaCode":"XAF","numericCode":"950","name":"Central African CFA Franc","rate":88.387292953688,"date":"Sun, 27 Jun 2021 23:55:01 GMT","inverseRate":0.011313843501508},"mdl":{"code":"MDL","alphaCode":"MDL","numericCode":"498","name":"Moldova Lei","rate":2.8905339421556,"date":"Sun, 27 Jun 2021 23:55:01 GMT","inverseRate":0.34595684396436},"nio":{"code":"NIO","alphaCode":"NIO","numericCode":"558","name":"Nicaraguan C\u00f3rdoba","rate":5.6193116010283,"date":"Sun, 27 Jun 2021 23:55:01 GMT","inverseRate":0.17795774126799},"lrd":{"code":"LRD","alphaCode":"LRD","numericCode":"430","name":"Liberian dollar","rate":27.443441034381,"date":"Sun, 27 Jun 2021 23:55:01 GMT","inverseRate":0.036438579212688},"sdg":{"code":"SDG","alphaCode":"SDG","numericCode":"938","name":"Sudanese pound","rate":70.523261262766,"date":"Sun, 27 Jun 2021 23:55:01 GMT","inverseRate":0.014179718607653},"mru":{"code":"MRU","alphaCode":"MRU","numericCode":"929","name":"Mauritanian ouguiya","rate":5.7872141875933,"date":"Sun, 27 Jun 2021 23:55:01 GMT","inverseRate":0.17279471047465},"jod":{"code":"JOD","alphaCode":"JOD","numericCode":"400","name":"Jordanian Dinar","rate":0.11383043009386,"date":"Sun, 27 Jun 2021 23:55:01 GMT","inverseRate":8.7849971152305},"bgn":{"code":"BGN","alphaCode":"BGN","numericCode":"975","name":"Bulgarian Lev","rate":0.26301104554734,"date":"Sun, 27 Jun 2021 23:55:01 GMT","inverseRate":3.8021216862545},"vnd":{"code":"VND","alphaCode":"VND","numericCode":"704","name":"Vietnamese Dong","rate":3695.444716009,"date":"Sun, 27 Jun 2021 23:55:01 GMT","inverseRate":0.00027060342579823},"uzs":{"code":"UZS","alphaCode":"UZS","numericCode":"860","name":"Uzbekistan Sum","rate":1693.9156567238,"date":"Sun, 27 Jun 2021 23:55:01 GMT","inverseRate":0.00059034816522925},"pab":{"code":"PAB","alphaCode":"PAB","numericCode":"590","name":"Panamanian Balboa","rate":0.16011934285332,"date":"Sun, 27 Jun 2021 23:55:01 GMT","inverseRate":6.2453416444264},"ttd":{"code":"TTD","alphaCode":"TTD","numericCode":"780","name":"Trinidad Tobago Dollar","rate":1.0888690248829,"date":"Sun, 27 Jun 2021 23:55:01 GMT","inverseRate":0.91838410051892},"htg":{"code":"HTG","alphaCode":"HTG","numericCode":"332","name":"Haitian gourde","rate":15.049628954337,"date":"Sun, 27 Jun 2021 23:55:01 GMT","inverseRate":0.066446820917255},"cup":{"code":"CUP","alphaCode":"CUP","numericCode":"192","name":"Cuban peso","rate":0.16011934285332,"date":"Sun, 27 Jun 2021 23:55:01 GMT","inverseRate":6.2453416444264}}