{"usd":{"code":"USD","alphaCode":"USD","numericCode":"840","name":"U.S. Dollar","rate":0.017613699484802,"date":"Sun, 27 Jun 2021 23:55:01 GMT","inverseRate":56.773990090091},"eur":{"code":"EUR","alphaCode":"EUR","numericCode":"978","name":"Euro","rate":0.01474528574342,"date":"Sun, 27 Jun 2021 23:55:01 GMT","inverseRate":67.818285613506},"gbp":{"code":"GBP","alphaCode":"GBP","numericCode":"826","name":"U.K. Pound Sterling","rate":0.012665702549581,"date":"Sun, 27 Jun 2021 23:55:01 GMT","inverseRate":78.953377918467},"jpy":{"code":"JPY","alphaCode":"JPY","numericCode":"392","name":"Japanese Yen","rate":1.9504149977704,"date":"Sun, 27 Jun 2021 23:55:01 GMT","inverseRate":0.51271139790412},"aud":{"code":"AUD","alphaCode":"AUD","numericCode":"036","name":"Australian Dollar","rate":0.023185171830504,"date":"Sun, 27 Jun 2021 23:55:01 GMT","inverseRate":43.131015258827},"chf":{"code":"CHF","alphaCode":"CHF","numericCode":"756","name":"Swiss Franc","rate":0.016152021926226,"date":"Sun, 27 Jun 2021 23:55:01 GMT","inverseRate":61.911753498572},"cad":{"code":"CAD","alphaCode":"CAD","numericCode":"124","name":"Canadian Dollar","rate":0.02166475014308,"date":"Sun, 27 Jun 2021 23:55:01 GMT","inverseRate":46.15792905045},"lkr":{"code":"LKR","alphaCode":"LKR","numericCode":"144","name":"Sri Lanka Rupee","rate":3.4998643452409,"date":"Sun, 27 Jun 2021 23:55:01 GMT","inverseRate":0.28572536000139},"pln":{"code":"PLN","alphaCode":"PLN","numericCode":"985","name":"Polish Zloty","rate":0.066505488021142,"date":"Sun, 27 Jun 2021 23:55:01 GMT","inverseRate":15.036353085359},"pen":{"code":"PEN","alphaCode":"PEN","numericCode":"604","name":"Peruvian Nuevo Sol","rate":0.070106066384273,"date":"Sun, 27 Jun 2021 23:55:01 GMT","inverseRate":14.26410083428},"iqd":{"code":"IQD","alphaCode":"IQD","numericCode":"368","name":"Iraqi dinar","rate":25.64741265347,"date":"Sun, 27 Jun 2021 23:55:01 GMT","inverseRate":0.038990287773324},"svc":{"code":"SVC","alphaCode":"SVC","numericCode":"222","name":"Salvadoran colon","rate":0.15373399811603,"date":"Sun, 27 Jun 2021 23:55:01 GMT","inverseRate":6.5047420366007},"cve":{"code":"CVE","alphaCode":"CVE","numericCode":"132","name":"Cape Verde escudo","rate":1.6417272638316,"date":"Sun, 27 Jun 2021 23:55:01 GMT","inverseRate":0.60911457221349},"zmw":{"code":"ZMW","alphaCode":"ZMW","numericCode":"967","name":"Zambian kwacha","rate":0.3967181037302,"date":"Sun, 27 Jun 2021 23:55:01 GMT","inverseRate":2.5206815383451},"yer":{"code":"YER","alphaCode":"YER","numericCode":"886","name":"Yemeni rial","rate":4.4167632645928,"date":"Sun, 27 Jun 2021 23:55:01 GMT","inverseRate":0.22641014247165},"nzd":{"code":"NZD","alphaCode":"NZD","numericCode":"554","name":"New Zealand Dollar","rate":0.024885270939539,"date":"Sun, 27 Jun 2021 23:55:01 GMT","inverseRate":40.184412797016},"hrk":{"code":"HRK","alphaCode":"HRK","numericCode":"191","name":"Croatian Kuna","rate":0.11051758360804,"date":"Sun, 27 Jun 2021 23:55:01 GMT","inverseRate":9.0483339153211},"dzd":{"code":"DZD","alphaCode":"DZD","numericCode":"012","name":"Algerian Dinar","rate":2.345525435852,"date":"Sun, 27 Jun 2021 23:55:01 GMT","inverseRate":0.42634370308448},"ars":{"code":"ARS","alphaCode":"ARS","numericCode":"032","name":"Argentine Peso","rate":1.6794257204077,"date":"Sun, 27 Jun 2021 23:55:01 GMT","inverseRate":0.59544163689315},"stn":{"code":"STN","alphaCode":"STN","numericCode":"930","name":"S\u00e3o Tom\u00e9 and Pr\u00edncipe Dobra","rate":0.36472821824015,"date":"Sun, 27 Jun 2021 23:55:01 GMT","inverseRate":2.7417675682597},"xpf":{"code":"XPF","alphaCode":"XPF","numericCode":"953","name":"CFP Franc","rate":1.756994799175,"date":"Sun, 27 Jun 2021 23:55:01 GMT","inverseRate":0.56915364830307},"all":{"code":"ALL","alphaCode":"ALL","numericCode":"008","name":"Albanian lek","rate":1.8039001108327,"date":"Sun, 27 Jun 2021 23:55:01 GMT","inverseRate":0.55435442017817},"mur":{"code":"MUR","alphaCode":"MUR","numericCode":"480","name":"Mauritian Rupee","rate":0.72114917771347,"date":"Sun, 27 Jun 2021 23:55:01 GMT","inverseRate":1.3866756434094},"sos":{"code":"SOS","alphaCode":"SOS","numericCode":"706","name":"Somali shilling","rate":10.158892923634,"date":"Sun, 27 Jun 2021 23:55:01 GMT","inverseRate":0.09843592284289},"ang":{"code":"ANG","alphaCode":"ANG","numericCode":"532","name":"Neth. Antillean Guilder","rate":0.031324331436136,"date":"Sun, 27 Jun 2021 23:55:01 GMT","inverseRate":31.924065228297},"pkr":{"code":"PKR","alphaCode":"PKR","numericCode":"586","name":"Pakistani Rupee","rate":2.7239439872679,"date":"Sun, 27 Jun 2021 23:55:01 GMT","inverseRate":0.36711474416293},"krw":{"code":"KRW","alphaCode":"KRW","numericCode":"410","name":"South Korean Won","rate":19.85421336371,"date":"Sun, 27 Jun 2021 23:55:01 GMT","inverseRate":0.050367142816539},"azn":{"code":"AZN","alphaCode":"AZN","numericCode":"944","name":"Azerbaijan Manat","rate":0.029856796401179,"date":"Sun, 27 Jun 2021 23:55:01 GMT","inverseRate":33.493211614643},"pyg":{"code":"PYG","alphaCode":"PYG","numericCode":"600","name":"Paraguayan Guaran\u00ed","rate":119.39563301653,"date":"Sun, 27 Jun 2021 23:55:01 GMT","inverseRate":0.0083755157097038},"bnd":{"code":"BND","alphaCode":"BND","numericCode":"096","name":"Brunei Dollar","rate":0.02363835117505,"date":"Sun, 27 Jun 2021 23:55:01 GMT","inverseRate":42.304135030174},"kmf":{"code":"KMF","alphaCode":"KMF","numericCode":"174","name":"\tComoro franc","rate":7.2793906486952,"date":"Sun, 27 Jun 2021 23:55:01 GMT","inverseRate":0.13737413586661},"szl":{"code":"SZL","alphaCode":"SZL","numericCode":"748","name":"Swazi lilangeni","rate":0.24968063907316,"date":"Sun, 27 Jun 2021 23:55:01 GMT","inverseRate":4.0051163106283},"wst":{"code":"WST","alphaCode":"WST","numericCode":"882","name":"Samoan tala","rate":0.044645104535809,"date":"Sun, 27 Jun 2021 23:55:01 GMT","inverseRate":22.398872404877},"egp":{"code":"EGP","alphaCode":"EGP","numericCode":"818","name":"Egyptian Pound","rate":0.27612714268732,"date":"Sun, 27 Jun 2021 23:55:01 GMT","inverseRate":3.6215201094243},"sgd":{"code":"SGD","alphaCode":"SGD","numericCode":"702","name":"Singapore Dollar","rate":0.023634642642934,"date":"Sun, 27 Jun 2021 23:55:01 GMT","inverseRate":42.310773008406},"zar":{"code":"ZAR","alphaCode":"ZAR","numericCode":"710","name":"South African Rand","rate":0.24831212349362,"date":"Sun, 27 Jun 2021 23:55:01 GMT","inverseRate":4.0271895948154},"kgs":{"code":"KGS","alphaCode":"KGS","numericCode":"417","name":"Kyrgyzstan Som","rate":1.4721544628665,"date":"Sun, 27 Jun 2021 23:55:01 GMT","inverseRate":0.67927654687325},"crc":{"code":"CRC","alphaCode":"CRC","numericCode":"188","name":"Costa Rican Col\u00f3n","rate":10.878865820678,"date":"Sun, 27 Jun 2021 23:55:01 GMT","inverseRate":0.091921346993659},"jmd":{"code":"JMD","alphaCode":"JMD","numericCode":"388","name":"Jamaican Dollar","rate":2.6280614302443,"date":"Sun, 27 Jun 2021 23:55:01 GMT","inverseRate":0.38050860930867},"ssp":{"code":"SSP","alphaCode":"SSP","numericCode":"728","name":"South Sudanese pound","rate":3.1236471946435,"date":"Sun, 27 Jun 2021 23:55:01 GMT","inverseRate":0.32013858726262},"ern":{"code":"ERN","alphaCode":"ERN","numericCode":"232","name":"Eritrean nakfa","rate":0.26479471997285,"date":"Sun, 27 Jun 2021 23:55:01 GMT","inverseRate":3.7765103477234},"bam":{"code":"BAM","alphaCode":"BAM","numericCode":"977","name":"Bosnia and Herzegovina convertible mark","rate":0.029076815579299,"date":"Sun, 27 Jun 2021 23:55:01 GMT","inverseRate":34.391661537791},"inr":{"code":"INR","alphaCode":"INR","numericCode":"356","name":"Indian Rupee","rate":1.3067149219044,"date":"Sun, 27 Jun 2021 23:55:01 GMT","inverseRate":0.76527786071549},"try":{"code":"TRY","alphaCode":"TRY","numericCode":"949","name":"Turkish Lira","rate":0.153435375178,"date":"Sun, 27 Jun 2021 23:55:01 GMT","inverseRate":6.5174018627708},"twd":{"code":"TWD","alphaCode":"TWD","numericCode":"901","name":"New Taiwan Dollar ","rate":0.49139347359345,"date":"Sun, 27 Jun 2021 23:55:01 GMT","inverseRate":2.035029062733},"tmt":{"code":"TMT","alphaCode":"TMT","numericCode":"934","name":"New Turkmenistan Manat","rate":0.061488756038008,"date":"Sun, 27 Jun 2021 23:55:01 GMT","inverseRate":16.263135968824},"mga":{"code":"MGA","alphaCode":"MGA","numericCode":"969","name":"Malagasy ariary","rate":66.489954185182,"date":"Sun, 27 Jun 2021 23:55:01 GMT","inverseRate":0.015039865980579},"srd":{"code":"SRD","alphaCode":"SRD","numericCode":"968","name":"Surinamese dollar","rate":0.36553025940176,"date":"Sun, 27 Jun 2021 23:55:01 GMT","inverseRate":2.7357516218675},"ghs":{"code":"GHS","alphaCode":"GHS","numericCode":"936","name":"Ghanaian Cedi","rate":0.10238674805233,"date":"Sun, 27 Jun 2021 23:55:01 GMT","inverseRate":9.7668889677881},"mop":{"code":"MOP","alphaCode":"MOP","numericCode":"446","name":"Macanese pataca","rate":0.14057072766423,"date":"Sun, 27 Jun 2021 23:55:01 GMT","inverseRate":7.1138566088142},"lbp":{"code":"LBP","alphaCode":"LBP","numericCode":"422","name":"Lebanese Pound","rate":26.523371039689,"date":"Sun, 27 Jun 2021 23:55:01 GMT","inverseRate":0.037702598154044},"huf":{"code":"HUF","alphaCode":"HUF","numericCode":"348","name":"Hungarian Forint","rate":5.1829131472432,"date":"Sun, 27 Jun 2021 23:55:01 GMT","inverseRate":0.19294168580307},"ngn":{"code":"NGN","alphaCode":"NGN","numericCode":"566","name":"Nigerian Naira","rate":7.2203086419113,"date":"Sun, 27 Jun 2021 23:55:01 GMT","inverseRate":0.1384982345762},"irr":{"code":"IRR","alphaCode":"IRR","numericCode":"364","name":"Iranian rial","rate":737.94185227008,"date":"Sun, 27 Jun 2021 23:55:01 GMT","inverseRate":0.0013551203213692},"ves":{"code":"VES","alphaCode":"VES","numericCode":"928","name":"Venezuelan Bolivar","rate":55873.911079983,"date":"Sun, 27 Jun 2021 23:55:01 GMT","inverseRate":1.789744051689e-5},"sbd":{"code":"SBD","alphaCode":"SBD","numericCode":"090","name":"Solomon Islands dollar","rate":0.1432047257919,"date":"Sun, 27 Jun 2021 23:55:01 GMT","inverseRate":6.9830097747831},"mwk":{"code":"MWK","alphaCode":"MWK","numericCode":"454","name":"Malawian kwacha","rate":14.146798762804,"date":"Sun, 27 Jun 2021 23:55:01 GMT","inverseRate":0.070687370108724},"gtq":{"code":"GTQ","alphaCode":"GTQ","numericCode":"320","name":"Guatemalan Quetzal","rate":0.13583238852948,"date":"Sun, 27 Jun 2021 23:55:01 GMT","inverseRate":7.3620143974938},"sek":{"code":"SEK","alphaCode":"SEK","numericCode":"752","name":"Swedish Krona","rate":0.14912627930745,"date":"Sun, 27 Jun 2021 23:55:01 GMT","inverseRate":6.7057262116649},"npr":{"code":"NPR","alphaCode":"NPR","numericCode":"524","name":"Nepalese Rupee","rate":2.0885604395824,"date":"Sun, 27 Jun 2021 23:55:01 GMT","inverseRate":0.47879868882316},"isk":{"code":"ISK","alphaCode":"ISK","numericCode":"352","name":"Icelandic Krona","rate":2.1676115331002,"date":"Sun, 27 Jun 2021 23:55:01 GMT","inverseRate":0.4613372759508},"gip":{"code":"GIP","alphaCode":"GIP","numericCode":"292","name":"Gibraltar pound","rate":0.012607606745707,"date":"Sun, 27 Jun 2021 23:55:01 GMT","inverseRate":79.317194783261},"gel":{"code":"GEL","alphaCode":"GEL","numericCode":"981","name":"Georgian lari","rate":0.057051496406137,"date":"Sun, 27 Jun 2021 23:55:01 GMT","inverseRate":17.528024030802},"mkd":{"code":"MKD","alphaCode":"MKD","numericCode":"807","name":"Macedonian denar","rate":0.90960018311278,"date":"Sun, 27 Jun 2021 23:55:01 GMT","inverseRate":1.0993841234485},"bif":{"code":"BIF","alphaCode":"BIF","numericCode":"108","name":"Burundian franc","rate":34.756902344579,"date":"Sun, 27 Jun 2021 23:55:01 GMT","inverseRate":0.028771263620849},"mmk":{"code":"MMK","alphaCode":"MMK","numericCode":"104","name":"Myanma Kyat","rate":28.908675732687,"date":"Sun, 27 Jun 2021 23:55:01 GMT","inverseRate":0.034591691755334},"mvr":{"code":"MVR","alphaCode":"MVR","numericCode":"462","name":"Maldivian rufiyaa","rate":0.27149838376962,"date":"Sun, 27 Jun 2021 23:55:01 GMT","inverseRate":3.683263178644},"kes":{"code":"KES","alphaCode":"KES","numericCode":"404","name":"Kenyan shilling","rate":1.8922520970227,"date":"Sun, 27 Jun 2021 23:55:01 GMT","inverseRate":0.52847081082559},"aed":{"code":"AED","alphaCode":"AED","numericCode":"784","name":"U.A.E Dirham","rate":0.064571472543443,"date":"Sun, 27 Jun 2021 23:55:01 GMT","inverseRate":15.486715117535},"php":{"code":"PHP","alphaCode":"PHP","numericCode":"608","name":"Philippine Peso","rate":0.85429972057353,"date":"Sun, 27 Jun 2021 23:55:01 GMT","inverseRate":1.1705493703412},"ils":{"code":"ILS","alphaCode":"ILS","numericCode":"376","name":"Israeli New Sheqel","rate":0.057199645335477,"date":"Sun, 27 Jun 2021 23:55:01 GMT","inverseRate":17.482625882293},"mro":{"code":"MRO","alphaCode":"MRO","numericCode":"478","name":"Mauritanian Ouguiya","rate":0.63779227340819,"date":"Sun, 27 Jun 2021 23:55:01 GMT","inverseRate":1.5679086149104},"cop":{"code":"COP","alphaCode":"COP","numericCode":"170","name":"Colombian Peso","rate":66.225420645771,"date":"Sun, 27 Jun 2021 23:55:01 GMT","inverseRate":0.015099941838782},"bzd":{"code":"BZD","alphaCode":"BZD","numericCode":"084","name":"Belize dollar","rate":0.035400891377479,"date":"Sun, 27 Jun 2021 23:55:01 GMT","inverseRate":28.247876284724},"gnf":{"code":"GNF","alphaCode":"GNF","numericCode":"324","name":"Guinean franc","rate":172.25376731912,"date":"Sun, 27 Jun 2021 23:55:01 GMT","inverseRate":0.0058053882685038},"sll":{"code":"SLL","alphaCode":"SLL","numericCode":"694","name":"Sierra Leonean leone","rate":180.18957773761,"date":"Sun, 27 Jun 2021 23:55:01 GMT","inverseRate":0.005549710546834},"ugx":{"code":"UGX","alphaCode":"UGX","numericCode":"800","name":"Ugandan shilling","rate":62.785603574297,"date":"Sun, 27 Jun 2021 23:55:01 GMT","inverseRate":0.015927218073434},"cny":{"code":"CNY","alphaCode":"CNY","numericCode":"156","name":"Chinese Yuan","rate":0.11370841083905,"date":"Sun, 27 Jun 2021 23:55:01 GMT","inverseRate":8.7944241997671},"sar":{"code":"SAR","alphaCode":"SAR","numericCode":"682","name":"Saudi Riyal","rate":0.066049487790769,"date":"Sun, 27 Jun 2021 23:55:01 GMT","inverseRate":15.140162830146},"myr":{"code":"MYR","alphaCode":"MYR","numericCode":"458","name":"Malaysian Ringgit","rate":0.072986617654633,"date":"Sun, 27 Jun 2021 23:55:01 GMT","inverseRate":13.70114182756},"kzt":{"code":"KZT","alphaCode":"KZT","numericCode":"398","name":"Kazakhstani Tenge","rate":7.5080776096189,"date":"Sun, 27 Jun 2021 23:55:01 GMT","inverseRate":0.13318988587956},"bob":{"code":"BOB","alphaCode":"BOB","numericCode":"068","name":"Bolivian Boliviano","rate":0.12104781267367,"date":"Sun, 27 Jun 2021 23:55:01 GMT","inverseRate":8.2611984298791},"gyd":{"code":"GYD","alphaCode":"GYD","numericCode":"328","name":"Guyanese dollar","rate":3.6680065198422,"date":"Sun, 27 Jun 2021 23:55:01 GMT","inverseRate":0.27262765062997},"rwf":{"code":"RWF","alphaCode":"RWF","numericCode":"646","name":"Rwandan franc","rate":17.660014391814,"date":"Sun, 27 Jun 2021 23:55:01 GMT","inverseRate":0.056625095416884},"mzn":{"code":"MZN","alphaCode":"MZN","numericCode":"943","name":"Mozambican metical","rate":1.119359498067,"date":"Sun, 27 Jun 2021 23:55:01 GMT","inverseRate":0.89336803924642},"vuv":{"code":"VUV","alphaCode":"VUV","numericCode":"548","name":"Vanuatu vatu","rate":1.9294821295757,"date":"Sun, 27 Jun 2021 23:55:01 GMT","inverseRate":0.51827378169078},"idr":{"code":"IDR","alphaCode":"IDR","numericCode":"360","name":"Indonesian Rupiah","rate":254.35502633095,"date":"Sun, 27 Jun 2021 23:55:01 GMT","inverseRate":0.0039315126358025},"tnd":{"code":"TND","alphaCode":"TND","numericCode":"788","name":"Tunisian Dinar","rate":0.048165976981239,"date":"Sun, 27 Jun 2021 23:55:01 GMT","inverseRate":20.76154295364},"xof":{"code":"XOF","alphaCode":"XOF","numericCode":"952","name":"West African CFA Franc","rate":9.6815969208098,"date":"Sun, 27 Jun 2021 23:55:01 GMT","inverseRate":0.10328874546002},"tjs":{"code":"TJS","alphaCode":"TJS","numericCode":"972","name":"Tajikistan Ruble","rate":0.19915934457817,"date":"Sun, 27 Jun 2021 23:55:01 GMT","inverseRate":5.0211050961131},"afn":{"code":"AFN","alphaCode":"AFN","numericCode":"971","name":"Afghan afghani","rate":1.3891432848316,"date":"Sun, 27 Jun 2021 23:55:01 GMT","inverseRate":0.71986814529446},"nad":{"code":"NAD","alphaCode":"NAD","numericCode":"516","name":"Namibian dollar","rate":0.24968063907316,"date":"Sun, 27 Jun 2021 23:55:01 GMT","inverseRate":4.0051163106283},"syp":{"code":"SYP","alphaCode":"SYP","numericCode":"760","name":"Syrian pound","rate":44.326636123453,"date":"Sun, 27 Jun 2021 23:55:01 GMT","inverseRate":0.02255979897087},"top":{"code":"TOP","alphaCode":"TOP","numericCode":"776","name":"Tongan pa\u02bbanga","rate":0.038908042708866,"date":"Sun, 27 Jun 2021 23:55:01 GMT","inverseRate":25.701626974212},"kwd":{"code":"KWD","alphaCode":"KWD","numericCode":"414","name":"Kuwaiti Dinar","rate":0.005297501882835,"date":"Sun, 27 Jun 2021 23:55:01 GMT","inverseRate":188.76821983588},"czk":{"code":"CZK","alphaCode":"CZK","numericCode":"203","name":"Czech Koruna","rate":0.37564801524371,"date":"Sun, 27 Jun 2021 23:55:01 GMT","inverseRate":2.6620665075289},"pgk":{"code":"PGK","alphaCode":"PGK","numericCode":"598","name":"Papua New Guinean kina","rate":0.061817123093274,"date":"Sun, 27 Jun 2021 23:55:01 GMT","inverseRate":16.176747638209},"uah":{"code":"UAH","alphaCode":"UAH","numericCode":"980","name":"Ukrainian Hryvnia","rate":0.48253015724856,"date":"Sun, 27 Jun 2021 23:55:01 GMT","inverseRate":2.0724093302315},"etb":{"code":"ETB","alphaCode":"ETB","numericCode":"230","name":"Ethiopian birr","rate":0.76866999058008,"date":"Sun, 27 Jun 2021 23:55:01 GMT","inverseRate":1.3009484073202},"xcd":{"code":"XCD","alphaCode":"XCD","numericCode":"951","name":"East Caribbean Dollar","rate":0.047588000418825,"date":"Sun, 27 Jun 2021 23:55:01 GMT","inverseRate":21.013700748066},"lak":{"code":"LAK","alphaCode":"LAK","numericCode":"418","name":"Lao kip","rate":166.64148918592,"date":"Sun, 27 Jun 2021 23:55:01 GMT","inverseRate":0.0060009065262513},"bwp":{"code":"BWP","alphaCode":"BWP","numericCode":"072","name":"Botswana Pula","rate":0.1908985190502,"date":"Sun, 27 Jun 2021 23:55:01 GMT","inverseRate":5.2383853210356},"nok":{"code":"NOK","alphaCode":"NOK","numericCode":"578","name":"Norwegian Krone","rate":0.14943684775498,"date":"Sun, 27 Jun 2021 23:55:01 GMT","inverseRate":6.6917899769917},"mad":{"code":"MAD","alphaCode":"MAD","numericCode":"504","name":"Moroccan Dirham","rate":0.1555915997197,"date":"Sun, 27 Jun 2021 23:55:01 GMT","inverseRate":6.4270821933927},"ron":{"code":"RON","alphaCode":"RON","numericCode":"946","name":"Romanian New Leu","rate":0.072618271021321,"date":"Sun, 27 Jun 2021 23:55:01 GMT","inverseRate":13.770639068319},"byn":{"code":"BYN","alphaCode":"BYN","numericCode":"933","name":"Belarussian Ruble","rate":0.044496371020014,"date":"Sun, 27 Jun 2021 23:55:01 GMT","inverseRate":22.473742848607},"rsd":{"code":"RSD","alphaCode":"RSD","numericCode":"941","name":"Serbian Dinar","rate":1.7000819792309,"date":"Sun, 27 Jun 2021 23:55:01 GMT","inverseRate":0.58820692896962},"gmd":{"code":"GMD","alphaCode":"GMD","numericCode":"270","name":"Gambian dalasi","rate":0.91207070212871,"date":"Sun, 27 Jun 2021 23:55:01 GMT","inverseRate":1.0964062299842},"awg":{"code":"AWG","alphaCode":"AWG","numericCode":"533","name":"Aruban florin","rate":0.031789039101731,"date":"Sun, 27 Jun 2021 23:55:01 GMT","inverseRate":31.45738368498},"aoa":{"code":"AOA","alphaCode":"AOA","numericCode":"973","name":"Angolan kwanza","rate":11.463785204342,"date":"Sun, 27 Jun 2021 23:55:01 GMT","inverseRate":0.087231222687362},"khr":{"code":"KHR","alphaCode":"KHR","numericCode":"116","name":"Cambodian riel","rate":71.571533030337,"date":"Sun, 27 Jun 2021 23:55:01 GMT","inverseRate":0.013972035495958},"scr":{"code":"SCR","alphaCode":"SCR","numericCode":"690","name":"Seychelles rupee","rate":0.26322230477111,"date":"Sun, 27 Jun 2021 23:55:01 GMT","inverseRate":3.7990701466943},"bhd":{"code":"BHD","alphaCode":"BHD","numericCode":"048","name":"Bahrain Dinar","rate":0.006628526607778,"date":"Sun, 27 Jun 2021 23:55:01 GMT","inverseRate":150.86308906516},"omr":{"code":"OMR","alphaCode":"OMR","numericCode":"512","name":"Omani Rial","rate":0.0067746547172252,"date":"Sun, 27 Jun 2021 23:55:01 GMT","inverseRate":147.60899879626},"rub":{"code":"RUB","alphaCode":"RUB","numericCode":"643","name":"Russian Rouble","rate":1.271117084703,"date":"Sun, 27 Jun 2021 23:55:01 GMT","inverseRate":0.78670958956832},"lyd":{"code":"LYD","alphaCode":"LYD","numericCode":"434","name":"Libyan Dinar","rate":0.078394089252272,"date":"Sun, 27 Jun 2021 23:55:01 GMT","inverseRate":12.756063748403},"clp":{"code":"CLP","alphaCode":"CLP","numericCode":"152","name":"Chilean Peso","rate":12.925617717044,"date":"Sun, 27 Jun 2021 23:55:01 GMT","inverseRate":0.077365741575461},"bsd":{"code":"BSD","alphaCode":"BSD","numericCode":"044","name":"Bahamian Dollar","rate":0.017553713022119,"date":"Sun, 27 Jun 2021 23:55:01 GMT","inverseRate":56.96800436124},"djf":{"code":"DJF","alphaCode":"DJF","numericCode":"262","name":"Djiboutian franc","rate":3.1264378701829,"date":"Sun, 27 Jun 2021 23:55:01 GMT","inverseRate":0.31985282980899},"hnl":{"code":"HNL","alphaCode":"HNL","numericCode":"340","name":"Honduran Lempira","rate":0.42082249484291,"date":"Sun, 27 Jun 2021 23:55:01 GMT","inverseRate":2.3762988249316},"tzs":{"code":"TZS","alphaCode":"TZS","numericCode":"834","name":"Tanzanian shilling","rate":40.716444693926,"date":"Sun, 27 Jun 2021 23:55:01 GMT","inverseRate":0.024560101146286},"bbd":{"code":"BBD","alphaCode":"BBD","numericCode":"052","name":"Barbadian Dollar","rate":0.03524849158417,"date":"Sun, 27 Jun 2021 23:55:01 GMT","inverseRate":28.370008333892},"bdt":{"code":"BDT","alphaCode":"BDT","numericCode":"050","name":"Bangladeshi taka","rate":1.490099021523,"date":"Sun, 27 Jun 2021 23:55:01 GMT","inverseRate":0.67109634028073},"qar":{"code":"QAR","alphaCode":"QAR","numericCode":"634","name":"Qatari Rial","rate":0.064427769533194,"date":"Sun, 27 Jun 2021 23:55:01 GMT","inverseRate":15.521257483309},"mxn":{"code":"MXN","alphaCode":"MXN","numericCode":"484","name":"Mexican Peso","rate":0.34867153810547,"date":"Sun, 27 Jun 2021 23:55:01 GMT","inverseRate":2.8680287626388},"amd":{"code":"AMD","alphaCode":"AMD","numericCode":"051","name":"Armenia Dram","rate":9.1180970304638,"date":"Sun, 27 Jun 2021 23:55:01 GMT","inverseRate":0.10967200685176},"uyu":{"code":"UYU","alphaCode":"UYU","numericCode":"858","name":"Uruguayan Peso","rate":0.76660365232877,"date":"Sun, 27 Jun 2021 23:55:01 GMT","inverseRate":1.3044550426576},"fjd":{"code":"FJD","alphaCode":"FJD","numericCode":"242","name":"Fiji Dollar","rate":0.036224437039053,"date":"Sun, 27 Jun 2021 23:55:01 GMT","inverseRate":27.605674007354},"cdf":{"code":"CDF","alphaCode":"CDF","numericCode":"976","name":"Congolese franc","rate":34.92119442499,"date":"Sun, 27 Jun 2021 23:55:01 GMT","inverseRate":0.028635904827024},"lsl":{"code":"LSL","alphaCode":"LSL","numericCode":"426","name":"Lesotho loti","rate":0.24977443345297,"date":"Sun, 27 Jun 2021 23:55:01 GMT","inverseRate":4.0036123240303},"mnt":{"code":"MNT","alphaCode":"MNT","numericCode":"496","name":"Mongolian togrog","rate":50.067736585226,"date":"Sun, 27 Jun 2021 23:55:01 GMT","inverseRate":0.01997294202221},"brl":{"code":"BRL","alphaCode":"BRL","numericCode":"986","name":"Brazilian Real","rate":0.08802806533301,"date":"Sun, 27 Jun 2021 23:55:01 GMT","inverseRate":11.360013380017},"hkd":{"code":"HKD","alphaCode":"HKD","numericCode":"344","name":"Hong Kong Dollar","rate":0.13671063791183,"date":"Sun, 27 Jun 2021 23:55:01 GMT","inverseRate":7.3147197268213},"thb":{"code":"THB","alphaCode":"THB","numericCode":"764","name":"Thai Baht","rate":0.55662715092321,"date":"Sun, 27 Jun 2021 23:55:01 GMT","inverseRate":1.7965347150986},"xaf":{"code":"XAF","alphaCode":"XAF","numericCode":"950","name":"Central African CFA Franc","rate":9.6898047897455,"date":"Sun, 27 Jun 2021 23:55:01 GMT","inverseRate":0.10320125345128},"mdl":{"code":"MDL","alphaCode":"MDL","numericCode":"498","name":"Moldova Lei","rate":0.31688615751923,"date":"Sun, 27 Jun 2021 23:55:01 GMT","inverseRate":3.1557074244851},"nio":{"code":"NIO","alphaCode":"NIO","numericCode":"558","name":"Nicaraguan C\u00f3rdoba","rate":0.61603914598048,"date":"Sun, 27 Jun 2021 23:55:01 GMT","inverseRate":1.6232734665074},"lrd":{"code":"LRD","alphaCode":"LRD","numericCode":"430","name":"Liberian dollar","rate":3.0085952119992,"date":"Sun, 27 Jun 2021 23:55:01 GMT","inverseRate":0.3323810381708},"sdg":{"code":"SDG","alphaCode":"SDG","numericCode":"938","name":"Sudanese pound","rate":7.7313900215326,"date":"Sun, 27 Jun 2021 23:55:01 GMT","inverseRate":0.12934284743299},"mru":{"code":"MRU","alphaCode":"MRU","numericCode":"929","name":"Mauritanian ouguiya","rate":0.63444612772118,"date":"Sun, 27 Jun 2021 23:55:01 GMT","inverseRate":1.5761779547648},"dkk":{"code":"DKK","alphaCode":"DKK","numericCode":"208","name":"Danish Krone","rate":0.10962893495135,"date":"Sun, 27 Jun 2021 23:55:01 GMT","inverseRate":9.1216794219865},"jod":{"code":"JOD","alphaCode":"JOD","numericCode":"400","name":"Jordanian Dinar","rate":0.012479108816244,"date":"Sun, 27 Jun 2021 23:55:01 GMT","inverseRate":80.133927408209},"bgn":{"code":"BGN","alphaCode":"BGN","numericCode":"975","name":"Bulgarian Lev","rate":0.028833620803795,"date":"Sun, 27 Jun 2021 23:55:01 GMT","inverseRate":34.681735145396},"vnd":{"code":"VND","alphaCode":"VND","numericCode":"704","name":"Vietnamese Dong","rate":405.12766838765,"date":"Sun, 27 Jun 2021 23:55:01 GMT","inverseRate":0.0024683577006228},"uzs":{"code":"UZS","alphaCode":"UZS","numericCode":"860","name":"Uzbekistan Sum","rate":185.70216934404,"date":"Sun, 27 Jun 2021 23:55:01 GMT","inverseRate":0.0053849667105792},"pab":{"code":"PAB","alphaCode":"PAB","numericCode":"590","name":"Panamanian Balboa","rate":0.017553713022119,"date":"Sun, 27 Jun 2021 23:55:01 GMT","inverseRate":56.96800436124},"ttd":{"code":"TTD","alphaCode":"TTD","numericCode":"780","name":"Trinidad Tobago Dollar","rate":0.11937155149942,"date":"Sun, 27 Jun 2021 23:55:01 GMT","inverseRate":8.3772053511831},"htg":{"code":"HTG","alphaCode":"HTG","numericCode":"332","name":"Haitian gourde","rate":1.649874793677,"date":"Sun, 27 Jun 2021 23:55:01 GMT","inverseRate":0.60610659901735},"cup":{"code":"CUP","alphaCode":"CUP","numericCode":"192","name":"Cuban peso","rate":0.017553713022119,"date":"Sun, 27 Jun 2021 23:55:01 GMT","inverseRate":56.96800436124}}