{"usd":{"code":"USD","alphaCode":"USD","numericCode":"840","name":"U.S. Dollar","rate":0.0075094898633678,"date":"Sun, 27 Jun 2021 23:55:01 GMT","inverseRate":133.16483785112},"eur":{"code":"EUR","alphaCode":"EUR","numericCode":"978","name":"Euro","rate":0.0062865597268884,"date":"Sun, 27 Jun 2021 23:55:01 GMT","inverseRate":159.06951392236},"gbp":{"code":"GBP","alphaCode":"GBP","numericCode":"826","name":"U.K. Pound Sterling","rate":0.0053999425271551,"date":"Sun, 27 Jun 2021 23:55:01 GMT","inverseRate":185.1871561542},"jpy":{"code":"JPY","alphaCode":"JPY","numericCode":"392","name":"Japanese Yen","rate":0.83154715270093,"date":"Sun, 27 Jun 2021 23:55:01 GMT","inverseRate":1.2025776250354},"aud":{"code":"AUD","alphaCode":"AUD","numericCode":"036","name":"Australian Dollar","rate":0.0098848520148671,"date":"Sun, 27 Jun 2021 23:55:01 GMT","inverseRate":101.1648933637},"chf":{"code":"CHF","alphaCode":"CHF","numericCode":"756","name":"Swiss Franc","rate":0.0068863128403287,"date":"Sun, 27 Jun 2021 23:55:01 GMT","inverseRate":145.2155926091},"cad":{"code":"CAD","alphaCode":"CAD","numericCode":"124","name":"Canadian Dollar","rate":0.0092366298024006,"date":"Sun, 27 Jun 2021 23:55:01 GMT","inverseRate":108.26459665408},"lkr":{"code":"LKR","alphaCode":"LKR","numericCode":"144","name":"Sri Lanka Rupee","rate":1.4921451252434,"date":"Sun, 27 Jun 2021 23:55:01 GMT","inverseRate":0.67017609955125},"pln":{"code":"PLN","alphaCode":"PLN","numericCode":"985","name":"Polish Zloty","rate":0.028354196038374,"date":"Sun, 27 Jun 2021 23:55:01 GMT","inverseRate":35.268148624161},"pen":{"code":"PEN","alphaCode":"PEN","numericCode":"604","name":"Peruvian Nuevo Sol","rate":0.029889279950958,"date":"Sun, 27 Jun 2021 23:55:01 GMT","inverseRate":33.456811326362},"iqd":{"code":"IQD","alphaCode":"IQD","numericCode":"368","name":"Iraqi dinar","rate":10.934612885216,"date":"Sun, 27 Jun 2021 23:55:01 GMT","inverseRate":0.091452711723522},"svc":{"code":"SVC","alphaCode":"SVC","numericCode":"222","name":"Salvadoran colon","rate":0.065543522046769,"date":"Sun, 27 Jun 2021 23:55:01 GMT","inverseRate":15.257037900503},"cve":{"code":"CVE","alphaCode":"CVE","numericCode":"132","name":"Cape Verde escudo","rate":0.69994008111671,"date":"Sun, 27 Jun 2021 23:55:01 GMT","inverseRate":1.4286937224749},"zmw":{"code":"ZMW","alphaCode":"ZMW","numericCode":"967","name":"Zambian kwacha","rate":0.16913826542499,"date":"Sun, 27 Jun 2021 23:55:01 GMT","inverseRate":5.9123226638711},"yer":{"code":"YER","alphaCode":"YER","numericCode":"886","name":"Yemeni rial","rate":1.883059205874,"date":"Sun, 27 Jun 2021 23:55:01 GMT","inverseRate":0.53105074810214},"dop":{"code":"DOP","alphaCode":"DOP","numericCode":"214","name":"Dominican Peso","rate":0.42634370308448,"date":"Sun, 27 Jun 2021 23:55:01 GMT","inverseRate":2.345525435852},"nzd":{"code":"NZD","alphaCode":"NZD","numericCode":"554","name":"New Zealand Dollar","rate":0.010609678564624,"date":"Sun, 27 Jun 2021 23:55:01 GMT","inverseRate":94.253562340178},"hrk":{"code":"HRK","alphaCode":"HRK","numericCode":"191","name":"Croatian Kuna","rate":0.047118475851402,"date":"Sun, 27 Jun 2021 23:55:01 GMT","inverseRate":21.223097350468},"ars":{"code":"ARS","alphaCode":"ARS","numericCode":"032","name":"Argentine Peso","rate":0.71601258069393,"date":"Sun, 27 Jun 2021 23:55:01 GMT","inverseRate":1.3966235048983},"stn":{"code":"STN","alphaCode":"STN","numericCode":"930","name":"S\u00e3o Tom\u00e9 and Pr\u00edncipe Dobra","rate":0.15549957918391,"date":"Sun, 27 Jun 2021 23:55:01 GMT","inverseRate":6.4308855705473},"xpf":{"code":"XPF","alphaCode":"XPF","numericCode":"953","name":"CFP Franc","rate":0.74908366898046,"date":"Sun, 27 Jun 2021 23:55:01 GMT","inverseRate":1.3349643590028},"all":{"code":"ALL","alphaCode":"ALL","numericCode":"008","name":"Albanian lek","rate":0.76908145324692,"date":"Sun, 27 Jun 2021 23:55:01 GMT","inverseRate":1.3002523930049},"mur":{"code":"MUR","alphaCode":"MUR","numericCode":"480","name":"Mauritian Rupee","rate":0.30745741090269,"date":"Sun, 27 Jun 2021 23:55:01 GMT","inverseRate":3.2524829928933},"sos":{"code":"SOS","alphaCode":"SOS","numericCode":"706","name":"Somali shilling","rate":4.3311800283008,"date":"Sun, 27 Jun 2021 23:55:01 GMT","inverseRate":0.23088396082957},"ang":{"code":"ANG","alphaCode":"ANG","numericCode":"532","name":"Neth. Antillean Guilder","rate":0.013354931461128,"date":"Sun, 27 Jun 2021 23:55:01 GMT","inverseRate":74.878707008771},"pkr":{"code":"PKR","alphaCode":"PKR","numericCode":"586","name":"Pakistani Rupee","rate":1.1613363665265,"date":"Sun, 27 Jun 2021 23:55:01 GMT","inverseRate":0.86107697031046},"krw":{"code":"KRW","alphaCode":"KRW","numericCode":"410","name":"South Korean Won","rate":8.4647188473133,"date":"Sun, 27 Jun 2021 23:55:01 GMT","inverseRate":0.11813741460738},"azn":{"code":"AZN","alphaCode":"AZN","numericCode":"944","name":"Azerbaijan Manat","rate":0.012729257139918,"date":"Sun, 27 Jun 2021 23:55:01 GMT","inverseRate":78.55917977052},"pyg":{"code":"PYG","alphaCode":"PYG","numericCode":"600","name":"Paraguayan Guaran\u00ed","rate":50.903576312385,"date":"Sun, 27 Jun 2021 23:55:01 GMT","inverseRate":0.019644985135489},"bnd":{"code":"BND","alphaCode":"BND","numericCode":"096","name":"Brunei Dollar","rate":0.010078062174782,"date":"Sun, 27 Jun 2021 23:55:01 GMT","inverseRate":99.225424754992},"kmf":{"code":"KMF","alphaCode":"KMF","numericCode":"174","name":"\tComoro franc","rate":3.1035223653632,"date":"Sun, 27 Jun 2021 23:55:01 GMT","inverseRate":0.32221452990333},"szl":{"code":"SZL","alphaCode":"SZL","numericCode":"748","name":"Swazi lilangeni","rate":0.10644976825095,"date":"Sun, 27 Jun 2021 23:55:01 GMT","inverseRate":9.3941021801246},"wst":{"code":"WST","alphaCode":"WST","numericCode":"882","name":"Samoan tala","rate":0.019034159192391,"date":"Sun, 27 Jun 2021 23:55:01 GMT","inverseRate":52.537124960044},"egp":{"code":"EGP","alphaCode":"EGP","numericCode":"818","name":"Egyptian Pound","rate":0.11772506853545,"date":"Sun, 27 Jun 2021 23:55:01 GMT","inverseRate":8.4943675331044},"sgd":{"code":"SGD","alphaCode":"SGD","numericCode":"702","name":"Singapore Dollar","rate":0.010076481065467,"date":"Sun, 27 Jun 2021 23:55:01 GMT","inverseRate":99.240994301779},"zar":{"code":"ZAR","alphaCode":"ZAR","numericCode":"710","name":"South African Rand","rate":0.10586631025104,"date":"Sun, 27 Jun 2021 23:55:01 GMT","inverseRate":9.4458756296381},"kgs":{"code":"KGS","alphaCode":"KGS","numericCode":"417","name":"Kyrgyzstan Som","rate":0.62764378521085,"date":"Sun, 27 Jun 2021 23:55:01 GMT","inverseRate":1.5932604186689},"crc":{"code":"CRC","alphaCode":"CRC","numericCode":"188","name":"Costa Rican Col\u00f3n","rate":4.638135939347,"date":"Sun, 27 Jun 2021 23:55:01 GMT","inverseRate":0.21560385747141},"jmd":{"code":"JMD","alphaCode":"JMD","numericCode":"388","name":"Jamaican Dollar","rate":1.1204574421039,"date":"Sun, 27 Jun 2021 23:55:01 GMT","inverseRate":0.89249262169416},"ssp":{"code":"SSP","alphaCode":"SSP","numericCode":"728","name":"South Sudanese pound","rate":1.3317473120938,"date":"Sun, 27 Jun 2021 23:55:01 GMT","inverseRate":0.7508931994222},"ern":{"code":"ERN","alphaCode":"ERN","numericCode":"232","name":"Eritrean nakfa","rate":0.11289356147044,"date":"Sun, 27 Jun 2021 23:55:01 GMT","inverseRate":8.8579010793438},"bam":{"code":"BAM","alphaCode":"BAM","numericCode":"977","name":"Bosnia and Herzegovina convertible mark","rate":0.012396717227983,"date":"Sun, 27 Jun 2021 23:55:01 GMT","inverseRate":80.666516918103},"inr":{"code":"INR","alphaCode":"INR","numericCode":"356","name":"Indian Rupee","rate":0.55710967868047,"date":"Sun, 27 Jun 2021 23:55:01 GMT","inverseRate":1.7949786878026},"try":{"code":"TRY","alphaCode":"TRY","numericCode":"949","name":"Turkish Lira","rate":0.065416206037543,"date":"Sun, 27 Jun 2021 23:55:01 GMT","inverseRate":15.286731844798},"twd":{"code":"TWD","alphaCode":"TWD","numericCode":"901","name":"New Taiwan Dollar ","rate":0.20950251320338,"date":"Sun, 27 Jun 2021 23:55:01 GMT","inverseRate":4.7732124293384},"tmt":{"code":"TMT","alphaCode":"TMT","numericCode":"934","name":"New Turkmenistan Manat","rate":0.026215343947303,"date":"Sun, 27 Jun 2021 23:55:01 GMT","inverseRate":38.145599081598},"mga":{"code":"MGA","alphaCode":"MGA","numericCode":"969","name":"Malagasy ariary","rate":28.347573285228,"date":"Sun, 27 Jun 2021 23:55:01 GMT","inverseRate":0.035276388209255},"srd":{"code":"SRD","alphaCode":"SRD","numericCode":"968","name":"Surinamese dollar","rate":0.15584152438278,"date":"Sun, 27 Jun 2021 23:55:01 GMT","inverseRate":6.4167750152636},"ghs":{"code":"GHS","alphaCode":"GHS","numericCode":"936","name":"Ghanaian Cedi","rate":0.043651945311408,"date":"Sun, 27 Jun 2021 23:55:01 GMT","inverseRate":22.90848650309},"mop":{"code":"MOP","alphaCode":"MOP","numericCode":"446","name":"Macanese pataca","rate":0.059931444577648,"date":"Sun, 27 Jun 2021 23:55:01 GMT","inverseRate":16.685731622978},"lbp":{"code":"LBP","alphaCode":"LBP","numericCode":"422","name":"Lebanese Pound","rate":11.308072227345,"date":"Sun, 27 Jun 2021 23:55:01 GMT","inverseRate":0.088432402968019},"huf":{"code":"HUF","alphaCode":"HUF","numericCode":"348","name":"Hungarian Forint","rate":2.2097023839609,"date":"Sun, 27 Jun 2021 23:55:01 GMT","inverseRate":0.45254963168727},"ngn":{"code":"NGN","alphaCode":"NGN","numericCode":"566","name":"Nigerian Naira","rate":3.0783331238053,"date":"Sun, 27 Jun 2021 23:55:01 GMT","inverseRate":0.32485113201908},"irr":{"code":"IRR","alphaCode":"IRR","numericCode":"364","name":"Iranian rial","rate":314.61686195785,"date":"Sun, 27 Jun 2021 23:55:01 GMT","inverseRate":0.0031784691824114},"ves":{"code":"VES","alphaCode":"VES","numericCode":"928","name":"Venezuelan Bolivar","rate":23821.490155653,"date":"Sun, 27 Jun 2021 23:55:01 GMT","inverseRate":4.1978901969014e-5},"sbd":{"code":"SBD","alphaCode":"SBD","numericCode":"090","name":"Solomon Islands dollar","rate":0.061054433093318,"date":"Sun, 27 Jun 2021 23:55:01 GMT","inverseRate":16.378827045557},"mwk":{"code":"MWK","alphaCode":"MWK","numericCode":"454","name":"Malawian kwacha","rate":6.031398571325,"date":"Sun, 27 Jun 2021 23:55:01 GMT","inverseRate":0.1657990245835},"gtq":{"code":"GTQ","alphaCode":"GTQ","numericCode":"320","name":"Guatemalan Quetzal","rate":0.057911283524469,"date":"Sun, 27 Jun 2021 23:55:01 GMT","inverseRate":17.267792028431},"sek":{"code":"SEK","alphaCode":"SEK","numericCode":"752","name":"Swedish Krona","rate":0.063579050147147,"date":"Sun, 27 Jun 2021 23:55:01 GMT","inverseRate":15.72845139532},"npr":{"code":"NPR","alphaCode":"NPR","numericCode":"524","name":"Nepalese Rupee","rate":0.89044459192733,"date":"Sun, 27 Jun 2021 23:55:01 GMT","inverseRate":1.1230345032873},"isk":{"code":"ISK","alphaCode":"ISK","numericCode":"352","name":"Icelandic Krona","rate":0.92414752787059,"date":"Sun, 27 Jun 2021 23:55:01 GMT","inverseRate":1.0820783152493},"gip":{"code":"GIP","alphaCode":"GIP","numericCode":"292","name":"Gibraltar pound","rate":0.0053751737469977,"date":"Sun, 27 Jun 2021 23:55:01 GMT","inverseRate":186.04049786457},"gel":{"code":"GEL","alphaCode":"GEL","numericCode":"981","name":"Georgian lari","rate":0.024323546244304,"date":"Sun, 27 Jun 2021 23:55:01 GMT","inverseRate":41.112426204472},"mkd":{"code":"MKD","alphaCode":"MKD","numericCode":"807","name":"Macedonian denar","rate":0.38780231039463,"date":"Sun, 27 Jun 2021 23:55:01 GMT","inverseRate":2.5786334253203},"bif":{"code":"BIF","alphaCode":"BIF","numericCode":"108","name":"Burundian franc","rate":14.818386453334,"date":"Sun, 27 Jun 2021 23:55:01 GMT","inverseRate":0.067483730644306},"mmk":{"code":"MMK","alphaCode":"MMK","numericCode":"104","name":"Myanma Kyat","rate":12.325031863142,"date":"Sun, 27 Jun 2021 23:55:01 GMT","inverseRate":0.081135692881289},"mvr":{"code":"MVR","alphaCode":"MVR","numericCode":"462","name":"Maldivian rufiyaa","rate":0.11575162631779,"date":"Sun, 27 Jun 2021 23:55:01 GMT","inverseRate":8.6391874724468},"kes":{"code":"KES","alphaCode":"KES","numericCode":"404","name":"Kenyan shilling","rate":0.80674976621403,"date":"Sun, 27 Jun 2021 23:55:01 GMT","inverseRate":1.2395417288968},"aed":{"code":"AED","alphaCode":"AED","numericCode":"784","name":"U.A.E Dirham","rate":0.027529640717789,"date":"Sun, 27 Jun 2021 23:55:01 GMT","inverseRate":36.324484225972},"php":{"code":"PHP","alphaCode":"PHP","numericCode":"608","name":"Philippine Peso","rate":0.36422530641336,"date":"Sun, 27 Jun 2021 23:55:01 GMT","inverseRate":2.7455533220559},"ils":{"code":"ILS","alphaCode":"ILS","numericCode":"376","name":"Israeli New Sheqel","rate":0.024386708607446,"date":"Sun, 27 Jun 2021 23:55:01 GMT","inverseRate":41.005943692404},"mro":{"code":"MRO","alphaCode":"MRO","numericCode":"478","name":"Mauritanian Ouguiya","rate":0.27191871964352,"date":"Sun, 27 Jun 2021 23:55:01 GMT","inverseRate":3.6775695373639},"cop":{"code":"COP","alphaCode":"COP","numericCode":"170","name":"Colombian Peso","rate":28.234791076445,"date":"Sun, 27 Jun 2021 23:55:01 GMT","inverseRate":0.035417297662749},"bzd":{"code":"BZD","alphaCode":"BZD","numericCode":"084","name":"Belize dollar","rate":0.015092947122366,"date":"Sun, 27 Jun 2021 23:55:01 GMT","inverseRate":66.256112334622},"gnf":{"code":"GNF","alphaCode":"GNF","numericCode":"324","name":"Guinean franc","rate":73.439309029086,"date":"Sun, 27 Jun 2021 23:55:01 GMT","inverseRate":0.013616685848773},"sll":{"code":"SLL","alphaCode":"SLL","numericCode":"694","name":"Sierra Leonean leone","rate":76.822691829884,"date":"Sun, 27 Jun 2021 23:55:01 GMT","inverseRate":0.013016987249215},"ugx":{"code":"UGX","alphaCode":"UGX","numericCode":"800","name":"Ugandan shilling","rate":26.76824672826,"date":"Sun, 27 Jun 2021 23:55:01 GMT","inverseRate":0.037357695113602},"cny":{"code":"CNY","alphaCode":"CNY","numericCode":"156","name":"Chinese Yuan","rate":0.048478864948972,"date":"Sun, 27 Jun 2021 23:55:01 GMT","inverseRate":20.627545654226},"sar":{"code":"SAR","alphaCode":"SAR","numericCode":"682","name":"Saudi Riyal","rate":0.02815978321155,"date":"Sun, 27 Jun 2021 23:55:01 GMT","inverseRate":35.51163702105},"myr":{"code":"MYR","alphaCode":"MYR","numericCode":"458","name":"Malaysian Ringgit","rate":0.031117384846487,"date":"Sun, 27 Jun 2021 23:55:01 GMT","inverseRate":32.136376656758},"kzt":{"code":"KZT","alphaCode":"KZT","numericCode":"398","name":"Kazakhstani Tenge","rate":3.2010216111306,"date":"Sun, 27 Jun 2021 23:55:01 GMT","inverseRate":0.31240026512873},"bob":{"code":"BOB","alphaCode":"BOB","numericCode":"068","name":"Bolivian Boliviano","rate":0.051607972705568,"date":"Sun, 27 Jun 2021 23:55:01 GMT","inverseRate":19.376851047902},"gyd":{"code":"GYD","alphaCode":"GYD","numericCode":"328","name":"Guyanese dollar","rate":1.5638314826075,"date":"Sun, 27 Jun 2021 23:55:01 GMT","inverseRate":0.63945508906918},"rwf":{"code":"RWF","alphaCode":"RWF","numericCode":"646","name":"Rwandan franc","rate":7.5292359323311,"date":"Sun, 27 Jun 2021 23:55:01 GMT","inverseRate":0.13281560160785},"mzn":{"code":"MZN","alphaCode":"MZN","numericCode":"943","name":"Mozambican metical","rate":0.47723187348869,"date":"Sun, 27 Jun 2021 23:55:01 GMT","inverseRate":2.0954174596297},"vuv":{"code":"VUV","alphaCode":"VUV","numericCode":"548","name":"Vanuatu vatu","rate":0.82262255615865,"date":"Sun, 27 Jun 2021 23:55:01 GMT","inverseRate":1.215624337691},"idr":{"code":"IDR","alphaCode":"IDR","numericCode":"360","name":"Indonesian Rupiah","rate":108.44266382409,"date":"Sun, 27 Jun 2021 23:55:01 GMT","inverseRate":0.0092214628886485},"tnd":{"code":"TND","alphaCode":"TND","numericCode":"788","name":"Tunisian Dinar","rate":0.020535260988863,"date":"Sun, 27 Jun 2021 23:55:01 GMT","inverseRate":48.696727085296},"xof":{"code":"XOF","alphaCode":"XOF","numericCode":"952","name":"West African CFA Franc","rate":4.1276878829894,"date":"Sun, 27 Jun 2021 23:55:01 GMT","inverseRate":0.24226637971372},"tjs":{"code":"TJS","alphaCode":"TJS","numericCode":"972","name":"Tajikistan Ruble","rate":0.084910332471335,"date":"Sun, 27 Jun 2021 23:55:01 GMT","inverseRate":11.77712971902},"afn":{"code":"AFN","alphaCode":"AFN","numericCode":"971","name":"Afghan afghani","rate":0.59225249217006,"date":"Sun, 27 Jun 2021 23:55:01 GMT","inverseRate":1.6884690452478},"nad":{"code":"NAD","alphaCode":"NAD","numericCode":"516","name":"Namibian dollar","rate":0.10644976825095,"date":"Sun, 27 Jun 2021 23:55:01 GMT","inverseRate":9.3941021801246},"syp":{"code":"SYP","alphaCode":"SYP","numericCode":"760","name":"Syrian pound","rate":18.898382190151,"date":"Sun, 27 Jun 2021 23:55:01 GMT","inverseRate":0.052914582313884},"top":{"code":"TOP","alphaCode":"TOP","numericCode":"776","name":"Tongan pa\u02bbanga","rate":0.016588199008267,"date":"Sun, 27 Jun 2021 23:55:01 GMT","inverseRate":60.283819810796},"kwd":{"code":"KWD","alphaCode":"KWD","numericCode":"414","name":"Kuwaiti Dinar","rate":0.0022585565698249,"date":"Sun, 27 Jun 2021 23:55:01 GMT","inverseRate":442.76066110558},"czk":{"code":"CZK","alphaCode":"CZK","numericCode":"203","name":"Czech Koruna","rate":0.16015516587534,"date":"Sun, 27 Jun 2021 23:55:01 GMT","inverseRate":6.2439447053388},"pgk":{"code":"PGK","alphaCode":"PGK","numericCode":"598","name":"Papua New Guinean kina","rate":0.026355341173616,"date":"Sun, 27 Jun 2021 23:55:01 GMT","inverseRate":37.942973054778},"uah":{"code":"UAH","alphaCode":"UAH","numericCode":"980","name":"Ukrainian Hryvnia","rate":0.20572369409129,"date":"Sun, 27 Jun 2021 23:55:01 GMT","inverseRate":4.8608887975551},"etb":{"code":"ETB","alphaCode":"ETB","numericCode":"230","name":"Ethiopian birr","rate":0.32771761023383,"date":"Sun, 27 Jun 2021 23:55:01 GMT","inverseRate":3.0514075801007},"xcd":{"code":"XCD","alphaCode":"XCD","numericCode":"951","name":"East Caribbean Dollar","rate":0.020288844320948,"date":"Sun, 27 Jun 2021 23:55:01 GMT","inverseRate":49.288169605971},"lak":{"code":"LAK","alphaCode":"LAK","numericCode":"418","name":"Lao kip","rate":71.046549587036,"date":"Sun, 27 Jun 2021 23:55:01 GMT","inverseRate":0.014075278895493},"bwp":{"code":"BWP","alphaCode":"BWP","numericCode":"072","name":"Botswana Pula","rate":0.081388381525205,"date":"Sun, 27 Jun 2021 23:55:01 GMT","inverseRate":12.286766013283},"nok":{"code":"NOK","alphaCode":"NOK","numericCode":"578","name":"Norwegian Krone","rate":0.063711459049129,"date":"Sun, 27 Jun 2021 23:55:01 GMT","inverseRate":15.695763602414},"mad":{"code":"MAD","alphaCode":"MAD","numericCode":"504","name":"Moroccan Dirham","rate":0.066335498793337,"date":"Sun, 27 Jun 2021 23:55:01 GMT","inverseRate":15.074884762914},"ron":{"code":"RON","alphaCode":"RON","numericCode":"946","name":"Romanian New Leu","rate":0.030960342578822,"date":"Sun, 27 Jun 2021 23:55:01 GMT","inverseRate":32.299384202681},"byn":{"code":"BYN","alphaCode":"BYN","numericCode":"933","name":"Belarussian Ruble","rate":0.018970747594494,"date":"Sun, 27 Jun 2021 23:55:01 GMT","inverseRate":52.712735490205},"rsd":{"code":"RSD","alphaCode":"RSD","numericCode":"941","name":"Serbian Dinar","rate":0.7248192465725,"date":"Sun, 27 Jun 2021 23:55:01 GMT","inverseRate":1.3796543134426},"gmd":{"code":"GMD","alphaCode":"GMD","numericCode":"270","name":"Gambian dalasi","rate":0.38885560062042,"date":"Sun, 27 Jun 2021 23:55:01 GMT","inverseRate":2.5716487004546},"awg":{"code":"AWG","alphaCode":"AWG","numericCode":"533","name":"Aruban florin","rate":0.013553056648129,"date":"Sun, 27 Jun 2021 23:55:01 GMT","inverseRate":73.784093578478},"aoa":{"code":"AOA","alphaCode":"AOA","numericCode":"973","name":"Angolan kwanza","rate":4.8875126353841,"date":"Sun, 27 Jun 2021 23:55:01 GMT","inverseRate":0.20460305161368},"khr":{"code":"KHR","alphaCode":"KHR","numericCode":"116","name":"Cambodian riel","rate":30.514072427587,"date":"Sun, 27 Jun 2021 23:55:01 GMT","inverseRate":0.032771764646397},"scr":{"code":"SCR","alphaCode":"SCR","numericCode":"690","name":"Seychelles rupee","rate":0.11222317215055,"date":"Sun, 27 Jun 2021 23:55:01 GMT","inverseRate":8.9108156616576},"bhd":{"code":"BHD","alphaCode":"BHD","numericCode":"048","name":"Bahrain Dinar","rate":0.0028260305799541,"date":"Sun, 27 Jun 2021 23:55:01 GMT","inverseRate":353.85321273355},"omr":{"code":"OMR","alphaCode":"OMR","numericCode":"512","name":"Omani Rial","rate":0.0028883313792605,"date":"Sun, 27 Jun 2021 23:55:01 GMT","inverseRate":346.22066123729},"rub":{"code":"RUB","alphaCode":"RUB","numericCode":"643","name":"Russian Rouble","rate":0.54193276494624,"date":"Sun, 27 Jun 2021 23:55:01 GMT","inverseRate":1.8452473529612},"lyd":{"code":"LYD","alphaCode":"LYD","numericCode":"434","name":"Libyan Dinar","rate":0.033422826311749,"date":"Sun, 27 Jun 2021 23:55:01 GMT","inverseRate":29.91967198323},"clp":{"code":"CLP","alphaCode":"CLP","numericCode":"152","name":"Chilean Peso","rate":5.5107557221388,"date":"Sun, 27 Jun 2021 23:55:01 GMT","inverseRate":0.1814633147288},"bsd":{"code":"BSD","alphaCode":"BSD","numericCode":"044","name":"Bahamian Dollar","rate":0.0074839150127323,"date":"Sun, 27 Jun 2021 23:55:01 GMT","inverseRate":133.61990325902},"djf":{"code":"DJF","alphaCode":"DJF","numericCode":"262","name":"Djiboutian franc","rate":1.3329370990373,"date":"Sun, 27 Jun 2021 23:55:01 GMT","inverseRate":0.75022294804624},"hnl":{"code":"HNL","alphaCode":"HNL","numericCode":"340","name":"Honduran Lempira","rate":0.17941502079258,"date":"Sun, 27 Jun 2021 23:55:01 GMT","inverseRate":5.5736693370624},"tzs":{"code":"TZS","alphaCode":"TZS","numericCode":"834","name":"Tanzanian shilling","rate":17.359199807243,"date":"Sun, 27 Jun 2021 23:55:01 GMT","inverseRate":0.057606341945713},"bbd":{"code":"BBD","alphaCode":"BBD","numericCode":"052","name":"Barbadian Dollar","rate":0.015027972430137,"date":"Sun, 27 Jun 2021 23:55:01 GMT","inverseRate":66.542576162477},"bdt":{"code":"BDT","alphaCode":"BDT","numericCode":"050","name":"Bangladeshi taka","rate":0.63529433479868,"date":"Sun, 27 Jun 2021 23:55:01 GMT","inverseRate":1.5740735360357},"qar":{"code":"QAR","alphaCode":"QAR","numericCode":"634","name":"Qatari Rial","rate":0.027468373844255,"date":"Sun, 27 Jun 2021 23:55:01 GMT","inverseRate":36.40550422351},"mxn":{"code":"MXN","alphaCode":"MXN","numericCode":"484","name":"Mexican Peso","rate":0.14865391471605,"date":"Sun, 27 Jun 2021 23:55:01 GMT","inverseRate":6.7270344135245},"amd":{"code":"AMD","alphaCode":"AMD","numericCode":"051","name":"Armenia Dram","rate":3.8874432530515,"date":"Sun, 27 Jun 2021 23:55:01 GMT","inverseRate":0.25723848167173},"uyu":{"code":"UYU","alphaCode":"UYU","numericCode":"858","name":"Uruguayan Peso","rate":0.32683663993193,"date":"Sun, 27 Jun 2021 23:55:01 GMT","inverseRate":3.0596324824789},"fjd":{"code":"FJD","alphaCode":"FJD","numericCode":"242","name":"Fiji Dollar","rate":0.01544406062938,"date":"Sun, 27 Jun 2021 23:55:01 GMT","inverseRate":64.749810558088},"cdf":{"code":"CDF","alphaCode":"CDF","numericCode":"976","name":"Congolese franc","rate":14.888431347283,"date":"Sun, 27 Jun 2021 23:55:01 GMT","inverseRate":0.067166243150423},"lsl":{"code":"LSL","alphaCode":"LSL","numericCode":"426","name":"Lesotho loti","rate":0.10648975689417,"date":"Sun, 27 Jun 2021 23:55:01 GMT","inverseRate":9.3905745413038},"mnt":{"code":"MNT","alphaCode":"MNT","numericCode":"496","name":"Mongolian togrog","rate":21.346064220804,"date":"Sun, 27 Jun 2021 23:55:01 GMT","inverseRate":0.046847043541892},"brl":{"code":"BRL","alphaCode":"BRL","numericCode":"986","name":"Brazilian Real","rate":0.037530211349438,"date":"Sun, 27 Jun 2021 23:55:01 GMT","inverseRate":26.645200334449},"hkd":{"code":"HKD","alphaCode":"HKD","numericCode":"344","name":"Hong Kong Dollar","rate":0.058285719618372,"date":"Sun, 27 Jun 2021 23:55:01 GMT","inverseRate":17.156861175388},"thb":{"code":"THB","alphaCode":"THB","numericCode":"764","name":"Thai Baht","rate":0.23731448076197,"date":"Sun, 27 Jun 2021 23:55:01 GMT","inverseRate":4.2138178706551},"xaf":{"code":"XAF","alphaCode":"XAF","numericCode":"950","name":"Central African CFA Franc","rate":4.1311872562259,"date":"Sun, 27 Jun 2021 23:55:01 GMT","inverseRate":0.2420611649818},"mdl":{"code":"MDL","alphaCode":"MDL","numericCode":"498","name":"Moldova Lei","rate":0.13510241785296,"date":"Sun, 27 Jun 2021 23:55:01 GMT","inverseRate":7.4017920322369},"nio":{"code":"NIO","alphaCode":"NIO","numericCode":"558","name":"Nicaraguan C\u00f3rdoba","rate":0.26264441074232,"date":"Sun, 27 Jun 2021 23:55:01 GMT","inverseRate":3.8074292050368},"lrd":{"code":"LRD","alphaCode":"LRD","numericCode":"430","name":"Liberian dollar","rate":1.282695623766,"date":"Sun, 27 Jun 2021 23:55:01 GMT","inverseRate":0.77960817942451},"sdg":{"code":"SDG","alphaCode":"SDG","numericCode":"938","name":"Sudanese pound","rate":3.2962294517706,"date":"Sun, 27 Jun 2021 23:55:01 GMT","inverseRate":0.3033769385996},"mru":{"code":"MRU","alphaCode":"MRU","numericCode":"929","name":"Mauritanian ouguiya","rate":0.27049211150026,"date":"Sun, 27 Jun 2021 23:55:01 GMT","inverseRate":3.69696548433},"dkk":{"code":"DKK","alphaCode":"DKK","numericCode":"208","name":"Danish Krone","rate":0.046739606092365,"date":"Sun, 27 Jun 2021 23:55:01 GMT","inverseRate":21.395131101958},"jod":{"code":"JOD","alphaCode":"JOD","numericCode":"400","name":"Jordanian Dinar","rate":0.0053203894639115,"date":"Sun, 27 Jun 2021 23:55:01 GMT","inverseRate":187.95616501067},"bgn":{"code":"BGN","alphaCode":"BGN","numericCode":"975","name":"Bulgarian Lev","rate":0.012293032666824,"date":"Sun, 27 Jun 2021 23:55:01 GMT","inverseRate":81.34689194301},"vnd":{"code":"VND","alphaCode":"VND","numericCode":"704","name":"Vietnamese Dong","rate":172.72363036237,"date":"Sun, 27 Jun 2021 23:55:01 GMT","inverseRate":0.005789595771592},"uzs":{"code":"UZS","alphaCode":"UZS","numericCode":"860","name":"Uzbekistan Sum","rate":79.17295054896,"date":"Sun, 27 Jun 2021 23:55:01 GMT","inverseRate":0.01263057639088},"pab":{"code":"PAB","alphaCode":"PAB","numericCode":"590","name":"Panamanian Balboa","rate":0.0074839150127323,"date":"Sun, 27 Jun 2021 23:55:01 GMT","inverseRate":133.61990325902},"ttd":{"code":"TTD","alphaCode":"TTD","numericCode":"780","name":"Trinidad Tobago Dollar","rate":0.050893309309204,"date":"Sun, 27 Jun 2021 23:55:01 GMT","inverseRate":19.648948232556},"htg":{"code":"HTG","alphaCode":"HTG","numericCode":"332","name":"Haitian gourde","rate":0.70341372916198,"date":"Sun, 27 Jun 2021 23:55:01 GMT","inverseRate":1.421638444833},"cup":{"code":"CUP","alphaCode":"CUP","numericCode":"192","name":"Cuban peso","rate":0.0074839150127323,"date":"Sun, 27 Jun 2021 23:55:01 GMT","inverseRate":133.61990325902}}