{"usd":{"code":"USD","alphaCode":"USD","numericCode":"840","name":"U.S. Dollar","rate":0.063788366885568,"date":"Sun, 27 Jun 2021 23:55:01 GMT","inverseRate":15.676839662535},"eur":{"code":"EUR","alphaCode":"EUR","numericCode":"978","name":"Euro","rate":0.053400348839003,"date":"Sun, 27 Jun 2021 23:55:01 GMT","inverseRate":18.72646942841},"gbp":{"code":"GBP","alphaCode":"GBP","numericCode":"826","name":"U.K. Pound Sterling","rate":0.045869096483296,"date":"Sun, 27 Jun 2021 23:55:01 GMT","inverseRate":21.801170650138},"jpy":{"code":"JPY","alphaCode":"JPY","numericCode":"392","name":"Japanese Yen","rate":7.0634671361482,"date":"Sun, 27 Jun 2021 23:55:01 GMT","inverseRate":0.14157353332648},"aud":{"code":"AUD","alphaCode":"AUD","numericCode":"036","name":"Australian Dollar","rate":0.083965566024629,"date":"Sun, 27 Jun 2021 23:55:01 GMT","inverseRate":11.909644004623},"chf":{"code":"CHF","alphaCode":"CHF","numericCode":"756","name":"Swiss Franc","rate":0.058494872213688,"date":"Sun, 27 Jun 2021 23:55:01 GMT","inverseRate":17.095515592322},"cad":{"code":"CAD","alphaCode":"CAD","numericCode":"124","name":"Canadian Dollar","rate":0.078459328308816,"date":"Sun, 27 Jun 2021 23:55:01 GMT","inverseRate":12.745457061065},"lkr":{"code":"LKR","alphaCode":"LKR","numericCode":"144","name":"Sri Lanka Rupee","rate":12.674829106547,"date":"Sun, 27 Jun 2021 23:55:01 GMT","inverseRate":0.07889652725049},"pln":{"code":"PLN","alphaCode":"PLN","numericCode":"985","name":"Polish Zloty","rate":0.24085096225564,"date":"Sun, 27 Jun 2021 23:55:01 GMT","inverseRate":4.1519452138978},"pen":{"code":"PEN","alphaCode":"PEN","numericCode":"604","name":"Peruvian Nuevo Sol","rate":0.25389052920328,"date":"Sun, 27 Jun 2021 23:55:01 GMT","inverseRate":3.9387054063735},"iqd":{"code":"IQD","alphaCode":"IQD","numericCode":"368","name":"Iraqi dinar","rate":92.882620679246,"date":"Sun, 27 Jun 2021 23:55:01 GMT","inverseRate":0.010766276755404},"svc":{"code":"SVC","alphaCode":"SVC","numericCode":"222","name":"Salvadoran colon","rate":0.55675076567938,"date":"Sun, 27 Jun 2021 23:55:01 GMT","inverseRate":1.7961358324846},"cve":{"code":"CVE","alphaCode":"CVE","numericCode":"132","name":"Cape Verde escudo","rate":5.9455483001562,"date":"Sun, 27 Jun 2021 23:55:01 GMT","inverseRate":0.16819306639452},"zmw":{"code":"ZMW","alphaCode":"ZMW","numericCode":"967","name":"Zambian kwacha","rate":1.4367225904316,"date":"Sun, 27 Jun 2021 23:55:01 GMT","inverseRate":0.69602859080792},"yer":{"code":"YER","alphaCode":"YER","numericCode":"886","name":"Yemeni rial","rate":15.995396981289,"date":"Sun, 27 Jun 2021 23:55:01 GMT","inverseRate":0.062517985716125},"dop":{"code":"DOP","alphaCode":"DOP","numericCode":"214","name":"Dominican Peso","rate":3.6215201094243,"date":"Sun, 27 Jun 2021 23:55:01 GMT","inverseRate":0.27612714268732},"nzd":{"code":"NZD","alphaCode":"NZD","numericCode":"554","name":"New Zealand Dollar","rate":0.090122509136012,"date":"Sun, 27 Jun 2021 23:55:01 GMT","inverseRate":11.096007086208},"hrk":{"code":"HRK","alphaCode":"HRK","numericCode":"191","name":"Croatian Kuna","rate":0.40024165148151,"date":"Sun, 27 Jun 2021 23:55:01 GMT","inverseRate":2.4984905901184},"dzd":{"code":"DZD","alphaCode":"DZD","numericCode":"012","name":"Algerian Dinar","rate":8.4943675331044,"date":"Sun, 27 Jun 2021 23:55:01 GMT","inverseRate":0.11772506853545},"ars":{"code":"ARS","alphaCode":"ARS","numericCode":"032","name":"Argentine Peso","rate":6.0820740187408,"date":"Sun, 27 Jun 2021 23:55:01 GMT","inverseRate":0.16441759783237},"stn":{"code":"STN","alphaCode":"STN","numericCode":"930","name":"S\u00e3o Tom\u00e9 and Pr\u00edncipe Dobra","rate":1.3208705768312,"date":"Sun, 27 Jun 2021 23:55:01 GMT","inverseRate":0.75707644453631},"xpf":{"code":"XPF","alphaCode":"XPF","numericCode":"953","name":"CFP Franc","rate":6.3629919973663,"date":"Sun, 27 Jun 2021 23:55:01 GMT","inverseRate":0.15715877065599},"all":{"code":"ALL","alphaCode":"ALL","numericCode":"008","name":"Albanian lek","rate":6.5328605267734,"date":"Sun, 27 Jun 2021 23:55:01 GMT","inverseRate":0.15307230207988},"mur":{"code":"MUR","alphaCode":"MUR","numericCode":"480","name":"Mauritian Rupee","rate":2.6116562489841,"date":"Sun, 27 Jun 2021 23:55:01 GMT","inverseRate":0.38289878324874},"sos":{"code":"SOS","alphaCode":"SOS","numericCode":"706","name":"Somali shilling","rate":36.790635012428,"date":"Sun, 27 Jun 2021 23:55:01 GMT","inverseRate":0.027180830112397},"ang":{"code":"ANG","alphaCode":"ANG","numericCode":"532","name":"Neth. Antillean Guilder","rate":0.11344169621024,"date":"Sun, 27 Jun 2021 23:55:01 GMT","inverseRate":8.8151009144533},"pkr":{"code":"PKR","alphaCode":"PKR","numericCode":"586","name":"Pakistani Rupee","rate":9.8648179268361,"date":"Sun, 27 Jun 2021 23:55:01 GMT","inverseRate":0.1013703453441},"krw":{"code":"KRW","alphaCode":"KRW","numericCode":"410","name":"South Korean Won","rate":71.902432953475,"date":"Sun, 27 Jun 2021 23:55:01 GMT","inverseRate":0.013907735231255},"azn":{"code":"AZN","alphaCode":"AZN","numericCode":"944","name":"Azerbaijan Manat","rate":0.10812698856986,"date":"Sun, 27 Jun 2021 23:55:01 GMT","inverseRate":9.2483848225731},"pyg":{"code":"PYG","alphaCode":"PYG","numericCode":"600","name":"Paraguayan Guaran\u00ed","rate":432.39368594682,"date":"Sun, 27 Jun 2021 23:55:01 GMT","inverseRate":0.0023127072214533},"bnd":{"code":"BND","alphaCode":"BND","numericCode":"096","name":"Brunei Dollar","rate":0.085606764134078,"date":"Sun, 27 Jun 2021 23:55:01 GMT","inverseRate":11.68131992974},"kmf":{"code":"KMF","alphaCode":"KMF","numericCode":"174","name":"\tComoro franc","rate":26.362459618605,"date":"Sun, 27 Jun 2021 23:55:01 GMT","inverseRate":0.037932727615987},"szl":{"code":"SZL","alphaCode":"SZL","numericCode":"748","name":"Swazi lilangeni","rate":0.90422345533735,"date":"Sun, 27 Jun 2021 23:55:01 GMT","inverseRate":1.1059213229842},"wst":{"code":"WST","alphaCode":"WST","numericCode":"882","name":"Samoan tala","rate":0.16168314386378,"date":"Sun, 27 Jun 2021 23:55:01 GMT","inverseRate":6.1849366365766},"sgd":{"code":"SGD","alphaCode":"SGD","numericCode":"702","name":"Singapore Dollar","rate":0.085593333610444,"date":"Sun, 27 Jun 2021 23:55:01 GMT","inverseRate":11.683152855703},"zar":{"code":"ZAR","alphaCode":"ZAR","numericCode":"710","name":"South African Rand","rate":0.89926734864598,"date":"Sun, 27 Jun 2021 23:55:01 GMT","inverseRate":1.1120163558765},"kgs":{"code":"KGS","alphaCode":"KGS","numericCode":"417","name":"Kyrgyzstan Som","rate":5.3314369914498,"date":"Sun, 27 Jun 2021 23:55:01 GMT","inverseRate":0.18756669198262},"crc":{"code":"CRC","alphaCode":"CRC","numericCode":"188","name":"Costa Rican Col\u00f3n","rate":39.398031337314,"date":"Sun, 27 Jun 2021 23:55:01 GMT","inverseRate":0.025381978897329},"jmd":{"code":"JMD","alphaCode":"JMD","numericCode":"388","name":"Jamaican Dollar","rate":9.5175773184321,"date":"Sun, 27 Jun 2021 23:55:01 GMT","inverseRate":0.10506875505633},"ssp":{"code":"SSP","alphaCode":"SSP","numericCode":"728","name":"South Sudanese pound","rate":11.312351130148,"date":"Sun, 27 Jun 2021 23:55:01 GMT","inverseRate":0.088398953364781},"ern":{"code":"ERN","alphaCode":"ERN","numericCode":"232","name":"Eritrean nakfa","rate":0.95895940325105,"date":"Sun, 27 Jun 2021 23:55:01 GMT","inverseRate":1.042797011646},"bam":{"code":"BAM","alphaCode":"BAM","numericCode":"977","name":"Bosnia and Herzegovina convertible mark","rate":0.10530227233845,"date":"Sun, 27 Jun 2021 23:55:01 GMT","inverseRate":9.4964712326996},"inr":{"code":"INR","alphaCode":"INR","numericCode":"356","name":"Indian Rupee","rate":4.7322943669616,"date":"Sun, 27 Jun 2021 23:55:01 GMT","inverseRate":0.21131398904123},"try":{"code":"TRY","alphaCode":"TRY","numericCode":"949","name":"Turkish Lira","rate":0.55566929670417,"date":"Sun, 27 Jun 2021 23:55:01 GMT","inverseRate":1.7996315541119},"twd":{"code":"TWD","alphaCode":"TWD","numericCode":"901","name":"New Taiwan Dollar ","rate":1.7795913462585,"date":"Sun, 27 Jun 2021 23:55:01 GMT","inverseRate":0.56192676037812},"tmt":{"code":"TMT","alphaCode":"TMT","numericCode":"934","name":"New Turkmenistan Manat","rate":0.22268276649513,"date":"Sun, 27 Jun 2021 23:55:01 GMT","inverseRate":4.4906932662068},"mga":{"code":"MGA","alphaCode":"MGA","numericCode":"969","name":"Malagasy ariary","rate":240.79470615634,"date":"Sun, 27 Jun 2021 23:55:01 GMT","inverseRate":0.0041529152196176},"srd":{"code":"SRD","alphaCode":"SRD","numericCode":"968","name":"Surinamese dollar","rate":1.3237751850266,"date":"Sun, 27 Jun 2021 23:55:01 GMT","inverseRate":0.75541527844846},"ghs":{"code":"GHS","alphaCode":"GHS","numericCode":"936","name":"Ghanaian Cedi","rate":0.37079566701007,"date":"Sun, 27 Jun 2021 23:55:01 GMT","inverseRate":2.6969031436196},"mop":{"code":"MOP","alphaCode":"MOP","numericCode":"446","name":"Macanese pataca","rate":0.50907971703242,"date":"Sun, 27 Jun 2021 23:55:01 GMT","inverseRate":1.9643288988792},"lbp":{"code":"LBP","alphaCode":"LBP","numericCode":"422","name":"Lebanese Pound","rate":96.054921589955,"date":"Sun, 27 Jun 2021 23:55:01 GMT","inverseRate":0.010410710700164},"huf":{"code":"HUF","alphaCode":"HUF","numericCode":"348","name":"Hungarian Forint","rate":18.770024188141,"date":"Sun, 27 Jun 2021 23:55:01 GMT","inverseRate":0.053276436406076},"ngn":{"code":"NGN","alphaCode":"NGN","numericCode":"566","name":"Nigerian Naira","rate":26.148492942932,"date":"Sun, 27 Jun 2021 23:55:01 GMT","inverseRate":0.038243121780764},"irr":{"code":"IRR","alphaCode":"IRR","numericCode":"364","name":"Iranian rial","rate":2672.4712575819,"date":"Sun, 27 Jun 2021 23:55:01 GMT","inverseRate":0.00037418550233719},"ves":{"code":"VES","alphaCode":"VES","numericCode":"928","name":"Venezuelan Bolivar","rate":202348.49256835,"date":"Sun, 27 Jun 2021 23:55:01 GMT","inverseRate":4.9419691113451e-6},"sbd":{"code":"SBD","alphaCode":"SBD","numericCode":"090","name":"Solomon Islands dollar","rate":0.51861879421998,"date":"Sun, 27 Jun 2021 23:55:01 GMT","inverseRate":1.9281985364685},"mwk":{"code":"MWK","alphaCode":"MWK","numericCode":"454","name":"Malawian kwacha","rate":51.232916203475,"date":"Sun, 27 Jun 2021 23:55:01 GMT","inverseRate":0.019518701532203},"gtq":{"code":"GTQ","alphaCode":"GTQ","numericCode":"320","name":"Guatemalan Quetzal","rate":0.49191972657065,"date":"Sun, 27 Jun 2021 23:55:01 GMT","inverseRate":2.0328520000029},"sek":{"code":"SEK","alphaCode":"SEK","numericCode":"752","name":"Swedish Krona","rate":0.54006381935554,"date":"Sun, 27 Jun 2021 23:55:01 GMT","inverseRate":1.8516330184705},"npr":{"code":"NPR","alphaCode":"NPR","numericCode":"524","name":"Nepalese Rupee","rate":7.5637636316959,"date":"Sun, 27 Jun 2021 23:55:01 GMT","inverseRate":0.13220931386717},"isk":{"code":"ISK","alphaCode":"ISK","numericCode":"352","name":"Icelandic Krona","rate":7.8500487565426,"date":"Sun, 27 Jun 2021 23:55:01 GMT","inverseRate":0.12738774382345},"gip":{"code":"GIP","alphaCode":"GIP","numericCode":"292","name":"Gibraltar pound","rate":0.045658701361292,"date":"Sun, 27 Jun 2021 23:55:01 GMT","inverseRate":21.901630361475},"gel":{"code":"GEL","alphaCode":"GEL","numericCode":"981","name":"Georgian lari","rate":0.20661314150757,"date":"Sun, 27 Jun 2021 23:55:01 GMT","inverseRate":4.8399631925801},"mkd":{"code":"MKD","alphaCode":"MKD","numericCode":"807","name":"Macedonian denar","rate":3.294135354679,"date":"Sun, 27 Jun 2021 23:55:01 GMT","inverseRate":0.30356979672363},"bif":{"code":"BIF","alphaCode":"BIF","numericCode":"108","name":"Burundian franc","rate":125.87282078219,"date":"Sun, 27 Jun 2021 23:55:01 GMT","inverseRate":0.0079445268151287},"mmk":{"code":"MMK","alphaCode":"MMK","numericCode":"104","name":"Myanma Kyat","rate":104.69335050275,"date":"Sun, 27 Jun 2021 23:55:01 GMT","inverseRate":0.0095517050051209},"mvr":{"code":"MVR","alphaCode":"MVR","numericCode":"462","name":"Maldivian rufiyaa","rate":0.98323685649787,"date":"Sun, 27 Jun 2021 23:55:01 GMT","inverseRate":1.0170489372844},"kes":{"code":"KES","alphaCode":"KES","numericCode":"404","name":"Kenyan shilling","rate":6.852829021468,"date":"Sun, 27 Jun 2021 23:55:01 GMT","inverseRate":0.14592513498692},"aed":{"code":"AED","alphaCode":"AED","numericCode":"784","name":"U.A.E Dirham","rate":0.23384688631122,"date":"Sun, 27 Jun 2021 23:55:01 GMT","inverseRate":4.2763023950173},"php":{"code":"PHP","alphaCode":"PHP","numericCode":"608","name":"Philippine Peso","rate":3.0938636175326,"date":"Sun, 27 Jun 2021 23:55:01 GMT","inverseRate":0.32322045300675},"ils":{"code":"ILS","alphaCode":"ILS","numericCode":"376","name":"Israeli New Sheqel","rate":0.20714966583437,"date":"Sun, 27 Jun 2021 23:55:01 GMT","inverseRate":4.827427531549},"mro":{"code":"MRO","alphaCode":"MRO","numericCode":"478","name":"Mauritanian Ouguiya","rate":2.3097775437832,"date":"Sun, 27 Jun 2021 23:55:01 GMT","inverseRate":0.43294212583005},"cop":{"code":"COP","alphaCode":"COP","numericCode":"170","name":"Colombian Peso","rate":239.83669262374,"date":"Sun, 27 Jun 2021 23:55:01 GMT","inverseRate":0.0041695037946875},"bzd":{"code":"BZD","alphaCode":"BZD","numericCode":"084","name":"Belize dollar","rate":0.12820504001509,"date":"Sun, 27 Jun 2021 23:55:01 GMT","inverseRate":7.8000053654858},"gnf":{"code":"GNF","alphaCode":"GNF","numericCode":"324","name":"Guinean franc","rate":623.82048227028,"date":"Sun, 27 Jun 2021 23:55:01 GMT","inverseRate":0.0016030252747724},"sll":{"code":"SLL","alphaCode":"SLL","numericCode":"694","name":"Sierra Leonean leone","rate":652.56017928544,"date":"Sun, 27 Jun 2021 23:55:01 GMT","inverseRate":0.0015324257160389},"ugx":{"code":"UGX","alphaCode":"UGX","numericCode":"800","name":"Ugandan shilling","rate":227.37932592666,"date":"Sun, 27 Jun 2021 23:55:01 GMT","inverseRate":0.0043979372175752},"cny":{"code":"CNY","alphaCode":"CNY","numericCode":"156","name":"Chinese Yuan","rate":0.4117972964643,"date":"Sun, 27 Jun 2021 23:55:01 GMT","inverseRate":2.4283792258619},"sar":{"code":"SAR","alphaCode":"SAR","numericCode":"682","name":"Saudi Riyal","rate":0.23919954825144,"date":"Sun, 27 Jun 2021 23:55:01 GMT","inverseRate":4.180609902109},"myr":{"code":"MYR","alphaCode":"MYR","numericCode":"458","name":"Malaysian Ringgit","rate":0.26432250355512,"date":"Sun, 27 Jun 2021 23:55:01 GMT","inverseRate":3.7832571443978},"kzt":{"code":"KZT","alphaCode":"KZT","numericCode":"398","name":"Kazakhstani Tenge","rate":27.190654046353,"date":"Sun, 27 Jun 2021 23:55:01 GMT","inverseRate":0.036777342622772},"bob":{"code":"BOB","alphaCode":"BOB","numericCode":"068","name":"Bolivian Boliviano","rate":0.43837708779951,"date":"Sun, 27 Jun 2021 23:55:01 GMT","inverseRate":2.2811411176155},"gyd":{"code":"GYD","alphaCode":"GYD","numericCode":"328","name":"Guyanese dollar","rate":13.283759373108,"date":"Sun, 27 Jun 2021 23:55:01 GMT","inverseRate":0.075279894186011},"rwf":{"code":"RWF","alphaCode":"RWF","numericCode":"646","name":"Rwandan franc","rate":63.956097252676,"date":"Sun, 27 Jun 2021 23:55:01 GMT","inverseRate":0.015635725801861},"mzn":{"code":"MZN","alphaCode":"MZN","numericCode":"943","name":"Mozambican metical","rate":4.0537829319249,"date":"Sun, 27 Jun 2021 23:55:01 GMT","inverseRate":0.24668316404529},"vuv":{"code":"VUV","alphaCode":"VUV","numericCode":"548","name":"Vanuatu vatu","rate":6.9876583330333,"date":"Sun, 27 Jun 2021 23:55:01 GMT","inverseRate":0.14310945846803},"idr":{"code":"IDR","alphaCode":"IDR","numericCode":"360","name":"Indonesian Rupiah","rate":921.15184279067,"date":"Sun, 27 Jun 2021 23:55:01 GMT","inverseRate":0.0010855973505632},"tnd":{"code":"TND","alphaCode":"TND","numericCode":"788","name":"Tunisian Dinar","rate":0.17443405422762,"date":"Sun, 27 Jun 2021 23:55:01 GMT","inverseRate":5.7328255335685},"xof":{"code":"XOF","alphaCode":"XOF","numericCode":"952","name":"West African CFA Franc","rate":35.062097940053,"date":"Sun, 27 Jun 2021 23:55:01 GMT","inverseRate":0.028520826155632},"tjs":{"code":"TJS","alphaCode":"TJS","numericCode":"972","name":"Tajikistan Ruble","rate":0.7212595713696,"date":"Sun, 27 Jun 2021 23:55:01 GMT","inverseRate":1.3864634033225},"afn":{"code":"AFN","alphaCode":"AFN","numericCode":"971","name":"Afghan afghani","rate":5.0308103408895,"date":"Sun, 27 Jun 2021 23:55:01 GMT","inverseRate":0.19877513407178},"nad":{"code":"NAD","alphaCode":"NAD","numericCode":"516","name":"Namibian dollar","rate":0.90422345533735,"date":"Sun, 27 Jun 2021 23:55:01 GMT","inverseRate":1.1059213229842},"syp":{"code":"SYP","alphaCode":"SYP","numericCode":"760","name":"Syrian pound","rate":160.52980410422,"date":"Sun, 27 Jun 2021 23:55:01 GMT","inverseRate":0.0062293728294266},"top":{"code":"TOP","alphaCode":"TOP","numericCode":"776","name":"Tongan pa\u02bbanga","rate":0.1409062590885,"date":"Sun, 27 Jun 2021 23:55:01 GMT","inverseRate":7.0969168188046},"kwd":{"code":"KWD","alphaCode":"KWD","numericCode":"414","name":"Kuwaiti Dinar","rate":0.0191850095984,"date":"Sun, 27 Jun 2021 23:55:01 GMT","inverseRate":52.124029173454},"czk":{"code":"CZK","alphaCode":"CZK","numericCode":"203","name":"Czech Koruna","rate":1.3604168412704,"date":"Sun, 27 Jun 2021 23:55:01 GMT","inverseRate":0.73506881836757},"pgk":{"code":"PGK","alphaCode":"PGK","numericCode":"598","name":"Papua New Guinean kina","rate":0.22387195438905,"date":"Sun, 27 Jun 2021 23:55:01 GMT","inverseRate":4.4668391033125},"uah":{"code":"UAH","alphaCode":"UAH","numericCode":"980","name":"Ukrainian Hryvnia","rate":1.7474926678793,"date":"Sun, 27 Jun 2021 23:55:01 GMT","inverseRate":0.57224846683537},"etb":{"code":"ETB","alphaCode":"ETB","numericCode":"230","name":"Ethiopian birr","rate":2.7837538283968,"date":"Sun, 27 Jun 2021 23:55:01 GMT","inverseRate":0.35922716649695},"xcd":{"code":"XCD","alphaCode":"XCD","numericCode":"951","name":"East Caribbean Dollar","rate":0.17234090048407,"date":"Sun, 27 Jun 2021 23:55:01 GMT","inverseRate":5.8024531448497},"lak":{"code":"LAK","alphaCode":"LAK","numericCode":"418","name":"Lao kip","rate":603.49550415121,"date":"Sun, 27 Jun 2021 23:55:01 GMT","inverseRate":0.0016570131726275},"bwp":{"code":"BWP","alphaCode":"BWP","numericCode":"072","name":"Botswana Pula","rate":0.69134282559961,"date":"Sun, 27 Jun 2021 23:55:01 GMT","inverseRate":1.4464603709928},"nok":{"code":"NOK","alphaCode":"NOK","numericCode":"578","name":"Norwegian Krone","rate":0.54118854923363,"date":"Sun, 27 Jun 2021 23:55:01 GMT","inverseRate":1.8477848458104},"mad":{"code":"MAD","alphaCode":"MAD","numericCode":"504","name":"Moroccan Dirham","rate":0.56347810724241,"date":"Sun, 27 Jun 2021 23:55:01 GMT","inverseRate":1.7746918418781},"ron":{"code":"RON","alphaCode":"RON","numericCode":"946","name":"Romanian New Leu","rate":0.26298852881534,"date":"Sun, 27 Jun 2021 23:55:01 GMT","inverseRate":3.8024472189134},"byn":{"code":"BYN","alphaCode":"BYN","numericCode":"933","name":"Belarussian Ruble","rate":0.16114450244539,"date":"Sun, 27 Jun 2021 23:55:01 GMT","inverseRate":6.2056103982754},"rsd":{"code":"RSD","alphaCode":"RSD","numericCode":"941","name":"Serbian Dinar","rate":6.1568810754546,"date":"Sun, 27 Jun 2021 23:55:01 GMT","inverseRate":0.16241989860526},"gmd":{"code":"GMD","alphaCode":"GMD","numericCode":"270","name":"Gambian dalasi","rate":3.3030823889759,"date":"Sun, 27 Jun 2021 23:55:01 GMT","inverseRate":0.30274751951012},"awg":{"code":"AWG","alphaCode":"AWG","numericCode":"533","name":"Aruban florin","rate":0.11512464436619,"date":"Sun, 27 Jun 2021 23:55:01 GMT","inverseRate":8.6862374733523},"aoa":{"code":"AOA","alphaCode":"AOA","numericCode":"973","name":"Angolan kwanza","rate":41.516328647644,"date":"Sun, 27 Jun 2021 23:55:01 GMT","inverseRate":0.024086908273782},"khr":{"code":"KHR","alphaCode":"KHR","numericCode":"116","name":"Cambodian riel","rate":259.19774613169,"date":"Sun, 27 Jun 2021 23:55:01 GMT","inverseRate":0.0038580582390247},"scr":{"code":"SCR","alphaCode":"SCR","numericCode":"690","name":"Seychelles rupee","rate":0.95326486997759,"date":"Sun, 27 Jun 2021 23:55:01 GMT","inverseRate":1.0490263844754},"bhd":{"code":"BHD","alphaCode":"BHD","numericCode":"048","name":"Bahrain Dinar","rate":0.024005342405922,"date":"Sun, 27 Jun 2021 23:55:01 GMT","inverseRate":41.657393720546},"omr":{"code":"OMR","alphaCode":"OMR","numericCode":"512","name":"Omani Rial","rate":0.024534548292837,"date":"Sun, 27 Jun 2021 23:55:01 GMT","inverseRate":40.758851072549},"rub":{"code":"RUB","alphaCode":"RUB","numericCode":"643","name":"Russian Rouble","rate":4.6033760836848,"date":"Sun, 27 Jun 2021 23:55:01 GMT","inverseRate":0.21723187109221},"lyd":{"code":"LYD","alphaCode":"LYD","numericCode":"434","name":"Libyan Dinar","rate":0.28390577068711,"date":"Sun, 27 Jun 2021 23:55:01 GMT","inverseRate":3.5222954347839},"clp":{"code":"CLP","alphaCode":"CLP","numericCode":"152","name":"Chilean Peso","rate":46.810384489005,"date":"Sun, 27 Jun 2021 23:55:01 GMT","inverseRate":0.021362781163118},"bsd":{"code":"BSD","alphaCode":"BSD","numericCode":"044","name":"Bahamian Dollar","rate":0.063571124704666,"date":"Sun, 27 Jun 2021 23:55:01 GMT","inverseRate":15.730412268868},"djf":{"code":"DJF","alphaCode":"DJF","numericCode":"262","name":"Djiboutian franc","rate":11.322457617733,"date":"Sun, 27 Jun 2021 23:55:01 GMT","inverseRate":0.08832004797561},"hnl":{"code":"HNL","alphaCode":"HNL","numericCode":"340","name":"Honduran Lempira","rate":1.5240171275717,"date":"Sun, 27 Jun 2021 23:55:01 GMT","inverseRate":0.6561606046996},"tzs":{"code":"TZS","alphaCode":"TZS","numericCode":"834","name":"Tanzanian shilling","rate":147.45542324332,"date":"Sun, 27 Jun 2021 23:55:01 GMT","inverseRate":0.0067817105536356},"bbd":{"code":"BBD","alphaCode":"BBD","numericCode":"052","name":"Barbadian Dollar","rate":0.12765312109894,"date":"Sun, 27 Jun 2021 23:55:01 GMT","inverseRate":7.8337293392529},"bdt":{"code":"BDT","alphaCode":"BDT","numericCode":"050","name":"Bangladeshi taka","rate":5.3964235714791,"date":"Sun, 27 Jun 2021 23:55:01 GMT","inverseRate":0.18530791490964},"qar":{"code":"QAR","alphaCode":"QAR","numericCode":"634","name":"Qatari Rial","rate":0.23332646296982,"date":"Sun, 27 Jun 2021 23:55:01 GMT","inverseRate":4.2858404797803},"mxn":{"code":"MXN","alphaCode":"MXN","numericCode":"484","name":"Mexican Peso","rate":1.2627209868329,"date":"Sun, 27 Jun 2021 23:55:01 GMT","inverseRate":0.79194058737249},"amd":{"code":"AMD","alphaCode":"AMD","numericCode":"051","name":"Armenia Dram","rate":33.021371755507,"date":"Sun, 27 Jun 2021 23:55:01 GMT","inverseRate":0.030283417884759},"uyu":{"code":"UYU","alphaCode":"UYU","numericCode":"858","name":"Uruguayan Peso","rate":2.7762705428667,"date":"Sun, 27 Jun 2021 23:55:01 GMT","inverseRate":0.36019544369311},"fjd":{"code":"FJD","alphaCode":"FJD","numericCode":"242","name":"Fiji Dollar","rate":0.1311875271895,"date":"Sun, 27 Jun 2021 23:55:01 GMT","inverseRate":7.6226758856082},"cdf":{"code":"CDF","alphaCode":"CDF","numericCode":"976","name":"Congolese franc","rate":126.46780785522,"date":"Sun, 27 Jun 2021 23:55:01 GMT","inverseRate":0.0079071505781521},"lsl":{"code":"LSL","alphaCode":"LSL","numericCode":"426","name":"Lesotho loti","rate":0.90456313356999,"date":"Sun, 27 Jun 2021 23:55:01 GMT","inverseRate":1.1055060314622},"mnt":{"code":"MNT","alphaCode":"MNT","numericCode":"496","name":"Mongolian togrog","rate":181.32131487675,"date":"Sun, 27 Jun 2021 23:55:01 GMT","inverseRate":0.0055150714116523},"brl":{"code":"BRL","alphaCode":"BRL","numericCode":"986","name":"Brazilian Real","rate":0.31879540879721,"date":"Sun, 27 Jun 2021 23:55:01 GMT","inverseRate":3.1368080355138},"hkd":{"code":"HKD","alphaCode":"HKD","numericCode":"344","name":"Hong Kong Dollar","rate":0.49510032436993,"date":"Sun, 27 Jun 2021 23:55:01 GMT","inverseRate":2.0197926577257},"thb":{"code":"THB","alphaCode":"THB","numericCode":"764","name":"Thai Baht","rate":2.01583642052,"date":"Sun, 27 Jun 2021 23:55:01 GMT","inverseRate":0.49607199761876},"xaf":{"code":"XAF","alphaCode":"XAF","numericCode":"950","name":"Central African CFA Franc","rate":35.091822902459,"date":"Sun, 27 Jun 2021 23:55:01 GMT","inverseRate":0.028496667237253},"mdl":{"code":"MDL","alphaCode":"MDL","numericCode":"498","name":"Moldova Lei","rate":1.1476095918541,"date":"Sun, 27 Jun 2021 23:55:01 GMT","inverseRate":0.87137647428023},"nio":{"code":"NIO","alphaCode":"NIO","numericCode":"558","name":"Nicaraguan C\u00f3rdoba","rate":2.2309981553609,"date":"Sun, 27 Jun 2021 23:55:01 GMT","inverseRate":0.44822986410683},"lrd":{"code":"LRD","alphaCode":"LRD","numericCode":"430","name":"Liberian dollar","rate":10.895688061373,"date":"Sun, 27 Jun 2021 23:55:01 GMT","inverseRate":0.091779426353547},"sdg":{"code":"SDG","alphaCode":"SDG","numericCode":"938","name":"Sudanese pound","rate":27.999384436783,"date":"Sun, 27 Jun 2021 23:55:01 GMT","inverseRate":0.035715070888712},"mru":{"code":"MRU","alphaCode":"MRU","numericCode":"929","name":"Mauritanian ouguiya","rate":2.2976594098886,"date":"Sun, 27 Jun 2021 23:55:01 GMT","inverseRate":0.43522551501594},"dkk":{"code":"DKK","alphaCode":"DKK","numericCode":"208","name":"Danish Krone","rate":0.39702339250107,"date":"Sun, 27 Jun 2021 23:55:01 GMT","inverseRate":2.5187432753029},"jod":{"code":"JOD","alphaCode":"JOD","numericCode":"400","name":"Jordanian Dinar","rate":0.04519334352572,"date":"Sun, 27 Jun 2021 23:55:01 GMT","inverseRate":22.127152407542},"bgn":{"code":"BGN","alphaCode":"BGN","numericCode":"975","name":"Bulgarian Lev","rate":0.10442153756846,"date":"Sun, 27 Jun 2021 23:55:01 GMT","inverseRate":9.5765684291366},"vnd":{"code":"VND","alphaCode":"VND","numericCode":"704","name":"Vietnamese Dong","rate":1467.17799795,"date":"Sun, 27 Jun 2021 23:55:01 GMT","inverseRate":0.00068158055900321},"uzs":{"code":"UZS","alphaCode":"UZS","numericCode":"860","name":"Uzbekistan Sum","rate":672.52414064316,"date":"Sun, 27 Jun 2021 23:55:01 GMT","inverseRate":0.0014869354712586},"pab":{"code":"PAB","alphaCode":"PAB","numericCode":"590","name":"Panamanian Balboa","rate":0.063571124704666,"date":"Sun, 27 Jun 2021 23:55:01 GMT","inverseRate":15.730412268868},"ttd":{"code":"TTD","alphaCode":"TTD","numericCode":"780","name":"Trinidad Tobago Dollar","rate":0.43230647424834,"date":"Sun, 27 Jun 2021 23:55:01 GMT","inverseRate":2.3131737773271},"htg":{"code":"HTG","alphaCode":"HTG","numericCode":"332","name":"Haitian gourde","rate":5.9750547433334,"date":"Sun, 27 Jun 2021 23:55:01 GMT","inverseRate":0.16736248335059},"cup":{"code":"CUP","alphaCode":"CUP","numericCode":"192","name":"Cuban peso","rate":0.063571124704666,"date":"Sun, 27 Jun 2021 23:55:01 GMT","inverseRate":15.730412268868}}