{"usd":{"code":"USD","alphaCode":"USD","numericCode":"840","name":"U.S. Dollar","rate":0.066518318366047,"date":"Sun, 27 Jun 2021 23:55:01 GMT","inverseRate":15.033452807647},"eur":{"code":"EUR","alphaCode":"EUR","numericCode":"978","name":"Euro","rate":0.055685724190164,"date":"Sun, 27 Jun 2021 23:55:01 GMT","inverseRate":17.957923948067},"gbp":{"code":"GBP","alphaCode":"GBP","numericCode":"826","name":"U.K. Pound Sterling","rate":0.047832156739682,"date":"Sun, 27 Jun 2021 23:55:01 GMT","inverseRate":20.906437596831},"jpy":{"code":"JPY","alphaCode":"JPY","numericCode":"392","name":"Japanese Yen","rate":7.3657624214348,"date":"Sun, 27 Jun 2021 23:55:01 GMT","inverseRate":0.13576327103491},"aud":{"code":"AUD","alphaCode":"AUD","numericCode":"036","name":"Australian Dollar","rate":0.087559041331645,"date":"Sun, 27 Jun 2021 23:55:01 GMT","inverseRate":11.420865107606},"chf":{"code":"CHF","alphaCode":"CHF","numericCode":"756","name":"Swiss Franc","rate":0.060998277941047,"date":"Sun, 27 Jun 2021 23:55:01 GMT","inverseRate":16.393905430682},"cad":{"code":"CAD","alphaCode":"CAD","numericCode":"124","name":"Canadian Dollar","rate":0.081817153096183,"date":"Sun, 27 Jun 2021 23:55:01 GMT","inverseRate":12.222375897441},"lkr":{"code":"LKR","alphaCode":"LKR","numericCode":"144","name":"Sri Lanka Rupee","rate":13.217273915431,"date":"Sun, 27 Jun 2021 23:55:01 GMT","inverseRate":0.075658566690711},"pln":{"code":"PLN","alphaCode":"PLN","numericCode":"985","name":"Polish Zloty","rate":0.25115866369224,"date":"Sun, 27 Jun 2021 23:55:01 GMT","inverseRate":3.9815469046505},"pen":{"code":"PEN","alphaCode":"PEN","numericCode":"604","name":"Peruvian Nuevo Sol","rate":0.2647562851384,"date":"Sun, 27 Jun 2021 23:55:01 GMT","inverseRate":3.7770585860777},"iqd":{"code":"IQD","alphaCode":"IQD","numericCode":"368","name":"Iraqi dinar","rate":96.857719278164,"date":"Sun, 27 Jun 2021 23:55:01 GMT","inverseRate":0.010324422332598},"svc":{"code":"SVC","alphaCode":"SVC","numericCode":"222","name":"Salvadoran colon","rate":0.58057803468207,"date":"Sun, 27 Jun 2021 23:55:01 GMT","inverseRate":1.7224213460773},"cve":{"code":"CVE","alphaCode":"CVE","numericCode":"132","name":"Cape Verde escudo","rate":6.1999999999997,"date":"Sun, 27 Jun 2021 23:55:01 GMT","inverseRate":0.16129032258065},"zmw":{"code":"ZMW","alphaCode":"ZMW","numericCode":"967","name":"Zambian kwacha","rate":1.4982100238663,"date":"Sun, 27 Jun 2021 23:55:01 GMT","inverseRate":0.66746316208683},"yer":{"code":"YER","alphaCode":"YER","numericCode":"886","name":"Yemeni rial","rate":16.67995217218,"date":"Sun, 27 Jun 2021 23:55:01 GMT","inverseRate":0.059952210274793},"dop":{"code":"DOP","alphaCode":"DOP","numericCode":"214","name":"Dominican Peso","rate":3.7765103477234,"date":"Sun, 27 Jun 2021 23:55:01 GMT","inverseRate":0.26479471997285},"nzd":{"code":"NZD","alphaCode":"NZD","numericCode":"554","name":"New Zealand Dollar","rate":0.09397948320907,"date":"Sun, 27 Jun 2021 23:55:01 GMT","inverseRate":10.640620333859},"hrk":{"code":"HRK","alphaCode":"HRK","numericCode":"191","name":"Croatian Kuna","rate":0.41737079810117,"date":"Sun, 27 Jun 2021 23:55:01 GMT","inverseRate":2.3959510453283},"dzd":{"code":"DZD","alphaCode":"DZD","numericCode":"012","name":"Algerian Dinar","rate":8.8579010793438,"date":"Sun, 27 Jun 2021 23:55:01 GMT","inverseRate":0.11289356147044},"ars":{"code":"ARS","alphaCode":"ARS","numericCode":"032","name":"Argentine Peso","rate":6.3423686113525,"date":"Sun, 27 Jun 2021 23:55:01 GMT","inverseRate":0.1576698015013},"stn":{"code":"STN","alphaCode":"STN","numericCode":"930","name":"S\u00e3o Tom\u00e9 and Pr\u00edncipe Dobra","rate":1.3773998902907,"date":"Sun, 27 Jun 2021 23:55:01 GMT","inverseRate":0.72600557546797},"xpf":{"code":"XPF","alphaCode":"XPF","numericCode":"953","name":"CFP Franc","rate":6.6353090399808,"date":"Sun, 27 Jun 2021 23:55:01 GMT","inverseRate":0.15070888092394},"all":{"code":"ALL","alphaCode":"ALL","numericCode":"008","name":"Albanian lek","rate":6.8124474348192,"date":"Sun, 27 Jun 2021 23:55:01 GMT","inverseRate":0.14679012345679},"mur":{"code":"MUR","alphaCode":"MUR","numericCode":"480","name":"Mauritian Rupee","rate":2.7234273318872,"date":"Sun, 27 Jun 2021 23:55:01 GMT","inverseRate":0.36718438868977},"sos":{"code":"SOS","alphaCode":"SOS","numericCode":"706","name":"Somali shilling","rate":38.365164247517,"date":"Sun, 27 Jun 2021 23:55:01 GMT","inverseRate":0.026065312624452},"ang":{"code":"ANG","alphaCode":"ANG","numericCode":"532","name":"Neth. Antillean Guilder","rate":0.11829666180409,"date":"Sun, 27 Jun 2021 23:55:01 GMT","inverseRate":8.453323912522},"pkr":{"code":"PKR","alphaCode":"PKR","numericCode":"586","name":"Pakistani Rupee","rate":10.287002654536,"date":"Sun, 27 Jun 2021 23:55:01 GMT","inverseRate":0.097210045878527},"krw":{"code":"KRW","alphaCode":"KRW","numericCode":"410","name":"South Korean Won","rate":74.979642213958,"date":"Sun, 27 Jun 2021 23:55:01 GMT","inverseRate":0.013336953477938},"azn":{"code":"AZN","alphaCode":"AZN","numericCode":"944","name":"Azerbaijan Manat","rate":0.11275450055892,"date":"Sun, 27 Jun 2021 23:55:01 GMT","inverseRate":8.8688255904908},"pyg":{"code":"PYG","alphaCode":"PYG","numericCode":"600","name":"Paraguayan Guaran\u00ed","rate":450.89884355993,"date":"Sun, 27 Jun 2021 23:55:01 GMT","inverseRate":0.0022177923369792},"bnd":{"code":"BND","alphaCode":"BND","numericCode":"096","name":"Brunei Dollar","rate":0.089270477815698,"date":"Sun, 27 Jun 2021 23:55:01 GMT","inverseRate":11.201911589009},"kmf":{"code":"KMF","alphaCode":"KMF","numericCode":"174","name":"\tComoro franc","rate":27.490694109919,"date":"Sun, 27 Jun 2021 23:55:01 GMT","inverseRate":0.036375945838312},"szl":{"code":"SZL","alphaCode":"SZL","numericCode":"748","name":"Swazi lilangeni","rate":0.94292151708598,"date":"Sun, 27 Jun 2021 23:55:01 GMT","inverseRate":1.0605336519315},"wst":{"code":"WST","alphaCode":"WST","numericCode":"882","name":"Samoan tala","rate":0.16860269925468,"date":"Sun, 27 Jun 2021 23:55:01 GMT","inverseRate":5.9311031461571},"egp":{"code":"EGP","alphaCode":"EGP","numericCode":"818","name":"Egyptian Pound","rate":1.042797011646,"date":"Sun, 27 Jun 2021 23:55:01 GMT","inverseRate":0.95895940325105},"sgd":{"code":"SGD","alphaCode":"SGD","numericCode":"702","name":"Singapore Dollar","rate":0.089256472505788,"date":"Sun, 27 Jun 2021 23:55:01 GMT","inverseRate":11.203669290596},"zar":{"code":"ZAR","alphaCode":"ZAR","numericCode":"710","name":"South African Rand","rate":0.93775330383882,"date":"Sun, 27 Jun 2021 23:55:01 GMT","inverseRate":1.0663785410367},"kgs":{"code":"KGS","alphaCode":"KGS","numericCode":"417","name":"Kyrgyzstan Som","rate":5.5596065624626,"date":"Sun, 27 Jun 2021 23:55:01 GMT","inverseRate":0.17986884301343},"crc":{"code":"CRC","alphaCode":"CRC","numericCode":"188","name":"Costa Rican Col\u00f3n","rate":41.084149343285,"date":"Sun, 27 Jun 2021 23:55:01 GMT","inverseRate":0.024340287336713},"jmd":{"code":"JMD","alphaCode":"JMD","numericCode":"388","name":"Jamaican Dollar","rate":9.9249011857705,"date":"Sun, 27 Jun 2021 23:55:01 GMT","inverseRate":0.10075667064915},"ssp":{"code":"SSP","alphaCode":"SSP","numericCode":"728","name":"South Sudanese pound","rate":11.796485953208,"date":"Sun, 27 Jun 2021 23:55:01 GMT","inverseRate":0.084771007566708},"bam":{"code":"BAM","alphaCode":"BAM","numericCode":"977","name":"Bosnia and Herzegovina convertible mark","rate":0.10980889491407,"date":"Sun, 27 Jun 2021 23:55:01 GMT","inverseRate":9.1067303863004},"inr":{"code":"INR","alphaCode":"INR","numericCode":"356","name":"Indian Rupee","rate":4.9348224240966,"date":"Sun, 27 Jun 2021 23:55:01 GMT","inverseRate":0.20264153682958},"try":{"code":"TRY","alphaCode":"TRY","numericCode":"949","name":"Turkish Lira","rate":0.57945028206653,"date":"Sun, 27 Jun 2021 23:55:01 GMT","inverseRate":1.7257736012029},"twd":{"code":"TWD","alphaCode":"TWD","numericCode":"901","name":"New Taiwan Dollar ","rate":1.8557525378294,"date":"Sun, 27 Jun 2021 23:55:01 GMT","inverseRate":0.538864950803},"tmt":{"code":"TMT","alphaCode":"TMT","numericCode":"934","name":"New Turkmenistan Manat","rate":0.23221292344618,"date":"Sun, 27 Jun 2021 23:55:01 GMT","inverseRate":4.3063925347452},"mga":{"code":"MGA","alphaCode":"MGA","numericCode":"969","name":"Malagasy ariary","rate":251.1,"date":"Sun, 27 Jun 2021 23:55:01 GMT","inverseRate":0.0039824771007567},"srd":{"code":"SRD","alphaCode":"SRD","numericCode":"968","name":"Surinamese dollar","rate":1.3804288070368,"date":"Sun, 27 Jun 2021 23:55:01 GMT","inverseRate":0.72441258462766},"ghs":{"code":"GHS","alphaCode":"GHS","numericCode":"936","name":"Ghanaian Cedi","rate":0.38666461348938,"date":"Sun, 27 Jun 2021 23:55:01 GMT","inverseRate":2.5862206292314},"mop":{"code":"MOP","alphaCode":"MOP","numericCode":"446","name":"Macanese pataca","rate":0.53086680761098,"date":"Sun, 27 Jun 2021 23:55:01 GMT","inverseRate":1.883711668658},"lbp":{"code":"LBP","alphaCode":"LBP","numericCode":"422","name":"Lebanese Pound","rate":100.16578518789,"date":"Sun, 27 Jun 2021 23:55:01 GMT","inverseRate":0.009983448920449},"huf":{"code":"HUF","alphaCode":"HUF","numericCode":"348","name":"Hungarian Forint","rate":19.573325131916,"date":"Sun, 27 Jun 2021 23:55:01 GMT","inverseRate":0.051089939663313},"ngn":{"code":"NGN","alphaCode":"NGN","numericCode":"566","name":"Nigerian Naira","rate":27.267570299935,"date":"Sun, 27 Jun 2021 23:55:01 GMT","inverseRate":0.036673601241339},"irr":{"code":"IRR","alphaCode":"IRR","numericCode":"364","name":"Iranian rial","rate":2786.8450411162,"date":"Sun, 27 Jun 2021 23:55:01 GMT","inverseRate":0.00035882870602647},"ves":{"code":"VES","alphaCode":"VES","numericCode":"928","name":"Venezuelan Bolivar","rate":211008.40336134,"date":"Sun, 27 Jun 2021 23:55:01 GMT","inverseRate":4.7391477499006e-6},"sbd":{"code":"SBD","alphaCode":"SBD","numericCode":"090","name":"Solomon Islands dollar","rate":0.54081412879603,"date":"Sun, 27 Jun 2021 23:55:01 GMT","inverseRate":1.8490641178814},"mwk":{"code":"MWK","alphaCode":"MWK","numericCode":"454","name":"Malawian kwacha","rate":53.425531914892,"date":"Sun, 27 Jun 2021 23:55:01 GMT","inverseRate":0.018717642373557},"gtq":{"code":"GTQ","alphaCode":"GTQ","numericCode":"320","name":"Guatemalan Quetzal","rate":0.51297242083757,"date":"Sun, 27 Jun 2021 23:55:01 GMT","inverseRate":1.9494225408205},"sek":{"code":"SEK","alphaCode":"SEK","numericCode":"752","name":"Swedish Krona","rate":0.56317693692207,"date":"Sun, 27 Jun 2021 23:55:01 GMT","inverseRate":1.7756408944324},"npr":{"code":"NPR","alphaCode":"NPR","numericCode":"524","name":"Nepalese Rupee","rate":7.8874701119289,"date":"Sun, 27 Jun 2021 23:55:01 GMT","inverseRate":0.1267833647303},"isk":{"code":"ISK","alphaCode":"ISK","numericCode":"352","name":"Icelandic Krona","rate":8.1860073845977,"date":"Sun, 27 Jun 2021 23:55:01 GMT","inverseRate":0.12215967479843},"gip":{"code":"GIP","alphaCode":"GIP","numericCode":"292","name":"Gibraltar pound","rate":0.047612757335191,"date":"Sun, 27 Jun 2021 23:55:01 GMT","inverseRate":21.002774381665},"gel":{"code":"GEL","alphaCode":"GEL","numericCode":"981","name":"Georgian lari","rate":0.21545556653088,"date":"Sun, 27 Jun 2021 23:55:01 GMT","inverseRate":4.6413282149137},"mkd":{"code":"MKD","alphaCode":"MKD","numericCode":"807","name":"Macedonian denar","rate":3.4351145038166,"date":"Sun, 27 Jun 2021 23:55:01 GMT","inverseRate":0.29111111111113},"bif":{"code":"BIF","alphaCode":"BIF","numericCode":"108","name":"Burundian franc","rate":131.25980135912,"date":"Sun, 27 Jun 2021 23:55:01 GMT","inverseRate":0.0076184786937478},"mmk":{"code":"MMK","alphaCode":"MMK","numericCode":"104","name":"Myanma Kyat","rate":109.17391304347,"date":"Sun, 27 Jun 2021 23:55:01 GMT","inverseRate":0.0091596973317408},"mvr":{"code":"MVR","alphaCode":"MVR","numericCode":"462","name":"Maldivian rufiyaa","rate":1.0253164556962,"date":"Sun, 27 Jun 2021 23:55:01 GMT","inverseRate":0.97530864197536},"kes":{"code":"KES","alphaCode":"KES","numericCode":"404","name":"Kenyan shilling","rate":7.1461096249076,"date":"Sun, 27 Jun 2021 23:55:01 GMT","inverseRate":0.13993628036639},"aed":{"code":"AED","alphaCode":"AED","numericCode":"784","name":"U.A.E Dirham","rate":0.24385483422805,"date":"Sun, 27 Jun 2021 23:55:01 GMT","inverseRate":4.1008003928469},"php":{"code":"PHP","alphaCode":"PHP","numericCode":"608","name":"Philippine Peso","rate":3.2262717348032,"date":"Sun, 27 Jun 2021 23:55:01 GMT","inverseRate":0.30995529273389},"ils":{"code":"ILS","alphaCode":"ILS","numericCode":"376","name":"Israeli New Sheqel","rate":0.21601505249554,"date":"Sun, 27 Jun 2021 23:55:01 GMT","inverseRate":4.6293070248919},"mro":{"code":"MRO","alphaCode":"MRO","numericCode":"478","name":"Mauritanian Ouguiya","rate":2.4086291202241,"date":"Sun, 27 Jun 2021 23:55:01 GMT","inverseRate":0.41517392262822},"cop":{"code":"COP","alphaCode":"COP","numericCode":"170","name":"Colombian Peso","rate":250.10098635109,"date":"Sun, 27 Jun 2021 23:55:01 GMT","inverseRate":0.0039983848708066},"bzd":{"code":"BZD","alphaCode":"BZD","numericCode":"084","name":"Belize dollar","rate":0.13369183260568,"date":"Sun, 27 Jun 2021 23:55:01 GMT","inverseRate":7.4798884906413},"gnf":{"code":"GNF","alphaCode":"GNF","numericCode":"324","name":"Guinean franc","rate":650.518134715,"date":"Sun, 27 Jun 2021 23:55:01 GMT","inverseRate":0.0015372361608921},"sll":{"code":"SLL","alphaCode":"SLL","numericCode":"694","name":"Sierra Leonean leone","rate":680.48780487802,"date":"Sun, 27 Jun 2021 23:55:01 GMT","inverseRate":0.0014695340501793},"ugx":{"code":"UGX","alphaCode":"UGX","numericCode":"800","name":"Ugandan shilling","rate":237.11048158639,"date":"Sun, 27 Jun 2021 23:55:01 GMT","inverseRate":0.0042174432497015},"cny":{"code":"CNY","alphaCode":"CNY","numericCode":"156","name":"Chinese Yuan","rate":0.42942099015686,"date":"Sun, 27 Jun 2021 23:55:01 GMT","inverseRate":2.3287170932998},"sar":{"code":"SAR","alphaCode":"SAR","numericCode":"682","name":"Saudi Riyal","rate":0.24943657410367,"date":"Sun, 27 Jun 2021 23:55:01 GMT","inverseRate":4.0090351769519},"myr":{"code":"MYR","alphaCode":"MYR","numericCode":"458","name":"Malaysian Ringgit","rate":0.27563471681806,"date":"Sun, 27 Jun 2021 23:55:01 GMT","inverseRate":3.627990013537},"kzt":{"code":"KZT","alphaCode":"KZT","numericCode":"398","name":"Kazakhstani Tenge","rate":28.354332784237,"date":"Sun, 27 Jun 2021 23:55:01 GMT","inverseRate":0.035267978534693},"bob":{"code":"BOB","alphaCode":"BOB","numericCode":"068","name":"Bolivian Boliviano","rate":0.4571383171314,"date":"Sun, 27 Jun 2021 23:55:01 GMT","inverseRate":2.18752172488},"gyd":{"code":"GYD","alphaCode":"GYD","numericCode":"328","name":"Guyanese dollar","rate":13.852264577701,"date":"Sun, 27 Jun 2021 23:55:01 GMT","inverseRate":0.07219036240542},"rwf":{"code":"RWF","alphaCode":"RWF","numericCode":"646","name":"Rwandan franc","rate":66.69322709163,"date":"Sun, 27 Jun 2021 23:55:01 GMT","inverseRate":0.01499402628435},"mzn":{"code":"MZN","alphaCode":"MZN","numericCode":"943","name":"Mozambican metical","rate":4.2272727272727,"date":"Sun, 27 Jun 2021 23:55:01 GMT","inverseRate":0.23655913978495},"vuv":{"code":"VUV","alphaCode":"VUV","numericCode":"548","name":"Vanuatu vatu","rate":7.2867092280902,"date":"Sun, 27 Jun 2021 23:55:01 GMT","inverseRate":0.13723616089208},"idr":{"code":"IDR","alphaCode":"IDR","numericCode":"360","name":"Indonesian Rupiah","rate":960.57438893429,"date":"Sun, 27 Jun 2021 23:55:01 GMT","inverseRate":0.001041043787467},"tnd":{"code":"TND","alphaCode":"TND","numericCode":"788","name":"Tunisian Dinar","rate":0.18189931047786,"date":"Sun, 27 Jun 2021 23:55:01 GMT","inverseRate":5.4975469526133},"xof":{"code":"XOF","alphaCode":"XOF","numericCode":"952","name":"West African CFA Franc","rate":36.562650953926,"date":"Sun, 27 Jun 2021 23:55:01 GMT","inverseRate":0.027350314430432},"tjs":{"code":"TJS","alphaCode":"TJS","numericCode":"972","name":"Tajikistan Ruble","rate":0.75212732564528,"date":"Sun, 27 Jun 2021 23:55:01 GMT","inverseRate":1.3295621178795},"afn":{"code":"AFN","alphaCode":"AFN","numericCode":"971","name":"Afghan afghani","rate":5.2461139896372,"date":"Sun, 27 Jun 2021 23:55:01 GMT","inverseRate":0.19061728395062},"nad":{"code":"NAD","alphaCode":"NAD","numericCode":"516","name":"Namibian dollar","rate":0.94292151708598,"date":"Sun, 27 Jun 2021 23:55:01 GMT","inverseRate":1.0605336519315},"syp":{"code":"SYP","alphaCode":"SYP","numericCode":"760","name":"Syrian pound","rate":167.39999999999,"date":"Sun, 27 Jun 2021 23:55:01 GMT","inverseRate":0.0059737156511353},"top":{"code":"TOP","alphaCode":"TOP","numericCode":"776","name":"Tongan pa\u02bbanga","rate":0.1469366258997,"date":"Sun, 27 Jun 2021 23:55:01 GMT","inverseRate":6.8056551174832},"kwd":{"code":"KWD","alphaCode":"KWD","numericCode":"414","name":"Kuwaiti Dinar","rate":0.020006070677611,"date":"Sun, 27 Jun 2021 23:55:01 GMT","inverseRate":49.984827911216},"czk":{"code":"CZK","alphaCode":"CZK","numericCode":"203","name":"Czech Koruna","rate":1.4186386166697,"date":"Sun, 27 Jun 2021 23:55:01 GMT","inverseRate":0.70490115541022},"pgk":{"code":"PGK","alphaCode":"PGK","numericCode":"598","name":"Papua New Guinean kina","rate":0.23345300502825,"date":"Sun, 27 Jun 2021 23:55:01 GMT","inverseRate":4.283517360931},"uah":{"code":"UAH","alphaCode":"UAH","numericCode":"980","name":"Ukrainian Hryvnia","rate":1.8222801319378,"date":"Sun, 27 Jun 2021 23:55:01 GMT","inverseRate":0.54876304826777},"etb":{"code":"ETB","alphaCode":"ETB","numericCode":"230","name":"Ethiopian birr","rate":2.9028901734102,"date":"Sun, 27 Jun 2021 23:55:01 GMT","inverseRate":0.34448426921548},"xcd":{"code":"XCD","alphaCode":"XCD","numericCode":"951","name":"East Caribbean Dollar","rate":0.17971657600916,"date":"Sun, 27 Jun 2021 23:55:01 GMT","inverseRate":5.5643170051773},"lak":{"code":"LAK","alphaCode":"LAK","numericCode":"418","name":"Lao kip","rate":629.32330827066,"date":"Sun, 27 Jun 2021 23:55:01 GMT","inverseRate":0.001589008363202},"bwp":{"code":"BWP","alphaCode":"BWP","numericCode":"072","name":"Botswana Pula","rate":0.72093023255815,"date":"Sun, 27 Jun 2021 23:55:01 GMT","inverseRate":1.3870967741935},"nok":{"code":"NOK","alphaCode":"NOK","numericCode":"578","name":"Norwegian Krone","rate":0.56434980187785,"date":"Sun, 27 Jun 2021 23:55:01 GMT","inverseRate":1.7719506530746},"mad":{"code":"MAD","alphaCode":"MAD","numericCode":"504","name":"Moroccan Dirham","rate":0.58759328636031,"date":"Sun, 27 Jun 2021 23:55:01 GMT","inverseRate":1.7018574296419},"ron":{"code":"RON","alphaCode":"RON","numericCode":"946","name":"Romanian New Leu","rate":0.2742436519458,"date":"Sun, 27 Jun 2021 23:55:01 GMT","inverseRate":3.6463925159428},"byn":{"code":"BYN","alphaCode":"BYN","numericCode":"933","name":"Belarussian Ruble","rate":0.16804100559323,"date":"Sun, 27 Jun 2021 23:55:01 GMT","inverseRate":5.9509284443387},"rsd":{"code":"RSD","alphaCode":"RSD","numericCode":"941","name":"Serbian Dinar","rate":6.4203771865437,"date":"Sun, 27 Jun 2021 23:55:01 GMT","inverseRate":0.1557540890426},"gmd":{"code":"GMD","alphaCode":"GMD","numericCode":"270","name":"Gambian dalasi","rate":3.4444444444445,"date":"Sun, 27 Jun 2021 23:55:01 GMT","inverseRate":0.29032258064516},"awg":{"code":"AWG","alphaCode":"AWG","numericCode":"533","name":"Aruban florin","rate":0.12005163511187,"date":"Sun, 27 Jun 2021 23:55:01 GMT","inverseRate":8.3297491039429},"aoa":{"code":"AOA","alphaCode":"AOA","numericCode":"973","name":"Angolan kwanza","rate":43.293103448275,"date":"Sun, 27 Jun 2021 23:55:01 GMT","inverseRate":0.023098367184389},"khr":{"code":"KHR","alphaCode":"KHR","numericCode":"116","name":"Cambodian riel","rate":270.2906350915,"date":"Sun, 27 Jun 2021 23:55:01 GMT","inverseRate":0.0036997212266029},"scr":{"code":"SCR","alphaCode":"SCR","numericCode":"690","name":"Seychelles rupee","rate":0.99406175771972,"date":"Sun, 27 Jun 2021 23:55:01 GMT","inverseRate":1.0059737156511},"bhd":{"code":"BHD","alphaCode":"BHD","numericCode":"048","name":"Bahrain Dinar","rate":0.025032699324434,"date":"Sun, 27 Jun 2021 23:55:01 GMT","inverseRate":39.947749423249},"omr":{"code":"OMR","alphaCode":"OMR","numericCode":"512","name":"Omani Rial","rate":0.025584553641854,"date":"Sun, 27 Jun 2021 23:55:01 GMT","inverseRate":39.08608350173},"rub":{"code":"RUB","alphaCode":"RUB","numericCode":"643","name":"Russian Rouble","rate":4.800386823549,"date":"Sun, 27 Jun 2021 23:55:01 GMT","inverseRate":0.2083165454697},"lyd":{"code":"LYD","alphaCode":"LYD","numericCode":"434","name":"Libyan Dinar","rate":0.29605608926156,"date":"Sun, 27 Jun 2021 23:55:01 GMT","inverseRate":3.3777383282143},"clp":{"code":"CLP","alphaCode":"CLP","numericCode":"152","name":"Chilean Peso","rate":48.813729059133,"date":"Sun, 27 Jun 2021 23:55:01 GMT","inverseRate":0.020486039875966},"bsd":{"code":"BSD","alphaCode":"BSD","numericCode":"044","name":"Bahamian Dollar","rate":0.066291778868999,"date":"Sun, 27 Jun 2021 23:55:01 GMT","inverseRate":15.084826762247},"djf":{"code":"DJF","alphaCode":"DJF","numericCode":"262","name":"Djiboutian franc","rate":11.80702496826,"date":"Sun, 27 Jun 2021 23:55:01 GMT","inverseRate":0.084695340501795},"hnl":{"code":"HNL","alphaCode":"HNL","numericCode":"340","name":"Honduran Lempira","rate":1.5892405063291,"date":"Sun, 27 Jun 2021 23:55:01 GMT","inverseRate":0.62923138191957},"tzs":{"code":"TZS","alphaCode":"TZS","numericCode":"834","name":"Tanzanian shilling","rate":153.76607470912,"date":"Sun, 27 Jun 2021 23:55:01 GMT","inverseRate":0.0065033851055358},"bbd":{"code":"BBD","alphaCode":"BBD","numericCode":"052","name":"Barbadian Dollar","rate":0.13311629320926,"date":"Sun, 27 Jun 2021 23:55:01 GMT","inverseRate":7.5122284124003},"bdt":{"code":"BDT","alphaCode":"BDT","numericCode":"050","name":"Bangladeshi taka","rate":5.6273743739143,"date":"Sun, 27 Jun 2021 23:55:01 GMT","inverseRate":0.17770276749944},"qar":{"code":"QAR","alphaCode":"QAR","numericCode":"634","name":"Qatari Rial","rate":0.24331213832285,"date":"Sun, 27 Jun 2021 23:55:01 GMT","inverseRate":4.1099470289194},"mxn":{"code":"MXN","alphaCode":"MXN","numericCode":"484","name":"Mexican Peso","rate":1.316761671612,"date":"Sun, 27 Jun 2021 23:55:01 GMT","inverseRate":0.75943887307701},"amd":{"code":"AMD","alphaCode":"AMD","numericCode":"051","name":"Armenia Dram","rate":34.434587787093,"date":"Sun, 27 Jun 2021 23:55:01 GMT","inverseRate":0.029040568343171},"uyu":{"code":"UYU","alphaCode":"UYU","numericCode":"858","name":"Uruguayan Peso","rate":2.8950866256222,"date":"Sun, 27 Jun 2021 23:55:01 GMT","inverseRate":0.34541280773769},"fjd":{"code":"FJD","alphaCode":"FJD","numericCode":"242","name":"Fiji Dollar","rate":0.13680196131844,"date":"Sun, 27 Jun 2021 23:55:01 GMT","inverseRate":7.309836718439},"cdf":{"code":"CDF","alphaCode":"CDF","numericCode":"976","name":"Congolese franc","rate":131.88025210084,"date":"Sun, 27 Jun 2021 23:55:01 GMT","inverseRate":0.007582636399841},"lsl":{"code":"LSL","alphaCode":"LSL","numericCode":"426","name":"Lesotho loti","rate":0.9432757325319,"date":"Sun, 27 Jun 2021 23:55:01 GMT","inverseRate":1.0601354042215},"mnt":{"code":"MNT","alphaCode":"MNT","numericCode":"496","name":"Mongolian togrog","rate":189.0813253012,"date":"Sun, 27 Jun 2021 23:55:01 GMT","inverseRate":0.0052887295898051},"brl":{"code":"BRL","alphaCode":"BRL","numericCode":"986","name":"Brazilian Real","rate":0.33243889962019,"date":"Sun, 27 Jun 2021 23:55:01 GMT","inverseRate":3.0080715618494},"hkd":{"code":"HKD","alphaCode":"HKD","numericCode":"344","name":"Hong Kong Dollar","rate":0.51628913871791,"date":"Sun, 27 Jun 2021 23:55:01 GMT","inverseRate":1.9368991617435},"thb":{"code":"THB","alphaCode":"THB","numericCode":"764","name":"Thai Baht","rate":2.1021081952853,"date":"Sun, 27 Jun 2021 23:55:01 GMT","inverseRate":0.47571290680605},"xaf":{"code":"XAF","alphaCode":"XAF","numericCode":"950","name":"Central African CFA Franc","rate":36.593648055894,"date":"Sun, 27 Jun 2021 23:55:01 GMT","inverseRate":0.02732714700848},"mdl":{"code":"MDL","alphaCode":"MDL","numericCode":"498","name":"Moldova Lei","rate":1.1967238529217,"date":"Sun, 27 Jun 2021 23:55:01 GMT","inverseRate":0.83561466378277},"nio":{"code":"NIO","alphaCode":"NIO","numericCode":"558","name":"Nicaraguan C\u00f3rdoba","rate":2.326478209398,"date":"Sun, 27 Jun 2021 23:55:01 GMT","inverseRate":0.42983424300319},"lrd":{"code":"LRD","alphaCode":"LRD","numericCode":"430","name":"Liberian dollar","rate":11.361990950226,"date":"Sun, 27 Jun 2021 23:55:01 GMT","inverseRate":0.088012743926722},"sdg":{"code":"SDG","alphaCode":"SDG","numericCode":"938","name":"Sudanese pound","rate":29.197674418604,"date":"Sun, 27 Jun 2021 23:55:01 GMT","inverseRate":0.034249303066509},"mru":{"code":"MRU","alphaCode":"MRU","numericCode":"929","name":"Mauritanian ouguiya","rate":2.3959923664121,"date":"Sun, 27 Jun 2021 23:55:01 GMT","inverseRate":0.41736360015932},"dkk":{"code":"DKK","alphaCode":"DKK","numericCode":"208","name":"Danish Krone","rate":0.41401480725366,"date":"Sun, 27 Jun 2021 23:55:01 GMT","inverseRate":2.415372548227},"jod":{"code":"JOD","alphaCode":"JOD","numericCode":"400","name":"Jordanian Dinar","rate":0.047127483574911,"date":"Sun, 27 Jun 2021 23:55:01 GMT","inverseRate":21.219040868381},"bgn":{"code":"BGN","alphaCode":"BGN","numericCode":"975","name":"Bulgarian Lev","rate":0.10889046732787,"date":"Sun, 27 Jun 2021 23:55:01 GMT","inverseRate":9.1835403459977},"vnd":{"code":"VND","alphaCode":"VND","numericCode":"704","name":"Vietnamese Dong","rate":1529.968831815,"date":"Sun, 27 Jun 2021 23:55:01 GMT","inverseRate":0.00065360808612923},"uzs":{"code":"UZS","alphaCode":"UZS","numericCode":"860","name":"Uzbekistan Sum","rate":701.30616412246,"date":"Sun, 27 Jun 2021 23:55:01 GMT","inverseRate":0.0014259107521909},"pab":{"code":"PAB","alphaCode":"PAB","numericCode":"590","name":"Panamanian Balboa","rate":0.066291778868999,"date":"Sun, 27 Jun 2021 23:55:01 GMT","inverseRate":15.084826762247},"ttd":{"code":"TTD","alphaCode":"TTD","numericCode":"780","name":"Trinidad Tobago Dollar","rate":0.45080789946138,"date":"Sun, 27 Jun 2021 23:55:01 GMT","inverseRate":2.2182397451216},"htg":{"code":"HTG","alphaCode":"HTG","numericCode":"332","name":"Haitian gourde","rate":6.2307692307691,"date":"Sun, 27 Jun 2021 23:55:01 GMT","inverseRate":0.1604938271605},"cup":{"code":"CUP","alphaCode":"CUP","numericCode":"192","name":"Cuban peso","rate":0.066291778868999,"date":"Sun, 27 Jun 2021 23:55:01 GMT","inverseRate":15.084826762247}}