{"usd":{"code":"USD","alphaCode":"USD","numericCode":"840","name":"U.S. Dollar","rate":0.02291451429177,"date":"Sun, 27 Jun 2021 23:55:01 GMT","inverseRate":43.640462427744},"eur":{"code":"EUR","alphaCode":"EUR","numericCode":"978","name":"Euro","rate":0.019182856003383,"date":"Sun, 27 Jun 2021 23:55:01 GMT","inverseRate":52.129880963691},"gbp":{"code":"GBP","alphaCode":"GBP","numericCode":"826","name":"U.K. Pound Sterling","rate":0.01647742555947,"date":"Sun, 27 Jun 2021 23:55:01 GMT","inverseRate":60.689092260854},"jpy":{"code":"JPY","alphaCode":"JPY","numericCode":"392","name":"Japanese Yen","rate":2.5373892849628,"date":"Sun, 27 Jun 2021 23:55:01 GMT","inverseRate":0.39410586539726},"aud":{"code":"AUD","alphaCode":"AUD","numericCode":"036","name":"Australian Dollar","rate":0.03016271236634,"date":"Sun, 27 Jun 2021 23:55:01 GMT","inverseRate":33.153517092712},"chf":{"code":"CHF","alphaCode":"CHF","numericCode":"756","name":"Swiss Franc","rate":0.021012947199924,"date":"Sun, 27 Jun 2021 23:55:01 GMT","inverseRate":47.589706978544},"cad":{"code":"CAD","alphaCode":"CAD","numericCode":"124","name":"Canadian Dollar","rate":0.02818472219363,"date":"Sun, 27 Jun 2021 23:55:01 GMT","inverseRate":35.480214888406},"lkr":{"code":"LKR","alphaCode":"LKR","numericCode":"144","name":"Sri Lanka Rupee","rate":4.5531429457779,"date":"Sun, 27 Jun 2021 23:55:01 GMT","inverseRate":0.21962850978076},"pln":{"code":"PLN","alphaCode":"PLN","numericCode":"985","name":"Polish Zloty","rate":0.086520208719158,"date":"Sun, 27 Jun 2021 23:55:01 GMT","inverseRate":11.557993384482},"pen":{"code":"PEN","alphaCode":"PEN","numericCode":"604","name":"Peruvian Nuevo Sol","rate":0.091204375406105,"date":"Sun, 27 Jun 2021 23:55:01 GMT","inverseRate":10.964386253919},"iqd":{"code":"IQD","alphaCode":"IQD","numericCode":"368","name":"Iraqi dinar","rate":33.365960643416,"date":"Sun, 27 Jun 2021 23:55:01 GMT","inverseRate":0.029970664135436},"svc":{"code":"SVC","alphaCode":"SVC","numericCode":"222","name":"Salvadoran colon","rate":0.20000000000001,"date":"Sun, 27 Jun 2021 23:55:01 GMT","inverseRate":4.9999999999997},"cve":{"code":"CVE","alphaCode":"CVE","numericCode":"132","name":"Cape Verde escudo","rate":2.1358024691359,"date":"Sun, 27 Jun 2021 23:55:01 GMT","inverseRate":0.46820809248553},"zmw":{"code":"ZMW","alphaCode":"ZMW","numericCode":"967","name":"Zambian kwacha","rate":0.5161097852029,"date":"Sun, 27 Jun 2021 23:55:01 GMT","inverseRate":1.9375722543351},"yer":{"code":"YER","alphaCode":"YER","numericCode":"886","name":"Yemeni rial","rate":5.7459811345824,"date":"Sun, 27 Jun 2021 23:55:01 GMT","inverseRate":0.17403468208092},"dop":{"code":"DOP","alphaCode":"DOP","numericCode":"214","name":"Dominican Peso","rate":1.3009484073202,"date":"Sun, 27 Jun 2021 23:55:01 GMT","inverseRate":0.76866999058008},"nzd":{"code":"NZD","alphaCode":"NZD","numericCode":"554","name":"New Zealand Dollar","rate":0.032374453594525,"date":"Sun, 27 Jun 2021 23:55:01 GMT","inverseRate":30.888552206148},"hrk":{"code":"HRK","alphaCode":"HRK","numericCode":"191","name":"Croatian Kuna","rate":0.14377767437576,"date":"Sun, 27 Jun 2021 23:55:01 GMT","inverseRate":6.9551827454553},"dzd":{"code":"DZD","alphaCode":"DZD","numericCode":"012","name":"Algerian Dinar","rate":3.0514075801007,"date":"Sun, 27 Jun 2021 23:55:01 GMT","inverseRate":0.32771761023383},"ars":{"code":"ARS","alphaCode":"ARS","numericCode":"032","name":"Argentine Peso","rate":2.184846216177,"date":"Sun, 27 Jun 2021 23:55:01 GMT","inverseRate":0.45769811742165},"stn":{"code":"STN","alphaCode":"STN","numericCode":"930","name":"S\u00e3o Tom\u00e9 and Pr\u00edncipe Dobra","rate":0.47449259462427,"date":"Sun, 27 Jun 2021 23:55:01 GMT","inverseRate":2.107514450867},"xpf":{"code":"XPF","alphaCode":"XPF","numericCode":"953","name":"CFP Franc","rate":2.2857595856567,"date":"Sun, 27 Jun 2021 23:55:01 GMT","inverseRate":0.43749132947974},"all":{"code":"ALL","alphaCode":"ALL","numericCode":"008","name":"Albanian lek","rate":2.3467809761526,"date":"Sun, 27 Jun 2021 23:55:01 GMT","inverseRate":0.42611560693638},"mur":{"code":"MUR","alphaCode":"MUR","numericCode":"480","name":"Mauritian Rupee","rate":0.93817787418662,"date":"Sun, 27 Jun 2021 23:55:01 GMT","inverseRate":1.0658959537571},"sos":{"code":"SOS","alphaCode":"SOS","numericCode":"706","name":"Somali shilling","rate":13.216195569138,"date":"Sun, 27 Jun 2021 23:55:01 GMT","inverseRate":0.075664739884386},"ang":{"code":"ANG","alphaCode":"ANG","numericCode":"532","name":"Neth. Antillean Guilder","rate":0.040751339092211,"date":"Sun, 27 Jun 2021 23:55:01 GMT","inverseRate":24.539070918313},"pkr":{"code":"PKR","alphaCode":"PKR","numericCode":"586","name":"Pakistani Rupee","rate":3.5437105918656,"date":"Sun, 27 Jun 2021 23:55:01 GMT","inverseRate":0.28219008693753},"krw":{"code":"KRW","alphaCode":"KRW","numericCode":"410","name":"South Korean Won","rate":25.829307254114,"date":"Sun, 27 Jun 2021 23:55:01 GMT","inverseRate":0.038715711194335},"azn":{"code":"AZN","alphaCode":"AZN","numericCode":"944","name":"Azerbaijan Manat","rate":0.038842151725798,"date":"Sun, 27 Jun 2021 23:55:01 GMT","inverseRate":25.745226656324},"pyg":{"code":"PYG","alphaCode":"PYG","numericCode":"600","name":"Paraguayan Guaran\u00ed","rate":155.32755861385,"date":"Sun, 27 Jun 2021 23:55:01 GMT","inverseRate":0.0064380075816813},"bnd":{"code":"BND","alphaCode":"BND","numericCode":"096","name":"Brunei Dollar","rate":0.030752275312858,"date":"Sun, 27 Jun 2021 23:55:01 GMT","inverseRate":32.517919075142},"kmf":{"code":"KMF","alphaCode":"KMF","numericCode":"174","name":"\tComoro franc","rate":9.4701116706816,"date":"Sun, 27 Jun 2021 23:55:01 GMT","inverseRate":0.10559537572254},"szl":{"code":"SZL","alphaCode":"SZL","numericCode":"748","name":"Swazi lilangeni","rate":0.32482162974092,"date":"Sun, 27 Jun 2021 23:55:01 GMT","inverseRate":3.0786127167628},"wst":{"code":"WST","alphaCode":"WST","numericCode":"882","name":"Samoan tala","rate":0.058080977640505,"date":"Sun, 27 Jun 2021 23:55:01 GMT","inverseRate":17.217341040462},"egp":{"code":"EGP","alphaCode":"EGP","numericCode":"818","name":"Egyptian Pound","rate":0.35922716649695,"date":"Sun, 27 Jun 2021 23:55:01 GMT","inverseRate":2.7837538283968},"sgd":{"code":"SGD","alphaCode":"SGD","numericCode":"702","name":"Singapore Dollar","rate":0.030747450703908,"date":"Sun, 27 Jun 2021 23:55:01 GMT","inverseRate":32.523021489808},"zar":{"code":"ZAR","alphaCode":"ZAR","numericCode":"710","name":"South African Rand","rate":0.32304126157732,"date":"Sun, 27 Jun 2021 23:55:01 GMT","inverseRate":3.0955797879109},"kgs":{"code":"KGS","alphaCode":"KGS","numericCode":"417","name":"Kyrgyzstan Som","rate":1.9151970037955,"date":"Sun, 27 Jun 2021 23:55:01 GMT","inverseRate":0.52213949688633},"crc":{"code":"CRC","alphaCode":"CRC","numericCode":"188","name":"Costa Rican Col\u00f3n","rate":14.152843162861,"date":"Sun, 27 Jun 2021 23:55:01 GMT","inverseRate":0.070657180927725},"jmd":{"code":"JMD","alphaCode":"JMD","numericCode":"388","name":"Jamaican Dollar","rate":3.418972332016,"date":"Sun, 27 Jun 2021 23:55:01 GMT","inverseRate":0.29248554913293},"ssp":{"code":"SSP","alphaCode":"SSP","numericCode":"728","name":"South Sudanese pound","rate":4.0637038429017,"date":"Sun, 27 Jun 2021 23:55:01 GMT","inverseRate":0.24608092485548},"ern":{"code":"ERN","alphaCode":"ERN","numericCode":"232","name":"Eritrean nakfa","rate":0.34448426921548,"date":"Sun, 27 Jun 2021 23:55:01 GMT","inverseRate":2.9028901734102},"bam":{"code":"BAM","alphaCode":"BAM","numericCode":"977","name":"Bosnia and Herzegovina convertible mark","rate":0.037827436917832,"date":"Sun, 27 Jun 2021 23:55:01 GMT","inverseRate":26.435838150287},"inr":{"code":"INR","alphaCode":"INR","numericCode":"356","name":"Indian Rupee","rate":1.6999686964731,"date":"Sun, 27 Jun 2021 23:55:01 GMT","inverseRate":0.58824612598732},"try":{"code":"TRY","alphaCode":"TRY","numericCode":"949","name":"Turkish Lira","rate":0.19961150696439,"date":"Sun, 27 Jun 2021 23:55:01 GMT","inverseRate":5.0097312284626},"twd":{"code":"TWD","alphaCode":"TWD","numericCode":"901","name":"New Taiwan Dollar ","rate":0.63927755683895,"date":"Sun, 27 Jun 2021 23:55:01 GMT","inverseRate":1.5642657704812},"tmt":{"code":"TMT","alphaCode":"TMT","numericCode":"934","name":"New Turkmenistan Manat","rate":0.079993699235748,"date":"Sun, 27 Jun 2021 23:55:01 GMT","inverseRate":12.500984571959},"mga":{"code":"MGA","alphaCode":"MGA","numericCode":"969","name":"Malagasy ariary","rate":86.500000000006,"date":"Sun, 27 Jun 2021 23:55:01 GMT","inverseRate":0.011560693641618},"srd":{"code":"SRD","alphaCode":"SRD","numericCode":"968","name":"Surinamese dollar","rate":0.47553600879606,"date":"Sun, 27 Jun 2021 23:55:01 GMT","inverseRate":2.1028901734103},"ghs":{"code":"GHS","alphaCode":"GHS","numericCode":"936","name":"Ghanaian Cedi","rate":0.13319987680937,"date":"Sun, 27 Jun 2021 23:55:01 GMT","inverseRate":7.5075144508664},"mop":{"code":"MOP","alphaCode":"MOP","numericCode":"446","name":"Macanese pataca","rate":0.18287526427062,"date":"Sun, 27 Jun 2021 23:55:01 GMT","inverseRate":5.4682080924852},"lbp":{"code":"LBP","alphaCode":"LBP","numericCode":"422","name":"Lebanese Pound","rate":34.505537310846,"date":"Sun, 27 Jun 2021 23:55:01 GMT","inverseRate":0.028980855767914},"huf":{"code":"HUF","alphaCode":"HUF","numericCode":"348","name":"Hungarian Forint","rate":6.7427026041851,"date":"Sun, 27 Jun 2021 23:55:01 GMT","inverseRate":0.14830848380875},"ngn":{"code":"NGN","alphaCode":"NGN","numericCode":"566","name":"Nigerian Naira","rate":9.3932490280548,"date":"Sun, 27 Jun 2021 23:55:01 GMT","inverseRate":0.10645943666705},"irr":{"code":"IRR","alphaCode":"IRR","numericCode":"364","name":"Iranian rial","rate":960.02427740569,"date":"Sun, 27 Jun 2021 23:55:01 GMT","inverseRate":0.0010416403246617},"ves":{"code":"VES","alphaCode":"VES","numericCode":"928","name":"Venezuelan Bolivar","rate":72689.075630255,"date":"Sun, 27 Jun 2021 23:55:01 GMT","inverseRate":1.3757225433525e-5},"sbd":{"code":"SBD","alphaCode":"SBD","numericCode":"090","name":"Solomon Islands dollar","rate":0.18630195993971,"date":"Sun, 27 Jun 2021 23:55:01 GMT","inverseRate":5.3676300578031},"mwk":{"code":"MWK","alphaCode":"MWK","numericCode":"454","name":"Malawian kwacha","rate":18.40425531915,"date":"Sun, 27 Jun 2021 23:55:01 GMT","inverseRate":0.054335260115604},"gtq":{"code":"GTQ","alphaCode":"GTQ","numericCode":"320","name":"Guatemalan Quetzal","rate":0.17671092951993,"date":"Sun, 27 Jun 2021 23:55:01 GMT","inverseRate":5.658959537572},"sek":{"code":"SEK","alphaCode":"SEK","numericCode":"752","name":"Swedish Krona","rate":0.19400559555461,"date":"Sun, 27 Jun 2021 23:55:01 GMT","inverseRate":5.1544905039531},"npr":{"code":"NPR","alphaCode":"NPR","numericCode":"524","name":"Nepalese Rupee","rate":2.7171093774668,"date":"Sun, 27 Jun 2021 23:55:01 GMT","inverseRate":0.36803818362746},"isk":{"code":"ISK","alphaCode":"ISK","numericCode":"352","name":"Icelandic Krona","rate":2.8199507716757,"date":"Sun, 27 Jun 2021 23:55:01 GMT","inverseRate":0.35461611955934},"gip":{"code":"GIP","alphaCode":"GIP","numericCode":"292","name":"Gibraltar pound","rate":0.016401845915947,"date":"Sun, 27 Jun 2021 23:55:01 GMT","inverseRate":60.968747366887},"gel":{"code":"GEL","alphaCode":"GEL","numericCode":"981","name":"Georgian lari","rate":0.074221053384799,"date":"Sun, 27 Jun 2021 23:55:01 GMT","inverseRate":13.473266066644},"mkd":{"code":"MKD","alphaCode":"MKD","numericCode":"807","name":"Macedonian denar","rate":1.1833429095187,"date":"Sun, 27 Jun 2021 23:55:01 GMT","inverseRate":0.84506358381502},"bif":{"code":"BIF","alphaCode":"BIF","numericCode":"108","name":"Burundian franc","rate":45.216936748564,"date":"Sun, 27 Jun 2021 23:55:01 GMT","inverseRate":0.022115606936415},"mmk":{"code":"MMK","alphaCode":"MMK","numericCode":"104","name":"Myanma Kyat","rate":37.608695652175,"date":"Sun, 27 Jun 2021 23:55:01 GMT","inverseRate":0.026589595375722},"mvr":{"code":"MVR","alphaCode":"MVR","numericCode":"462","name":"Maldivian rufiyaa","rate":0.3532053899551,"date":"Sun, 27 Jun 2021 23:55:01 GMT","inverseRate":2.8312138728323},"kes":{"code":"KES","alphaCode":"KES","numericCode":"404","name":"Kenyan shilling","rate":2.46172235187,"date":"Sun, 27 Jun 2021 23:55:01 GMT","inverseRate":0.40621965317915},"aed":{"code":"AED","alphaCode":"AED","numericCode":"784","name":"U.A.E Dirham","rate":0.084004154363712,"date":"Sun, 27 Jun 2021 23:55:01 GMT","inverseRate":11.904173163512},"php":{"code":"PHP","alphaCode":"PHP","numericCode":"608","name":"Philippine Peso","rate":1.1113998608542,"date":"Sun, 27 Jun 2021 23:55:01 GMT","inverseRate":0.89976617347369},"ils":{"code":"ILS","alphaCode":"ILS","numericCode":"376","name":"Israeli New Sheqel","rate":0.07441378749847,"date":"Sun, 27 Jun 2021 23:55:01 GMT","inverseRate":13.438369872257},"mro":{"code":"MRO","alphaCode":"MRO","numericCode":"478","name":"Mauritanian Ouguiya","rate":0.82973484229152,"date":"Sun, 27 Jun 2021 23:55:01 GMT","inverseRate":1.2052043002536},"cop":{"code":"COP","alphaCode":"COP","numericCode":"170","name":"Colombian Peso","rate":86.155855513226,"date":"Sun, 27 Jun 2021 23:55:01 GMT","inverseRate":0.011606872150976},"bzd":{"code":"BZD","alphaCode":"BZD","numericCode":"084","name":"Belize dollar","rate":0.046054733255247,"date":"Sun, 27 Jun 2021 23:55:01 GMT","inverseRate":21.713294797686},"gnf":{"code":"GNF","alphaCode":"GNF","numericCode":"324","name":"Guinean franc","rate":224.09326424871,"date":"Sun, 27 Jun 2021 23:55:01 GMT","inverseRate":0.0044624277456646},"sll":{"code":"SLL","alphaCode":"SLL","numericCode":"694","name":"Sierra Leonean leone","rate":234.41734417345,"date":"Sun, 27 Jun 2021 23:55:01 GMT","inverseRate":0.0042658959537571},"ugx":{"code":"UGX","alphaCode":"UGX","numericCode":"800","name":"Ugandan shilling","rate":81.680830972619,"date":"Sun, 27 Jun 2021 23:55:01 GMT","inverseRate":0.012242774566473},"cny":{"code":"CNY","alphaCode":"CNY","numericCode":"156","name":"Chinese Yuan","rate":0.14792877597997,"date":"Sun, 27 Jun 2021 23:55:01 GMT","inverseRate":6.7600099667922},"sar":{"code":"SAR","alphaCode":"SAR","numericCode":"682","name":"Saudi Riyal","rate":0.085926975945716,"date":"Sun, 27 Jun 2021 23:55:01 GMT","inverseRate":11.637788820029},"myr":{"code":"MYR","alphaCode":"MYR","numericCode":"458","name":"Malaysian Ringgit","rate":0.094951823993484,"date":"Sun, 27 Jun 2021 23:55:01 GMT","inverseRate":10.531656559527},"kzt":{"code":"KZT","alphaCode":"KZT","numericCode":"398","name":"Kazakhstani Tenge","rate":9.7676216082703,"date":"Sun, 27 Jun 2021 23:55:01 GMT","inverseRate":0.1023790683244},"bob":{"code":"BOB","alphaCode":"BOB","numericCode":"068","name":"Bolivian Boliviano","rate":0.1574769591074,"date":"Sun, 27 Jun 2021 23:55:01 GMT","inverseRate":6.3501353192754},"gyd":{"code":"GYD","alphaCode":"GYD","numericCode":"328","name":"Guyanese dollar","rate":4.7718872400288,"date":"Sun, 27 Jun 2021 23:55:01 GMT","inverseRate":0.20956069364161},"rwf":{"code":"RWF","alphaCode":"RWF","numericCode":"646","name":"Rwandan franc","rate":22.974767596282,"date":"Sun, 27 Jun 2021 23:55:01 GMT","inverseRate":0.043526011560693},"mzn":{"code":"MZN","alphaCode":"MZN","numericCode":"943","name":"Mozambican metical","rate":1.4562289562291,"date":"Sun, 27 Jun 2021 23:55:01 GMT","inverseRate":0.68670520231209},"vuv":{"code":"VUV","alphaCode":"VUV","numericCode":"548","name":"Vanuatu vatu","rate":2.5101567034243,"date":"Sun, 27 Jun 2021 23:55:01 GMT","inverseRate":0.39838150289016},"idr":{"code":"IDR","alphaCode":"IDR","numericCode":"360","name":"Indonesian Rupiah","rate":330.90276639914,"date":"Sun, 27 Jun 2021 23:55:01 GMT","inverseRate":0.0030220357807278},"tnd":{"code":"TND","alphaCode":"TND","numericCode":"788","name":"Tunisian Dinar","rate":0.062661451040764,"date":"Sun, 27 Jun 2021 23:55:01 GMT","inverseRate":15.958775026602},"xof":{"code":"XOF","alphaCode":"XOF","numericCode":"952","name":"West African CFA Franc","rate":12.595258094444,"date":"Sun, 27 Jun 2021 23:55:01 GMT","inverseRate":0.079394958999779},"tjs":{"code":"TJS","alphaCode":"TJS","numericCode":"972","name":"Tajikistan Ruble","rate":0.25909603213191,"date":"Sun, 27 Jun 2021 23:55:01 GMT","inverseRate":3.8595728069309},"afn":{"code":"AFN","alphaCode":"AFN","numericCode":"971","name":"Afghan afghani","rate":1.8072037439413,"date":"Sun, 27 Jun 2021 23:55:01 GMT","inverseRate":0.55334104046239},"nad":{"code":"NAD","alphaCode":"NAD","numericCode":"516","name":"Namibian dollar","rate":0.32482162974092,"date":"Sun, 27 Jun 2021 23:55:01 GMT","inverseRate":3.0786127167628},"syp":{"code":"SYP","alphaCode":"SYP","numericCode":"760","name":"Syrian pound","rate":57.666666666669,"date":"Sun, 27 Jun 2021 23:55:01 GMT","inverseRate":0.017341040462427},"top":{"code":"TOP","alphaCode":"TOP","numericCode":"776","name":"Tongan pa\u02bbanga","rate":0.050617356194046,"date":"Sun, 27 Jun 2021 23:55:01 GMT","inverseRate":19.756069364161},"kwd":{"code":"KWD","alphaCode":"KWD","numericCode":"414","name":"Kuwaiti Dinar","rate":0.0068917766372499,"date":"Sun, 27 Jun 2021 23:55:01 GMT","inverseRate":145.10046576307},"czk":{"code":"CZK","alphaCode":"CZK","numericCode":"203","name":"Czech Koruna","rate":0.48869868714431,"date":"Sun, 27 Jun 2021 23:55:01 GMT","inverseRate":2.0462506372658},"pgk":{"code":"PGK","alphaCode":"PGK","numericCode":"598","name":"Papua New Guinean kina","rate":0.080420887833313,"date":"Sun, 27 Jun 2021 23:55:01 GMT","inverseRate":12.434580454678},"uah":{"code":"UAH","alphaCode":"UAH","numericCode":"980","name":"Ukrainian Hryvnia","rate":0.62774683955649,"date":"Sun, 27 Jun 2021 23:55:01 GMT","inverseRate":1.5929988603471},"xcd":{"code":"XCD","alphaCode":"XCD","numericCode":"951","name":"East Caribbean Dollar","rate":0.061909533352423,"date":"Sun, 27 Jun 2021 23:55:01 GMT","inverseRate":16.152601156068},"lak":{"code":"LAK","alphaCode":"LAK","numericCode":"418","name":"Lao kip","rate":216.79197994989,"date":"Sun, 27 Jun 2021 23:55:01 GMT","inverseRate":0.0046127167630056},"bwp":{"code":"BWP","alphaCode":"BWP","numericCode":"072","name":"Botswana Pula","rate":0.24834912431814,"date":"Sun, 27 Jun 2021 23:55:01 GMT","inverseRate":4.0265895953753},"nok":{"code":"NOK","alphaCode":"NOK","numericCode":"578","name":"Norwegian Krone","rate":0.19440962908179,"date":"Sun, 27 Jun 2021 23:55:01 GMT","inverseRate":5.1437781385781},"mad":{"code":"MAD","alphaCode":"MAD","numericCode":"504","name":"Moroccan Dirham","rate":0.20241664384775,"date":"Sun, 27 Jun 2021 23:55:01 GMT","inverseRate":4.9403052090526},"ron":{"code":"RON","alphaCode":"RON","numericCode":"946","name":"Romanian New Leu","rate":0.094472624027534,"date":"Sun, 27 Jun 2021 23:55:01 GMT","inverseRate":10.585077002927},"byn":{"code":"BYN","alphaCode":"BYN","numericCode":"933","name":"Belarussian Ruble","rate":0.057887483010017,"date":"Sun, 27 Jun 2021 23:55:01 GMT","inverseRate":17.274891703738},"rsd":{"code":"RSD","alphaCode":"RSD","numericCode":"941","name":"Serbian Dinar","rate":2.2117189431942,"date":"Sun, 27 Jun 2021 23:55:01 GMT","inverseRate":0.45213701455021},"gmd":{"code":"GMD","alphaCode":"GMD","numericCode":"270","name":"Gambian dalasi","rate":1.1865569272978,"date":"Sun, 27 Jun 2021 23:55:01 GMT","inverseRate":0.84277456647391},"awg":{"code":"AWG","alphaCode":"AWG","numericCode":"533","name":"Aruban florin","rate":0.041355899789637,"date":"Sun, 27 Jun 2021 23:55:01 GMT","inverseRate":24.180346820808},"aoa":{"code":"AOA","alphaCode":"AOA","numericCode":"973","name":"Angolan kwanza","rate":14.913793103449,"date":"Sun, 27 Jun 2021 23:55:01 GMT","inverseRate":0.067052023121383},"khr":{"code":"KHR","alphaCode":"KHR","numericCode":"116","name":"Cambodian riel","rate":93.110871905283,"date":"Sun, 27 Jun 2021 23:55:01 GMT","inverseRate":0.010739884393063},"scr":{"code":"SCR","alphaCode":"SCR","numericCode":"690","name":"Seychelles rupee","rate":0.34243863816313,"date":"Sun, 27 Jun 2021 23:55:01 GMT","inverseRate":2.9202312138726},"bhd":{"code":"BHD","alphaCode":"BHD","numericCode":"048","name":"Bahrain Dinar","rate":0.0086233711332684,"date":"Sun, 27 Jun 2021 23:55:01 GMT","inverseRate":115.9639292506},"omr":{"code":"OMR","alphaCode":"OMR","numericCode":"512","name":"Omani Rial","rate":0.0088134762645184,"date":"Sun, 27 Jun 2021 23:55:01 GMT","inverseRate":113.46260771426},"rub":{"code":"RUB","alphaCode":"RUB","numericCode":"643","name":"Russian Rouble","rate":1.6536577468619,"date":"Sun, 27 Jun 2021 23:55:01 GMT","inverseRate":0.60472005280274},"lyd":{"code":"LYD","alphaCode":"LYD","numericCode":"434","name":"Libyan Dinar","rate":0.10198666555606,"date":"Sun, 27 Jun 2021 23:55:01 GMT","inverseRate":9.8052034013241},"clp":{"code":"CLP","alphaCode":"CLP","numericCode":"152","name":"Chilean Peso","rate":16.815561782618,"date":"Sun, 27 Jun 2021 23:55:01 GMT","inverseRate":0.059468723848031},"bsd":{"code":"BSD","alphaCode":"BSD","numericCode":"044","name":"Bahamian Dollar","rate":0.022836474998681,"date":"Sun, 27 Jun 2021 23:55:01 GMT","inverseRate":43.78959537572},"djf":{"code":"DJF","alphaCode":"DJF","numericCode":"262","name":"Djiboutian franc","rate":4.0673343678001,"date":"Sun, 27 Jun 2021 23:55:01 GMT","inverseRate":0.24586127167629},"hnl":{"code":"HNL","alphaCode":"HNL","numericCode":"340","name":"Honduran Lempira","rate":0.54746835443041,"date":"Sun, 27 Jun 2021 23:55:01 GMT","inverseRate":1.8265895953756},"tzs":{"code":"TZS","alphaCode":"TZS","numericCode":"834","name":"Tanzanian shilling","rate":52.969993876305,"date":"Sun, 27 Jun 2021 23:55:01 GMT","inverseRate":0.018878612716762},"bbd":{"code":"BBD","alphaCode":"BBD","numericCode":"052","name":"Barbadian Dollar","rate":0.045856468986865,"date":"Sun, 27 Jun 2021 23:55:01 GMT","inverseRate":21.807174038769},"bdt":{"code":"BDT","alphaCode":"BDT","numericCode":"050","name":"Bangladeshi taka","rate":1.9385419487998,"date":"Sun, 27 Jun 2021 23:55:01 GMT","inverseRate":0.51585161756192},"qar":{"code":"QAR","alphaCode":"QAR","numericCode":"634","name":"Qatari Rial","rate":0.083817204161402,"date":"Sun, 27 Jun 2021 23:55:01 GMT","inverseRate":11.930724843486},"mxn":{"code":"MXN","alphaCode":"MXN","numericCode":"484","name":"Mexican Peso","rate":0.4536036821762,"date":"Sun, 27 Jun 2021 23:55:01 GMT","inverseRate":2.2045676419609},"amd":{"code":"AMD","alphaCode":"AMD","numericCode":"051","name":"Armenia Dram","rate":11.862173809573,"date":"Sun, 27 Jun 2021 23:55:01 GMT","inverseRate":0.084301580473638},"uyu":{"code":"UYU","alphaCode":"UYU","numericCode":"858","name":"Uruguayan Peso","rate":0.99731180054297,"date":"Sun, 27 Jun 2021 23:55:01 GMT","inverseRate":1.0026954453518},"fjd":{"code":"FJD","alphaCode":"FJD","numericCode":"242","name":"Fiji Dollar","rate":0.047126123672027,"date":"Sun, 27 Jun 2021 23:55:01 GMT","inverseRate":21.21965317919},"cdf":{"code":"CDF","alphaCode":"CDF","numericCode":"976","name":"Congolese franc","rate":45.43067226891,"date":"Sun, 27 Jun 2021 23:55:01 GMT","inverseRate":0.022011560693641},"lsl":{"code":"LSL","alphaCode":"LSL","numericCode":"426","name":"Lesotho loti","rate":0.32494365138995,"date":"Sun, 27 Jun 2021 23:55:01 GMT","inverseRate":3.0774566473987},"mnt":{"code":"MNT","alphaCode":"MNT","numericCode":"496","name":"Mongolian togrog","rate":65.135542168677,"date":"Sun, 27 Jun 2021 23:55:01 GMT","inverseRate":0.015352601156069},"brl":{"code":"BRL","alphaCode":"BRL","numericCode":"986","name":"Brazilian Real","rate":0.11451997139446,"date":"Sun, 27 Jun 2021 23:55:01 GMT","inverseRate":8.7321013778072},"hkd":{"code":"HKD","alphaCode":"HKD","numericCode":"344","name":"Hong Kong Dollar","rate":0.17785348665513,"date":"Sun, 27 Jun 2021 23:55:01 GMT","inverseRate":5.6226055435116},"thb":{"code":"THB","alphaCode":"THB","numericCode":"764","name":"Thai Baht","rate":0.72414320546474,"date":"Sun, 27 Jun 2021 23:55:01 GMT","inverseRate":1.3809423225317},"xaf":{"code":"XAF","alphaCode":"XAF","numericCode":"950","name":"Central African CFA Franc","rate":12.605936108463,"date":"Sun, 27 Jun 2021 23:55:01 GMT","inverseRate":0.079327706518252},"mdl":{"code":"MDL","alphaCode":"MDL","numericCode":"498","name":"Moldova Lei","rate":0.41225254192647,"date":"Sun, 27 Jun 2021 23:55:01 GMT","inverseRate":2.4256975962525},"nio":{"code":"NIO","alphaCode":"NIO","numericCode":"558","name":"Nicaraguan C\u00f3rdoba","rate":0.80143514581021,"date":"Sun, 27 Jun 2021 23:55:01 GMT","inverseRate":1.2477616002091},"lrd":{"code":"LRD","alphaCode":"LRD","numericCode":"430","name":"Liberian dollar","rate":3.9140271493216,"date":"Sun, 27 Jun 2021 23:55:01 GMT","inverseRate":0.25549132947975},"sdg":{"code":"SDG","alphaCode":"SDG","numericCode":"938","name":"Sudanese pound","rate":10.058139534884,"date":"Sun, 27 Jun 2021 23:55:01 GMT","inverseRate":0.099421965317914},"mru":{"code":"MRU","alphaCode":"MRU","numericCode":"929","name":"Mauritanian ouguiya","rate":0.82538167938935,"date":"Sun, 27 Jun 2021 23:55:01 GMT","inverseRate":1.2115606936416},"dkk":{"code":"DKK","alphaCode":"DKK","numericCode":"208","name":"Danish Krone","rate":0.14262158832117,"date":"Sun, 27 Jun 2021 23:55:01 GMT","inverseRate":7.0115612353729},"jod":{"code":"JOD","alphaCode":"JOD","numericCode":"400","name":"Jordanian Dinar","rate":0.016234676739268,"date":"Sun, 27 Jun 2021 23:55:01 GMT","inverseRate":61.596545226013},"bgn":{"code":"BGN","alphaCode":"BGN","numericCode":"975","name":"Bulgarian Lev","rate":0.037511053061972,"date":"Sun, 27 Jun 2021 23:55:01 GMT","inverseRate":26.658809027513},"vnd":{"code":"VND","alphaCode":"VND","numericCode":"704","name":"Vietnamese Dong","rate":527.05019495026,"date":"Sun, 27 Jun 2021 23:55:01 GMT","inverseRate":0.001897352490486},"uzs":{"code":"UZS","alphaCode":"UZS","numericCode":"860","name":"Uzbekistan Sum","rate":241.58894144404,"date":"Sun, 27 Jun 2021 23:55:01 GMT","inverseRate":0.004139262310695},"pab":{"code":"PAB","alphaCode":"PAB","numericCode":"590","name":"Panamanian Balboa","rate":0.022836474998681,"date":"Sun, 27 Jun 2021 23:55:01 GMT","inverseRate":43.78959537572},"ttd":{"code":"TTD","alphaCode":"TTD","numericCode":"780","name":"Trinidad Tobago Dollar","rate":0.15529622980252,"date":"Sun, 27 Jun 2021 23:55:01 GMT","inverseRate":6.4393063583813},"htg":{"code":"HTG","alphaCode":"HTG","numericCode":"332","name":"Haitian gourde","rate":2.1464019851118,"date":"Sun, 27 Jun 2021 23:55:01 GMT","inverseRate":0.46589595375719},"cup":{"code":"CUP","alphaCode":"CUP","numericCode":"192","name":"Cuban peso","rate":0.022836474998681,"date":"Sun, 27 Jun 2021 23:55:01 GMT","inverseRate":43.78959537572}}