{"usd":{"code":"USD","alphaCode":"USD","numericCode":"840","name":"U.S. Dollar","rate":1.1945309023708,"date":"Sun, 27 Jun 2021 23:55:01 GMT","inverseRate":0.83714870667248},"gbp":{"code":"GBP","alphaCode":"GBP","numericCode":"826","name":"U.K. Pound Sterling","rate":0.85896623300322,"date":"Sun, 27 Jun 2021 23:55:01 GMT","inverseRate":1.164190117816},"jpy":{"code":"JPY","alphaCode":"JPY","numericCode":"392","name":"Japanese Yen","rate":132.27380138366,"date":"Sun, 27 Jun 2021 23:55:01 GMT","inverseRate":0.0075600760660044},"aud":{"code":"AUD","alphaCode":"AUD","numericCode":"036","name":"Australian Dollar","rate":1.5723786051993,"date":"Sun, 27 Jun 2021 23:55:01 GMT","inverseRate":0.63597914439521},"chf":{"code":"CHF","alphaCode":"CHF","numericCode":"756","name":"Swiss Franc","rate":1.0954024362284,"date":"Sun, 27 Jun 2021 23:55:01 GMT","inverseRate":0.91290649621262},"cad":{"code":"CAD","alphaCode":"CAD","numericCode":"124","name":"Canadian Dollar","rate":1.4692662129486,"date":"Sun, 27 Jun 2021 23:55:01 GMT","inverseRate":0.68061185317339},"lkr":{"code":"LKR","alphaCode":"LKR","numericCode":"144","name":"Sri Lanka Rupee","rate":237.35479977407,"date":"Sun, 27 Jun 2021 23:55:01 GMT","inverseRate":0.0042131020773621},"pln":{"code":"PLN","alphaCode":"PLN","numericCode":"985","name":"Polish Zloty","rate":4.5102881814834,"date":"Sun, 27 Jun 2021 23:55:01 GMT","inverseRate":0.22171532278257},"pen":{"code":"PEN","alphaCode":"PEN","numericCode":"604","name":"Peruvian Nuevo Sol","rate":4.754473233288,"date":"Sun, 27 Jun 2021 23:55:01 GMT","inverseRate":0.21032824267441},"iqd":{"code":"IQD","alphaCode":"IQD","numericCode":"368","name":"Iraqi dinar","rate":1739.3635565805,"date":"Sun, 27 Jun 2021 23:55:01 GMT","inverseRate":0.00057492293443583},"svc":{"code":"SVC","alphaCode":"SVC","numericCode":"222","name":"Salvadoran colon","rate":10.425976192739,"date":"Sun, 27 Jun 2021 23:55:01 GMT","inverseRate":0.095914280016912},"cve":{"code":"CVE","alphaCode":"CVE","numericCode":"132","name":"Cape Verde escudo","rate":111.33912847801,"date":"Sun, 27 Jun 2021 23:55:01 GMT","inverseRate":0.0089815684177688},"zmw":{"code":"ZMW","alphaCode":"ZMW","numericCode":"967","name":"Zambian kwacha","rate":26.904741666823,"date":"Sun, 27 Jun 2021 23:55:01 GMT","inverseRate":0.037168169551062},"yer":{"code":"YER","alphaCode":"YER","numericCode":"886","name":"Yemeni rial","rate":299.53731256539,"date":"Sun, 27 Jun 2021 23:55:01 GMT","inverseRate":0.0033384822459529},"dop":{"code":"DOP","alphaCode":"DOP","numericCode":"214","name":"Dominican Peso","rate":67.818285613506,"date":"Sun, 27 Jun 2021 23:55:01 GMT","inverseRate":0.01474528574342},"nzd":{"code":"NZD","alphaCode":"NZD","numericCode":"554","name":"New Zealand Dollar","rate":1.6876764121471,"date":"Sun, 27 Jun 2021 23:55:01 GMT","inverseRate":0.59253064912353},"hrk":{"code":"HRK","alphaCode":"HRK","numericCode":"191","name":"Croatian Kuna","rate":7.4951130504448,"date":"Sun, 27 Jun 2021 23:55:01 GMT","inverseRate":0.13342026908329},"dzd":{"code":"DZD","alphaCode":"DZD","numericCode":"012","name":"Algerian Dinar","rate":159.06951392236,"date":"Sun, 27 Jun 2021 23:55:01 GMT","inverseRate":0.0062865597268884},"ars":{"code":"ARS","alphaCode":"ARS","numericCode":"032","name":"Argentine Peso","rate":113.89577317327,"date":"Sun, 27 Jun 2021 23:55:01 GMT","inverseRate":0.0087799570795191},"stn":{"code":"STN","alphaCode":"STN","numericCode":"930","name":"S\u00e3o Tom\u00e9 and Pr\u00edncipe Dobra","rate":24.735242475916,"date":"Sun, 27 Jun 2021 23:55:01 GMT","inverseRate":0.040428146236031},"xpf":{"code":"XPF","alphaCode":"XPF","numericCode":"953","name":"CFP Franc","rate":119.1563751119,"date":"Sun, 27 Jun 2021 23:55:01 GMT","inverseRate":0.0083923331761387},"all":{"code":"ALL","alphaCode":"ALL","numericCode":"008","name":"Albanian lek","rate":122.33741293469,"date":"Sun, 27 Jun 2021 23:55:01 GMT","inverseRate":0.008174114328655},"mur":{"code":"MUR","alphaCode":"MUR","numericCode":"480","name":"Mauritian Rupee","rate":48.907100904117,"date":"Sun, 27 Jun 2021 23:55:01 GMT","inverseRate":0.020446928595512},"sos":{"code":"SOS","alphaCode":"SOS","numericCode":"706","name":"Somali shilling","rate":688.95870181202,"date":"Sun, 27 Jun 2021 23:55:01 GMT","inverseRate":0.0014514658097356},"ang":{"code":"ANG","alphaCode":"ANG","numericCode":"532","name":"Neth. Antillean Guilder","rate":2.124362455988,"date":"Sun, 27 Jun 2021 23:55:01 GMT","inverseRate":0.47072946388282},"pkr":{"code":"PKR","alphaCode":"PKR","numericCode":"586","name":"Pakistani Rupee","rate":184.73321132372,"date":"Sun, 27 Jun 2021 23:55:01 GMT","inverseRate":0.0054132118033049},"krw":{"code":"KRW","alphaCode":"KRW","numericCode":"410","name":"South Korean Won","rate":1346.4787125315,"date":"Sun, 27 Jun 2021 23:55:01 GMT","inverseRate":0.00074267791290951},"azn":{"code":"AZN","alphaCode":"AZN","numericCode":"944","name":"Azerbaijan Manat","rate":2.0248367458394,"date":"Sun, 27 Jun 2021 23:55:01 GMT","inverseRate":0.49386697572274},"pyg":{"code":"PYG","alphaCode":"PYG","numericCode":"600","name":"Paraguayan Guaran\u00ed","rate":8097.2071409205,"date":"Sun, 27 Jun 2021 23:55:01 GMT","inverseRate":0.00012349937238808},"bnd":{"code":"BND","alphaCode":"BND","numericCode":"096","name":"Brunei Dollar","rate":1.6031124514219,"date":"Sun, 27 Jun 2021 23:55:01 GMT","inverseRate":0.62378655914813},"kmf":{"code":"KMF","alphaCode":"KMF","numericCode":"174","name":"\tComoro franc","rate":493.67579410549,"date":"Sun, 27 Jun 2021 23:55:01 GMT","inverseRate":0.0020256208871086},"szl":{"code":"SZL","alphaCode":"SZL","numericCode":"748","name":"Swazi lilangeni","rate":16.932912892826,"date":"Sun, 27 Jun 2021 23:55:01 GMT","inverseRate":0.059056584435846},"wst":{"code":"WST","alphaCode":"WST","numericCode":"882","name":"Samoan tala","rate":3.0277544506543,"date":"Sun, 27 Jun 2021 23:55:01 GMT","inverseRate":0.33027777394032},"egp":{"code":"EGP","alphaCode":"EGP","numericCode":"818","name":"Egyptian Pound","rate":18.72646942841,"date":"Sun, 27 Jun 2021 23:55:01 GMT","inverseRate":0.053400348839003},"sgd":{"code":"SGD","alphaCode":"SGD","numericCode":"702","name":"Singapore Dollar","rate":1.6028609451317,"date":"Sun, 27 Jun 2021 23:55:01 GMT","inverseRate":0.62388443803393},"zar":{"code":"ZAR","alphaCode":"ZAR","numericCode":"710","name":"South African Rand","rate":16.840102512386,"date":"Sun, 27 Jun 2021 23:55:01 GMT","inverseRate":0.05938206131848},"kgs":{"code":"KGS","alphaCode":"KGS","numericCode":"417","name":"Kyrgyzstan Som","rate":99.838991829877,"date":"Sun, 27 Jun 2021 23:55:01 GMT","inverseRate":0.01001612678245},"crc":{"code":"CRC","alphaCode":"CRC","numericCode":"188","name":"Costa Rican Col\u00f3n","rate":737.78602937774,"date":"Sun, 27 Jun 2021 23:55:01 GMT","inverseRate":0.0013554065273416},"jmd":{"code":"JMD","alphaCode":"JMD","numericCode":"388","name":"Jamaican Dollar","rate":178.23062068615,"date":"Sun, 27 Jun 2021 23:55:01 GMT","inverseRate":0.0056107081720876},"ssp":{"code":"SSP","alphaCode":"SSP","numericCode":"728","name":"South Sudanese pound","rate":211.84039760216,"date":"Sun, 27 Jun 2021 23:55:01 GMT","inverseRate":0.004720534946682},"ern":{"code":"ERN","alphaCode":"ERN","numericCode":"232","name":"Eritrean nakfa","rate":17.957923948067,"date":"Sun, 27 Jun 2021 23:55:01 GMT","inverseRate":0.055685724190164},"bam":{"code":"BAM","alphaCode":"BAM","numericCode":"977","name":"Bosnia and Herzegovina convertible mark","rate":1.9719397836881,"date":"Sun, 27 Jun 2021 23:55:01 GMT","inverseRate":0.50711487656571},"inr":{"code":"INR","alphaCode":"INR","numericCode":"356","name":"Indian Rupee","rate":88.619165789142,"date":"Sun, 27 Jun 2021 23:55:01 GMT","inverseRate":0.011284240729363},"try":{"code":"TRY","alphaCode":"TRY","numericCode":"949","name":"Turkish Lira","rate":10.405724097037,"date":"Sun, 27 Jun 2021 23:55:01 GMT","inverseRate":0.096100952771252},"twd":{"code":"TWD","alphaCode":"TWD","numericCode":"901","name":"New Taiwan Dollar ","rate":33.325462940773,"date":"Sun, 27 Jun 2021 23:55:01 GMT","inverseRate":0.030007085026162},"tmt":{"code":"TMT","alphaCode":"TMT","numericCode":"934","name":"New Turkmenistan Manat","rate":4.1700620190048,"date":"Sun, 27 Jun 2021 23:55:01 GMT","inverseRate":0.23980458694441},"mga":{"code":"MGA","alphaCode":"MGA","numericCode":"969","name":"Malagasy ariary","rate":4509.2347033595,"date":"Sun, 27 Jun 2021 23:55:01 GMT","inverseRate":0.00022176712142638},"srd":{"code":"SRD","alphaCode":"SRD","numericCode":"968","name":"Surinamese dollar","rate":24.789635532487,"date":"Sun, 27 Jun 2021 23:55:01 GMT","inverseRate":0.04033943938746},"ghs":{"code":"GHS","alphaCode":"GHS","numericCode":"936","name":"Ghanaian Cedi","rate":6.9436937224509,"date":"Sun, 27 Jun 2021 23:55:01 GMT","inverseRate":0.14401556865429},"mop":{"code":"MOP","alphaCode":"MOP","numericCode":"446","name":"Macanese pataca","rate":9.5332657576311,"date":"Sun, 27 Jun 2021 23:55:01 GMT","inverseRate":0.10489584843468},"lbp":{"code":"LBP","alphaCode":"LBP","numericCode":"422","name":"Lebanese Pound","rate":1798.7695526026,"date":"Sun, 27 Jun 2021 23:55:01 GMT","inverseRate":0.00055593558305072},"huf":{"code":"HUF","alphaCode":"HUF","numericCode":"348","name":"Hungarian Forint","rate":351.49628412973,"date":"Sun, 27 Jun 2021 23:55:01 GMT","inverseRate":0.0028449802889834},"ngn":{"code":"NGN","alphaCode":"NGN","numericCode":"566","name":"Nigerian Naira","rate":489.6689536948,"date":"Sun, 27 Jun 2021 23:55:01 GMT","inverseRate":0.0020421960437853},"irr":{"code":"IRR","alphaCode":"IRR","numericCode":"364","name":"Iranian rial","rate":50045.951303412,"date":"Sun, 27 Jun 2021 23:55:01 GMT","inverseRate":1.9981636355304e-5},"ves":{"code":"VES","alphaCode":"VES","numericCode":"928","name":"Venezuelan Bolivar","rate":3789272.8599659,"date":"Sun, 27 Jun 2021 23:55:01 GMT","inverseRate":2.639028744974e-7},"sbd":{"code":"SBD","alphaCode":"SBD","numericCode":"090","name":"Solomon Islands dollar","rate":9.7118989949591,"date":"Sun, 27 Jun 2021 23:55:01 GMT","inverseRate":0.10296647447827},"mwk":{"code":"MWK","alphaCode":"MWK","numericCode":"454","name":"Malawian kwacha","rate":959.41163901266,"date":"Sun, 27 Jun 2021 23:55:01 GMT","inverseRate":0.001042305470704},"gtq":{"code":"GTQ","alphaCode":"GTQ","numericCode":"320","name":"Guatemalan Quetzal","rate":9.2119197208569,"date":"Sun, 27 Jun 2021 23:55:01 GMT","inverseRate":0.10855500593822},"sek":{"code":"SEK","alphaCode":"SEK","numericCode":"752","name":"Swedish Krona","rate":10.113488602552,"date":"Sun, 27 Jun 2021 23:55:01 GMT","inverseRate":0.098877849108139},"npr":{"code":"NPR","alphaCode":"NPR","numericCode":"524","name":"Nepalese Rupee","rate":141.64258841267,"date":"Sun, 27 Jun 2021 23:55:01 GMT","inverseRate":0.0070600234802723},"isk":{"code":"ISK","alphaCode":"ISK","numericCode":"352","name":"Icelandic Krona","rate":147.00369805092,"date":"Sun, 27 Jun 2021 23:55:01 GMT","inverseRate":0.0068025499579855},"gip":{"code":"GIP","alphaCode":"GIP","numericCode":"292","name":"Gibraltar pound","rate":0.85502627518312,"date":"Sun, 27 Jun 2021 23:55:01 GMT","inverseRate":1.1695547014457},"gel":{"code":"GEL","alphaCode":"GEL","numericCode":"981","name":"Georgian lari","rate":3.8691346779493,"date":"Sun, 27 Jun 2021 23:55:01 GMT","inverseRate":0.25845572285171},"mkd":{"code":"MKD","alphaCode":"MKD","numericCode":"807","name":"Macedonian denar","rate":61.68752501244,"date":"Sun, 27 Jun 2021 23:55:01 GMT","inverseRate":0.016210733042027},"bif":{"code":"BIF","alphaCode":"BIF","numericCode":"108","name":"Burundian franc","rate":2357.1535302454,"date":"Sun, 27 Jun 2021 23:55:01 GMT","inverseRate":0.00042424050328868},"mmk":{"code":"MMK","alphaCode":"MMK","numericCode":"104","name":"Myanma Kyat","rate":1960.5368275476,"date":"Sun, 27 Jun 2021 23:55:01 GMT","inverseRate":0.0005100643792807},"mvr":{"code":"MVR","alphaCode":"MVR","numericCode":"462","name":"Maldivian rufiyaa","rate":18.412554934093,"date":"Sun, 27 Jun 2021 23:55:01 GMT","inverseRate":0.054310768037323},"kes":{"code":"KES","alphaCode":"KES","numericCode":"404","name":"Kenyan shilling","rate":128.32929316864,"date":"Sun, 27 Jun 2021 23:55:01 GMT","inverseRate":0.0077924531126801},"aed":{"code":"AED","alphaCode":"AED","numericCode":"784","name":"U.A.E Dirham","rate":4.3791265674358,"date":"Sun, 27 Jun 2021 23:55:01 GMT","inverseRate":0.22835603963499},"php":{"code":"PHP","alphaCode":"PHP","numericCode":"608","name":"Philippine Peso","rate":57.937142449393,"date":"Sun, 27 Jun 2021 23:55:01 GMT","inverseRate":0.017260084942461},"ils":{"code":"ILS","alphaCode":"ILS","numericCode":"376","name":"Israeli New Sheqel","rate":3.8791818843526,"date":"Sun, 27 Jun 2021 23:55:01 GMT","inverseRate":0.25778631417972},"mro":{"code":"MRO","alphaCode":"MRO","numericCode":"478","name":"Mauritanian Ouguiya","rate":43.253978560083,"date":"Sun, 27 Jun 2021 23:55:01 GMT","inverseRate":0.023119260546424},"cop":{"code":"COP","alphaCode":"COP","numericCode":"170","name":"Colombian Peso","rate":4491.2944922294,"date":"Sun, 27 Jun 2021 23:55:01 GMT","inverseRate":0.00022265295712186},"bzd":{"code":"BZD","alphaCode":"BZD","numericCode":"084","name":"Belize dollar","rate":2.4008277624106,"date":"Sun, 27 Jun 2021 23:55:01 GMT","inverseRate":0.41652300746303},"gnf":{"code":"GNF","alphaCode":"GNF","numericCode":"324","name":"Guinean franc","rate":11681.95519005,"date":"Sun, 27 Jun 2021 23:55:01 GMT","inverseRate":8.5602108870586e-5},"sll":{"code":"SLL","alphaCode":"SLL","numericCode":"694","name":"Sierra Leonean leone","rate":12220.148247586,"date":"Sun, 27 Jun 2021 23:55:01 GMT","inverseRate":8.1832067806338e-5},"ugx":{"code":"UGX","alphaCode":"UGX","numericCode":"800","name":"Ugandan shilling","rate":4258.011995618,"date":"Sun, 27 Jun 2021 23:55:01 GMT","inverseRate":0.00023485138159055},"cny":{"code":"CNY","alphaCode":"CNY","numericCode":"156","name":"Chinese Yuan","rate":7.7115094829405,"date":"Sun, 27 Jun 2021 23:55:01 GMT","inverseRate":0.12967629777441},"sar":{"code":"SAR","alphaCode":"SAR","numericCode":"682","name":"Saudi Riyal","rate":4.4793630276201,"date":"Sun, 27 Jun 2021 23:55:01 GMT","inverseRate":0.22324602713241},"myr":{"code":"MYR","alphaCode":"MYR","numericCode":"458","name":"Malaysian Ringgit","rate":4.9498272820656,"date":"Sun, 27 Jun 2021 23:55:01 GMT","inverseRate":0.20202725125849},"kzt":{"code":"KZT","alphaCode":"KZT","numericCode":"398","name":"Kazakhstani Tenge","rate":509.1849517375,"date":"Sun, 27 Jun 2021 23:55:01 GMT","inverseRate":0.0019639229254275},"bob":{"code":"BOB","alphaCode":"BOB","numericCode":"068","name":"Bolivian Boliviano","rate":8.2092551327929,"date":"Sun, 27 Jun 2021 23:55:01 GMT","inverseRate":0.12181373143166},"gyd":{"code":"GYD","alphaCode":"GYD","numericCode":"328","name":"Guyanese dollar","rate":248.75791379486,"date":"Sun, 27 Jun 2021 23:55:01 GMT","inverseRate":0.0040199726100962},"rwf":{"code":"RWF","alphaCode":"RWF","numericCode":"646","name":"Rwandan franc","rate":1197.6718999626,"date":"Sun, 27 Jun 2021 23:55:01 GMT","inverseRate":0.00083495321217037},"mzn":{"code":"MZN","alphaCode":"MZN","numericCode":"943","name":"Mozambican metical","rate":75.9130421441,"date":"Sun, 27 Jun 2021 23:55:01 GMT","inverseRate":0.013172967012727},"vuv":{"code":"VUV","alphaCode":"VUV","numericCode":"548","name":"Vanuatu vatu","rate":130.85417014972,"date":"Sun, 27 Jun 2021 23:55:01 GMT","inverseRate":0.0076420950043534},"idr":{"code":"IDR","alphaCode":"IDR","numericCode":"360","name":"Indonesian Rupiah","rate":17249.921822943,"date":"Sun, 27 Jun 2021 23:55:01 GMT","inverseRate":5.7971277218774e-5},"tnd":{"code":"TND","alphaCode":"TND","numericCode":"788","name":"Tunisian Dinar","rate":3.2665339837672,"date":"Sun, 27 Jun 2021 23:55:01 GMT","inverseRate":0.3061348833257},"xof":{"code":"XOF","alphaCode":"XOF","numericCode":"952","name":"West African CFA Franc","rate":656.58930517031,"date":"Sun, 27 Jun 2021 23:55:01 GMT","inverseRate":0.0015230220658873},"tjs":{"code":"TJS","alphaCode":"TJS","numericCode":"972","name":"Tajikistan Ruble","rate":13.506645313201,"date":"Sun, 27 Jun 2021 23:55:01 GMT","inverseRate":0.07403762938993},"afn":{"code":"AFN","alphaCode":"AFN","numericCode":"971","name":"Afghan afghani","rate":94.209316048795,"date":"Sun, 27 Jun 2021 23:55:01 GMT","inverseRate":0.010614661499952},"nad":{"code":"NAD","alphaCode":"NAD","numericCode":"516","name":"Namibian dollar","rate":16.932912892826,"date":"Sun, 27 Jun 2021 23:55:01 GMT","inverseRate":0.059056584435846},"syp":{"code":"SYP","alphaCode":"SYP","numericCode":"760","name":"Syrian pound","rate":3006.1564689063,"date":"Sun, 27 Jun 2021 23:55:01 GMT","inverseRate":0.00033265068213959},"top":{"code":"TOP","alphaCode":"TOP","numericCode":"776","name":"Tongan pa\u02bbanga","rate":2.6386767530924,"date":"Sun, 27 Jun 2021 23:55:01 GMT","inverseRate":0.37897783380555},"kwd":{"code":"KWD","alphaCode":"KWD","numericCode":"414","name":"Kuwaiti Dinar","rate":0.35926749572818,"date":"Sun, 27 Jun 2021 23:55:01 GMT","inverseRate":2.7834413407568},"czk":{"code":"CZK","alphaCode":"CZK","numericCode":"203","name":"Czech Koruna","rate":25.475804387945,"date":"Sun, 27 Jun 2021 23:55:01 GMT","inverseRate":0.039252931321501},"pgk":{"code":"PGK","alphaCode":"PGK","numericCode":"598","name":"Papua New Guinean kina","rate":4.1923313097449,"date":"Sun, 27 Jun 2021 23:55:01 GMT","inverseRate":0.23853076632458},"uah":{"code":"UAH","alphaCode":"UAH","numericCode":"980","name":"Ukrainian Hryvnia","rate":32.724368021413,"date":"Sun, 27 Jun 2021 23:55:01 GMT","inverseRate":0.030558267751593},"etb":{"code":"ETB","alphaCode":"ETB","numericCode":"230","name":"Ethiopian birr","rate":52.129880963691,"date":"Sun, 27 Jun 2021 23:55:01 GMT","inverseRate":0.019182856003383},"xcd":{"code":"XCD","alphaCode":"XCD","numericCode":"951","name":"East Caribbean Dollar","rate":3.2273366041795,"date":"Sun, 27 Jun 2021 23:55:01 GMT","inverseRate":0.30985302205694},"lak":{"code":"LAK","alphaCode":"LAK","numericCode":"418","name":"Lao kip","rate":11301.34010867,"date":"Sun, 27 Jun 2021 23:55:01 GMT","inverseRate":8.8485081449129e-5},"bwp":{"code":"BWP","alphaCode":"BWP","numericCode":"072","name":"Botswana Pula","rate":12.946410288142,"date":"Sun, 27 Jun 2021 23:55:01 GMT","inverseRate":0.077241488392807},"nok":{"code":"NOK","alphaCode":"NOK","numericCode":"578","name":"Norwegian Krone","rate":10.134550822229,"date":"Sun, 27 Jun 2021 23:55:01 GMT","inverseRate":0.098672355345696},"mad":{"code":"MAD","alphaCode":"MAD","numericCode":"504","name":"Moroccan Dirham","rate":10.551955548853,"date":"Sun, 27 Jun 2021 23:55:01 GMT","inverseRate":0.094769163438021},"ron":{"code":"RON","alphaCode":"RON","numericCode":"946","name":"Romanian New Leu","rate":4.9248466448829,"date":"Sun, 27 Jun 2021 23:55:01 GMT","inverseRate":0.20305200793187},"byn":{"code":"BYN","alphaCode":"BYN","numericCode":"933","name":"Belarussian Ruble","rate":3.0176675985998,"date":"Sun, 27 Jun 2021 23:55:01 GMT","inverseRate":0.33138176002685},"rsd":{"code":"RSD","alphaCode":"RSD","numericCode":"941","name":"Serbian Dinar","rate":115.29664523386,"date":"Sun, 27 Jun 2021 23:55:01 GMT","inverseRate":0.0086732792439165},"gmd":{"code":"GMD","alphaCode":"GMD","numericCode":"270","name":"Gambian dalasi","rate":61.855071376676,"date":"Sun, 27 Jun 2021 23:55:01 GMT","inverseRate":0.016166823151983},"awg":{"code":"AWG","alphaCode":"AWG","numericCode":"533","name":"Aruban florin","rate":2.1558781331801,"date":"Sun, 27 Jun 2021 23:55:01 GMT","inverseRate":0.46384811117543},"aoa":{"code":"AOA","alphaCode":"AOA","numericCode":"973","name":"Angolan kwanza","rate":777.45425919992,"date":"Sun, 27 Jun 2021 23:55:01 GMT","inverseRate":0.001286249304273},"khr":{"code":"KHR","alphaCode":"KHR","numericCode":"116","name":"Cambodian riel","rate":4853.8586688479,"date":"Sun, 27 Jun 2021 23:55:01 GMT","inverseRate":0.0002060216558051},"scr":{"code":"SCR","alphaCode":"SCR","numericCode":"690","name":"Seychelles rupee","rate":17.851285444812,"date":"Sun, 27 Jun 2021 23:55:01 GMT","inverseRate":0.056018374872304},"bhd":{"code":"BHD","alphaCode":"BHD","numericCode":"048","name":"Bahrain Dinar","rate":0.44953531068301,"date":"Sun, 27 Jun 2021 23:55:01 GMT","inverseRate":2.2245193564008},"omr":{"code":"OMR","alphaCode":"OMR","numericCode":"512","name":"Omani Rial","rate":0.45944546854566,"date":"Sun, 27 Jun 2021 23:55:01 GMT","inverseRate":2.176536865551},"rub":{"code":"RUB","alphaCode":"RUB","numericCode":"643","name":"Russian Rouble","rate":86.204981498596,"date":"Sun, 27 Jun 2021 23:55:01 GMT","inverseRate":0.011600257695273},"lyd":{"code":"LYD","alphaCode":"LYD","numericCode":"434","name":"Libyan Dinar","rate":5.3165527353212,"date":"Sun, 27 Jun 2021 23:55:01 GMT","inverseRate":0.18809180493149},"clp":{"code":"CLP","alphaCode":"CLP","numericCode":"152","name":"Chilean Peso","rate":876.59323406545,"date":"Sun, 27 Jun 2021 23:55:01 GMT","inverseRate":0.0011407799662818},"bsd":{"code":"BSD","alphaCode":"BSD","numericCode":"044","name":"Bahamian Dollar","rate":1.1904627233115,"date":"Sun, 27 Jun 2021 23:55:01 GMT","inverseRate":0.84000950253887},"djf":{"code":"DJF","alphaCode":"DJF","numericCode":"262","name":"Djiboutian franc","rate":212.02965643294,"date":"Sun, 27 Jun 2021 23:55:01 GMT","inverseRate":0.004716321371375},"hnl":{"code":"HNL","alphaCode":"HNL","numericCode":"340","name":"Honduran Lempira","rate":28.539460147845,"date":"Sun, 27 Jun 2021 23:55:01 GMT","inverseRate":0.035039205185369},"tzs":{"code":"TZS","alphaCode":"TZS","numericCode":"834","name":"Tanzanian shilling","rate":2761.3194754192,"date":"Sun, 27 Jun 2021 23:55:01 GMT","inverseRate":0.00036214570928929},"bbd":{"code":"BBD","alphaCode":"BBD","numericCode":"052","name":"Barbadian Dollar","rate":2.3904922697005,"date":"Sun, 27 Jun 2021 23:55:01 GMT","inverseRate":0.41832387942644},"bdt":{"code":"BDT","alphaCode":"BDT","numericCode":"050","name":"Bangladeshi taka","rate":101.05596103405,"date":"Sun, 27 Jun 2021 23:55:01 GMT","inverseRate":0.0098955072988028},"qar":{"code":"QAR","alphaCode":"QAR","numericCode":"634","name":"Qatari Rial","rate":4.3693808756432,"date":"Sun, 27 Jun 2021 23:55:01 GMT","inverseRate":0.22886537668859},"mxn":{"code":"MXN","alphaCode":"MXN","numericCode":"484","name":"Mexican Peso","rate":23.646305956537,"date":"Sun, 27 Jun 2021 23:55:01 GMT","inverseRate":0.042289903625456},"amd":{"code":"AMD","alphaCode":"AMD","numericCode":"051","name":"Armenia Dram","rate":618.37370866365,"date":"Sun, 27 Jun 2021 23:55:01 GMT","inverseRate":0.0016171450790834},"uyu":{"code":"UYU","alphaCode":"UYU","numericCode":"858","name":"Uruguayan Peso","rate":51.989745445989,"date":"Sun, 27 Jun 2021 23:55:01 GMT","inverseRate":0.019234562343431},"fjd":{"code":"FJD","alphaCode":"FJD","numericCode":"242","name":"Fiji Dollar","rate":2.4566792173029,"date":"Sun, 27 Jun 2021 23:55:01 GMT","inverseRate":0.40705355137813},"cdf":{"code":"CDF","alphaCode":"CDF","numericCode":"976","name":"Congolese franc","rate":2368.2955374787,"date":"Sun, 27 Jun 2021 23:55:01 GMT","inverseRate":0.00042224459919584},"lsl":{"code":"LSL","alphaCode":"LSL","numericCode":"426","name":"Lesotho loti","rate":16.939273866865,"date":"Sun, 27 Jun 2021 23:55:01 GMT","inverseRate":0.059034407723704},"mnt":{"code":"MNT","alphaCode":"MNT","numericCode":"496","name":"Mongolian togrog","rate":3395.5080597586,"date":"Sun, 27 Jun 2021 23:55:01 GMT","inverseRate":0.00029450673725425},"brl":{"code":"BRL","alphaCode":"BRL","numericCode":"986","name":"Brazilian Real","rate":5.9699124767584,"date":"Sun, 27 Jun 2021 23:55:01 GMT","inverseRate":0.16750664333742},"hkd":{"code":"HKD","alphaCode":"HKD","numericCode":"344","name":"Hong Kong Dollar","rate":9.2714810883092,"date":"Sun, 27 Jun 2021 23:55:01 GMT","inverseRate":0.10785763250501},"thb":{"code":"THB","alphaCode":"THB","numericCode":"764","name":"Thai Baht","rate":37.749499101542,"date":"Sun, 27 Jun 2021 23:55:01 GMT","inverseRate":0.026490417722103},"xaf":{"code":"XAF","alphaCode":"XAF","numericCode":"950","name":"Central African CFA Franc","rate":657.14594877008,"date":"Sun, 27 Jun 2021 23:55:01 GMT","inverseRate":0.0015217319712183},"mdl":{"code":"MDL","alphaCode":"MDL","numericCode":"498","name":"Moldova Lei","rate":21.490675937606,"date":"Sun, 27 Jun 2021 23:55:01 GMT","inverseRate":0.046531807696664},"nio":{"code":"NIO","alphaCode":"NIO","numericCode":"558","name":"Nicaraguan C\u00f3rdoba","rate":41.778718751204,"date":"Sun, 27 Jun 2021 23:55:01 GMT","inverseRate":0.023935631103363},"lrd":{"code":"LRD","alphaCode":"LRD","numericCode":"430","name":"Liberian dollar","rate":204.03776938279,"date":"Sun, 27 Jun 2021 23:55:01 GMT","inverseRate":0.004901053383523},"sdg":{"code":"SDG","alphaCode":"SDG","numericCode":"938","name":"Sudanese pound","rate":524.3296166697,"date":"Sun, 27 Jun 2021 23:55:01 GMT","inverseRate":0.0019071972442669},"mru":{"code":"MRU","alphaCode":"MRU","numericCode":"929","name":"Mauritanian ouguiya","rate":43.027048696178,"date":"Sun, 27 Jun 2021 23:55:01 GMT","inverseRate":0.023241194325486},"dkk":{"code":"DKK","alphaCode":"DKK","numericCode":"208","name":"Danish Krone","rate":7.4348464220349,"date":"Sun, 27 Jun 2021 23:55:01 GMT","inverseRate":0.13450176953706},"jod":{"code":"JOD","alphaCode":"JOD","numericCode":"400","name":"Jordanian Dinar","rate":0.84631176590202,"date":"Sun, 27 Jun 2021 23:55:01 GMT","inverseRate":1.1815976573765},"bgn":{"code":"BGN","alphaCode":"BGN","numericCode":"975","name":"Bulgarian Lev","rate":1.9554467309433,"date":"Sun, 27 Jun 2021 23:55:01 GMT","inverseRate":0.51139209479647},"vnd":{"code":"VND","alphaCode":"VND","numericCode":"704","name":"Vietnamese Dong","rate":27475.063924647,"date":"Sun, 27 Jun 2021 23:55:01 GMT","inverseRate":3.6396639612654e-5},"uzs":{"code":"UZS","alphaCode":"UZS","numericCode":"860","name":"Uzbekistan Sum","rate":12594.002759622,"date":"Sun, 27 Jun 2021 23:55:01 GMT","inverseRate":7.9402872866294e-5},"pab":{"code":"PAB","alphaCode":"PAB","numericCode":"590","name":"Panamanian Balboa","rate":1.1904627233115,"date":"Sun, 27 Jun 2021 23:55:01 GMT","inverseRate":0.84000950253887},"ttd":{"code":"TTD","alphaCode":"TTD","numericCode":"780","name":"Trinidad Tobago Dollar","rate":8.0955739737152,"date":"Sun, 27 Jun 2021 23:55:01 GMT","inverseRate":0.1235242866345},"htg":{"code":"HTG","alphaCode":"HTG","numericCode":"332","name":"Haitian gourde","rate":111.89167998411,"date":"Sun, 27 Jun 2021 23:55:01 GMT","inverseRate":0.0089372149934833},"cup":{"code":"CUP","alphaCode":"CUP","numericCode":"192","name":"Cuban peso","rate":1.1904627233115,"date":"Sun, 27 Jun 2021 23:55:01 GMT","inverseRate":0.84000950253887}}