{"usd":{"code":"USD","alphaCode":"USD","numericCode":"840","name":"U.S. Dollar","rate":1.3906610719659,"date":"Sun, 27 Jun 2021 23:55:01 GMT","inverseRate":0.71908247103398},"eur":{"code":"EUR","alphaCode":"EUR","numericCode":"978","name":"Euro","rate":1.164190117816,"date":"Sun, 27 Jun 2021 23:55:01 GMT","inverseRate":0.85896623300322},"jpy":{"code":"JPY","alphaCode":"JPY","numericCode":"392","name":"Japanese Yen","rate":153.99185241681,"date":"Sun, 27 Jun 2021 23:55:01 GMT","inverseRate":0.0064938500596336},"aud":{"code":"AUD","alphaCode":"AUD","numericCode":"036","name":"Australian Dollar","rate":1.8305476336384,"date":"Sun, 27 Jun 2021 23:55:01 GMT","inverseRate":0.54628460992976},"chf":{"code":"CHF","alphaCode":"CHF","numericCode":"756","name":"Swiss Franc","rate":1.2752566912887,"date":"Sun, 27 Jun 2021 23:55:01 GMT","inverseRate":0.78415585413592},"cad":{"code":"CAD","alphaCode":"CAD","numericCode":"124","name":"Canadian Dollar","rate":1.7105052055557,"date":"Sun, 27 Jun 2021 23:55:01 GMT","inverseRate":0.58462259965769},"lkr":{"code":"LKR","alphaCode":"LKR","numericCode":"144","name":"Sri Lanka Rupee","rate":276.32611231317,"date":"Sun, 27 Jun 2021 23:55:01 GMT","inverseRate":0.0036189124206497},"pln":{"code":"PLN","alphaCode":"PLN","numericCode":"985","name":"Polish Zloty","rate":5.2508329293853,"date":"Sun, 27 Jun 2021 23:55:01 GMT","inverseRate":0.19044597560964},"pen":{"code":"PEN","alphaCode":"PEN","numericCode":"604","name":"Peruvian Nuevo Sol","rate":5.5351107536147,"date":"Sun, 27 Jun 2021 23:55:01 GMT","inverseRate":0.18066485830423},"iqd":{"code":"IQD","alphaCode":"IQD","numericCode":"368","name":"Iraqi dinar","rate":2024.9498638603,"date":"Sun, 27 Jun 2021 23:55:01 GMT","inverseRate":0.00049383938725951},"svc":{"code":"SVC","alphaCode":"SVC","numericCode":"222","name":"Salvadoran colon","rate":12.137818452171,"date":"Sun, 27 Jun 2021 23:55:01 GMT","inverseRate":0.082387127797343},"cve":{"code":"CVE","alphaCode":"CVE","numericCode":"132","name":"Cape Verde escudo","rate":129.61991310035,"date":"Sun, 27 Jun 2021 23:55:01 GMT","inverseRate":0.0077148639902716},"zmw":{"code":"ZMW","alphaCode":"ZMW","numericCode":"967","name":"Zambian kwacha","rate":31.322234370908,"date":"Sun, 27 Jun 2021 23:55:01 GMT","inverseRate":0.031926202586901},"yer":{"code":"YER","alphaCode":"YER","numericCode":"886","name":"Yemeni rial","rate":348.7183792058,"date":"Sun, 27 Jun 2021 23:55:01 GMT","inverseRate":0.0028676435187543},"dop":{"code":"DOP","alphaCode":"DOP","numericCode":"214","name":"Dominican Peso","rate":78.953377918467,"date":"Sun, 27 Jun 2021 23:55:01 GMT","inverseRate":0.012665702549581},"nzd":{"code":"NZD","alphaCode":"NZD","numericCode":"554","name":"New Zealand Dollar","rate":1.9647762010928,"date":"Sun, 27 Jun 2021 23:55:01 GMT","inverseRate":0.5089638196166},"hrk":{"code":"HRK","alphaCode":"HRK","numericCode":"191","name":"Croatian Kuna","rate":8.7257365452417,"date":"Sun, 27 Jun 2021 23:55:01 GMT","inverseRate":0.11460350594075},"dzd":{"code":"DZD","alphaCode":"DZD","numericCode":"012","name":"Algerian Dinar","rate":185.1871561542,"date":"Sun, 27 Jun 2021 23:55:01 GMT","inverseRate":0.0053999425271551},"ars":{"code":"ARS","alphaCode":"ARS","numericCode":"032","name":"Argentine Peso","rate":132.59633358934,"date":"Sun, 27 Jun 2021 23:55:01 GMT","inverseRate":0.0075416866585245},"stn":{"code":"STN","alphaCode":"STN","numericCode":"930","name":"S\u00e3o Tom\u00e9 and Pr\u00edncipe Dobra","rate":28.796524852244,"date":"Sun, 27 Jun 2021 23:55:01 GMT","inverseRate":0.034726412479667},"xpf":{"code":"XPF","alphaCode":"XPF","numericCode":"953","name":"CFP Franc","rate":138.72067438005,"date":"Sun, 27 Jun 2021 23:55:01 GMT","inverseRate":0.0072087308144159},"all":{"code":"ALL","alphaCode":"ALL","numericCode":"008","name":"Albanian lek","rate":142.42400717774,"date":"Sun, 27 Jun 2021 23:55:01 GMT","inverseRate":0.0070212881930224},"mur":{"code":"MUR","alphaCode":"MUR","numericCode":"480","name":"Mauritian Rupee","rate":56.937163563604,"date":"Sun, 27 Jun 2021 23:55:01 GMT","inverseRate":0.017563221232173},"sos":{"code":"SOS","alphaCode":"SOS","numericCode":"706","name":"Somali shilling","rate":802.0789122329,"date":"Sun, 27 Jun 2021 23:55:01 GMT","inverseRate":0.0012467601189216},"ang":{"code":"ANG","alphaCode":"ANG","numericCode":"532","name":"Neth. Antillean Guilder","rate":2.4731617779205,"date":"Sun, 27 Jun 2021 23:55:01 GMT","inverseRate":0.40434071435505},"pkr":{"code":"PKR","alphaCode":"PKR","numericCode":"586","name":"Pakistani Rupee","rate":215.0645790555,"date":"Sun, 27 Jun 2021 23:55:01 GMT","inverseRate":0.0046497661511334},"krw":{"code":"KRW","alphaCode":"KRW","numericCode":"410","name":"South Korean Won","rate":1567.5572109788,"date":"Sun, 27 Jun 2021 23:55:01 GMT","inverseRate":0.00063793524918657},"azn":{"code":"AZN","alphaCode":"AZN","numericCode":"944","name":"Azerbaijan Manat","rate":2.357294929697,"date":"Sun, 27 Jun 2021 23:55:01 GMT","inverseRate":0.42421505574126},"pyg":{"code":"PYG","alphaCode":"PYG","numericCode":"600","name":"Paraguayan Guaran\u00ed","rate":9426.688535369,"date":"Sun, 27 Jun 2021 23:55:01 GMT","inverseRate":0.00010608179067845},"bnd":{"code":"BND","alphaCode":"BND","numericCode":"096","name":"Brunei Dollar","rate":1.8663276736932,"date":"Sun, 27 Jun 2021 23:55:01 GMT","inverseRate":0.53581159090951},"kmf":{"code":"KMF","alphaCode":"KMF","numericCode":"174","name":"\tComoro franc","rate":574.73248090258,"date":"Sun, 27 Jun 2021 23:55:01 GMT","inverseRate":0.0017399399428923},"szl":{"code":"SZL","alphaCode":"SZL","numericCode":"748","name":"Swazi lilangeni","rate":19.713129855667,"date":"Sun, 27 Jun 2021 23:55:01 GMT","inverseRate":0.050727611866895},"wst":{"code":"WST","alphaCode":"WST","numericCode":"882","name":"Samoan tala","rate":3.5248818106252,"date":"Sun, 27 Jun 2021 23:55:01 GMT","inverseRate":0.28369745532621},"egp":{"code":"EGP","alphaCode":"EGP","numericCode":"818","name":"Egyptian Pound","rate":21.801170650138,"date":"Sun, 27 Jun 2021 23:55:01 GMT","inverseRate":0.045869096483296},"sgd":{"code":"SGD","alphaCode":"SGD","numericCode":"702","name":"Singapore Dollar","rate":1.8660348725555,"date":"Sun, 27 Jun 2021 23:55:01 GMT","inverseRate":0.53589566556734},"zar":{"code":"ZAR","alphaCode":"ZAR","numericCode":"710","name":"South African Rand","rate":19.605080927929,"date":"Sun, 27 Jun 2021 23:55:01 GMT","inverseRate":0.051007185518701},"kgs":{"code":"KGS","alphaCode":"KGS","numericCode":"417","name":"Kyrgyzstan Som","rate":116.23156766106,"date":"Sun, 27 Jun 2021 23:55:01 GMT","inverseRate":0.0086035146916034},"crc":{"code":"CRC","alphaCode":"CRC","numericCode":"188","name":"Costa Rican Col\u00f3n","rate":858.92320446428,"date":"Sun, 27 Jun 2021 23:55:01 GMT","inverseRate":0.0011642484389786},"jmd":{"code":"JMD","alphaCode":"JMD","numericCode":"388","name":"Jamaican Dollar","rate":207.49432729503,"date":"Sun, 27 Jun 2021 23:55:01 GMT","inverseRate":0.0048194088630585},"ssp":{"code":"SSP","alphaCode":"SSP","numericCode":"728","name":"South Sudanese pound","rate":246.62249744265,"date":"Sun, 27 Jun 2021 23:55:01 GMT","inverseRate":0.0040547801209115},"ern":{"code":"ERN","alphaCode":"ERN","numericCode":"232","name":"Eritrean nakfa","rate":20.906437596831,"date":"Sun, 27 Jun 2021 23:55:01 GMT","inverseRate":0.047832156739682},"bam":{"code":"BAM","alphaCode":"BAM","numericCode":"977","name":"Bosnia and Herzegovina convertible mark","rate":2.2957128090979,"date":"Sun, 27 Jun 2021 23:55:01 GMT","inverseRate":0.43559455522354},"inr":{"code":"INR","alphaCode":"INR","numericCode":"356","name":"Indian Rupee","rate":103.16955706082,"date":"Sun, 27 Jun 2021 23:55:01 GMT","inverseRate":0.0096927817516024},"try":{"code":"TRY","alphaCode":"TRY","numericCode":"949","name":"Turkish Lira","rate":12.11424116249,"date":"Sun, 27 Jun 2021 23:55:01 GMT","inverseRate":0.082547473389943},"twd":{"code":"TWD","alphaCode":"TWD","numericCode":"901","name":"New Taiwan Dollar ","rate":38.797174627292,"date":"Sun, 27 Jun 2021 23:55:01 GMT","inverseRate":0.02577507278833},"tmt":{"code":"TMT","alphaCode":"TMT","numericCode":"934","name":"New Turkmenistan Manat","rate":4.8547449932053,"date":"Sun, 27 Jun 2021 23:55:01 GMT","inverseRate":0.20598404270453},"mga":{"code":"MGA","alphaCode":"MGA","numericCode":"969","name":"Malagasy ariary","rate":5249.6064805642,"date":"Sun, 27 Jun 2021 23:55:01 GMT","inverseRate":0.00019049046889559},"srd":{"code":"SRD","alphaCode":"SRD","numericCode":"968","name":"Surinamese dollar","rate":28.859848711183,"date":"Sun, 27 Jun 2021 23:55:01 GMT","inverseRate":0.034650216292108},"ghs":{"code":"GHS","alphaCode":"GHS","numericCode":"936","name":"Ghanaian Cedi","rate":8.0837796128184,"date":"Sun, 27 Jun 2021 23:55:01 GMT","inverseRate":0.12370451050079},"mop":{"code":"MOP","alphaCode":"MOP","numericCode":"446","name":"Macanese pataca","rate":11.098533785548,"date":"Sun, 27 Jun 2021 23:55:01 GMT","inverseRate":0.090101991787615},"lbp":{"code":"LBP","alphaCode":"LBP","numericCode":"422","name":"Lebanese Pound","rate":2094.1097373683,"date":"Sun, 27 Jun 2021 23:55:01 GMT","inverseRate":0.00047752989356552},"huf":{"code":"HUF","alphaCode":"HUF","numericCode":"348","name":"Hungarian Forint","rate":409.20850043289,"date":"Sun, 27 Jun 2021 23:55:01 GMT","inverseRate":0.0024437420017965},"ngn":{"code":"NGN","alphaCode":"NGN","numericCode":"566","name":"Nigerian Naira","rate":570.0677568928,"date":"Sun, 27 Jun 2021 23:55:01 GMT","inverseRate":0.0017541774427843},"irr":{"code":"IRR","alphaCode":"IRR","numericCode":"364","name":"Iranian rial","rate":58263.001944133,"date":"Sun, 27 Jun 2021 23:55:01 GMT","inverseRate":1.7163550909355e-5},"ves":{"code":"VES","alphaCode":"VES","numericCode":"928","name":"Venezuelan Bolivar","rate":4411434.0172808,"date":"Sun, 27 Jun 2021 23:55:01 GMT","inverseRate":2.2668365798576e-7},"sbd":{"code":"SBD","alphaCode":"SBD","numericCode":"090","name":"Solomon Islands dollar","rate":11.306496835159,"date":"Sun, 27 Jun 2021 23:55:01 GMT","inverseRate":0.088444724708222},"mwk":{"code":"MWK","alphaCode":"MWK","numericCode":"454","name":"Malawian kwacha","rate":1116.9375490562,"date":"Sun, 27 Jun 2021 23:55:01 GMT","inverseRate":0.00089530520380928},"gtq":{"code":"GTQ","alphaCode":"GTQ","numericCode":"320","name":"Guatemalan Quetzal","rate":10.724425905136,"date":"Sun, 27 Jun 2021 23:55:01 GMT","inverseRate":0.093245084524392},"sek":{"code":"SEK","alphaCode":"SEK","numericCode":"752","name":"Swedish Krona","rate":11.774023487736,"date":"Sun, 27 Jun 2021 23:55:01 GMT","inverseRate":0.084932733575879},"npr":{"code":"NPR","alphaCode":"NPR","numericCode":"524","name":"Nepalese Rupee","rate":164.89890169191,"date":"Sun, 27 Jun 2021 23:55:01 GMT","inverseRate":0.0060643217737638},"isk":{"code":"ISK","alphaCode":"ISK","numericCode":"352","name":"Icelandic Krona","rate":171.14025255329,"date":"Sun, 27 Jun 2021 23:55:01 GMT","inverseRate":0.005843160712227},"gip":{"code":"GIP","alphaCode":"GIP","numericCode":"292","name":"Gibraltar pound","rate":0.99541314004123,"date":"Sun, 27 Jun 2021 23:55:01 GMT","inverseRate":1.004607996192},"gel":{"code":"GEL","alphaCode":"GEL","numericCode":"981","name":"Georgian lari","rate":4.5044083565678,"date":"Sun, 27 Jun 2021 23:55:01 GMT","inverseRate":0.22200473865606},"mkd":{"code":"MKD","alphaCode":"MKD","numericCode":"807","name":"Macedonian denar","rate":71.81600701201,"date":"Sun, 27 Jun 2021 23:55:01 GMT","inverseRate":0.013924472295331},"bif":{"code":"BIF","alphaCode":"BIF","numericCode":"108","name":"Burundian franc","rate":2744.1748460868,"date":"Sun, 27 Jun 2021 23:55:01 GMT","inverseRate":0.00036440826699727},"mmk":{"code":"MMK","alphaCode":"MMK","numericCode":"104","name":"Myanma Kyat","rate":2282.4376002452,"date":"Sun, 27 Jun 2021 23:55:01 GMT","inverseRate":0.00043812807845987},"mvr":{"code":"MVR","alphaCode":"MVR","numericCode":"462","name":"Maldivian rufiyaa","rate":21.435714498016,"date":"Sun, 27 Jun 2021 23:55:01 GMT","inverseRate":0.046651115832531},"kes":{"code":"KES","alphaCode":"KES","numericCode":"404","name":"Kenyan shilling","rate":149.39969493324,"date":"Sun, 27 Jun 2021 23:55:01 GMT","inverseRate":0.0066934540960531},"aed":{"code":"AED","alphaCode":"AED","numericCode":"784","name":"U.A.E Dirham","rate":5.0981358744744,"date":"Sun, 27 Jun 2021 23:55:01 GMT","inverseRate":0.1961501271488},"php":{"code":"PHP","alphaCode":"PHP","numericCode":"608","name":"Philippine Peso","rate":67.449848694083,"date":"Sun, 27 Jun 2021 23:55:01 GMT","inverseRate":0.014825830144341},"ils":{"code":"ILS","alphaCode":"ILS","numericCode":"376","name":"Israeli New Sheqel","rate":4.5161052149742,"date":"Sun, 27 Jun 2021 23:55:01 GMT","inverseRate":0.22142973921074},"mro":{"code":"MRO","alphaCode":"MRO","numericCode":"478","name":"Mauritanian Ouguiya","rate":50.355854395875,"date":"Sun, 27 Jun 2021 23:55:01 GMT","inverseRate":0.019858664141382},"cop":{"code":"COP","alphaCode":"COP","numericCode":"170","name":"Colombian Peso","rate":5228.720664055,"date":"Sun, 27 Jun 2021 23:55:01 GMT","inverseRate":0.00019125137184599},"bzd":{"code":"BZD","alphaCode":"BZD","numericCode":"084","name":"Belize dollar","rate":2.7950199555767,"date":"Sun, 27 Jun 2021 23:55:01 GMT","inverseRate":0.3577791986797},"gnf":{"code":"GNF","alphaCode":"GNF","numericCode":"324","name":"Guinean franc","rate":13600.016789026,"date":"Sun, 27 Jun 2021 23:55:01 GMT","inverseRate":7.3529320993699e-5},"sll":{"code":"SLL","alphaCode":"SLL","numericCode":"694","name":"Sierra Leonean leone","rate":14226.575828087,"date":"Sun, 27 Jun 2021 23:55:01 GMT","inverseRate":7.0290983022474e-5},"ugx":{"code":"UGX","alphaCode":"UGX","numericCode":"800","name":"Ugandan shilling","rate":4957.1354868405,"date":"Sun, 27 Jun 2021 23:55:01 GMT","inverseRate":0.00020172940656043},"cny":{"code":"CNY","alphaCode":"CNY","numericCode":"156","name":"Chinese Yuan","rate":8.9776631334838,"date":"Sun, 27 Jun 2021 23:55:01 GMT","inverseRate":0.11138756100909},"sar":{"code":"SAR","alphaCode":"SAR","numericCode":"682","name":"Saudi Riyal","rate":5.2148301708658,"date":"Sun, 27 Jun 2021 23:55:01 GMT","inverseRate":0.19176079895886},"myr":{"code":"MYR","alphaCode":"MYR","numericCode":"458","name":"Malaysian Ringgit","rate":5.7625400066769,"date":"Sun, 27 Jun 2021 23:55:01 GMT","inverseRate":0.1735345869775},"kzt":{"code":"KZT","alphaCode":"KZT","numericCode":"398","name":"Kazakhstani Tenge","rate":592.78808895343,"date":"Sun, 27 Jun 2021 23:55:01 GMT","inverseRate":0.0016869434771632},"bob":{"code":"BOB","alphaCode":"BOB","numericCode":"068","name":"Bolivian Boliviano","rate":9.5571337002279,"date":"Sun, 27 Jun 2021 23:55:01 GMT","inverseRate":0.10463388201592},"gyd":{"code":"GYD","alphaCode":"GYD","numericCode":"328","name":"Guyanese dollar","rate":289.6015049685,"date":"Sun, 27 Jun 2021 23:55:01 GMT","inverseRate":0.0034530207296705},"rwf":{"code":"RWF","alphaCode":"RWF","numericCode":"646","name":"Rwandan franc","rate":1394.3177903224,"date":"Sun, 27 Jun 2021 23:55:01 GMT","inverseRate":0.00071719661539192},"mzn":{"code":"MZN","alphaCode":"MZN","numericCode":"943","name":"Mozambican metical","rate":88.377213477512,"date":"Sun, 27 Jun 2021 23:55:01 GMT","inverseRate":0.011315133852398},"vuv":{"code":"VUV","alphaCode":"VUV","numericCode":"548","name":"Vanuatu vatu","rate":152.33913176332,"date":"Sun, 27 Jun 2021 23:55:01 GMT","inverseRate":0.0065643015581422},"idr":{"code":"IDR","alphaCode":"IDR","numericCode":"360","name":"Indonesian Rupiah","rate":20082.188519369,"date":"Sun, 27 Jun 2021 23:55:01 GMT","inverseRate":4.9795369614996e-5},"tnd":{"code":"TND","alphaCode":"TND","numericCode":"788","name":"Tunisian Dinar","rate":3.8028665834119,"date":"Sun, 27 Jun 2021 23:55:01 GMT","inverseRate":0.26295952752116},"xof":{"code":"XOF","alphaCode":"XOF","numericCode":"952","name":"West African CFA Franc","rate":764.39478054296,"date":"Sun, 27 Jun 2021 23:55:01 GMT","inverseRate":0.001308224526716},"tjs":{"code":"TJS","alphaCode":"TJS","numericCode":"972","name":"Tajikistan Ruble","rate":15.724302998474,"date":"Sun, 27 Jun 2021 23:55:01 GMT","inverseRate":0.063595823617557},"afn":{"code":"AFN","alphaCode":"AFN","numericCode":"971","name":"Afghan afghani","rate":109.67755475021,"date":"Sun, 27 Jun 2021 23:55:01 GMT","inverseRate":0.0091176358032185},"nad":{"code":"NAD","alphaCode":"NAD","numericCode":"516","name":"Namibian dollar","rate":19.713129855667,"date":"Sun, 27 Jun 2021 23:55:01 GMT","inverseRate":0.050727611866895},"syp":{"code":"SYP","alphaCode":"SYP","numericCode":"760","name":"Syrian pound","rate":3499.7376537094,"date":"Sun, 27 Jun 2021 23:55:01 GMT","inverseRate":0.00028573570334339},"top":{"code":"TOP","alphaCode":"TOP","numericCode":"776","name":"Tongan pa\u02bbanga","rate":3.071921400061,"date":"Sun, 27 Jun 2021 23:55:01 GMT","inverseRate":0.32552916229567},"kwd":{"code":"KWD","alphaCode":"KWD","numericCode":"414","name":"Kuwaiti Dinar","rate":0.41825566817926,"date":"Sun, 27 Jun 2021 23:55:01 GMT","inverseRate":2.3908821232553},"czk":{"code":"CZK","alphaCode":"CZK","numericCode":"203","name":"Czech Koruna","rate":29.658679711859,"date":"Sun, 27 Jun 2021 23:55:01 GMT","inverseRate":0.033716942551564},"pgk":{"code":"PGK","alphaCode":"PGK","numericCode":"598","name":"Papua New Guinean kina","rate":4.8806706814157,"date":"Sun, 27 Jun 2021 23:55:01 GMT","inverseRate":0.2048898738052},"uah":{"code":"UAH","alphaCode":"UAH","numericCode":"980","name":"Ukrainian Hryvnia","rate":38.097385862303,"date":"Sun, 27 Jun 2021 23:55:01 GMT","inverseRate":0.02624852013769},"etb":{"code":"ETB","alphaCode":"ETB","numericCode":"230","name":"Ethiopian birr","rate":60.689092260854,"date":"Sun, 27 Jun 2021 23:55:01 GMT","inverseRate":0.01647742555947},"xcd":{"code":"XCD","alphaCode":"XCD","numericCode":"951","name":"East Caribbean Dollar","rate":3.7572333814516,"date":"Sun, 27 Jun 2021 23:55:01 GMT","inverseRate":0.26615328314092},"lak":{"code":"LAK","alphaCode":"LAK","numericCode":"418","name":"Lao kip","rate":13156.908472592,"date":"Sun, 27 Jun 2021 23:55:01 GMT","inverseRate":7.6005697089341e-5},"bwp":{"code":"BWP","alphaCode":"BWP","numericCode":"072","name":"Botswana Pula","rate":15.072082918646,"date":"Sun, 27 Jun 2021 23:55:01 GMT","inverseRate":0.066347830316331},"nok":{"code":"NOK","alphaCode":"NOK","numericCode":"578","name":"Norwegian Krone","rate":11.798543915743,"date":"Sun, 27 Jun 2021 23:55:01 GMT","inverseRate":0.084756221372848},"mad":{"code":"MAD","alphaCode":"MAD","numericCode":"504","name":"Moroccan Dirham","rate":12.284482373609,"date":"Sun, 27 Jun 2021 23:55:01 GMT","inverseRate":0.081403511323224},"ron":{"code":"RON","alphaCode":"RON","numericCode":"946","name":"Romanian New Leu","rate":5.733457795732,"date":"Sun, 27 Jun 2021 23:55:01 GMT","inverseRate":0.17441481835698},"byn":{"code":"BYN","alphaCode":"BYN","numericCode":"933","name":"Belarussian Ruble","rate":3.5131387971435,"date":"Sun, 27 Jun 2021 23:55:01 GMT","inverseRate":0.28464574209624},"rsd":{"code":"RSD","alphaCode":"RSD","numericCode":"941","name":"Serbian Dinar","rate":134.22721499859,"date":"Sun, 27 Jun 2021 23:55:01 GMT","inverseRate":0.007450053999932},"gmd":{"code":"GMD","alphaCode":"GMD","numericCode":"270","name":"Gambian dalasi","rate":72.01106283353,"date":"Sun, 27 Jun 2021 23:55:01 GMT","inverseRate":0.013886755182488},"awg":{"code":"AWG","alphaCode":"AWG","numericCode":"533","name":"Aruban florin","rate":2.5098520178639,"date":"Sun, 27 Jun 2021 23:55:01 GMT","inverseRate":0.39842986474202},"aoa":{"code":"AOA","alphaCode":"AOA","numericCode":"973","name":"Angolan kwanza","rate":905.10456561451,"date":"Sun, 27 Jun 2021 23:55:01 GMT","inverseRate":0.0011048447195944},"khr":{"code":"KHR","alphaCode":"KHR","numericCode":"116","name":"Cambodian riel","rate":5650.8142955483,"date":"Sun, 27 Jun 2021 23:55:01 GMT","inverseRate":0.000176965645604},"scr":{"code":"SCR","alphaCode":"SCR","numericCode":"690","name":"Seychelles rupee","rate":20.782290105163,"date":"Sun, 27 Jun 2021 23:55:01 GMT","inverseRate":0.048117892443025},"bhd":{"code":"BHD","alphaCode":"BHD","numericCode":"048","name":"Bahrain Dinar","rate":0.52334456630651,"date":"Sun, 27 Jun 2021 23:55:01 GMT","inverseRate":1.9107870118104},"omr":{"code":"OMR","alphaCode":"OMR","numericCode":"512","name":"Omani Rial","rate":0.5348818741562,"date":"Sun, 27 Jun 2021 23:55:01 GMT","inverseRate":1.869571672395},"rub":{"code":"RUB","alphaCode":"RUB","numericCode":"643","name":"Russian Rouble","rate":100.35898756718,"date":"Sun, 27 Jun 2021 23:55:01 GMT","inverseRate":0.0099642296543757},"lyd":{"code":"LYD","alphaCode":"LYD","numericCode":"434","name":"Libyan Dinar","rate":6.1894781553087,"date":"Sun, 27 Jun 2021 23:55:01 GMT","inverseRate":0.16156450914078},"clp":{"code":"CLP","alphaCode":"CLP","numericCode":"152","name":"Chilean Peso","rate":1020.5211804434,"date":"Sun, 27 Jun 2021 23:55:01 GMT","inverseRate":0.00097989147032258},"bsd":{"code":"BSD","alphaCode":"BSD","numericCode":"044","name":"Bahamian Dollar","rate":1.3859249381076,"date":"Sun, 27 Jun 2021 23:55:01 GMT","inverseRate":0.72153979808272},"djf":{"code":"DJF","alphaCode":"DJF","numericCode":"262","name":"Djiboutian franc","rate":246.84283070316,"date":"Sun, 27 Jun 2021 23:55:01 GMT","inverseRate":0.0040511608020026},"hnl":{"code":"HNL","alphaCode":"HNL","numericCode":"340","name":"Honduran Lempira","rate":33.225357471925,"date":"Sun, 27 Jun 2021 23:55:01 GMT","inverseRate":0.030097494085504},"tzs":{"code":"TZS","alphaCode":"TZS","numericCode":"834","name":"Tanzanian shilling","rate":3214.7008454159,"date":"Sun, 27 Jun 2021 23:55:01 GMT","inverseRate":0.0003110709357065},"bbd":{"code":"BBD","alphaCode":"BBD","numericCode":"052","name":"Barbadian Dollar","rate":2.7829874771008,"date":"Sun, 27 Jun 2021 23:55:01 GMT","inverseRate":0.35932608688622},"bdt":{"code":"BDT","alphaCode":"BDT","numericCode":"050","name":"Bangladeshi taka","rate":117.64835118224,"date":"Sun, 27 Jun 2021 23:55:01 GMT","inverseRate":0.0084999066281085},"qar":{"code":"QAR","alphaCode":"QAR","numericCode":"634","name":"Qatari Rial","rate":5.0867900363981,"date":"Sun, 27 Jun 2021 23:55:01 GMT","inverseRate":0.19658763047906},"mxn":{"code":"MXN","alphaCode":"MXN","numericCode":"484","name":"Mexican Peso","rate":27.528795717455,"date":"Sun, 27 Jun 2021 23:55:01 GMT","inverseRate":0.036325599211227},"amd":{"code":"AMD","alphaCode":"AMD","numericCode":"051","name":"Armenia Dram","rate":719.90456074346,"date":"Sun, 27 Jun 2021 23:55:01 GMT","inverseRate":0.0013890730168},"uyu":{"code":"UYU","alphaCode":"UYU","numericCode":"858","name":"Uruguayan Peso","rate":60.52594787599,"date":"Sun, 27 Jun 2021 23:55:01 GMT","inverseRate":0.016521839559603},"fjd":{"code":"FJD","alphaCode":"FJD","numericCode":"242","name":"Fiji Dollar","rate":2.860041667428,"date":"Sun, 27 Jun 2021 23:55:01 GMT","inverseRate":0.34964525565786},"cdf":{"code":"CDF","alphaCode":"CDF","numericCode":"976","name":"Congolese franc","rate":2757.1462608005,"date":"Sun, 27 Jun 2021 23:55:01 GMT","inverseRate":0.00036269385277721},"lsl":{"code":"LSL","alphaCode":"LSL","numericCode":"426","name":"Lesotho loti","rate":19.720535238783,"date":"Sun, 27 Jun 2021 23:55:01 GMT","inverseRate":0.050708562820007},"mnt":{"code":"MNT","alphaCode":"MNT","numericCode":"496","name":"Mongolian togrog","rate":3953.0169281356,"date":"Sun, 27 Jun 2021 23:55:01 GMT","inverseRate":0.00025297134269335},"brl":{"code":"BRL","alphaCode":"BRL","numericCode":"986","name":"Brazilian Real","rate":6.9501131096687,"date":"Sun, 27 Jun 2021 23:55:01 GMT","inverseRate":0.14388255043056},"hkd":{"code":"HKD","alphaCode":"HKD","numericCode":"344","name":"Hong Kong Dollar","rate":10.793766660528,"date":"Sun, 27 Jun 2021 23:55:01 GMT","inverseRate":0.092646064293474},"thb":{"code":"THB","alphaCode":"THB","numericCode":"764","name":"Thai Baht","rate":43.94759380652,"date":"Sun, 27 Jun 2021 23:55:01 GMT","inverseRate":0.022754374321437},"xaf":{"code":"XAF","alphaCode":"XAF","numericCode":"950","name":"Central African CFA Franc","rate":765.04281952095,"date":"Sun, 27 Jun 2021 23:55:01 GMT","inverseRate":0.0013071163789579},"mdl":{"code":"MDL","alphaCode":"MDL","numericCode":"498","name":"Moldova Lei","rate":25.019232551747,"date":"Sun, 27 Jun 2021 23:55:01 GMT","inverseRate":0.039969251572034},"nio":{"code":"NIO","alphaCode":"NIO","numericCode":"558","name":"Nicaraguan C\u00f3rdoba","rate":48.638371505167,"date":"Sun, 27 Jun 2021 23:55:01 GMT","inverseRate":0.020559898883411},"lrd":{"code":"LRD","alphaCode":"LRD","numericCode":"430","name":"Liberian dollar","rate":237.53875477667,"date":"Sun, 27 Jun 2021 23:55:01 GMT","inverseRate":0.0042098393625924},"sdg":{"code":"SDG","alphaCode":"SDG","numericCode":"938","name":"Sudanese pound","rate":610.41935820513,"date":"Sun, 27 Jun 2021 23:55:01 GMT","inverseRate":0.0016382180325021},"mru":{"code":"MRU","alphaCode":"MRU","numericCode":"929","name":"Mauritanian ouguiya","rate":50.091664890879,"date":"Sun, 27 Jun 2021 23:55:01 GMT","inverseRate":0.019963401140258},"dkk":{"code":"DKK","alphaCode":"DKK","numericCode":"208","name":"Danish Krone","rate":8.6555747320127,"date":"Sun, 27 Jun 2021 23:55:01 GMT","inverseRate":0.11553247831152},"jod":{"code":"JOD","alphaCode":"JOD","numericCode":"400","name":"Jordanian Dinar","rate":0.98526779445455,"date":"Sun, 27 Jun 2021 23:55:01 GMT","inverseRate":1.0149524886821},"bgn":{"code":"BGN","alphaCode":"BGN","numericCode":"975","name":"Bulgarian Lev","rate":2.2765117600798,"date":"Sun, 27 Jun 2021 23:55:01 GMT","inverseRate":0.43926854125495},"vnd":{"code":"VND","alphaCode":"VND","numericCode":"704","name":"Vietnamese Dong","rate":31986.197907437,"date":"Sun, 27 Jun 2021 23:55:01 GMT","inverseRate":3.1263484422057e-5},"uzs":{"code":"UZS","alphaCode":"UZS","numericCode":"860","name":"Uzbekistan Sum","rate":14661.813556499,"date":"Sun, 27 Jun 2021 23:55:01 GMT","inverseRate":6.8204386595594e-5},"pab":{"code":"PAB","alphaCode":"PAB","numericCode":"590","name":"Panamanian Balboa","rate":1.3859249381076,"date":"Sun, 27 Jun 2021 23:55:01 GMT","inverseRate":0.72153979808272},"ttd":{"code":"TTD","alphaCode":"TTD","numericCode":"780","name":"Trinidad Tobago Dollar","rate":9.4247872182478,"date":"Sun, 27 Jun 2021 23:55:01 GMT","inverseRate":0.10610319117485},"htg":{"code":"HTG","alphaCode":"HTG","numericCode":"332","name":"Haitian gourde","rate":130.26318810333,"date":"Sun, 27 Jun 2021 23:55:01 GMT","inverseRate":0.0076767658964922},"cup":{"code":"CUP","alphaCode":"CUP","numericCode":"192","name":"Cuban peso","rate":1.3859249381076,"date":"Sun, 27 Jun 2021 23:55:01 GMT","inverseRate":0.72153979808272}}