{"usd":{"code":"USD","alphaCode":"USD","numericCode":"840","name":"U.S. Dollar","rate":0.30873334784094,"date":"Sun, 27 Jun 2021 23:55:01 GMT","inverseRate":3.2390410915869},"eur":{"code":"EUR","alphaCode":"EUR","numericCode":"978","name":"Euro","rate":0.25845572285171,"date":"Sun, 27 Jun 2021 23:55:01 GMT","inverseRate":3.8691346779493},"gbp":{"code":"GBP","alphaCode":"GBP","numericCode":"826","name":"U.K. Pound Sterling","rate":0.22200473865606,"date":"Sun, 27 Jun 2021 23:55:01 GMT","inverseRate":4.5044083565678},"jpy":{"code":"JPY","alphaCode":"JPY","numericCode":"392","name":"Japanese Yen","rate":34.186920950956,"date":"Sun, 27 Jun 2021 23:55:01 GMT","inverseRate":0.029250952474912},"aud":{"code":"AUD","alphaCode":"AUD","numericCode":"036","name":"Australian Dollar","rate":0.40639024900336,"date":"Sun, 27 Jun 2021 23:55:01 GMT","inverseRate":2.460688962032},"chf":{"code":"CHF","alphaCode":"CHF","numericCode":"756","name":"Swiss Franc","rate":0.28311302846892,"date":"Sun, 27 Jun 2021 23:55:01 GMT","inverseRate":3.5321581822214},"cad":{"code":"CAD","alphaCode":"CAD","numericCode":"124","name":"Canadian Dollar","rate":0.37974026112923,"date":"Sun, 27 Jun 2021 23:55:01 GMT","inverseRate":2.6333789233365},"lkr":{"code":"LKR","alphaCode":"LKR","numericCode":"144","name":"Sri Lanka Rupee","rate":61.34570634793,"date":"Sun, 27 Jun 2021 23:55:01 GMT","inverseRate":0.016301059349262},"pln":{"code":"PLN","alphaCode":"PLN","numericCode":"985","name":"Polish Zloty","rate":1.1657097922148,"date":"Sun, 27 Jun 2021 23:55:01 GMT","inverseRate":0.85784644401076},"pen":{"code":"PEN","alphaCode":"PEN","numericCode":"604","name":"Peruvian Nuevo Sol","rate":1.2288208162886,"date":"Sun, 27 Jun 2021 23:55:01 GMT","inverseRate":0.8137882974837},"iqd":{"code":"IQD","alphaCode":"IQD","numericCode":"368","name":"Iraqi dinar","rate":449.54846531793,"date":"Sun, 27 Jun 2021 23:55:01 GMT","inverseRate":0.0022244542627741},"svc":{"code":"SVC","alphaCode":"SVC","numericCode":"222","name":"Salvadoran colon","rate":2.694653213329,"date":"Sun, 27 Jun 2021 23:55:01 GMT","inverseRate":0.37110526692397},"cve":{"code":"CVE","alphaCode":"CVE","numericCode":"132","name":"Cape Verde escudo","rate":28.776234932463,"date":"Sun, 27 Jun 2021 23:55:01 GMT","inverseRate":0.034750897827564},"zmw":{"code":"ZMW","alphaCode":"ZMW","numericCode":"967","name":"Zambian kwacha","rate":6.9536844556372,"date":"Sun, 27 Jun 2021 23:55:01 GMT","inverseRate":0.14380865372591},"yer":{"code":"YER","alphaCode":"YER","numericCode":"886","name":"Yemeni rial","rate":77.417132640147,"date":"Sun, 27 Jun 2021 23:55:01 GMT","inverseRate":0.012917037429534},"dop":{"code":"DOP","alphaCode":"DOP","numericCode":"214","name":"Dominican Peso","rate":17.528024030802,"date":"Sun, 27 Jun 2021 23:55:01 GMT","inverseRate":0.057051496406137},"nzd":{"code":"NZD","alphaCode":"NZD","numericCode":"554","name":"New Zealand Dollar","rate":0.43618962704126,"date":"Sun, 27 Jun 2021 23:55:01 GMT","inverseRate":2.2925808822717},"hrk":{"code":"HRK","alphaCode":"HRK","numericCode":"191","name":"Croatian Kuna","rate":1.937154861308,"date":"Sun, 27 Jun 2021 23:55:01 GMT","inverseRate":0.51622098985147},"dzd":{"code":"DZD","alphaCode":"DZD","numericCode":"012","name":"Algerian Dinar","rate":41.112426204472,"date":"Sun, 27 Jun 2021 23:55:01 GMT","inverseRate":0.024323546244304},"ars":{"code":"ARS","alphaCode":"ARS","numericCode":"032","name":"Argentine Peso","rate":29.437014385253,"date":"Sun, 27 Jun 2021 23:55:01 GMT","inverseRate":0.033970836407274},"stn":{"code":"STN","alphaCode":"STN","numericCode":"930","name":"S\u00e3o Tom\u00e9 and Pr\u00edncipe Dobra","rate":6.3929649740251,"date":"Sun, 27 Jun 2021 23:55:01 GMT","inverseRate":0.15642194256703},"xpf":{"code":"XPF","alphaCode":"XPF","numericCode":"953","name":"CFP Franc","rate":30.796647061935,"date":"Sun, 27 Jun 2021 23:55:01 GMT","inverseRate":0.032471067320703},"all":{"code":"ALL","alphaCode":"ALL","numericCode":"008","name":"Albanian lek","rate":31.618804491842,"date":"Sun, 27 Jun 2021 23:55:01 GMT","inverseRate":0.031626749210521},"mur":{"code":"MUR","alphaCode":"MUR","numericCode":"480","name":"Mauritian Rupee","rate":12.640320116755,"date":"Sun, 27 Jun 2021 23:55:01 GMT","inverseRate":0.07911192048645},"sos":{"code":"SOS","alphaCode":"SOS","numericCode":"706","name":"Somali shilling","rate":178.0653192918,"date":"Sun, 27 Jun 2021 23:55:01 GMT","inverseRate":0.005615916698306},"ang":{"code":"ANG","alphaCode":"ANG","numericCode":"532","name":"Neth. Antillean Guilder","rate":0.5490536341614,"date":"Sun, 27 Jun 2021 23:55:01 GMT","inverseRate":1.8213156926415},"pkr":{"code":"PKR","alphaCode":"PKR","numericCode":"586","name":"Pakistani Rupee","rate":47.745355667391,"date":"Sun, 27 Jun 2021 23:55:01 GMT","inverseRate":0.020944445507251},"krw":{"code":"KRW","alphaCode":"KRW","numericCode":"410","name":"South Korean Won","rate":348.00512895178,"date":"Sun, 27 Jun 2021 23:55:01 GMT","inverseRate":0.0028735208673852},"azn":{"code":"AZN","alphaCode":"AZN","numericCode":"944","name":"Azerbaijan Manat","rate":0.52333064480263,"date":"Sun, 27 Jun 2021 23:55:01 GMT","inverseRate":1.9108378420628},"pyg":{"code":"PYG","alphaCode":"PYG","numericCode":"600","name":"Paraguayan Guaran\u00ed","rate":2092.7695246866,"date":"Sun, 27 Jun 2021 23:55:01 GMT","inverseRate":0.00047783570441171},"bnd":{"code":"BND","alphaCode":"BND","numericCode":"096","name":"Brunei Dollar","rate":0.41433358744482,"date":"Sun, 27 Jun 2021 23:55:01 GMT","inverseRate":2.4135142076387},"kmf":{"code":"KMF","alphaCode":"KMF","numericCode":"174","name":"\tComoro franc","rate":127.59333421993,"date":"Sun, 27 Jun 2021 23:55:01 GMT","inverseRate":0.0078374000186903},"szl":{"code":"SZL","alphaCode":"SZL","numericCode":"748","name":"Swazi lilangeni","rate":4.3764082417003,"date":"Sun, 27 Jun 2021 23:55:01 GMT","inverseRate":0.22849787880197},"wst":{"code":"WST","alphaCode":"WST","numericCode":"882","name":"Samoan tala","rate":0.78254046516134,"date":"Sun, 27 Jun 2021 23:55:01 GMT","inverseRate":1.2778891885084},"egp":{"code":"EGP","alphaCode":"EGP","numericCode":"818","name":"Egyptian Pound","rate":4.8399631925801,"date":"Sun, 27 Jun 2021 23:55:01 GMT","inverseRate":0.20661314150757},"sgd":{"code":"SGD","alphaCode":"SGD","numericCode":"702","name":"Singapore Dollar","rate":0.41426858420478,"date":"Sun, 27 Jun 2021 23:55:01 GMT","inverseRate":2.41389291423},"zar":{"code":"ZAR","alphaCode":"ZAR","numericCode":"710","name":"South African Rand","rate":4.3524208677356,"date":"Sun, 27 Jun 2021 23:55:01 GMT","inverseRate":0.22975719269544},"kgs":{"code":"KGS","alphaCode":"KGS","numericCode":"417","name":"Kyrgyzstan Som","rate":25.803958802177,"date":"Sun, 27 Jun 2021 23:55:01 GMT","inverseRate":0.038753743472713},"crc":{"code":"CRC","alphaCode":"CRC","numericCode":"188","name":"Costa Rican Col\u00f3n","rate":190.68502153272,"date":"Sun, 27 Jun 2021 23:55:01 GMT","inverseRate":0.0052442503976561},"jmd":{"code":"JMD","alphaCode":"JMD","numericCode":"388","name":"Jamaican Dollar","rate":46.064723903746,"date":"Sun, 27 Jun 2021 23:55:01 GMT","inverseRate":0.021708585556478},"ssp":{"code":"SSP","alphaCode":"SSP","numericCode":"728","name":"South Sudanese pound","rate":54.751363091459,"date":"Sun, 27 Jun 2021 23:55:01 GMT","inverseRate":0.018264385460679},"ern":{"code":"ERN","alphaCode":"ERN","numericCode":"232","name":"Eritrean nakfa","rate":4.6413282149137,"date":"Sun, 27 Jun 2021 23:55:01 GMT","inverseRate":0.21545556653088},"bam":{"code":"BAM","alphaCode":"BAM","numericCode":"977","name":"Bosnia and Herzegovina convertible mark","rate":0.50965912221315,"date":"Sun, 27 Jun 2021 23:55:01 GMT","inverseRate":1.9620957546244},"inr":{"code":"INR","alphaCode":"INR","numericCode":"356","name":"Indian Rupee","rate":22.904130552548,"date":"Sun, 27 Jun 2021 23:55:01 GMT","inverseRate":0.043660247120306},"try":{"code":"TRY","alphaCode":"TRY","numericCode":"949","name":"Turkish Lira","rate":2.6894189432951,"date":"Sun, 27 Jun 2021 23:55:01 GMT","inverseRate":0.37182752895122},"twd":{"code":"TWD","alphaCode":"TWD","numericCode":"901","name":"New Taiwan Dollar ","rate":8.6131566137254,"date":"Sun, 27 Jun 2021 23:55:01 GMT","inverseRate":0.1161014532589},"tmt":{"code":"TMT","alphaCode":"TMT","numericCode":"934","name":"New Turkmenistan Manat","rate":1.0777763934583,"date":"Sun, 27 Jun 2021 23:55:01 GMT","inverseRate":0.92783624327791},"mga":{"code":"MGA","alphaCode":"MGA","numericCode":"969","name":"Malagasy ariary","rate":1165.4375147648,"date":"Sun, 27 Jun 2021 23:55:01 GMT","inverseRate":0.00085804685993982},"srd":{"code":"SRD","alphaCode":"SRD","numericCode":"968","name":"Surinamese dollar","rate":6.4070231707794,"date":"Sun, 27 Jun 2021 23:55:01 GMT","inverseRate":0.15607872382306},"ghs":{"code":"GHS","alphaCode":"GHS","numericCode":"936","name":"Ghanaian Cedi","rate":1.7946373802969,"date":"Sun, 27 Jun 2021 23:55:01 GMT","inverseRate":0.55721563084491},"mop":{"code":"MOP","alphaCode":"MOP","numericCode":"446","name":"Macanese pataca","rate":2.463927092526,"date":"Sun, 27 Jun 2021 23:55:01 GMT","inverseRate":0.40585616475154},"lbp":{"code":"LBP","alphaCode":"LBP","numericCode":"422","name":"Lebanese Pound","rate":464.90228496155,"date":"Sun, 27 Jun 2021 23:55:01 GMT","inverseRate":0.0021509896430875},"huf":{"code":"HUF","alphaCode":"HUF","numericCode":"348","name":"Hungarian Forint","rate":90.84622619444,"date":"Sun, 27 Jun 2021 23:55:01 GMT","inverseRate":0.011007611894188},"ngn":{"code":"NGN","alphaCode":"NGN","numericCode":"566","name":"Nigerian Naira","rate":126.55774338523,"date":"Sun, 27 Jun 2021 23:55:01 GMT","inverseRate":0.0079015315321805},"irr":{"code":"IRR","alphaCode":"IRR","numericCode":"364","name":"Iranian rial","rate":12934.662519925,"date":"Sun, 27 Jun 2021 23:55:01 GMT","inverseRate":7.7311642144477e-5},"ves":{"code":"VES","alphaCode":"VES","numericCode":"928","name":"Venezuelan Bolivar","rate":979359.25610485,"date":"Sun, 27 Jun 2021 23:55:01 GMT","inverseRate":1.0210757633284e-6},"sbd":{"code":"SBD","alphaCode":"SBD","numericCode":"090","name":"Solomon Islands dollar","rate":2.5100958750049,"date":"Sun, 27 Jun 2021 23:55:01 GMT","inverseRate":0.39839115707006},"mwk":{"code":"MWK","alphaCode":"MWK","numericCode":"454","name":"Malawian kwacha","rate":247.96542867336,"date":"Sun, 27 Jun 2021 23:55:01 GMT","inverseRate":0.0040328202417172},"gtq":{"code":"GTQ","alphaCode":"GTQ","numericCode":"320","name":"Guatemalan Quetzal","rate":2.380873370306,"date":"Sun, 27 Jun 2021 23:55:01 GMT","inverseRate":0.42001393794055},"sek":{"code":"SEK","alphaCode":"SEK","numericCode":"752","name":"Swedish Krona","rate":2.613889007325,"date":"Sun, 27 Jun 2021 23:55:01 GMT","inverseRate":0.38257171486534},"npr":{"code":"NPR","alphaCode":"NPR","numericCode":"524","name":"Nepalese Rupee","rate":36.608337574784,"date":"Sun, 27 Jun 2021 23:55:01 GMT","inverseRate":0.027316181674658},"isk":{"code":"ISK","alphaCode":"ISK","numericCode":"352","name":"Icelandic Krona","rate":37.993947041625,"date":"Sun, 27 Jun 2021 23:55:01 GMT","inverseRate":0.026319981940924},"gip":{"code":"GIP","alphaCode":"GIP","numericCode":"292","name":"Gibraltar pound","rate":0.22098643400966,"date":"Sun, 27 Jun 2021 23:55:01 GMT","inverseRate":4.5251646531221},"mkd":{"code":"MKD","alphaCode":"MKD","numericCode":"807","name":"Macedonian denar","rate":15.943493868023,"date":"Sun, 27 Jun 2021 23:55:01 GMT","inverseRate":0.062721509367884},"bif":{"code":"BIF","alphaCode":"BIF","numericCode":"108","name":"Burundian franc","rate":609.21981953203,"date":"Sun, 27 Jun 2021 23:55:01 GMT","inverseRate":0.0016414436430649},"mmk":{"code":"MMK","alphaCode":"MMK","numericCode":"104","name":"Myanma Kyat","rate":506.7119629412,"date":"Sun, 27 Jun 2021 23:55:01 GMT","inverseRate":0.0019735077778617},"mvr":{"code":"MVR","alphaCode":"MVR","numericCode":"462","name":"Maldivian rufiyaa","rate":4.7588301950378,"date":"Sun, 27 Jun 2021 23:55:01 GMT","inverseRate":0.21013567599927},"kes":{"code":"KES","alphaCode":"KES","numericCode":"404","name":"Kenyan shilling","rate":33.16744022895,"date":"Sun, 27 Jun 2021 23:55:01 GMT","inverseRate":0.030150050564565},"aed":{"code":"AED","alphaCode":"AED","numericCode":"784","name":"U.A.E Dirham","rate":1.1318103224457,"date":"Sun, 27 Jun 2021 23:55:01 GMT","inverseRate":0.88354027187089},"php":{"code":"PHP","alphaCode":"PHP","numericCode":"608","name":"Philippine Peso","rate":14.97418603172,"date":"Sun, 27 Jun 2021 23:55:01 GMT","inverseRate":0.066781593195227},"ils":{"code":"ILS","alphaCode":"ILS","numericCode":"376","name":"Israeli New Sheqel","rate":1.0025967579936,"date":"Sun, 27 Jun 2021 23:55:01 GMT","inverseRate":0.99740996769349},"mro":{"code":"MRO","alphaCode":"MRO","numericCode":"478","name":"Mauritanian Ouguiya","rate":11.179238294959,"date":"Sun, 27 Jun 2021 23:55:01 GMT","inverseRate":0.089451532708714},"cop":{"code":"COP","alphaCode":"COP","numericCode":"170","name":"Colombian Peso","rate":1160.8007645291,"date":"Sun, 27 Jun 2021 23:55:01 GMT","inverseRate":0.00086147427754814},"bzd":{"code":"BZD","alphaCode":"BZD","numericCode":"084","name":"Belize dollar","rate":0.62050767477628,"date":"Sun, 27 Jun 2021 23:55:01 GMT","inverseRate":1.611583612339},"gnf":{"code":"GNF","alphaCode":"GNF","numericCode":"324","name":"Guinean franc","rate":3019.2681729657,"date":"Sun, 27 Jun 2021 23:55:01 GMT","inverseRate":0.00033120608793678},"sll":{"code":"SLL","alphaCode":"SLL","numericCode":"694","name":"Sierra Leonean leone","rate":3158.367248685,"date":"Sun, 27 Jun 2021 23:55:01 GMT","inverseRate":0.0003166192913178},"ugx":{"code":"UGX","alphaCode":"UGX","numericCode":"800","name":"Ugandan shilling","rate":1100.5075682387,"date":"Sun, 27 Jun 2021 23:55:01 GMT","inverseRate":0.00090867162467628},"cny":{"code":"CNY","alphaCode":"CNY","numericCode":"156","name":"Chinese Yuan","rate":1.9930837576912,"date":"Sun, 27 Jun 2021 23:55:01 GMT","inverseRate":0.50173506062706},"sar":{"code":"SAR","alphaCode":"SAR","numericCode":"682","name":"Saudi Riyal","rate":1.1577170092188,"date":"Sun, 27 Jun 2021 23:55:01 GMT","inverseRate":0.86376894529242},"myr":{"code":"MYR","alphaCode":"MYR","numericCode":"458","name":"Malaysian Ringgit","rate":1.2793111881774,"date":"Sun, 27 Jun 2021 23:55:01 GMT","inverseRate":0.781670643735},"kzt":{"code":"KZT","alphaCode":"KZT","numericCode":"398","name":"Kazakhstani Tenge","rate":131.60176476653,"date":"Sun, 27 Jun 2021 23:55:01 GMT","inverseRate":0.0075986822955913},"bob":{"code":"BOB","alphaCode":"BOB","numericCode":"068","name":"Bolivian Boliviano","rate":2.1217289694201,"date":"Sun, 27 Jun 2021 23:55:01 GMT","inverseRate":0.47131373253263},"gyd":{"code":"GYD","alphaCode":"GYD","numericCode":"328","name":"Guyanese dollar","rate":64.292906424933,"date":"Sun, 27 Jun 2021 23:55:01 GMT","inverseRate":0.01555381543013},"rwf":{"code":"RWF","alphaCode":"RWF","numericCode":"646","name":"Rwandan franc","rate":309.54515664402,"date":"Sun, 27 Jun 2021 23:55:01 GMT","inverseRate":0.0032305464276735},"mzn":{"code":"MZN","alphaCode":"MZN","numericCode":"943","name":"Mozambican metical","rate":19.620160181226,"date":"Sun, 27 Jun 2021 23:55:01 GMT","inverseRate":0.050967983480425},"vuv":{"code":"VUV","alphaCode":"VUV","numericCode":"548","name":"Vanuatu vatu","rate":33.820009134207,"date":"Sun, 27 Jun 2021 23:55:01 GMT","inverseRate":0.029568294793527},"idr":{"code":"IDR","alphaCode":"IDR","numericCode":"360","name":"Indonesian Rupiah","rate":4458.3410138842,"date":"Sun, 27 Jun 2021 23:55:01 GMT","inverseRate":0.00022429867901217},"tnd":{"code":"TND","alphaCode":"TND","numericCode":"788","name":"Tunisian Dinar","rate":0.84425440199422,"date":"Sun, 27 Jun 2021 23:55:01 GMT","inverseRate":1.1844770932054},"xof":{"code":"XOF","alphaCode":"XOF","numericCode":"952","name":"West African CFA Franc","rate":169.69926348449,"date":"Sun, 27 Jun 2021 23:55:01 GMT","inverseRate":0.0058927774904066},"tjs":{"code":"TJS","alphaCode":"TJS","numericCode":"972","name":"Tajikistan Ruble","rate":3.490869777725,"date":"Sun, 27 Jun 2021 23:55:01 GMT","inverseRate":0.28646155934574},"afn":{"code":"AFN","alphaCode":"AFN","numericCode":"971","name":"Afghan afghani","rate":24.348936878757,"date":"Sun, 27 Jun 2021 23:55:01 GMT","inverseRate":0.041069554904159},"nad":{"code":"NAD","alphaCode":"NAD","numericCode":"516","name":"Namibian dollar","rate":4.3764082417003,"date":"Sun, 27 Jun 2021 23:55:01 GMT","inverseRate":0.22849787880197},"syp":{"code":"SYP","alphaCode":"SYP","numericCode":"760","name":"Syrian pound","rate":776.95834317651,"date":"Sun, 27 Jun 2021 23:55:01 GMT","inverseRate":0.0012870702899098},"top":{"code":"TOP","alphaCode":"TOP","numericCode":"776","name":"Tongan pa\u02bbanga","rate":0.68198110759248,"date":"Sun, 27 Jun 2021 23:55:01 GMT","inverseRate":1.4663162789512},"kwd":{"code":"KWD","alphaCode":"KWD","numericCode":"414","name":"Kuwaiti Dinar","rate":0.092854740305551,"date":"Sun, 27 Jun 2021 23:55:01 GMT","inverseRate":10.76950941556},"czk":{"code":"CZK","alphaCode":"CZK","numericCode":"203","name":"Czech Koruna","rate":6.584367438315,"date":"Sun, 27 Jun 2021 23:55:01 GMT","inverseRate":0.15187487778718},"pgk":{"code":"PGK","alphaCode":"PGK","numericCode":"598","name":"Papua New Guinean kina","rate":1.083532019094,"date":"Sun, 27 Jun 2021 23:55:01 GMT","inverseRate":0.92290765974427},"uah":{"code":"UAH","alphaCode":"UAH","numericCode":"980","name":"Ukrainian Hryvnia","rate":8.4578001918396,"date":"Sun, 27 Jun 2021 23:55:01 GMT","inverseRate":0.11823405345575},"etb":{"code":"ETB","alphaCode":"ETB","numericCode":"230","name":"Ethiopian birr","rate":13.473266066644,"date":"Sun, 27 Jun 2021 23:55:01 GMT","inverseRate":0.074221053384799},"xcd":{"code":"XCD","alphaCode":"XCD","numericCode":"951","name":"East Caribbean Dollar","rate":0.83412361491898,"date":"Sun, 27 Jun 2021 23:55:01 GMT","inverseRate":1.1988630727079},"lak":{"code":"LAK","alphaCode":"LAK","numericCode":"418","name":"Lao kip","rate":2920.8960269794,"date":"Sun, 27 Jun 2021 23:55:01 GMT","inverseRate":0.00034236069711599},"bwp":{"code":"BWP","alphaCode":"BWP","numericCode":"072","name":"Botswana Pula","rate":3.3460738293564,"date":"Sun, 27 Jun 2021 23:55:01 GMT","inverseRate":0.29885772131703},"nok":{"code":"NOK","alphaCode":"NOK","numericCode":"578","name":"Norwegian Krone","rate":2.6193326585366,"date":"Sun, 27 Jun 2021 23:55:01 GMT","inverseRate":0.38177663182297},"mad":{"code":"MAD","alphaCode":"MAD","numericCode":"504","name":"Moroccan Dirham","rate":2.7272132988779,"date":"Sun, 27 Jun 2021 23:55:01 GMT","inverseRate":0.36667465665829},"ron":{"code":"RON","alphaCode":"RON","numericCode":"946","name":"Romanian New Leu","rate":1.272854799537,"date":"Sun, 27 Jun 2021 23:55:01 GMT","inverseRate":0.78563556531643},"byn":{"code":"BYN","alphaCode":"BYN","numericCode":"933","name":"Belarussian Ruble","rate":0.7799334605223,"date":"Sun, 27 Jun 2021 23:55:01 GMT","inverseRate":1.2821606593597},"rsd":{"code":"RSD","alphaCode":"RSD","numericCode":"941","name":"Serbian Dinar","rate":29.799077786293,"date":"Sun, 27 Jun 2021 23:55:01 GMT","inverseRate":0.033558085494175},"gmd":{"code":"GMD","alphaCode":"GMD","numericCode":"270","name":"Gambian dalasi","rate":15.986797184703,"date":"Sun, 27 Jun 2021 23:55:01 GMT","inverseRate":0.062551616089611},"awg":{"code":"AWG","alphaCode":"AWG","numericCode":"533","name":"Aruban florin","rate":0.55719904129125,"date":"Sun, 27 Jun 2021 23:55:01 GMT","inverseRate":1.7946908122501},"aoa":{"code":"AOA","alphaCode":"AOA","numericCode":"973","name":"Angolan kwanza","rate":200.93750254565,"date":"Sun, 27 Jun 2021 23:55:01 GMT","inverseRate":0.004976671787651},"khr":{"code":"KHR","alphaCode":"KHR","numericCode":"116","name":"Cambodian riel","rate":1254.5075508771,"date":"Sun, 27 Jun 2021 23:55:01 GMT","inverseRate":0.00079712553288407},"scr":{"code":"SCR","alphaCode":"SCR","numericCode":"690","name":"Seychelles rupee","rate":4.6137668834712,"date":"Sun, 27 Jun 2021 23:55:01 GMT","inverseRate":0.21674263682079},"bhd":{"code":"BHD","alphaCode":"BHD","numericCode":"048","name":"Bahrain Dinar","rate":0.11618497366994,"date":"Sun, 27 Jun 2021 23:55:01 GMT","inverseRate":8.6069649836198},"omr":{"code":"OMR","alphaCode":"OMR","numericCode":"512","name":"Omani Rial","rate":0.11874631068391,"date":"Sun, 27 Jun 2021 23:55:01 GMT","inverseRate":8.4213142643386},"rub":{"code":"RUB","alphaCode":"RUB","numericCode":"643","name":"Russian Rouble","rate":22.280170806638,"date":"Sun, 27 Jun 2021 23:55:01 GMT","inverseRate":0.044882959321931},"lyd":{"code":"LYD","alphaCode":"LYD","numericCode":"434","name":"Libyan Dinar","rate":1.3740934802867,"date":"Sun, 27 Jun 2021 23:55:01 GMT","inverseRate":0.72775252509849},"clp":{"code":"CLP","alphaCode":"CLP","numericCode":"152","name":"Chilean Peso","rate":226.5605379573,"date":"Sun, 27 Jun 2021 23:55:01 GMT","inverseRate":0.0044138313274506},"bsd":{"code":"BSD","alphaCode":"BSD","numericCode":"044","name":"Bahamian Dollar","rate":0.3076819036815,"date":"Sun, 27 Jun 2021 23:55:01 GMT","inverseRate":3.2501098960801},"djf":{"code":"DJF","alphaCode":"DJF","numericCode":"262","name":"Djiboutian franc","rate":54.800278119376,"date":"Sun, 27 Jun 2021 23:55:01 GMT","inverseRate":0.01824808257034},"hnl":{"code":"HNL","alphaCode":"HNL","numericCode":"340","name":"Honduran Lempira","rate":7.3761868023087,"date":"Sun, 27 Jun 2021 23:55:01 GMT","inverseRate":0.13557140387049},"tzs":{"code":"TZS","alphaCode":"TZS","numericCode":"834","name":"Tanzanian shilling","rate":713.67882104397,"date":"Sun, 27 Jun 2021 23:55:01 GMT","inverseRate":0.0014011905222817},"bbd":{"code":"BBD","alphaCode":"BBD","numericCode":"052","name":"Barbadian Dollar","rate":0.61783640753685,"date":"Sun, 27 Jun 2021 23:55:01 GMT","inverseRate":1.6185514285031},"bdt":{"code":"BDT","alphaCode":"BDT","numericCode":"050","name":"Bangladeshi taka","rate":26.11849145753,"date":"Sun, 27 Jun 2021 23:55:01 GMT","inverseRate":0.038287050445698},"qar":{"code":"QAR","alphaCode":"QAR","numericCode":"634","name":"Qatari Rial","rate":1.1292914926288,"date":"Sun, 27 Jun 2021 23:55:01 GMT","inverseRate":0.88551096552774},"mxn":{"code":"MXN","alphaCode":"MXN","numericCode":"484","name":"Mexican Peso","rate":6.1115230987695,"date":"Sun, 27 Jun 2021 23:55:01 GMT","inverseRate":0.16362533264438},"amd":{"code":"AMD","alphaCode":"AMD","numericCode":"051","name":"Armenia Dram","rate":159.82222386516,"date":"Sun, 27 Jun 2021 23:55:01 GMT","inverseRate":0.0062569521047568},"uyu":{"code":"UYU","alphaCode":"UYU","numericCode":"858","name":"Uruguayan Peso","rate":13.437047240119,"date":"Sun, 27 Jun 2021 23:55:01 GMT","inverseRate":0.074421112178148},"fjd":{"code":"FJD","alphaCode":"FJD","numericCode":"242","name":"Fiji Dollar","rate":0.6349428029228,"date":"Sun, 27 Jun 2021 23:55:01 GMT","inverseRate":1.5749450114195},"cdf":{"code":"CDF","alphaCode":"CDF","numericCode":"976","name":"Congolese franc","rate":612.09953506553,"date":"Sun, 27 Jun 2021 23:55:01 GMT","inverseRate":0.0016337212213254},"lsl":{"code":"LSL","alphaCode":"LSL","numericCode":"426","name":"Lesotho loti","rate":4.3780522718437,"date":"Sun, 27 Jun 2021 23:55:01 GMT","inverseRate":0.22841207411598},"mnt":{"code":"MNT","alphaCode":"MNT","numericCode":"496","name":"Mongolian togrog","rate":877.58849003371,"date":"Sun, 27 Jun 2021 23:55:01 GMT","inverseRate":0.0011394862300001},"brl":{"code":"BRL","alphaCode":"BRL","numericCode":"986","name":"Brazilian Real","rate":1.542958044542,"date":"Sun, 27 Jun 2021 23:55:01 GMT","inverseRate":0.64810576252371},"hkd":{"code":"HKD","alphaCode":"HKD","numericCode":"344","name":"Hong Kong Dollar","rate":2.3962673465849,"date":"Sun, 27 Jun 2021 23:55:01 GMT","inverseRate":0.41731570620664},"thb":{"code":"THB","alphaCode":"THB","numericCode":"764","name":"Thai Baht","rate":9.756574077579,"date":"Sun, 27 Jun 2021 23:55:01 GMT","inverseRate":0.10249499384195},"xaf":{"code":"XAF","alphaCode":"XAF","numericCode":"950","name":"Central African CFA Franc","rate":169.84313120844,"date":"Sun, 27 Jun 2021 23:55:01 GMT","inverseRate":0.0058877859403848},"mdl":{"code":"MDL","alphaCode":"MDL","numericCode":"498","name":"Moldova Lei","rate":5.5543881840257,"date":"Sun, 27 Jun 2021 23:55:01 GMT","inverseRate":0.18003783078683},"nio":{"code":"NIO","alphaCode":"NIO","numericCode":"558","name":"Nicaraguan C\u00f3rdoba","rate":10.797948954661,"date":"Sun, 27 Jun 2021 23:55:01 GMT","inverseRate":0.092610180340625},"lrd":{"code":"LRD","alphaCode":"LRD","numericCode":"430","name":"Liberian dollar","rate":52.734729174879,"date":"Sun, 27 Jun 2021 23:55:01 GMT","inverseRate":0.018962835604669},"sdg":{"code":"SDG","alphaCode":"SDG","numericCode":"938","name":"Sudanese pound","rate":135.51599008893,"date":"Sun, 27 Jun 2021 23:55:01 GMT","inverseRate":0.0073792029954826},"mru":{"code":"MRU","alphaCode":"MRU","numericCode":"929","name":"Mauritanian ouguiya","rate":11.120586972946,"date":"Sun, 27 Jun 2021 23:55:01 GMT","inverseRate":0.089923310921695},"dkk":{"code":"DKK","alphaCode":"DKK","numericCode":"208","name":"Danish Krone","rate":1.9215786062985,"date":"Sun, 27 Jun 2021 23:55:01 GMT","inverseRate":0.5204054607614},"jod":{"code":"JOD","alphaCode":"JOD","numericCode":"400","name":"Jordanian Dinar","rate":0.21873411921411,"date":"Sun, 27 Jun 2021 23:55:01 GMT","inverseRate":4.5717604715391},"bgn":{"code":"BGN","alphaCode":"BGN","numericCode":"975","name":"Bulgarian Lev","rate":0.50539639834396,"date":"Sun, 27 Jun 2021 23:55:01 GMT","inverseRate":1.9786448880062},"vnd":{"code":"VND","alphaCode":"VND","numericCode":"704","name":"Vietnamese Dong","rate":7101.0875070416,"date":"Sun, 27 Jun 2021 23:55:01 GMT","inverseRate":0.00014082350048614},"uzs":{"code":"UZS","alphaCode":"UZS","numericCode":"860","name":"Uzbekistan Sum","rate":3254.9920868345,"date":"Sun, 27 Jun 2021 23:55:01 GMT","inverseRate":0.00030722040893578},"pab":{"code":"PAB","alphaCode":"PAB","numericCode":"590","name":"Panamanian Balboa","rate":0.3076819036815,"date":"Sun, 27 Jun 2021 23:55:01 GMT","inverseRate":3.2501098960801},"ttd":{"code":"TTD","alphaCode":"TTD","numericCode":"780","name":"Trinidad Tobago Dollar","rate":2.0923474232761,"date":"Sun, 27 Jun 2021 23:55:01 GMT","inverseRate":0.47793210098649},"htg":{"code":"HTG","alphaCode":"HTG","numericCode":"332","name":"Haitian gourde","rate":28.919045031385,"date":"Sun, 27 Jun 2021 23:55:01 GMT","inverseRate":0.034579288455575},"cup":{"code":"CUP","alphaCode":"CUP","numericCode":"192","name":"Cuban peso","rate":0.3076819036815,"date":"Sun, 27 Jun 2021 23:55:01 GMT","inverseRate":3.2501098960801}}