{"usd":{"code":"USD","alphaCode":"USD","numericCode":"840","name":"U.S. Dollar","rate":0.17203104718005,"date":"Sun, 27 Jun 2021 23:55:01 GMT","inverseRate":5.8129042192796},"eur":{"code":"EUR","alphaCode":"EUR","numericCode":"978","name":"Euro","rate":0.14401556865429,"date":"Sun, 27 Jun 2021 23:55:01 GMT","inverseRate":6.9436937224509},"gbp":{"code":"GBP","alphaCode":"GBP","numericCode":"826","name":"U.K. Pound Sterling","rate":0.12370451050079,"date":"Sun, 27 Jun 2021 23:55:01 GMT","inverseRate":8.0837796128184},"jpy":{"code":"JPY","alphaCode":"JPY","numericCode":"392","name":"Japanese Yen","rate":19.049486724332,"date":"Sun, 27 Jun 2021 23:55:01 GMT","inverseRate":0.052494852720766},"aud":{"code":"AUD","alphaCode":"AUD","numericCode":"036","name":"Australian Dollar","rate":0.22644699896762,"date":"Sun, 27 Jun 2021 23:55:01 GMT","inverseRate":4.4160443925467},"chf":{"code":"CHF","alphaCode":"CHF","numericCode":"756","name":"Swiss Franc","rate":0.15775500475872,"date":"Sun, 27 Jun 2021 23:55:01 GMT","inverseRate":6.3389431069362},"cad":{"code":"CAD","alphaCode":"CAD","numericCode":"124","name":"Canadian Dollar","rate":0.21159720916233,"date":"Sun, 27 Jun 2021 23:55:01 GMT","inverseRate":4.7259602523057},"lkr":{"code":"LKR","alphaCode":"LKR","numericCode":"144","name":"Sri Lanka Rupee","rate":34.182786462288,"date":"Sun, 27 Jun 2021 23:55:01 GMT","inverseRate":0.029254490446624},"pln":{"code":"PLN","alphaCode":"PLN","numericCode":"985","name":"Polish Zloty","rate":0.64955171725106,"date":"Sun, 27 Jun 2021 23:55:01 GMT","inverseRate":1.5395232949765},"pen":{"code":"PEN","alphaCode":"PEN","numericCode":"604","name":"Peruvian Nuevo Sol","rate":0.68471816634358,"date":"Sun, 27 Jun 2021 23:55:01 GMT","inverseRate":1.4604548983124},"iqd":{"code":"IQD","alphaCode":"IQD","numericCode":"368","name":"Iraqi dinar","rate":250.49543169749,"date":"Sun, 27 Jun 2021 23:55:01 GMT","inverseRate":0.0039920887707351},"svc":{"code":"SVC","alphaCode":"SVC","numericCode":"222","name":"Salvadoran colon","rate":1.5015028901734,"date":"Sun, 27 Jun 2021 23:55:01 GMT","inverseRate":0.66599938404683},"cve":{"code":"CVE","alphaCode":"CVE","numericCode":"132","name":"Cape Verde escudo","rate":16.034567901234,"date":"Sun, 27 Jun 2021 23:55:01 GMT","inverseRate":0.062365260240225},"zmw":{"code":"ZMW","alphaCode":"ZMW","numericCode":"967","name":"Zambian kwacha","rate":3.8747016706443,"date":"Sun, 27 Jun 2021 23:55:01 GMT","inverseRate":0.2580843855867},"yer":{"code":"YER","alphaCode":"YER","numericCode":"886","name":"Yemeni rial","rate":43.138036402283,"date":"Sun, 27 Jun 2021 23:55:01 GMT","inverseRate":0.023181398213737},"dop":{"code":"DOP","alphaCode":"DOP","numericCode":"214","name":"Dominican Peso","rate":9.7668889677881,"date":"Sun, 27 Jun 2021 23:55:01 GMT","inverseRate":0.10238674805233},"nzd":{"code":"NZD","alphaCode":"NZD","numericCode":"554","name":"New Zealand Dollar","rate":0.2430516781998,"date":"Sun, 27 Jun 2021 23:55:01 GMT","inverseRate":4.1143513486788},"hrk":{"code":"HRK","alphaCode":"HRK","numericCode":"191","name":"Croatian Kuna","rate":1.079412968088,"date":"Sun, 27 Jun 2021 23:55:01 GMT","inverseRate":0.92642948488133},"dzd":{"code":"DZD","alphaCode":"DZD","numericCode":"012","name":"Algerian Dinar","rate":22.90848650309,"date":"Sun, 27 Jun 2021 23:55:01 GMT","inverseRate":0.043651945311408},"ars":{"code":"ARS","alphaCode":"ARS","numericCode":"032","name":"Argentine Peso","rate":16.402764540869,"date":"Sun, 27 Jun 2021 23:55:01 GMT","inverseRate":0.060965332856446},"stn":{"code":"STN","alphaCode":"STN","numericCode":"930","name":"S\u00e3o Tom\u00e9 and Pr\u00edncipe Dobra","rate":3.5622600109708,"date":"Sun, 27 Jun 2021 23:55:01 GMT","inverseRate":0.28072066522945},"xpf":{"code":"XPF","alphaCode":"XPF","numericCode":"953","name":"CFP Franc","rate":17.160373120524,"date":"Sun, 27 Jun 2021 23:55:01 GMT","inverseRate":0.058273791191871},"all":{"code":"ALL","alphaCode":"ALL","numericCode":"008","name":"Albanian lek","rate":17.618492091484,"date":"Sun, 27 Jun 2021 23:55:01 GMT","inverseRate":0.056758546350477},"mur":{"code":"MUR","alphaCode":"MUR","numericCode":"480","name":"Mauritian Rupee","rate":7.0433839479392,"date":"Sun, 27 Jun 2021 23:55:01 GMT","inverseRate":0.14197720973206},"sos":{"code":"SOS","alphaCode":"SOS","numericCode":"706","name":"Somali shilling","rate":99.22077922078,"date":"Sun, 27 Jun 2021 23:55:01 GMT","inverseRate":0.010078534031414},"ang":{"code":"ANG","alphaCode":"ANG","numericCode":"532","name":"Neth. Antillean Guilder","rate":0.30594126712693,"date":"Sun, 27 Jun 2021 23:55:01 GMT","inverseRate":3.2686012233358},"pkr":{"code":"PKR","alphaCode":"PKR","numericCode":"586","name":"Pakistani Rupee","rate":26.60445847812,"date":"Sun, 27 Jun 2021 23:55:01 GMT","inverseRate":0.037587684816905},"krw":{"code":"KRW","alphaCode":"KRW","numericCode":"410","name":"South Korean Won","rate":193.91389746613,"date":"Sun, 27 Jun 2021 23:55:01 GMT","inverseRate":0.0051569279616727},"azn":{"code":"AZN","alphaCode":"AZN","numericCode":"944","name":"Azerbaijan Manat","rate":0.29160801538417,"date":"Sun, 27 Jun 2021 23:55:01 GMT","inverseRate":3.4292610190518},"pyg":{"code":"PYG","alphaCode":"PYG","numericCode":"600","name":"Paraguayan Guaran\u00ed","rate":1166.1238909113,"date":"Sun, 27 Jun 2021 23:55:01 GMT","inverseRate":0.00085754181677777},"bnd":{"code":"BND","alphaCode":"BND","numericCode":"096","name":"Brunei Dollar","rate":0.2308731513083,"date":"Sun, 27 Jun 2021 23:55:01 GMT","inverseRate":4.3313828149061},"kmf":{"code":"KMF","alphaCode":"KMF","numericCode":"174","name":"\tComoro franc","rate":71.097000218961,"date":"Sun, 27 Jun 2021 23:55:01 GMT","inverseRate":0.014065291037881},"szl":{"code":"SZL","alphaCode":"SZL","numericCode":"748","name":"Swazi lilangeni","rate":2.4386030792339,"date":"Sun, 27 Jun 2021 23:55:01 GMT","inverseRate":0.41007083461658},"wst":{"code":"WST","alphaCode":"WST","numericCode":"882","name":"Samoan tala","rate":0.43604377895654,"date":"Sun, 27 Jun 2021 23:55:01 GMT","inverseRate":2.2933477055745},"egp":{"code":"EGP","alphaCode":"EGP","numericCode":"818","name":"Egyptian Pound","rate":2.6969031436196,"date":"Sun, 27 Jun 2021 23:55:01 GMT","inverseRate":0.37079566701007},"sgd":{"code":"SGD","alphaCode":"SGD","numericCode":"702","name":"Singapore Dollar","rate":0.23083693048689,"date":"Sun, 27 Jun 2021 23:55:01 GMT","inverseRate":4.332062455911},"zar":{"code":"ZAR","alphaCode":"ZAR","numericCode":"710","name":"South African Rand","rate":2.4252369395178,"date":"Sun, 27 Jun 2021 23:55:01 GMT","inverseRate":0.41233084640332},"kgs":{"code":"KGS","alphaCode":"KGS","numericCode":"417","name":"Kyrgyzstan Som","rate":14.378369182251,"date":"Sun, 27 Jun 2021 23:55:01 GMT","inverseRate":0.069548916662568},"crc":{"code":"CRC","alphaCode":"CRC","numericCode":"188","name":"Costa Rican Col\u00f3n","rate":106.25267456603,"date":"Sun, 27 Jun 2021 23:55:01 GMT","inverseRate":0.0094115277952706},"jmd":{"code":"JMD","alphaCode":"JMD","numericCode":"388","name":"Jamaican Dollar","rate":25.667984189723,"date":"Sun, 27 Jun 2021 23:55:01 GMT","inverseRate":0.038959039113029},"ssp":{"code":"SSP","alphaCode":"SSP","numericCode":"728","name":"South Sudanese pound","rate":30.508315324626,"date":"Sun, 27 Jun 2021 23:55:01 GMT","inverseRate":0.032777948875886},"ern":{"code":"ERN","alphaCode":"ERN","numericCode":"232","name":"Eritrean nakfa","rate":2.5862206292314,"date":"Sun, 27 Jun 2021 23:55:01 GMT","inverseRate":0.38666461348938},"bam":{"code":"BAM","alphaCode":"BAM","numericCode":"977","name":"Bosnia and Herzegovina convertible mark","rate":0.28399002929986,"date":"Sun, 27 Jun 2021 23:55:01 GMT","inverseRate":3.5212503849708},"inr":{"code":"INR","alphaCode":"INR","numericCode":"356","name":"Indian Rupee","rate":12.762539554792,"date":"Sun, 27 Jun 2021 23:55:01 GMT","inverseRate":0.078354311515102},"try":{"code":"TRY","alphaCode":"TRY","numericCode":"949","name":"Turkish Lira","rate":1.4985862730944,"date":"Sun, 27 Jun 2021 23:55:01 GMT","inverseRate":0.66729558247929},"twd":{"code":"TWD","alphaCode":"TWD","numericCode":"901","name":"New Taiwan Dollar ","rate":4.799385496083,"date":"Sun, 27 Jun 2021 23:55:01 GMT","inverseRate":0.20836000792521},"tmt":{"code":"TMT","alphaCode":"TMT","numericCode":"934","name":"New Turkmenistan Manat","rate":0.60055385299064,"date":"Sun, 27 Jun 2021 23:55:01 GMT","inverseRate":1.6651296049808},"mga":{"code":"MGA","alphaCode":"MGA","numericCode":"969","name":"Malagasy ariary","rate":649.39999999999,"date":"Sun, 27 Jun 2021 23:55:01 GMT","inverseRate":0.0015398829688944},"srd":{"code":"SRD","alphaCode":"SRD","numericCode":"968","name":"Surinamese dollar","rate":3.5700934579438,"date":"Sun, 27 Jun 2021 23:55:01 GMT","inverseRate":0.28010471204189},"mop":{"code":"MOP","alphaCode":"MOP","numericCode":"446","name":"Macanese pataca","rate":1.3729386892177,"date":"Sun, 27 Jun 2021 23:55:01 GMT","inverseRate":0.72836464428705},"lbp":{"code":"LBP","alphaCode":"LBP","numericCode":"422","name":"Lebanese Pound","rate":259.05081999609,"date":"Sun, 27 Jun 2021 23:55:01 GMT","inverseRate":0.0038602464181163},"huf":{"code":"HUF","alphaCode":"HUF","numericCode":"348","name":"Hungarian Forint","rate":50.620937238814,"date":"Sun, 27 Jun 2021 23:55:01 GMT","inverseRate":0.019754671773111},"ngn":{"code":"NGN","alphaCode":"NGN","numericCode":"566","name":"Nigerian Naira","rate":70.519952818709,"date":"Sun, 27 Jun 2021 23:55:01 GMT","inverseRate":0.014180383849246},"irr":{"code":"IRR","alphaCode":"IRR","numericCode":"364","name":"Iranian rial","rate":7207.3961358058,"date":"Sun, 27 Jun 2021 23:55:01 GMT","inverseRate":0.00013874636292462},"ves":{"code":"VES","alphaCode":"VES","numericCode":"928","name":"Venezuelan Bolivar","rate":545714.28571426,"date":"Sun, 27 Jun 2021 23:55:01 GMT","inverseRate":1.8324607329844e-6},"sbd":{"code":"SBD","alphaCode":"SBD","numericCode":"090","name":"Solomon Islands dollar","rate":1.3986646564721,"date":"Sun, 27 Jun 2021 23:55:01 GMT","inverseRate":0.71496766245767},"mwk":{"code":"MWK","alphaCode":"MWK","numericCode":"454","name":"Malawian kwacha","rate":138.17021276595,"date":"Sun, 27 Jun 2021 23:55:01 GMT","inverseRate":0.0072374499538037},"gtq":{"code":"GTQ","alphaCode":"GTQ","numericCode":"320","name":"Guatemalan Quetzal","rate":1.3266598569969,"date":"Sun, 27 Jun 2021 23:55:01 GMT","inverseRate":0.75377271327382},"sek":{"code":"SEK","alphaCode":"SEK","numericCode":"752","name":"Swedish Krona","rate":1.4564998121752,"date":"Sun, 27 Jun 2021 23:55:01 GMT","inverseRate":0.68657750014163},"npr":{"code":"NPR","alphaCode":"NPR","numericCode":"524","name":"Nepalese Rupee","rate":20.398737915917,"date":"Sun, 27 Jun 2021 23:55:01 GMT","inverseRate":0.049022640720323},"isk":{"code":"ISK","alphaCode":"ISK","numericCode":"352","name":"Icelandic Krona","rate":21.170821169087,"date":"Sun, 27 Jun 2021 23:55:01 GMT","inverseRate":0.047234823439922},"gip":{"code":"GIP","alphaCode":"GIP","numericCode":"292","name":"Gibraltar pound","rate":0.12313709523486,"date":"Sun, 27 Jun 2021 23:55:01 GMT","inverseRate":8.1210296384912},"gel":{"code":"GEL","alphaCode":"GEL","numericCode":"981","name":"Georgian lari","rate":0.55721563084491,"date":"Sun, 27 Jun 2021 23:55:01 GMT","inverseRate":1.7946373802969},"mkd":{"code":"MKD","alphaCode":"MKD","numericCode":"807","name":"Macedonian denar","rate":8.8839639935423,"date":"Sun, 27 Jun 2021 23:55:01 GMT","inverseRate":0.11256236526025},"bif":{"code":"BIF","alphaCode":"BIF","numericCode":"108","name":"Burundian franc","rate":339.46680606376,"date":"Sun, 27 Jun 2021 23:55:01 GMT","inverseRate":0.002945796119495},"mmk":{"code":"MMK","alphaCode":"MMK","numericCode":"104","name":"Myanma Kyat","rate":282.34782608694,"date":"Sun, 27 Jun 2021 23:55:01 GMT","inverseRate":0.0035417308284572},"mvr":{"code":"MVR","alphaCode":"MVR","numericCode":"462","name":"Maldivian rufiyaa","rate":2.6516945692118,"date":"Sun, 27 Jun 2021 23:55:01 GMT","inverseRate":0.37711733908225},"kes":{"code":"KES","alphaCode":"KES","numericCode":"404","name":"Kenyan shilling","rate":18.481416130685,"date":"Sun, 27 Jun 2021 23:55:01 GMT","inverseRate":0.05410840776101},"aed":{"code":"AED","alphaCode":"AED","numericCode":"784","name":"U.A.E Dirham","rate":0.63066240281838,"date":"Sun, 27 Jun 2021 23:55:01 GMT","inverseRate":1.5856343988972},"php":{"code":"PHP","alphaCode":"PHP","numericCode":"608","name":"Philippine Peso","rate":8.3438505160541,"date":"Sun, 27 Jun 2021 23:55:01 GMT","inverseRate":0.11984874346394},"ils":{"code":"ILS","alphaCode":"ILS","numericCode":"376","name":"Israeli New Sheqel","rate":0.55866258498847,"date":"Sun, 27 Jun 2021 23:55:01 GMT","inverseRate":1.7899892115035},"mro":{"code":"MRO","alphaCode":"MRO","numericCode":"478","name":"Mauritanian Ouguiya","rate":6.2292463188909,"date":"Sun, 27 Jun 2021 23:55:01 GMT","inverseRate":0.16053306432391},"cop":{"code":"COP","alphaCode":"COP","numericCode":"170","name":"Colombian Peso","rate":646.81633029231,"date":"Sun, 27 Jun 2021 23:55:01 GMT","inverseRate":0.0015460339406522},"bzd":{"code":"BZD","alphaCode":"BZD","numericCode":"084","name":"Belize dollar","rate":0.34575657544457,"date":"Sun, 27 Jun 2021 23:55:01 GMT","inverseRate":2.8922081921774},"gnf":{"code":"GNF","alphaCode":"GNF","numericCode":"324","name":"Guinean franc","rate":1682.383419689,"date":"Sun, 27 Jun 2021 23:55:01 GMT","inverseRate":0.00059439482599325},"sll":{"code":"SLL","alphaCode":"SLL","numericCode":"694","name":"Sierra Leonean leone","rate":1759.8915989159,"date":"Sun, 27 Jun 2021 23:55:01 GMT","inverseRate":0.00056821681552205},"ugx":{"code":"UGX","alphaCode":"UGX","numericCode":"800","name":"Ugandan shilling","rate":613.22001888572,"date":"Sun, 27 Jun 2021 23:55:01 GMT","inverseRate":0.0016307360640592},"cny":{"code":"CNY","alphaCode":"CNY","numericCode":"156","name":"Chinese Yuan","rate":1.1105774233686,"date":"Sun, 27 Jun 2021 23:55:01 GMT","inverseRate":0.90043249480687},"sar":{"code":"SAR","alphaCode":"SAR","numericCode":"682","name":"Saudi Riyal","rate":0.64509801363172,"date":"Sun, 27 Jun 2021 23:55:01 GMT","inverseRate":1.5501520371614},"myr":{"code":"MYR","alphaCode":"MYR","numericCode":"458","name":"Malaysian Ringgit","rate":0.71285219076721,"date":"Sun, 27 Jun 2021 23:55:01 GMT","inverseRate":1.4028153563276},"kzt":{"code":"KZT","alphaCode":"KZT","numericCode":"398","name":"Kazakhstani Tenge","rate":73.330560374684,"date":"Sun, 27 Jun 2021 23:55:01 GMT","inverseRate":0.013636879288669},"bob":{"code":"BOB","alphaCode":"BOB","numericCode":"068","name":"Bolivian Boliviano","rate":1.1822605461773,"date":"Sun, 27 Jun 2021 23:55:01 GMT","inverseRate":0.84583724225033},"gyd":{"code":"GYD","alphaCode":"GYD","numericCode":"328","name":"Guyanese dollar","rate":35.825012412422,"date":"Sun, 27 Jun 2021 23:55:01 GMT","inverseRate":0.02791345857715},"rwf":{"code":"RWF","alphaCode":"RWF","numericCode":"646","name":"Rwandan franc","rate":172.48339973439,"date":"Sun, 27 Jun 2021 23:55:01 GMT","inverseRate":0.0057976593778876},"mzn":{"code":"MZN","alphaCode":"MZN","numericCode":"943","name":"Mozambican metical","rate":10.93265993266,"date":"Sun, 27 Jun 2021 23:55:01 GMT","inverseRate":0.091469048352327},"vuv":{"code":"VUV","alphaCode":"VUV","numericCode":"548","name":"Vanuatu vatu","rate":18.845037724898,"date":"Sun, 27 Jun 2021 23:55:01 GMT","inverseRate":0.053064367108102},"idr":{"code":"IDR","alphaCode":"IDR","numericCode":"360","name":"Indonesian Rupiah","rate":2484.2573005732,"date":"Sun, 27 Jun 2021 23:55:01 GMT","inverseRate":0.00040253479370646},"tnd":{"code":"TND","alphaCode":"TND","numericCode":"788","name":"Tunisian Dinar","rate":0.4704317492008,"date":"Sun, 27 Jun 2021 23:55:01 GMT","inverseRate":2.1257068675719},"xof":{"code":"XOF","alphaCode":"XOF","numericCode":"952","name":"West African CFA Franc","rate":94.559082156429,"date":"Sun, 27 Jun 2021 23:55:01 GMT","inverseRate":0.010575398758056},"tjs":{"code":"TJS","alphaCode":"TJS","numericCode":"972","name":"Tajikistan Ruble","rate":1.9451672053924,"date":"Sun, 27 Jun 2021 23:55:01 GMT","inverseRate":0.51409462242},"afn":{"code":"AFN","alphaCode":"AFN","numericCode":"971","name":"Afghan afghani","rate":13.567608223299,"date":"Sun, 27 Jun 2021 23:55:01 GMT","inverseRate":0.073704958423161},"nad":{"code":"NAD","alphaCode":"NAD","numericCode":"516","name":"Namibian dollar","rate":2.4386030792339,"date":"Sun, 27 Jun 2021 23:55:01 GMT","inverseRate":0.41007083461658},"syp":{"code":"SYP","alphaCode":"SYP","numericCode":"760","name":"Syrian pound","rate":432.93333333331,"date":"Sun, 27 Jun 2021 23:55:01 GMT","inverseRate":0.0023098244533417},"top":{"code":"TOP","alphaCode":"TOP","numericCode":"776","name":"Tongan pa\u02bbanga","rate":0.38001053309145,"date":"Sun, 27 Jun 2021 23:55:01 GMT","inverseRate":2.6315060055436},"kwd":{"code":"KWD","alphaCode":"KWD","numericCode":"414","name":"Kuwaiti Dinar","rate":0.051740112696298,"date":"Sun, 27 Jun 2021 23:55:01 GMT","inverseRate":19.327364164623},"czk":{"code":"CZK","alphaCode":"CZK","numericCode":"203","name":"Czech Koruna","rate":3.6689124558553,"date":"Sun, 27 Jun 2021 23:55:01 GMT","inverseRate":0.27256033280491},"pgk":{"code":"PGK","alphaCode":"PGK","numericCode":"598","name":"Papua New Guinean kina","rate":0.6037609775601,"date":"Sun, 27 Jun 2021 23:55:01 GMT","inverseRate":1.6562845847394},"uah":{"code":"UAH","alphaCode":"UAH","numericCode":"980","name":"Ukrainian Hryvnia","rate":4.7128184694561,"date":"Sun, 27 Jun 2021 23:55:01 GMT","inverseRate":0.21218725195571},"etb":{"code":"ETB","alphaCode":"ETB","numericCode":"230","name":"Ethiopian birr","rate":7.5075144508664,"date":"Sun, 27 Jun 2021 23:55:01 GMT","inverseRate":0.13319987680937},"xcd":{"code":"XCD","alphaCode":"XCD","numericCode":"951","name":"East Caribbean Dollar","rate":0.46478671628972,"date":"Sun, 27 Jun 2021 23:55:01 GMT","inverseRate":2.1515244841392},"lak":{"code":"LAK","alphaCode":"LAK","numericCode":"418","name":"Lao kip","rate":1627.5689223057,"date":"Sun, 27 Jun 2021 23:55:01 GMT","inverseRate":0.00061441330458887},"bwp":{"code":"BWP","alphaCode":"BWP","numericCode":"072","name":"Botswana Pula","rate":1.8644846396785,"date":"Sun, 27 Jun 2021 23:55:01 GMT","inverseRate":0.5363412380659},"nok":{"code":"NOK","alphaCode":"NOK","numericCode":"578","name":"Norwegian Krone","rate":1.4595330997191,"date":"Sun, 27 Jun 2021 23:55:01 GMT","inverseRate":0.68515061439335},"mad":{"code":"MAD","alphaCode":"MAD","numericCode":"504","name":"Moroccan Dirham","rate":1.5196458787829,"date":"Sun, 27 Jun 2021 23:55:01 GMT","inverseRate":0.65804804524651},"ron":{"code":"RON","alphaCode":"RON","numericCode":"946","name":"Romanian New Leu","rate":0.70925459009798,"date":"Sun, 27 Jun 2021 23:55:01 GMT","inverseRate":1.4099309528076},"byn":{"code":"BYN","alphaCode":"BYN","numericCode":"933","name":"Belarussian Ruble","rate":0.43459111522198,"date":"Sun, 27 Jun 2021 23:55:01 GMT","inverseRate":2.3010134468331},"rsd":{"code":"RSD","alphaCode":"RSD","numericCode":"941","name":"Serbian Dinar","rate":16.604511927286,"date":"Sun, 27 Jun 2021 23:55:01 GMT","inverseRate":0.060224594639047},"gmd":{"code":"GMD","alphaCode":"GMD","numericCode":"270","name":"Gambian dalasi","rate":8.9080932784637,"date":"Sun, 27 Jun 2021 23:55:01 GMT","inverseRate":0.1122574684324},"awg":{"code":"AWG","alphaCode":"AWG","numericCode":"533","name":"Aruban florin","rate":0.31048001529928,"date":"Sun, 27 Jun 2021 23:55:01 GMT","inverseRate":3.2208192177395},"aoa":{"code":"AOA","alphaCode":"AOA","numericCode":"973","name":"Angolan kwanza","rate":111.96551724138,"date":"Sun, 27 Jun 2021 23:55:01 GMT","inverseRate":0.0089313212195875},"khr":{"code":"KHR","alphaCode":"KHR","numericCode":"116","name":"Cambodian riel","rate":699.03121636169,"date":"Sun, 27 Jun 2021 23:55:01 GMT","inverseRate":0.0014305512781028},"scr":{"code":"SCR","alphaCode":"SCR","numericCode":"690","name":"Seychelles rupee","rate":2.5708630245447,"date":"Sun, 27 Jun 2021 23:55:01 GMT","inverseRate":0.38897443794272},"bhd":{"code":"BHD","alphaCode":"BHD","numericCode":"048","name":"Bahrain Dinar","rate":0.064740083398197,"date":"Sun, 27 Jun 2021 23:55:01 GMT","inverseRate":15.446381090511},"omr":{"code":"OMR","alphaCode":"OMR","numericCode":"512","name":"Omani Rial","rate":0.06616730041824,"date":"Sun, 27 Jun 2021 23:55:01 GMT","inverseRate":15.11320537001},"rub":{"code":"RUB","alphaCode":"RUB","numericCode":"643","name":"Russian Rouble","rate":12.414859431353,"date":"Sun, 27 Jun 2021 23:55:01 GMT","inverseRate":0.080548636537483},"lyd":{"code":"LYD","alphaCode":"LYD","numericCode":"434","name":"Libyan Dinar","rate":0.76566636545781,"date":"Sun, 27 Jun 2021 23:55:01 GMT","inverseRate":1.3060518851472},"clp":{"code":"CLP","alphaCode":"CLP","numericCode":"152","name":"Chilean Peso","rate":126.24307308244,"date":"Sun, 27 Jun 2021 23:55:01 GMT","inverseRate":0.0079212266905684},"bsd":{"code":"BSD","alphaCode":"BSD","numericCode":"044","name":"Bahamian Dollar","rate":0.17144516605945,"date":"Sun, 27 Jun 2021 23:55:01 GMT","inverseRate":5.8327687095783},"djf":{"code":"DJF","alphaCode":"DJF","numericCode":"262","name":"Djiboutian franc","rate":30.535571542765,"date":"Sun, 27 Jun 2021 23:55:01 GMT","inverseRate":0.032748691099478},"hnl":{"code":"HNL","alphaCode":"HNL","numericCode":"340","name":"Honduran Lempira","rate":4.1101265822783,"date":"Sun, 27 Jun 2021 23:55:01 GMT","inverseRate":0.24330150908532},"tzs":{"code":"TZS","alphaCode":"TZS","numericCode":"834","name":"Tanzanian shilling","rate":397.67299448866,"date":"Sun, 27 Jun 2021 23:55:01 GMT","inverseRate":0.0025146288882046},"bbd":{"code":"BBD","alphaCode":"BBD","numericCode":"052","name":"Barbadian Dollar","rate":0.3442681035846,"date":"Sun, 27 Jun 2021 23:55:01 GMT","inverseRate":2.9047128955247},"bdt":{"code":"BDT","alphaCode":"BDT","numericCode":"050","name":"Bangladeshi taka","rate":14.553631694225,"date":"Sun, 27 Jun 2021 23:55:01 GMT","inverseRate":0.068711371911164},"qar":{"code":"QAR","alphaCode":"QAR","numericCode":"634","name":"Qatari Rial","rate":0.62925887147294,"date":"Sun, 27 Jun 2021 23:55:01 GMT","inverseRate":1.5891710793989},"mxn":{"code":"MXN","alphaCode":"MXN","numericCode":"484","name":"Mexican Peso","rate":3.4054361989041,"date":"Sun, 27 Jun 2021 23:55:01 GMT","inverseRate":0.29364813832713},"amd":{"code":"AMD","alphaCode":"AMD","numericCode":"051","name":"Armenia Dram","rate":89.055441294059,"date":"Sun, 27 Jun 2021 23:55:01 GMT","inverseRate":0.011228960133924},"uyu":{"code":"UYU","alphaCode":"UYU","numericCode":"858","name":"Uruguayan Peso","rate":7.4873327545959,"date":"Sun, 27 Jun 2021 23:55:01 GMT","inverseRate":0.13355890979818},"fjd":{"code":"FJD","alphaCode":"FJD","numericCode":"242","name":"Fiji Dollar","rate":0.35380005448106,"date":"Sun, 27 Jun 2021 23:55:01 GMT","inverseRate":2.8264551894057},"cdf":{"code":"CDF","alphaCode":"CDF","numericCode":"976","name":"Congolese franc","rate":341.07142857142,"date":"Sun, 27 Jun 2021 23:55:01 GMT","inverseRate":0.002931937172775},"lsl":{"code":"LSL","alphaCode":"LSL","numericCode":"426","name":"Lesotho loti","rate":2.4395191585273,"date":"Sun, 27 Jun 2021 23:55:01 GMT","inverseRate":0.40991684631969},"mnt":{"code":"MNT","alphaCode":"MNT","numericCode":"496","name":"Mongolian togrog","rate":489.00602409636,"date":"Sun, 27 Jun 2021 23:55:01 GMT","inverseRate":0.0020449645826918},"brl":{"code":"BRL","alphaCode":"BRL","numericCode":"986","name":"Brazilian Real","rate":0.85976034015671,"date":"Sun, 27 Jun 2021 23:55:01 GMT","inverseRate":1.1631148278109},"hkd":{"code":"HKD","alphaCode":"HKD","numericCode":"344","name":"Hong Kong Dollar","rate":1.3352376212004,"date":"Sun, 27 Jun 2021 23:55:01 GMT","inverseRate":0.74893036574345},"thb":{"code":"THB","alphaCode":"THB","numericCode":"764","name":"Thai Baht","rate":5.4365155795233,"date":"Sun, 27 Jun 2021 23:55:01 GMT","inverseRate":0.18394134724207},"xaf":{"code":"XAF","alphaCode":"XAF","numericCode":"950","name":"Central African CFA Franc","rate":94.639247500986,"date":"Sun, 27 Jun 2021 23:55:01 GMT","inverseRate":0.010566440735801},"mdl":{"code":"MDL","alphaCode":"MDL","numericCode":"498","name":"Moldova Lei","rate":3.0949919159194,"date":"Sun, 27 Jun 2021 23:55:01 GMT","inverseRate":0.32310262099762},"nio":{"code":"NIO","alphaCode":"NIO","numericCode":"558","name":"Nicaraguan C\u00f3rdoba","rate":6.0167859386024,"date":"Sun, 27 Jun 2021 23:55:01 GMT","inverseRate":0.16620169143533},"lrd":{"code":"LRD","alphaCode":"LRD","numericCode":"430","name":"Liberian dollar","rate":29.384615384616,"date":"Sun, 27 Jun 2021 23:55:01 GMT","inverseRate":0.034031413612565},"sdg":{"code":"SDG","alphaCode":"SDG","numericCode":"938","name":"Sudanese pound","rate":75.511627906974,"date":"Sun, 27 Jun 2021 23:55:01 GMT","inverseRate":0.013242993532492},"mru":{"code":"MRU","alphaCode":"MRU","numericCode":"929","name":"Mauritanian ouguiya","rate":6.1965648854959,"date":"Sun, 27 Jun 2021 23:55:01 GMT","inverseRate":0.16137973514014},"dkk":{"code":"DKK","alphaCode":"DKK","numericCode":"208","name":"Danish Krone","rate":1.0707336353267,"date":"Sun, 27 Jun 2021 23:55:01 GMT","inverseRate":0.93393909279305},"jod":{"code":"JOD","alphaCode":"JOD","numericCode":"400","name":"Jordanian Dinar","rate":0.1218820702252,"date":"Sun, 27 Jun 2021 23:55:01 GMT","inverseRate":8.2046522359879},"bgn":{"code":"BGN","alphaCode":"BGN","numericCode":"975","name":"Bulgarian Lev","rate":0.28161477292997,"date":"Sun, 27 Jun 2021 23:55:01 GMT","inverseRate":3.5509500783493},"vnd":{"code":"VND","alphaCode":"VND","numericCode":"704","name":"Vietnamese Dong","rate":3956.836954921,"date":"Sun, 27 Jun 2021 23:55:01 GMT","inverseRate":0.00025272711799669},"uzs":{"code":"UZS","alphaCode":"UZS","numericCode":"860","name":"Uzbekistan Sum","rate":1813.7324690606,"date":"Sun, 27 Jun 2021 23:55:01 GMT","inverseRate":0.00055134922986625},"pab":{"code":"PAB","alphaCode":"PAB","numericCode":"590","name":"Panamanian Balboa","rate":0.17144516605945,"date":"Sun, 27 Jun 2021 23:55:01 GMT","inverseRate":5.8327687095783},"ttd":{"code":"TTD","alphaCode":"TTD","numericCode":"780","name":"Trinidad Tobago Dollar","rate":1.1658886894075,"date":"Sun, 27 Jun 2021 23:55:01 GMT","inverseRate":0.85771481367421},"htg":{"code":"HTG","alphaCode":"HTG","numericCode":"332","name":"Haitian gourde","rate":16.114143920595,"date":"Sun, 27 Jun 2021 23:55:01 GMT","inverseRate":0.062057283646444},"cup":{"code":"CUP","alphaCode":"CUP","numericCode":"192","name":"Cuban peso","rate":0.17144516605945,"date":"Sun, 27 Jun 2021 23:55:01 GMT","inverseRate":5.8327687095783}}