{"usd":{"code":"USD","alphaCode":"USD","numericCode":"840","name":"U.S. Dollar","rate":0.00010225436435402,"date":"Sun, 27 Jun 2021 23:55:01 GMT","inverseRate":9779.5336787565},"eur":{"code":"EUR","alphaCode":"EUR","numericCode":"978","name":"Euro","rate":8.5602108870586e-5,"date":"Sun, 27 Jun 2021 23:55:01 GMT","inverseRate":11681.95519005},"gbp":{"code":"GBP","alphaCode":"GBP","numericCode":"826","name":"U.K. Pound Sterling","rate":7.3529320993699e-5,"date":"Sun, 27 Jun 2021 23:55:01 GMT","inverseRate":13600.016789026},"jpy":{"code":"JPY","alphaCode":"JPY","numericCode":"392","name":"Japanese Yen","rate":0.01132291634677,"date":"Sun, 27 Jun 2021 23:55:01 GMT","inverseRate":88.316469836436},"aud":{"code":"AUD","alphaCode":"AUD","numericCode":"036","name":"Australian Dollar","rate":0.00013459892454805,"date":"Sun, 27 Jun 2021 23:55:01 GMT","inverseRate":7429.4798666313},"chf":{"code":"CHF","alphaCode":"CHF","numericCode":"756","name":"Swiss Franc","rate":9.3768758603126e-5,"date":"Sun, 27 Jun 2021 23:55:01 GMT","inverseRate":10664.532781462},"cad":{"code":"CAD","alphaCode":"CAD","numericCode":"124","name":"Canadian Dollar","rate":0.0001257722863207,"date":"Sun, 27 Jun 2021 23:55:01 GMT","inverseRate":7950.8771705887},"lkr":{"code":"LKR","alphaCode":"LKR","numericCode":"144","name":"Sri Lanka Rupee","rate":0.020318071411216,"date":"Sun, 27 Jun 2021 23:55:01 GMT","inverseRate":49.217269678852},"pln":{"code":"PLN","alphaCode":"PLN","numericCode":"985","name":"Polish Zloty","rate":0.00038609017994906,"date":"Sun, 27 Jun 2021 23:55:01 GMT","inverseRate":2590.0684656935},"pen":{"code":"PEN","alphaCode":"PEN","numericCode":"604","name":"Peruvian Nuevo Sol","rate":0.00040699293533821,"date":"Sun, 27 Jun 2021 23:55:01 GMT","inverseRate":2457.0451061245},"iqd":{"code":"IQD","alphaCode":"IQD","numericCode":"368","name":"Iraqi dinar","rate":0.14889318853593,"date":"Sun, 27 Jun 2021 23:55:01 GMT","inverseRate":6.7162239578116},"svc":{"code":"SVC","alphaCode":"SVC","numericCode":"222","name":"Salvadoran colon","rate":0.00089248554913296,"date":"Sun, 27 Jun 2021 23:55:01 GMT","inverseRate":1120.4663212435},"cve":{"code":"CVE","alphaCode":"CVE","numericCode":"132","name":"Cape Verde escudo","rate":0.0095308641975308,"date":"Sun, 27 Jun 2021 23:55:01 GMT","inverseRate":104.92227979275},"zmw":{"code":"ZMW","alphaCode":"ZMW","numericCode":"967","name":"Zambian kwacha","rate":0.0023031026252984,"date":"Sun, 27 Jun 2021 23:55:01 GMT","inverseRate":434.1968911917},"yer":{"code":"YER","alphaCode":"YER","numericCode":"886","name":"Yemeni rial","rate":0.025641025641026,"date":"Sun, 27 Jun 2021 23:55:01 GMT","inverseRate":39},"dop":{"code":"DOP","alphaCode":"DOP","numericCode":"214","name":"Dominican Peso","rate":0.0058053882685038,"date":"Sun, 27 Jun 2021 23:55:01 GMT","inverseRate":172.25376731912},"nzd":{"code":"NZD","alphaCode":"NZD","numericCode":"554","name":"New Zealand Dollar","rate":0.00014446865997094,"date":"Sun, 27 Jun 2021 23:55:01 GMT","inverseRate":6921.9164917926},"hrk":{"code":"HRK","alphaCode":"HRK","numericCode":"191","name":"Croatian Kuna","rate":0.00064159748334153,"date":"Sun, 27 Jun 2021 23:55:01 GMT","inverseRate":1558.6096048754},"dzd":{"code":"DZD","alphaCode":"DZD","numericCode":"012","name":"Algerian Dinar","rate":0.013616685848773,"date":"Sun, 27 Jun 2021 23:55:01 GMT","inverseRate":73.439309029086},"ars":{"code":"ARS","alphaCode":"ARS","numericCode":"032","name":"Argentine Peso","rate":0.0097497183750783,"date":"Sun, 27 Jun 2021 23:55:01 GMT","inverseRate":102.56706517351},"stn":{"code":"STN","alphaCode":"STN","numericCode":"930","name":"S\u00e3o Tom\u00e9 and Pr\u00edncipe Dobra","rate":0.0021173889193637,"date":"Sun, 27 Jun 2021 23:55:01 GMT","inverseRate":472.27979274611},"xpf":{"code":"XPF","alphaCode":"XPF","numericCode":"953","name":"CFP Franc","rate":0.010200036994953,"date":"Sun, 27 Jun 2021 23:55:01 GMT","inverseRate":98.038860103625},"all":{"code":"ALL","alphaCode":"ALL","numericCode":"008","name":"Albanian lek","rate":0.010472340540981,"date":"Sun, 27 Jun 2021 23:55:01 GMT","inverseRate":95.489637305696},"mur":{"code":"MUR","alphaCode":"MUR","numericCode":"480","name":"Mauritian Rupee","rate":0.004186550976139,"date":"Sun, 27 Jun 2021 23:55:01 GMT","inverseRate":238.86010362693},"sos":{"code":"SOS","alphaCode":"SOS","numericCode":"706","name":"Somali shilling","rate":0.05897631779985,"date":"Sun, 27 Jun 2021 23:55:01 GMT","inverseRate":16.955958549222},"ang":{"code":"ANG","alphaCode":"ANG","numericCode":"532","name":"Neth. Antillean Guilder","rate":0.00018184990623807,"date":"Sun, 27 Jun 2021 23:55:01 GMT","inverseRate":5499.0405037155},"pkr":{"code":"PKR","alphaCode":"PKR","numericCode":"586","name":"Pakistani Rupee","rate":0.015813552467747,"date":"Sun, 27 Jun 2021 23:55:01 GMT","inverseRate":63.236897720459},"krw":{"code":"KRW","alphaCode":"KRW","numericCode":"410","name":"South Korean Won","rate":0.11526141734205,"date":"Sun, 27 Jun 2021 23:55:01 GMT","inverseRate":8.675930099249},"azn":{"code":"AZN","alphaCode":"AZN","numericCode":"944","name":"Azerbaijan Manat","rate":0.00017333029556251,"date":"Sun, 27 Jun 2021 23:55:01 GMT","inverseRate":5769.3318802387},"pyg":{"code":"PYG","alphaCode":"PYG","numericCode":"600","name":"Paraguayan Guaran\u00ed","rate":0.69313800722477,"date":"Sun, 27 Jun 2021 23:55:01 GMT","inverseRate":1.4427141342369},"bnd":{"code":"BND","alphaCode":"BND","numericCode":"096","name":"Brunei Dollar","rate":0.00013722980659841,"date":"Sun, 27 Jun 2021 23:55:01 GMT","inverseRate":7287.0466321242},"kmf":{"code":"KMF","alphaCode":"KMF","numericCode":"174","name":"\tComoro franc","rate":0.042259689073791,"date":"Sun, 27 Jun 2021 23:55:01 GMT","inverseRate":23.663212435233},"szl":{"code":"SZL","alphaCode":"SZL","numericCode":"748","name":"Swazi lilangeni","rate":0.0014494930529478,"date":"Sun, 27 Jun 2021 23:55:01 GMT","inverseRate":689.89637305698},"wst":{"code":"WST","alphaCode":"WST","numericCode":"882","name":"Samoan tala","rate":0.00025918216611831,"date":"Sun, 27 Jun 2021 23:55:01 GMT","inverseRate":3858.2901554404},"egp":{"code":"EGP","alphaCode":"EGP","numericCode":"818","name":"Egyptian Pound","rate":0.0016030252747724,"date":"Sun, 27 Jun 2021 23:55:01 GMT","inverseRate":623.82048227028},"sgd":{"code":"SGD","alphaCode":"SGD","numericCode":"702","name":"Singapore Dollar","rate":0.00013720827712957,"date":"Sun, 27 Jun 2021 23:55:01 GMT","inverseRate":7288.1900488821},"zar":{"code":"ZAR","alphaCode":"ZAR","numericCode":"710","name":"South African Rand","rate":0.0014415482886571,"date":"Sun, 27 Jun 2021 23:55:01 GMT","inverseRate":693.6985794153},"kgs":{"code":"KGS","alphaCode":"KGS","numericCode":"417","name":"Kyrgyzstan Som","rate":0.0085464282481507,"date":"Sun, 27 Jun 2021 23:55:01 GMT","inverseRate":117.00794425044},"crc":{"code":"CRC","alphaCode":"CRC","numericCode":"188","name":"Costa Rican Col\u00f3n","rate":0.063156040009991,"date":"Sun, 27 Jun 2021 23:55:01 GMT","inverseRate":15.833798316706},"jmd":{"code":"JMD","alphaCode":"JMD","numericCode":"388","name":"Jamaican Dollar","rate":0.015256916996048,"date":"Sun, 27 Jun 2021 23:55:01 GMT","inverseRate":65.544041450776},"ssp":{"code":"SSP","alphaCode":"SSP","numericCode":"728","name":"South Sudanese pound","rate":0.018133984778728,"date":"Sun, 27 Jun 2021 23:55:01 GMT","inverseRate":55.145077720206},"ern":{"code":"ERN","alphaCode":"ERN","numericCode":"232","name":"Eritrean nakfa","rate":0.0015372361608921,"date":"Sun, 27 Jun 2021 23:55:01 GMT","inverseRate":650.518134715},"bam":{"code":"BAM","alphaCode":"BAM","numericCode":"977","name":"Bosnia and Herzegovina convertible mark","rate":0.00016880220404951,"date":"Sun, 27 Jun 2021 23:55:01 GMT","inverseRate":5924.0932642485},"inr":{"code":"INR","alphaCode":"INR","numericCode":"356","name":"Indian Rupee","rate":0.0075859874779026,"date":"Sun, 27 Jun 2021 23:55:01 GMT","inverseRate":131.82199455416},"try":{"code":"TRY","alphaCode":"TRY","numericCode":"949","name":"Turkish Lira","rate":0.00089075192703182,"date":"Sun, 27 Jun 2021 23:55:01 GMT","inverseRate":1122.6470239949},"twd":{"code":"TWD","alphaCode":"TWD","numericCode":"901","name":"New Taiwan Dollar ","rate":0.0028527299068188,"date":"Sun, 27 Jun 2021 23:55:01 GMT","inverseRate":350.54142265966},"tmt":{"code":"TMT","alphaCode":"TMT","numericCode":"934","name":"New Turkmenistan Manat","rate":0.00035696610294795,"date":"Sun, 27 Jun 2021 23:55:01 GMT","inverseRate":2801.3864390531},"mga":{"code":"MGA","alphaCode":"MGA","numericCode":"969","name":"Malagasy ariary","rate":0.38600000000001,"date":"Sun, 27 Jun 2021 23:55:01 GMT","inverseRate":2.5906735751295},"srd":{"code":"SRD","alphaCode":"SRD","numericCode":"968","name":"Surinamese dollar","rate":0.0021220450797141,"date":"Sun, 27 Jun 2021 23:55:01 GMT","inverseRate":471.24352331606},"ghs":{"code":"GHS","alphaCode":"GHS","numericCode":"936","name":"Ghanaian Cedi","rate":0.00059439482599325,"date":"Sun, 27 Jun 2021 23:55:01 GMT","inverseRate":1682.383419689},"mop":{"code":"MOP","alphaCode":"MOP","numericCode":"446","name":"Macanese pataca","rate":0.00081606765327697,"date":"Sun, 27 Jun 2021 23:55:01 GMT","inverseRate":1225.3886010362},"lbp":{"code":"LBP","alphaCode":"LBP","numericCode":"422","name":"Lebanese Pound","rate":0.15397846707498,"date":"Sun, 27 Jun 2021 23:55:01 GMT","inverseRate":6.494414569753},"huf":{"code":"HUF","alphaCode":"HUF","numericCode":"348","name":"Hungarian Forint","rate":0.03008882318168,"date":"Sun, 27 Jun 2021 23:55:01 GMT","inverseRate":33.23493225248},"ngn":{"code":"NGN","alphaCode":"NGN","numericCode":"566","name":"Nigerian Naira","rate":0.041916695084729,"date":"Sun, 27 Jun 2021 23:55:01 GMT","inverseRate":23.856842672798},"irr":{"code":"IRR","alphaCode":"IRR","numericCode":"364","name":"Iranian rial","rate":4.2840389720067,"date":"Sun, 27 Jun 2021 23:55:01 GMT","inverseRate":0.23342458052654},"ves":{"code":"VES","alphaCode":"VES","numericCode":"928","name":"Venezuelan Bolivar","rate":324.36974789916,"date":"Sun, 27 Jun 2021 23:55:01 GMT","inverseRate":0.0030829015544041},"sbd":{"code":"SBD","alphaCode":"SBD","numericCode":"090","name":"Solomon Islands dollar","rate":0.00083135903510663,"date":"Sun, 27 Jun 2021 23:55:01 GMT","inverseRate":1202.8497409326},"mwk":{"code":"MWK","alphaCode":"MWK","numericCode":"454","name":"Malawian kwacha","rate":0.082127659574469,"date":"Sun, 27 Jun 2021 23:55:01 GMT","inverseRate":12.176165803109},"gtq":{"code":"GTQ","alphaCode":"GTQ","numericCode":"320","name":"Guatemalan Quetzal","rate":0.0007885597548519,"date":"Sun, 27 Jun 2021 23:55:01 GMT","inverseRate":1268.1347150259},"sek":{"code":"SEK","alphaCode":"SEK","numericCode":"752","name":"Swedish Krona","rate":0.00086573595241707,"date":"Sun, 27 Jun 2021 23:55:01 GMT","inverseRate":1155.0866025698},"npr":{"code":"NPR","alphaCode":"NPR","numericCode":"524","name":"Nepalese Rupee","rate":0.012124904274013,"date":"Sun, 27 Jun 2021 23:55:01 GMT","inverseRate":82.474877937244},"isk":{"code":"ISK","alphaCode":"ISK","numericCode":"352","name":"Icelandic Krona","rate":0.012583826564934,"date":"Sun, 27 Jun 2021 23:55:01 GMT","inverseRate":79.467083787265},"gip":{"code":"GIP","alphaCode":"GIP","numericCode":"292","name":"Gibraltar pound","rate":7.3192052295438e-5,"date":"Sun, 27 Jun 2021 23:55:01 GMT","inverseRate":13662.685614601},"gel":{"code":"GEL","alphaCode":"GEL","numericCode":"981","name":"Georgian lari","rate":0.00033120608793678,"date":"Sun, 27 Jun 2021 23:55:01 GMT","inverseRate":3019.2681729657},"mkd":{"code":"MKD","alphaCode":"MKD","numericCode":"807","name":"Macedonian denar","rate":0.0052805822320719,"date":"Sun, 27 Jun 2021 23:55:01 GMT","inverseRate":189.37305699482},"bif":{"code":"BIF","alphaCode":"BIF","numericCode":"108","name":"Burundian franc","rate":0.20177731312075,"date":"Sun, 27 Jun 2021 23:55:01 GMT","inverseRate":4.9559585492228},"mmk":{"code":"MMK","alphaCode":"MMK","numericCode":"104","name":"Myanma Kyat","rate":0.16782608695652,"date":"Sun, 27 Jun 2021 23:55:01 GMT","inverseRate":5.958549222798},"mvr":{"code":"MVR","alphaCode":"MVR","numericCode":"462","name":"Maldivian rufiyaa","rate":0.0015761535320539,"date":"Sun, 27 Jun 2021 23:55:01 GMT","inverseRate":634.45595854923},"kes":{"code":"KES","alphaCode":"KES","numericCode":"404","name":"Kenyan shilling","rate":0.010985258125107,"date":"Sun, 27 Jun 2021 23:55:01 GMT","inverseRate":91.031088082897},"aed":{"code":"AED","alphaCode":"AED","numericCode":"784","name":"U.A.E Dirham","rate":0.00037486246918372,"date":"Sun, 27 Jun 2021 23:55:01 GMT","inverseRate":2667.6450223933},"php":{"code":"PHP","alphaCode":"PHP","numericCode":"608","name":"Philippine Peso","rate":0.0049595415756037,"date":"Sun, 27 Jun 2021 23:55:01 GMT","inverseRate":201.63153887429},"ils":{"code":"ILS","alphaCode":"ILS","numericCode":"376","name":"Israeli New Sheqel","rate":0.00033206614999316,"date":"Sun, 27 Jun 2021 23:55:01 GMT","inverseRate":3011.4481708557},"mro":{"code":"MRO","alphaCode":"MRO","numericCode":"478","name":"Mauritanian Ouguiya","rate":0.0037026317817863,"date":"Sun, 27 Jun 2021 23:55:01 GMT","inverseRate":270.07816573042},"cop":{"code":"COP","alphaCode":"COP","numericCode":"170","name":"Colombian Peso","rate":0.38446428009369,"date":"Sun, 27 Jun 2021 23:55:01 GMT","inverseRate":2.6010218680298},"bzd":{"code":"BZD","alphaCode":"BZD","numericCode":"084","name":"Belize dollar","rate":0.0002055159194974,"date":"Sun, 27 Jun 2021 23:55:01 GMT","inverseRate":4865.8031088082},"sll":{"code":"SLL","alphaCode":"SLL","numericCode":"694","name":"Sierra Leonean leone","rate":1.0460704607046,"date":"Sun, 27 Jun 2021 23:55:01 GMT","inverseRate":0.9559585492228},"ugx":{"code":"UGX","alphaCode":"UGX","numericCode":"800","name":"Ugandan shilling","rate":0.36449480642115,"date":"Sun, 27 Jun 2021 23:55:01 GMT","inverseRate":2.7435233160622},"cny":{"code":"CNY","alphaCode":"CNY","numericCode":"156","name":"Chinese Yuan","rate":0.00066012147431523,"date":"Sun, 27 Jun 2021 23:55:01 GMT","inverseRate":1514.8726998123},"sar":{"code":"SAR","alphaCode":"SAR","numericCode":"682","name":"Saudi Riyal","rate":0.00038344292156122,"date":"Sun, 27 Jun 2021 23:55:01 GMT","inverseRate":2607.9500853176},"myr":{"code":"MYR","alphaCode":"MYR","numericCode":"458","name":"Malaysian Ringgit","rate":0.00042371565388998,"date":"Sun, 27 Jun 2021 23:55:01 GMT","inverseRate":2360.0732963707},"kzt":{"code":"KZT","alphaCode":"KZT","numericCode":"398","name":"Kazakhstani Tenge","rate":0.043587305673898,"date":"Sun, 27 Jun 2021 23:55:01 GMT","inverseRate":22.942459611557},"bob":{"code":"BOB","alphaCode":"BOB","numericCode":"068","name":"Bolivian Boliviano","rate":0.00070272955162376,"date":"Sun, 27 Jun 2021 23:55:01 GMT","inverseRate":1423.0225521175},"gyd":{"code":"GYD","alphaCode":"GYD","numericCode":"328","name":"Guyanese dollar","rate":0.021294202019087,"date":"Sun, 27 Jun 2021 23:55:01 GMT","inverseRate":46.961139896373},"rwf":{"code":"RWF","alphaCode":"RWF","numericCode":"646","name":"Rwandan franc","rate":0.10252324037184,"date":"Sun, 27 Jun 2021 23:55:01 GMT","inverseRate":9.7538860103628},"mzn":{"code":"MZN","alphaCode":"MZN","numericCode":"943","name":"Mozambican metical","rate":0.0064983164983167,"date":"Sun, 27 Jun 2021 23:55:01 GMT","inverseRate":153.88601036269},"vuv":{"code":"VUV","alphaCode":"VUV","numericCode":"548","name":"Vanuatu vatu","rate":0.011201392919327,"date":"Sun, 27 Jun 2021 23:55:01 GMT","inverseRate":89.274611398964},"idr":{"code":"IDR","alphaCode":"IDR","numericCode":"360","name":"Indonesian Rupiah","rate":1.4766296858967,"date":"Sun, 27 Jun 2021 23:55:01 GMT","inverseRate":0.6772178627797},"tnd":{"code":"TND","alphaCode":"TND","numericCode":"788","name":"Tunisian Dinar","rate":0.00027962219770791,"date":"Sun, 27 Jun 2021 23:55:01 GMT","inverseRate":3576.2539891221},"xof":{"code":"XOF","alphaCode":"XOF","numericCode":"952","name":"West African CFA Franc","rate":0.056205429184452,"date":"Sun, 27 Jun 2021 23:55:01 GMT","inverseRate":17.791875527153},"tjs":{"code":"TJS","alphaCode":"TJS","numericCode":"972","name":"Tajikistan Ruble","rate":0.001156197322577,"date":"Sun, 27 Jun 2021 23:55:01 GMT","inverseRate":864.90426891072},"afn":{"code":"AFN","alphaCode":"AFN","numericCode":"971","name":"Afghan afghani","rate":0.0080645161290325,"date":"Sun, 27 Jun 2021 23:55:01 GMT","inverseRate":124},"nad":{"code":"NAD","alphaCode":"NAD","numericCode":"516","name":"Namibian dollar","rate":0.0014494930529478,"date":"Sun, 27 Jun 2021 23:55:01 GMT","inverseRate":689.89637305698},"syp":{"code":"SYP","alphaCode":"SYP","numericCode":"760","name":"Syrian pound","rate":0.25733333333333,"date":"Sun, 27 Jun 2021 23:55:01 GMT","inverseRate":3.8860103626943},"top":{"code":"TOP","alphaCode":"TOP","numericCode":"776","name":"Tongan pa\u02bbanga","rate":0.0002258762946925,"date":"Sun, 27 Jun 2021 23:55:01 GMT","inverseRate":4427.2020725388},"kwd":{"code":"KWD","alphaCode":"KWD","numericCode":"414","name":"Kuwaiti Dinar","rate":3.0754055282987e-5,"date":"Sun, 27 Jun 2021 23:55:01 GMT","inverseRate":32516.037016855},"czk":{"code":"CZK","alphaCode":"CZK","numericCode":"203","name":"Czech Koruna","rate":0.0021807825807826,"date":"Sun, 27 Jun 2021 23:55:01 GMT","inverseRate":458.5509847759},"pgk":{"code":"PGK","alphaCode":"PGK","numericCode":"598","name":"Papua New Guinean kina","rate":0.00035887240119835,"date":"Sun, 27 Jun 2021 23:55:01 GMT","inverseRate":2786.5057236522},"uah":{"code":"UAH","alphaCode":"UAH","numericCode":"980","name":"Ukrainian Hryvnia","rate":0.0028012749140901,"date":"Sun, 27 Jun 2021 23:55:01 GMT","inverseRate":356.98031455967},"etb":{"code":"ETB","alphaCode":"ETB","numericCode":"230","name":"Ethiopian birr","rate":0.0044624277456646,"date":"Sun, 27 Jun 2021 23:55:01 GMT","inverseRate":224.09326424871},"xcd":{"code":"XCD","alphaCode":"XCD","numericCode":"951","name":"East Caribbean Dollar","rate":0.000276266819353,"date":"Sun, 27 Jun 2021 23:55:01 GMT","inverseRate":3619.6891191709},"lak":{"code":"LAK","alphaCode":"LAK","numericCode":"418","name":"Lao kip","rate":0.96741854636592,"date":"Sun, 27 Jun 2021 23:55:01 GMT","inverseRate":1.0336787564767},"bwp":{"code":"BWP","alphaCode":"BWP","numericCode":"072","name":"Botswana Pula","rate":0.0011082400229688,"date":"Sun, 27 Jun 2021 23:55:01 GMT","inverseRate":902.33160621756},"nok":{"code":"NOK","alphaCode":"NOK","numericCode":"578","name":"Norwegian Krone","rate":0.00086753892283895,"date":"Sun, 27 Jun 2021 23:55:01 GMT","inverseRate":1152.6860336451},"mad":{"code":"MAD","alphaCode":"MAD","numericCode":"504","name":"Moroccan Dirham","rate":0.00090326964769051,"date":"Sun, 27 Jun 2021 23:55:01 GMT","inverseRate":1107.0891206815},"ron":{"code":"RON","alphaCode":"RON","numericCode":"946","name":"Romanian New Leu","rate":0.00042157725866621,"date":"Sun, 27 Jun 2021 23:55:01 GMT","inverseRate":2372.0444579098},"byn":{"code":"BYN","alphaCode":"BYN","numericCode":"933","name":"Belarussian Ruble","rate":0.00025831871031058,"date":"Sun, 27 Jun 2021 23:55:01 GMT","inverseRate":3871.1868714336},"rsd":{"code":"RSD","alphaCode":"RSD","numericCode":"941","name":"Serbian Dinar","rate":0.0098696359777219,"date":"Sun, 27 Jun 2021 23:55:01 GMT","inverseRate":101.32085947823},"gmd":{"code":"GMD","alphaCode":"GMD","numericCode":"270","name":"Gambian dalasi","rate":0.0052949245541841,"date":"Sun, 27 Jun 2021 23:55:01 GMT","inverseRate":188.86010362693},"awg":{"code":"AWG","alphaCode":"AWG","numericCode":"533","name":"Aruban florin","rate":0.0001845477146682,"date":"Sun, 27 Jun 2021 23:55:01 GMT","inverseRate":5418.6528497409},"aoa":{"code":"AOA","alphaCode":"AOA","numericCode":"973","name":"Angolan kwanza","rate":0.066551724137932,"date":"Sun, 27 Jun 2021 23:55:01 GMT","inverseRate":15.025906735751},"khr":{"code":"KHR","alphaCode":"KHR","numericCode":"116","name":"Cambodian riel","rate":0.41550053821315,"date":"Sun, 27 Jun 2021 23:55:01 GMT","inverseRate":2.4067357512952},"scr":{"code":"SCR","alphaCode":"SCR","numericCode":"690","name":"Seychelles rupee","rate":0.0015281076801267,"date":"Sun, 27 Jun 2021 23:55:01 GMT","inverseRate":654.40414507769},"bhd":{"code":"BHD","alphaCode":"BHD","numericCode":"048","name":"Bahrain Dinar","rate":3.848117060626e-5,"date":"Sun, 27 Jun 2021 23:55:01 GMT","inverseRate":25986.735440874},"omr":{"code":"OMR","alphaCode":"OMR","numericCode":"512","name":"Omani Rial","rate":3.9329501018543e-5,"date":"Sun, 27 Jun 2021 23:55:01 GMT","inverseRate":25426.20613286},"rub":{"code":"RUB","alphaCode":"RUB","numericCode":"643","name":"Russian Rouble","rate":0.0073793282114297,"date":"Sun, 27 Jun 2021 23:55:01 GMT","inverseRate":135.51369058922},"lyd":{"code":"LYD","alphaCode":"LYD","numericCode":"434","name":"Libyan Dinar","rate":0.00045510812606518,"date":"Sun, 27 Jun 2021 23:55:01 GMT","inverseRate":2197.2800368253},"clp":{"code":"CLP","alphaCode":"CLP","numericCode":"152","name":"Chilean Peso","rate":0.07503822945769,"date":"Sun, 27 Jun 2021 23:55:01 GMT","inverseRate":13.326540447811},"bsd":{"code":"BSD","alphaCode":"BSD","numericCode":"044","name":"Bahamian Dollar","rate":0.00010190611964729,"date":"Sun, 27 Jun 2021 23:55:01 GMT","inverseRate":9812.9533678755},"djf":{"code":"DJF","alphaCode":"DJF","numericCode":"262","name":"Djiboutian franc","rate":0.018150185733766,"date":"Sun, 27 Jun 2021 23:55:01 GMT","inverseRate":55.09585492228},"hnl":{"code":"HNL","alphaCode":"HNL","numericCode":"340","name":"Honduran Lempira","rate":0.0024430379746836,"date":"Sun, 27 Jun 2021 23:55:01 GMT","inverseRate":409.32642487046},"tzs":{"code":"TZS","alphaCode":"TZS","numericCode":"834","name":"Tanzanian shilling","rate":0.2363747703613,"date":"Sun, 27 Jun 2021 23:55:01 GMT","inverseRate":4.2305699481864},"bbd":{"code":"BBD","alphaCode":"BBD","numericCode":"052","name":"Barbadian Dollar","rate":0.00020463117952519,"date":"Sun, 27 Jun 2021 23:55:01 GMT","inverseRate":4886.8408143876},"bdt":{"code":"BDT","alphaCode":"BDT","numericCode":"050","name":"Bangladeshi taka","rate":0.0086506033784587,"date":"Sun, 27 Jun 2021 23:55:01 GMT","inverseRate":115.59887284743},"qar":{"code":"QAR","alphaCode":"QAR","numericCode":"634","name":"Qatari Rial","rate":0.00037402821741387,"date":"Sun, 27 Jun 2021 23:55:01 GMT","inverseRate":2673.5950750301},"mxn":{"code":"MXN","alphaCode":"MXN","numericCode":"484","name":"Mexican Peso","rate":0.0020241736568787,"date":"Sun, 27 Jun 2021 23:55:01 GMT","inverseRate":494.02875914412},"amd":{"code":"AMD","alphaCode":"AMD","numericCode":"051","name":"Armenia Dram","rate":0.052934093531734,"date":"Sun, 27 Jun 2021 23:55:01 GMT","inverseRate":18.891416349663},"uyu":{"code":"UYU","alphaCode":"UYU","numericCode":"858","name":"Uruguayan Peso","rate":0.0044504318498216,"date":"Sun, 27 Jun 2021 23:55:01 GMT","inverseRate":224.69729539619},"fjd":{"code":"FJD","alphaCode":"FJD","numericCode":"242","name":"Fiji Dollar","rate":0.00021029692181967,"date":"Sun, 27 Jun 2021 23:55:01 GMT","inverseRate":4755.1813471502},"cdf":{"code":"CDF","alphaCode":"CDF","numericCode":"976","name":"Congolese franc","rate":0.20273109243698,"date":"Sun, 27 Jun 2021 23:55:01 GMT","inverseRate":4.9326424870466},"lsl":{"code":"LSL","alphaCode":"LSL","numericCode":"426","name":"Lesotho loti","rate":0.0014500375657401,"date":"Sun, 27 Jun 2021 23:55:01 GMT","inverseRate":689.63730569948},"mnt":{"code":"MNT","alphaCode":"MNT","numericCode":"496","name":"Mongolian togrog","rate":0.29066265060241,"date":"Sun, 27 Jun 2021 23:55:01 GMT","inverseRate":3.440414507772},"brl":{"code":"BRL","alphaCode":"BRL","numericCode":"986","name":"Brazilian Real","rate":0.00051103709778334,"date":"Sun, 27 Jun 2021 23:55:01 GMT","inverseRate":1956.8051015035},"hkd":{"code":"HKD","alphaCode":"HKD","numericCode":"344","name":"Hong Kong Dollar","rate":0.00079365833351303,"date":"Sun, 27 Jun 2021 23:55:01 GMT","inverseRate":1259.9880298284},"thb":{"code":"THB","alphaCode":"THB","numericCode":"764","name":"Thai Baht","rate":0.0032314367319003,"date":"Sun, 27 Jun 2021 23:55:01 GMT","inverseRate":309.45987279532},"xaf":{"code":"XAF","alphaCode":"XAF","numericCode":"950","name":"Central African CFA Franc","rate":0.056253079050481,"date":"Sun, 27 Jun 2021 23:55:01 GMT","inverseRate":17.776804699039},"mdl":{"code":"MDL","alphaCode":"MDL","numericCode":"498","name":"Moldova Lei","rate":0.0018396471813134,"date":"Sun, 27 Jun 2021 23:55:01 GMT","inverseRate":543.58249242447},"nio":{"code":"NIO","alphaCode":"NIO","numericCode":"558","name":"Nicaraguan C\u00f3rdoba","rate":0.0035763464310142,"date":"Sun, 27 Jun 2021 23:55:01 GMT","inverseRate":279.61496999507},"lrd":{"code":"LRD","alphaCode":"LRD","numericCode":"430","name":"Liberian dollar","rate":0.017466063348417,"date":"Sun, 27 Jun 2021 23:55:01 GMT","inverseRate":57.25388601036},"sdg":{"code":"SDG","alphaCode":"SDG","numericCode":"938","name":"Sudanese pound","rate":0.044883720930233,"date":"Sun, 27 Jun 2021 23:55:01 GMT","inverseRate":22.279792746114},"mru":{"code":"MRU","alphaCode":"MRU","numericCode":"929","name":"Mauritanian ouguiya","rate":0.0036832061068702,"date":"Sun, 27 Jun 2021 23:55:01 GMT","inverseRate":271.50259067358},"dkk":{"code":"DKK","alphaCode":"DKK","numericCode":"208","name":"Danish Krone","rate":0.00063643853285512,"date":"Sun, 27 Jun 2021 23:55:01 GMT","inverseRate":1571.2436447145},"jod":{"code":"JOD","alphaCode":"JOD","numericCode":"400","name":"Jordanian Dinar","rate":7.2446071923203e-5,"date":"Sun, 27 Jun 2021 23:55:01 GMT","inverseRate":13803.370886141},"bgn":{"code":"BGN","alphaCode":"BGN","numericCode":"975","name":"Bulgarian Lev","rate":0.00016739036395284,"date":"Sun, 27 Jun 2021 23:55:01 GMT","inverseRate":5974.0595359584},"vnd":{"code":"VND","alphaCode":"VND","numericCode":"704","name":"Vietnamese Dong","rate":2.351923413304,"date":"Sun, 27 Jun 2021 23:55:01 GMT","inverseRate":0.42518391302343},"uzs":{"code":"UZS","alphaCode":"UZS","numericCode":"860","name":"Uzbekistan Sum","rate":1.0780731953456,"date":"Sun, 27 Jun 2021 23:55:01 GMT","inverseRate":0.92758080278531},"pab":{"code":"PAB","alphaCode":"PAB","numericCode":"590","name":"Panamanian Balboa","rate":0.00010190611964729,"date":"Sun, 27 Jun 2021 23:55:01 GMT","inverseRate":9812.9533678755},"ttd":{"code":"TTD","alphaCode":"TTD","numericCode":"780","name":"Trinidad Tobago Dollar","rate":0.00069299820466786,"date":"Sun, 27 Jun 2021 23:55:01 GMT","inverseRate":1443.0051813472},"htg":{"code":"HTG","alphaCode":"HTG","numericCode":"332","name":"Haitian gourde","rate":0.0095781637717124,"date":"Sun, 27 Jun 2021 23:55:01 GMT","inverseRate":104.40414507772},"cup":{"code":"CUP","alphaCode":"CUP","numericCode":"192","name":"Cuban peso","rate":0.00010190611964729,"date":"Sun, 27 Jun 2021 23:55:01 GMT","inverseRate":9812.9533678755}}