{"usd":{"code":"USD","alphaCode":"USD","numericCode":"840","name":"U.S. Dollar","rate":0.12967230920024,"date":"Sun, 27 Jun 2021 23:55:01 GMT","inverseRate":7.7117466802861},"eur":{"code":"EUR","alphaCode":"EUR","numericCode":"978","name":"Euro","rate":0.10855500593822,"date":"Sun, 27 Jun 2021 23:55:01 GMT","inverseRate":9.2119197208569},"gbp":{"code":"GBP","alphaCode":"GBP","numericCode":"826","name":"U.K. Pound Sterling","rate":0.093245084524392,"date":"Sun, 27 Jun 2021 23:55:01 GMT","inverseRate":10.724425905136},"jpy":{"code":"JPY","alphaCode":"JPY","numericCode":"392","name":"Japanese Yen","rate":14.358983294673,"date":"Sun, 27 Jun 2021 23:55:01 GMT","inverseRate":0.069642813803605},"aud":{"code":"AUD","alphaCode":"AUD","numericCode":"036","name":"Australian Dollar","rate":0.17068956882454,"date":"Sun, 27 Jun 2021 23:55:01 GMT","inverseRate":5.8585888223079},"chf":{"code":"CHF","alphaCode":"CHF","numericCode":"756","name":"Swiss Franc","rate":0.11891141796951,"date":"Sun, 27 Jun 2021 23:55:01 GMT","inverseRate":8.4096213557594},"cad":{"code":"CAD","alphaCode":"CAD","numericCode":"124","name":"Canadian Dollar","rate":0.15949620247146,"date":"Sun, 27 Jun 2021 23:55:01 GMT","inverseRate":6.2697417524969},"lkr":{"code":"LKR","alphaCode":"LKR","numericCode":"144","name":"Sri Lanka Rupee","rate":25.766051698939,"date":"Sun, 27 Jun 2021 23:55:01 GMT","inverseRate":0.038810758112435},"pln":{"code":"PLN","alphaCode":"PLN","numericCode":"985","name":"Polish Zloty","rate":0.489614360324,"date":"Sun, 27 Jun 2021 23:55:01 GMT","inverseRate":2.0424237543569},"pen":{"code":"PEN","alphaCode":"PEN","numericCode":"604","name":"Peruvian Nuevo Sol","rate":0.51612187007267,"date":"Sun, 27 Jun 2021 23:55:01 GMT","inverseRate":1.9375268865456},"iqd":{"code":"IQD","alphaCode":"IQD","numericCode":"368","name":"Iraqi dinar","rate":188.81662121331,"date":"Sun, 27 Jun 2021 23:55:01 GMT","inverseRate":0.0052961439177024},"svc":{"code":"SVC","alphaCode":"SVC","numericCode":"222","name":"Salvadoran colon","rate":1.1317919075145,"date":"Sun, 27 Jun 2021 23:55:01 GMT","inverseRate":0.88355464759959},"cve":{"code":"CVE","alphaCode":"CVE","numericCode":"132","name":"Cape Verde escudo","rate":12.086419753086,"date":"Sun, 27 Jun 2021 23:55:01 GMT","inverseRate":0.082737487231871},"zmw":{"code":"ZMW","alphaCode":"ZMW","numericCode":"967","name":"Zambian kwacha","rate":2.9206443914081,"date":"Sun, 27 Jun 2021 23:55:01 GMT","inverseRate":0.34239019407558},"yer":{"code":"YER","alphaCode":"YER","numericCode":"886","name":"Yemeni rial","rate":32.516274744254,"date":"Sun, 27 Jun 2021 23:55:01 GMT","inverseRate":0.030753830439224},"dop":{"code":"DOP","alphaCode":"DOP","numericCode":"214","name":"Dominican Peso","rate":7.3620143974938,"date":"Sun, 27 Jun 2021 23:55:01 GMT","inverseRate":0.13583238852948},"nzd":{"code":"NZD","alphaCode":"NZD","numericCode":"554","name":"New Zealand Dollar","rate":0.18320572294242,"date":"Sun, 27 Jun 2021 23:55:01 GMT","inverseRate":5.4583447718732},"hrk":{"code":"HRK","alphaCode":"HRK","numericCode":"191","name":"Croatian Kuna","rate":0.81363204169864,"date":"Sun, 27 Jun 2021 23:55:01 GMT","inverseRate":1.2290568079304},"dzd":{"code":"DZD","alphaCode":"DZD","numericCode":"012","name":"Algerian Dinar","rate":17.267792028431,"date":"Sun, 27 Jun 2021 23:55:01 GMT","inverseRate":0.057911283524469},"ars":{"code":"ARS","alphaCode":"ARS","numericCode":"032","name":"Argentine Peso","rate":12.363956333163,"date":"Sun, 27 Jun 2021 23:55:01 GMT","inverseRate":0.0808802597691},"stn":{"code":"STN","alphaCode":"STN","numericCode":"930","name":"S\u00e3o Tom\u00e9 and Pr\u00edncipe Dobra","rate":2.6851343938563,"date":"Sun, 27 Jun 2021 23:55:01 GMT","inverseRate":0.37242083758938},"xpf":{"code":"XPF","alphaCode":"XPF","numericCode":"953","name":"CFP Franc","rate":12.935021007848,"date":"Sun, 27 Jun 2021 23:55:01 GMT","inverseRate":0.077309499489274},"all":{"code":"ALL","alphaCode":"ALL","numericCode":"008","name":"Albanian lek","rate":13.280338587591,"date":"Sun, 27 Jun 2021 23:55:01 GMT","inverseRate":0.075299284984676},"mur":{"code":"MUR","alphaCode":"MUR","numericCode":"480","name":"Mauritian Rupee","rate":5.3091106290674,"date":"Sun, 27 Jun 2021 23:55:01 GMT","inverseRate":0.18835546475995},"sos":{"code":"SOS","alphaCode":"SOS","numericCode":"706","name":"Somali shilling","rate":74.789915966389,"date":"Sun, 27 Jun 2021 23:55:01 GMT","inverseRate":0.013370786516853},"ang":{"code":"ANG","alphaCode":"ANG","numericCode":"532","name":"Neth. Antillean Guilder","rate":0.2306101790247,"date":"Sun, 27 Jun 2021 23:55:01 GMT","inverseRate":4.3363220315305},"pkr":{"code":"PKR","alphaCode":"PKR","numericCode":"586","name":"Pakistani Rupee","rate":20.053714852233,"date":"Sun, 27 Jun 2021 23:55:01 GMT","inverseRate":0.04986607256404},"krw":{"code":"KRW","alphaCode":"KRW","numericCode":"410","name":"South Korean Won","rate":146.16700463454,"date":"Sun, 27 Jun 2021 23:55:01 GMT","inverseRate":0.006841489312176},"azn":{"code":"AZN","alphaCode":"AZN","numericCode":"944","name":"Azerbaijan Manat","rate":0.21980616496852,"date":"Sun, 27 Jun 2021 23:55:01 GMT","inverseRate":4.5494629331403},"pyg":{"code":"PYG","alphaCode":"PYG","numericCode":"600","name":"Paraguayan Guaran\u00ed","rate":878.9923692656,"date":"Sun, 27 Jun 2021 23:55:01 GMT","inverseRate":0.0011376663040152},"bnd":{"code":"BND","alphaCode":"BND","numericCode":"096","name":"Brunei Dollar","rate":0.17402588168373,"date":"Sun, 27 Jun 2021 23:55:01 GMT","inverseRate":5.7462717058222},"kmf":{"code":"KMF","alphaCode":"KMF","numericCode":"174","name":"\tComoro franc","rate":53.590978760675,"date":"Sun, 27 Jun 2021 23:55:01 GMT","inverseRate":0.018659856996935},"szl":{"code":"SZL","alphaCode":"SZL","numericCode":"748","name":"Swazi lilangeni","rate":1.838152459632,"date":"Sun, 27 Jun 2021 23:55:01 GMT","inverseRate":0.54402451481102},"wst":{"code":"WST","alphaCode":"WST","numericCode":"882","name":"Samoan tala","rate":0.32867790237024,"date":"Sun, 27 Jun 2021 23:55:01 GMT","inverseRate":3.0424923391216},"egp":{"code":"EGP","alphaCode":"EGP","numericCode":"818","name":"Egyptian Pound","rate":2.0328520000029,"date":"Sun, 27 Jun 2021 23:55:01 GMT","inverseRate":0.49191972657065},"sgd":{"code":"SGD","alphaCode":"SGD","numericCode":"702","name":"Singapore Dollar","rate":0.1739985794169,"date":"Sun, 27 Jun 2021 23:55:01 GMT","inverseRate":5.7471733582605},"zar":{"code":"ZAR","alphaCode":"ZAR","numericCode":"710","name":"South African Rand","rate":1.8280774282322,"date":"Sun, 27 Jun 2021 23:55:01 GMT","inverseRate":0.54702278172484},"kgs":{"code":"KGS","alphaCode":"KGS","numericCode":"417","name":"Kyrgyzstan Som","rate":10.838022350958,"date":"Sun, 27 Jun 2021 23:55:01 GMT","inverseRate":0.092267755833851},"crc":{"code":"CRC","alphaCode":"CRC","numericCode":"188","name":"Costa Rican Col\u00f3n","rate":80.090366800234,"date":"Sun, 27 Jun 2021 23:55:01 GMT","inverseRate":0.012485896118996},"jmd":{"code":"JMD","alphaCode":"JMD","numericCode":"388","name":"Jamaican Dollar","rate":19.347826086957,"date":"Sun, 27 Jun 2021 23:55:01 GMT","inverseRate":0.051685393258427},"ssp":{"code":"SSP","alphaCode":"SSP","numericCode":"728","name":"South Sudanese pound","rate":22.996335619656,"date":"Sun, 27 Jun 2021 23:55:01 GMT","inverseRate":0.043485188968335},"ern":{"code":"ERN","alphaCode":"ERN","numericCode":"232","name":"Eritrean nakfa","rate":1.9494225408205,"date":"Sun, 27 Jun 2021 23:55:01 GMT","inverseRate":0.51297242083757},"bam":{"code":"BAM","alphaCode":"BAM","numericCode":"977","name":"Bosnia and Herzegovina convertible mark","rate":0.21406393492807,"date":"Sun, 27 Jun 2021 23:55:01 GMT","inverseRate":4.6715015321756},"inr":{"code":"INR","alphaCode":"INR","numericCode":"356","name":"Indian Rupee","rate":9.6200540684801,"date":"Sun, 27 Jun 2021 23:55:01 GMT","inverseRate":0.10394951970972},"try":{"code":"TRY","alphaCode":"TRY","numericCode":"949","name":"Turkish Lira","rate":1.1295934411453,"date":"Sun, 27 Jun 2021 23:55:01 GMT","inverseRate":0.88527426202664},"twd":{"code":"TWD","alphaCode":"TWD","numericCode":"901","name":"New Taiwan Dollar ","rate":3.6176458274295,"date":"Sun, 27 Jun 2021 23:55:01 GMT","inverseRate":0.27642285831793},"tmt":{"code":"TMT","alphaCode":"TMT","numericCode":"934","name":"New Turkmenistan Manat","rate":0.4526811072358,"date":"Sun, 27 Jun 2021 23:55:01 GMT","inverseRate":2.2090606036251},"mga":{"code":"MGA","alphaCode":"MGA","numericCode":"969","name":"Malagasy ariary","rate":489.50000000001,"date":"Sun, 27 Jun 2021 23:55:01 GMT","inverseRate":0.0020429009193054},"srd":{"code":"SRD","alphaCode":"SRD","numericCode":"968","name":"Surinamese dollar","rate":2.6910390324354,"date":"Sun, 27 Jun 2021 23:55:01 GMT","inverseRate":0.37160367722166},"ghs":{"code":"GHS","alphaCode":"GHS","numericCode":"936","name":"Ghanaian Cedi","rate":0.75377271327382,"date":"Sun, 27 Jun 2021 23:55:01 GMT","inverseRate":1.3266598569969},"mop":{"code":"MOP","alphaCode":"MOP","numericCode":"446","name":"Macanese pataca","rate":1.0348837209302,"date":"Sun, 27 Jun 2021 23:55:01 GMT","inverseRate":0.96629213483145},"lbp":{"code":"LBP","alphaCode":"LBP","numericCode":"422","name":"Lebanese Pound","rate":195.26543946426,"date":"Sun, 27 Jun 2021 23:55:01 GMT","inverseRate":0.005121233961031},"huf":{"code":"HUF","alphaCode":"HUF","numericCode":"348","name":"Hungarian Forint","rate":38.156681210964,"date":"Sun, 27 Jun 2021 23:55:01 GMT","inverseRate":0.026207730029535},"ngn":{"code":"NGN","alphaCode":"NGN","numericCode":"566","name":"Nigerian Naira","rate":53.1560161761,"date":"Sun, 27 Jun 2021 23:55:01 GMT","inverseRate":0.018812546009602},"irr":{"code":"IRR","alphaCode":"IRR","numericCode":"364","name":"Iranian rial","rate":5432.7385409256,"date":"Sun, 27 Jun 2021 23:55:01 GMT","inverseRate":0.00018406922999641},"ves":{"code":"VES","alphaCode":"VES","numericCode":"928","name":"Venezuelan Bolivar","rate":411344.53781512,"date":"Sun, 27 Jun 2021 23:55:01 GMT","inverseRate":2.4310520939735e-6},"sbd":{"code":"SBD","alphaCode":"SBD","numericCode":"090","name":"Solomon Islands dollar","rate":1.0542752530691,"date":"Sun, 27 Jun 2021 23:55:01 GMT","inverseRate":0.94851889683349},"mwk":{"code":"MWK","alphaCode":"MWK","numericCode":"454","name":"Malawian kwacha","rate":104.14893617021,"date":"Sun, 27 Jun 2021 23:55:01 GMT","inverseRate":0.0096016343207354},"sek":{"code":"SEK","alphaCode":"SEK","numericCode":"752","name":"Swedish Krona","rate":1.0978698153061,"date":"Sun, 27 Jun 2021 23:55:01 GMT","inverseRate":0.91085480815518},"npr":{"code":"NPR","alphaCode":"NPR","numericCode":"524","name":"Nepalese Rupee","rate":15.376012026242,"date":"Sun, 27 Jun 2021 23:55:01 GMT","inverseRate":0.065036369527633},"isk":{"code":"ISK","alphaCode":"ISK","numericCode":"352","name":"Icelandic Krona","rate":15.957987314857,"date":"Sun, 27 Jun 2021 23:55:01 GMT","inverseRate":0.062664544110081},"gip":{"code":"GIP","alphaCode":"GIP","numericCode":"292","name":"Gibraltar pound","rate":0.092817382379835,"date":"Sun, 27 Jun 2021 23:55:01 GMT","inverseRate":10.773844018868},"gel":{"code":"GEL","alphaCode":"GEL","numericCode":"981","name":"Georgian lari","rate":0.42001393794055,"date":"Sun, 27 Jun 2021 23:55:01 GMT","inverseRate":2.380873370306},"mkd":{"code":"MKD","alphaCode":"MKD","numericCode":"807","name":"Macedonian denar","rate":6.6964896440393,"date":"Sun, 27 Jun 2021 23:55:01 GMT","inverseRate":0.14933197139939},"bif":{"code":"BIF","alphaCode":"BIF","numericCode":"108","name":"Burundian franc","rate":255.88081547308,"date":"Sun, 27 Jun 2021 23:55:01 GMT","inverseRate":0.0039080694586313},"mmk":{"code":"MMK","alphaCode":"MMK","numericCode":"104","name":"Myanma Kyat","rate":212.82608695652,"date":"Sun, 27 Jun 2021 23:55:01 GMT","inverseRate":0.0046986721144026},"mvr":{"code":"MVR","alphaCode":"MVR","numericCode":"462","name":"Maldivian rufiyaa","rate":1.9987750102082,"date":"Sun, 27 Jun 2021 23:55:01 GMT","inverseRate":0.5003064351379},"kes":{"code":"KES","alphaCode":"KES","numericCode":"404","name":"Kenyan shilling","rate":13.930787181969,"date":"Sun, 27 Jun 2021 23:55:01 GMT","inverseRate":0.071783452502551},"aed":{"code":"AED","alphaCode":"AED","numericCode":"784","name":"U.A.E Dirham","rate":0.4753761105322,"date":"Sun, 27 Jun 2021 23:55:01 GMT","inverseRate":2.1035975048903},"php":{"code":"PHP","alphaCode":"PHP","numericCode":"608","name":"Philippine Peso","rate":6.2893668426372,"date":"Sun, 27 Jun 2021 23:55:01 GMT","inverseRate":0.15899851686512},"ils":{"code":"ILS","alphaCode":"ILS","numericCode":"376","name":"Israeli New Sheqel","rate":0.42110461249132,"date":"Sun, 27 Jun 2021 23:55:01 GMT","inverseRate":2.3747068313592},"mro":{"code":"MRO","alphaCode":"MRO","numericCode":"478","name":"Mauritanian Ouguiya","rate":4.6954358994413,"date":"Sun, 27 Jun 2021 23:55:01 GMT","inverseRate":0.21297277215923},"cop":{"code":"COP","alphaCode":"COP","numericCode":"170","name":"Colombian Peso","rate":487.55250027425,"date":"Sun, 27 Jun 2021 23:55:01 GMT","inverseRate":0.002051061166618},"bzd":{"code":"BZD","alphaCode":"BZD","numericCode":"084","name":"Belize dollar","rate":0.26062187200512,"date":"Sun, 27 Jun 2021 23:55:01 GMT","inverseRate":3.8369765066394},"gnf":{"code":"GNF","alphaCode":"GNF","numericCode":"324","name":"Guinean franc","rate":1268.1347150259,"date":"Sun, 27 Jun 2021 23:55:01 GMT","inverseRate":0.0007885597548519},"sll":{"code":"SLL","alphaCode":"SLL","numericCode":"694","name":"Sierra Leonean leone","rate":1326.5582655826,"date":"Sun, 27 Jun 2021 23:55:01 GMT","inverseRate":0.00075383043922371},"ugx":{"code":"UGX","alphaCode":"UGX","numericCode":"800","name":"Ugandan shilling","rate":462.22851746931,"date":"Sun, 27 Jun 2021 23:55:01 GMT","inverseRate":0.0021634320735444},"cny":{"code":"CNY","alphaCode":"CNY","numericCode":"156","name":"Chinese Yuan","rate":0.83712295771322,"date":"Sun, 27 Jun 2021 23:55:01 GMT","inverseRate":1.1945676447958},"sar":{"code":"SAR","alphaCode":"SAR","numericCode":"682","name":"Saudi Riyal","rate":0.48625728006273,"date":"Sun, 27 Jun 2021 23:55:01 GMT","inverseRate":2.056524479944},"myr":{"code":"MYR","alphaCode":"MYR","numericCode":"458","name":"Malaysian Ringgit","rate":0.53732852999778,"date":"Sun, 27 Jun 2021 23:55:01 GMT","inverseRate":1.8610588200186},"kzt":{"code":"KZT","alphaCode":"KZT","numericCode":"398","name":"Kazakhstani Tenge","rate":55.274575459515,"date":"Sun, 27 Jun 2021 23:55:01 GMT","inverseRate":0.018091500326989},"bob":{"code":"BOB","alphaCode":"BOB","numericCode":"068","name":"Bolivian Boliviano","rate":0.89115573968867,"date":"Sun, 27 Jun 2021 23:55:01 GMT","inverseRate":1.1221383148465},"gyd":{"code":"GYD","alphaCode":"GYD","numericCode":"328","name":"Guyanese dollar","rate":27.003916809179,"date":"Sun, 27 Jun 2021 23:55:01 GMT","inverseRate":0.03703166496425},"rwf":{"code":"RWF","alphaCode":"RWF","numericCode":"646","name":"Rwandan franc","rate":130.01328021248,"date":"Sun, 27 Jun 2021 23:55:01 GMT","inverseRate":0.0076915219611851},"mzn":{"code":"MZN","alphaCode":"MZN","numericCode":"943","name":"Mozambican metical","rate":8.2407407407409,"date":"Sun, 27 Jun 2021 23:55:01 GMT","inverseRate":0.12134831460674},"vuv":{"code":"VUV","alphaCode":"VUV","numericCode":"548","name":"Vanuatu vatu","rate":14.204875217643,"date":"Sun, 27 Jun 2021 23:55:01 GMT","inverseRate":0.070398365679266},"idr":{"code":"IDR","alphaCode":"IDR","numericCode":"360","name":"Indonesian Rupiah","rate":1872.5653659233,"date":"Sun, 27 Jun 2021 23:55:01 GMT","inverseRate":0.00053402675185489},"tnd":{"code":"TND","alphaCode":"TND","numericCode":"788","name":"Tunisian Dinar","rate":0.35459861600523,"date":"Sun, 27 Jun 2021 23:55:01 GMT","inverseRate":2.8200899689503},"xof":{"code":"XOF","alphaCode":"XOF","numericCode":"952","name":"West African CFA Franc","rate":71.276055921733,"date":"Sun, 27 Jun 2021 23:55:01 GMT","inverseRate":0.014029957004048},"tjs":{"code":"TJS","alphaCode":"TJS","numericCode":"972","name":"Tajikistan Ruble","rate":1.4662139621799,"date":"Sun, 27 Jun 2021 23:55:01 GMT","inverseRate":0.68202869826259},"afn":{"code":"AFN","alphaCode":"AFN","numericCode":"971","name":"Afghan afghani","rate":10.226892863112,"date":"Sun, 27 Jun 2021 23:55:01 GMT","inverseRate":0.097781409601633},"nad":{"code":"NAD","alphaCode":"NAD","numericCode":"516","name":"Namibian dollar","rate":1.838152459632,"date":"Sun, 27 Jun 2021 23:55:01 GMT","inverseRate":0.54402451481102},"syp":{"code":"SYP","alphaCode":"SYP","numericCode":"760","name":"Syrian pound","rate":326.33333333333,"date":"Sun, 27 Jun 2021 23:55:01 GMT","inverseRate":0.0030643513789582},"top":{"code":"TOP","alphaCode":"TOP","numericCode":"776","name":"Tongan pa\u02bbanga","rate":0.28644157060097,"date":"Sun, 27 Jun 2021 23:55:01 GMT","inverseRate":3.491113381001},"kwd":{"code":"KWD","alphaCode":"KWD","numericCode":"414","name":"Kuwaiti Dinar","rate":0.039000285132181,"date":"Sun, 27 Jun 2021 23:55:01 GMT","inverseRate":25.640838178766},"czk":{"code":"CZK","alphaCode":"CZK","numericCode":"203","name":"Czech Koruna","rate":2.7655260966142,"date":"Sun, 27 Jun 2021 23:55:01 GMT","inverseRate":0.36159485214198},"pgk":{"code":"PGK","alphaCode":"PGK","numericCode":"598","name":"Papua New Guinean kina","rate":0.45509855022433,"date":"Sun, 27 Jun 2021 23:55:01 GMT","inverseRate":2.1973262703366},"uah":{"code":"UAH","alphaCode":"UAH","numericCode":"980","name":"Ukrainian Hryvnia","rate":3.5523939648889,"date":"Sun, 27 Jun 2021 23:55:01 GMT","inverseRate":0.28150030933613},"etb":{"code":"ETB","alphaCode":"ETB","numericCode":"230","name":"Ethiopian birr","rate":5.658959537572,"date":"Sun, 27 Jun 2021 23:55:01 GMT","inverseRate":0.17671092951993},"xcd":{"code":"XCD","alphaCode":"XCD","numericCode":"951","name":"East Caribbean Dollar","rate":0.35034354423133,"date":"Sun, 27 Jun 2021 23:55:01 GMT","inverseRate":2.8543411644535},"lak":{"code":"LAK","alphaCode":"LAK","numericCode":"418","name":"Lao kip","rate":1226.8170426065,"date":"Sun, 27 Jun 2021 23:55:01 GMT","inverseRate":0.00081511746680286},"bwp":{"code":"BWP","alphaCode":"BWP","numericCode":"072","name":"Botswana Pula","rate":1.4053976457078,"date":"Sun, 27 Jun 2021 23:55:01 GMT","inverseRate":0.71154239019404},"nok":{"code":"NOK","alphaCode":"NOK","numericCode":"578","name":"Norwegian Krone","rate":1.1001562246882,"date":"Sun, 27 Jun 2021 23:55:01 GMT","inverseRate":0.90896181611242},"mad":{"code":"MAD","alphaCode":"MAD","numericCode":"504","name":"Moroccan Dirham","rate":1.1454675972655,"date":"Sun, 27 Jun 2021 23:55:01 GMT","inverseRate":0.87300592560382},"ron":{"code":"RON","alphaCode":"RON","numericCode":"946","name":"Romanian New Leu","rate":0.53461675678007,"date":"Sun, 27 Jun 2021 23:55:01 GMT","inverseRate":1.8704987962272},"byn":{"code":"BYN","alphaCode":"BYN","numericCode":"933","name":"Belarussian Ruble","rate":0.32758292408557,"date":"Sun, 27 Jun 2021 23:55:01 GMT","inverseRate":3.0526621703236},"rsd":{"code":"RSD","alphaCode":"RSD","numericCode":"941","name":"Serbian Dinar","rate":12.516028008018,"date":"Sun, 27 Jun 2021 23:55:01 GMT","inverseRate":0.079897552111533},"gmd":{"code":"GMD","alphaCode":"GMD","numericCode":"270","name":"Gambian dalasi","rate":6.7146776406038,"date":"Sun, 27 Jun 2021 23:55:01 GMT","inverseRate":0.14892747701736},"awg":{"code":"AWG","alphaCode":"AWG","numericCode":"533","name":"Aruban florin","rate":0.23403136354944,"date":"Sun, 27 Jun 2021 23:55:01 GMT","inverseRate":4.2729315628192},"aoa":{"code":"AOA","alphaCode":"AOA","numericCode":"973","name":"Angolan kwanza","rate":84.396551724139,"date":"Sun, 27 Jun 2021 23:55:01 GMT","inverseRate":0.011848825331971},"khr":{"code":"KHR","alphaCode":"KHR","numericCode":"116","name":"Cambodian riel","rate":526.91065662004,"date":"Sun, 27 Jun 2021 23:55:01 GMT","inverseRate":0.0018978549540346},"scr":{"code":"SCR","alphaCode":"SCR","numericCode":"690","name":"Seychelles rupee","rate":1.9378463974664,"date":"Sun, 27 Jun 2021 23:55:01 GMT","inverseRate":0.51603677221653},"bhd":{"code":"BHD","alphaCode":"BHD","numericCode":"048","name":"Bahrain Dinar","rate":0.048799308320632,"date":"Sun, 27 Jun 2021 23:55:01 GMT","inverseRate":20.492093728657},"omr":{"code":"OMR","alphaCode":"OMR","numericCode":"512","name":"Omani Rial","rate":0.049875105566261,"date":"Sun, 27 Jun 2021 23:55:01 GMT","inverseRate":20.050082874942},"rub":{"code":"RUB","alphaCode":"RUB","numericCode":"643","name":"Russian Rouble","rate":9.357982278484,"date":"Sun, 27 Jun 2021 23:55:01 GMT","inverseRate":0.10686064263011},"lyd":{"code":"LYD","alphaCode":"LYD","numericCode":"434","name":"Libyan Dinar","rate":0.57713841375364,"date":"Sun, 27 Jun 2021 23:55:01 GMT","inverseRate":1.7326866071799},"clp":{"code":"CLP","alphaCode":"CLP","numericCode":"152","name":"Chilean Peso","rate":95.158583729376,"date":"Sun, 27 Jun 2021 23:55:01 GMT","inverseRate":0.010508773468549},"bsd":{"code":"BSD","alphaCode":"BSD","numericCode":"044","name":"Bahamian Dollar","rate":0.12923068799831,"date":"Sun, 27 Jun 2021 23:55:01 GMT","inverseRate":7.738100102145},"djf":{"code":"DJF","alphaCode":"DJF","numericCode":"262","name":"Djiboutian franc","rate":23.016880613156,"date":"Sun, 27 Jun 2021 23:55:01 GMT","inverseRate":0.043446373850869},"hnl":{"code":"HNL","alphaCode":"HNL","numericCode":"340","name":"Honduran Lempira","rate":3.0981012658228,"date":"Sun, 27 Jun 2021 23:55:01 GMT","inverseRate":0.32277834525026},"tzs":{"code":"TZS","alphaCode":"TZS","numericCode":"834","name":"Tanzanian shilling","rate":299.75505205144,"date":"Sun, 27 Jun 2021 23:55:01 GMT","inverseRate":0.0033360572012257},"bbd":{"code":"BBD","alphaCode":"BBD","numericCode":"052","name":"Barbadian Dollar","rate":0.25949990253259,"date":"Sun, 27 Jun 2021 23:55:01 GMT","inverseRate":3.8535659945938},"bdt":{"code":"BDT","alphaCode":"BDT","numericCode":"050","name":"Bangladeshi taka","rate":10.970130450144,"date":"Sun, 27 Jun 2021 23:55:01 GMT","inverseRate":0.091156618833725},"qar":{"code":"QAR","alphaCode":"QAR","numericCode":"634","name":"Qatari Rial","rate":0.47431816690178,"date":"Sun, 27 Jun 2021 23:55:01 GMT","inverseRate":2.108289476939},"mxn":{"code":"MXN","alphaCode":"MXN","numericCode":"484","name":"Mexican Peso","rate":2.5669248835288,"date":"Sun, 27 Jun 2021 23:55:01 GMT","inverseRate":0.38957119720047},"amd":{"code":"AMD","alphaCode":"AMD","numericCode":"051","name":"Armenia Dram","rate":67.12756161602,"date":"Sun, 27 Jun 2021 23:55:01 GMT","inverseRate":0.014897010645496},"uyu":{"code":"UYU","alphaCode":"UYU","numericCode":"858","name":"Uruguayan Peso","rate":5.6437471256157,"date":"Sun, 27 Jun 2021 23:55:01 GMT","inverseRate":0.17718724417351},"fjd":{"code":"FJD","alphaCode":"FJD","numericCode":"242","name":"Fiji Dollar","rate":0.26668482702261,"date":"Sun, 27 Jun 2021 23:55:01 GMT","inverseRate":3.7497446373851},"cdf":{"code":"CDF","alphaCode":"CDF","numericCode":"976","name":"Congolese franc","rate":257.09033613445,"date":"Sun, 27 Jun 2021 23:55:01 GMT","inverseRate":0.0038896833503575},"lsl":{"code":"LSL","alphaCode":"LSL","numericCode":"426","name":"Lesotho loti","rate":1.8388429752066,"date":"Sun, 27 Jun 2021 23:55:01 GMT","inverseRate":0.5438202247191},"mnt":{"code":"MNT","alphaCode":"MNT","numericCode":"496","name":"Mongolian togrog","rate":368.59939759036,"date":"Sun, 27 Jun 2021 23:55:01 GMT","inverseRate":0.0027129724208376},"brl":{"code":"BRL","alphaCode":"BRL","numericCode":"986","name":"Brazilian Real","rate":0.64806388436514,"date":"Sun, 27 Jun 2021 23:55:01 GMT","inverseRate":1.5430577511346},"hkd":{"code":"HKD","alphaCode":"HKD","numericCode":"344","name":"Hong Kong Dollar","rate":1.0064656845975,"date":"Sun, 27 Jun 2021 23:55:01 GMT","inverseRate":0.99357585191784},"thb":{"code":"THB","alphaCode":"THB","numericCode":"764","name":"Thai Baht","rate":4.0978970991326,"date":"Sun, 27 Jun 2021 23:55:01 GMT","inverseRate":0.24402760142798},"xaf":{"code":"XAF","alphaCode":"XAF","numericCode":"950","name":"Central African CFA Franc","rate":71.336482371011,"date":"Sun, 27 Jun 2021 23:55:01 GMT","inverseRate":0.014018072755524},"mdl":{"code":"MDL","alphaCode":"MDL","numericCode":"498","name":"Moldova Lei","rate":2.3329204540231,"date":"Sun, 27 Jun 2021 23:55:01 GMT","inverseRate":0.42864727696802},"nio":{"code":"NIO","alphaCode":"NIO","numericCode":"558","name":"Nicaraguan C\u00f3rdoba","rate":4.5352890621281,"date":"Sun, 27 Jun 2021 23:55:01 GMT","inverseRate":0.22049311219223},"lrd":{"code":"LRD","alphaCode":"LRD","numericCode":"430","name":"Liberian dollar","rate":22.149321266969,"date":"Sun, 27 Jun 2021 23:55:01 GMT","inverseRate":0.045148110316648},"sdg":{"code":"SDG","alphaCode":"SDG","numericCode":"938","name":"Sudanese pound","rate":56.918604651163,"date":"Sun, 27 Jun 2021 23:55:01 GMT","inverseRate":0.017568947906027},"mru":{"code":"MRU","alphaCode":"MRU","numericCode":"929","name":"Mauritanian ouguiya","rate":4.6708015267175,"date":"Sun, 27 Jun 2021 23:55:01 GMT","inverseRate":0.21409601634321},"dkk":{"code":"DKK","alphaCode":"DKK","numericCode":"208","name":"Danish Krone","rate":0.80708979749372,"date":"Sun, 27 Jun 2021 23:55:01 GMT","inverseRate":1.2390195032886},"jod":{"code":"JOD","alphaCode":"JOD","numericCode":"400","name":"Jordanian Dinar","rate":0.091871378773077,"date":"Sun, 27 Jun 2021 23:55:01 GMT","inverseRate":10.884782762105},"bgn":{"code":"BGN","alphaCode":"BGN","numericCode":"975","name":"Bulgarian Lev","rate":0.21227353148941,"date":"Sun, 27 Jun 2021 23:55:01 GMT","inverseRate":4.710902923146},"vnd":{"code":"VND","alphaCode":"VND","numericCode":"704","name":"Vietnamese Dong","rate":2982.5557274929,"date":"Sun, 27 Jun 2021 23:55:01 GMT","inverseRate":0.00033528292222073},"uzs":{"code":"UZS","alphaCode":"UZS","numericCode":"860","name":"Uzbekistan Sum","rate":1367.1420443567,"date":"Sun, 27 Jun 2021 23:55:01 GMT","inverseRate":0.00073145289044971},"pab":{"code":"PAB","alphaCode":"PAB","numericCode":"590","name":"Panamanian Balboa","rate":0.12923068799831,"date":"Sun, 27 Jun 2021 23:55:01 GMT","inverseRate":7.738100102145},"ttd":{"code":"TTD","alphaCode":"TTD","numericCode":"780","name":"Trinidad Tobago Dollar","rate":0.87881508078993,"date":"Sun, 27 Jun 2021 23:55:01 GMT","inverseRate":1.1378958120531},"htg":{"code":"HTG","alphaCode":"HTG","numericCode":"332","name":"Haitian gourde","rate":12.146401985112,"date":"Sun, 27 Jun 2021 23:55:01 GMT","inverseRate":0.082328907048007},"cup":{"code":"CUP","alphaCode":"CUP","numericCode":"192","name":"Cuban peso","rate":0.12923068799831,"date":"Sun, 27 Jun 2021 23:55:01 GMT","inverseRate":7.738100102145}}