{"usd":{"code":"USD","alphaCode":"USD","numericCode":"840","name":"U.S. Dollar","rate":0.12883927508378,"date":"Sun, 27 Jun 2021 23:55:01 GMT","inverseRate":7.7616084020164},"eur":{"code":"EUR","alphaCode":"EUR","numericCode":"978","name":"Euro","rate":0.10785763250501,"date":"Sun, 27 Jun 2021 23:55:01 GMT","inverseRate":9.2714810883092},"gbp":{"code":"GBP","alphaCode":"GBP","numericCode":"826","name":"U.K. Pound Sterling","rate":0.092646064293474,"date":"Sun, 27 Jun 2021 23:55:01 GMT","inverseRate":10.793766660528},"jpy":{"code":"JPY","alphaCode":"JPY","numericCode":"392","name":"Japanese Yen","rate":14.266739059679,"date":"Sun, 27 Jun 2021 23:55:01 GMT","inverseRate":0.070093102272139},"aud":{"code":"AUD","alphaCode":"AUD","numericCode":"036","name":"Australian Dollar","rate":0.16959303375833,"date":"Sun, 27 Jun 2021 23:55:01 GMT","inverseRate":5.8964686098192},"chf":{"code":"CHF","alphaCode":"CHF","numericCode":"756","name":"Swiss Franc","rate":0.11814751341181,"date":"Sun, 27 Jun 2021 23:55:01 GMT","inverseRate":8.4639953150299},"cad":{"code":"CAD","alphaCode":"CAD","numericCode":"124","name":"Canadian Dollar","rate":0.15847157524824,"date":"Sun, 27 Jun 2021 23:55:01 GMT","inverseRate":6.3102799251762},"lkr":{"code":"LKR","alphaCode":"LKR","numericCode":"144","name":"Sri Lanka Rupee","rate":25.600526767332,"date":"Sun, 27 Jun 2021 23:55:01 GMT","inverseRate":0.039061696233379},"pln":{"code":"PLN","alphaCode":"PLN","numericCode":"985","name":"Polish Zloty","rate":0.48646900517012,"date":"Sun, 27 Jun 2021 23:55:01 GMT","inverseRate":2.055629422167},"pen":{"code":"PEN","alphaCode":"PEN","numericCode":"604","name":"Peruvian Nuevo Sol","rate":0.51280622675089,"date":"Sun, 27 Jun 2021 23:55:01 GMT","inverseRate":1.9500543242931},"iqd":{"code":"IQD","alphaCode":"IQD","numericCode":"368","name":"Iraqi dinar","rate":187.60363527826,"date":"Sun, 27 Jun 2021 23:55:01 GMT","inverseRate":0.005330387113857},"svc":{"code":"SVC","alphaCode":"SVC","numericCode":"222","name":"Salvadoran colon","rate":1.1245211087024,"date":"Sun, 27 Jun 2021 23:55:01 GMT","inverseRate":0.88926743327559},"cve":{"code":"CVE","alphaCode":"CVE","numericCode":"132","name":"Cape Verde escudo","rate":12.008774802809,"date":"Sun, 27 Jun 2021 23:55:01 GMT","inverseRate":0.083272441728699},"zmw":{"code":"ZMW","alphaCode":"ZMW","numericCode":"967","name":"Zambian kwacha","rate":2.9018817393424,"date":"Sun, 27 Jun 2021 23:55:01 GMT","inverseRate":0.34460398107974},"yer":{"code":"YER","alphaCode":"YER","numericCode":"886","name":"Yemeni rial","rate":32.307385380216,"date":"Sun, 27 Jun 2021 23:55:01 GMT","inverseRate":0.030952675007008},"dop":{"code":"DOP","alphaCode":"DOP","numericCode":"214","name":"Dominican Peso","rate":7.3147197268213,"date":"Sun, 27 Jun 2021 23:55:01 GMT","inverseRate":0.13671063791183},"nzd":{"code":"NZD","alphaCode":"NZD","numericCode":"554","name":"New Zealand Dollar","rate":0.18202878224874,"date":"Sun, 27 Jun 2021 23:55:01 GMT","inverseRate":5.4936367075924},"hrk":{"code":"HRK","alphaCode":"HRK","numericCode":"191","name":"Croatian Kuna","rate":0.80840514897838,"date":"Sun, 27 Jun 2021 23:55:01 GMT","inverseRate":1.2370035016028},"dzd":{"code":"DZD","alphaCode":"DZD","numericCode":"012","name":"Algerian Dinar","rate":17.156861175388,"date":"Sun, 27 Jun 2021 23:55:01 GMT","inverseRate":0.058285719618372},"ars":{"code":"ARS","alphaCode":"ARS","numericCode":"032","name":"Argentine Peso","rate":12.284528446797,"date":"Sun, 27 Jun 2021 23:55:01 GMT","inverseRate":0.081403206018928},"stn":{"code":"STN","alphaCode":"STN","numericCode":"930","name":"S\u00e3o Tom\u00e9 and Pr\u00edncipe Dobra","rate":2.6678846928896,"date":"Sun, 27 Jun 2021 23:55:01 GMT","inverseRate":0.37482879326276},"xpf":{"code":"XPF","alphaCode":"XPF","numericCode":"953","name":"CFP Franc","rate":12.851924517448,"date":"Sun, 27 Jun 2021 23:55:01 GMT","inverseRate":0.07780935832936},"all":{"code":"ALL","alphaCode":"ALL","numericCode":"008","name":"Albanian lek","rate":13.195023725923,"date":"Sun, 27 Jun 2021 23:55:01 GMT","inverseRate":0.075786146411802},"mur":{"code":"MUR","alphaCode":"MUR","numericCode":"480","name":"Mauritian Rupee","rate":5.2750041162017,"date":"Sun, 27 Jun 2021 23:55:01 GMT","inverseRate":0.1895733117873},"sos":{"code":"SOS","alphaCode":"SOS","numericCode":"706","name":"Somali shilling","rate":74.309454471169,"date":"Sun, 27 Jun 2021 23:55:01 GMT","inverseRate":0.013457237805291},"ang":{"code":"ANG","alphaCode":"ANG","numericCode":"532","name":"Neth. Antillean Guilder","rate":0.22912870508539,"date":"Sun, 27 Jun 2021 23:55:01 GMT","inverseRate":4.3643593220995},"pkr":{"code":"PKR","alphaCode":"PKR","numericCode":"586","name":"Pakistani Rupee","rate":19.924886818425,"date":"Sun, 27 Jun 2021 23:55:01 GMT","inverseRate":0.050188490861353},"krw":{"code":"KRW","alphaCode":"KRW","numericCode":"410","name":"South Korean Won","rate":145.22800615204,"date":"Sun, 27 Jun 2021 23:55:01 GMT","inverseRate":0.0068857242242454},"azn":{"code":"AZN","alphaCode":"AZN","numericCode":"944","name":"Azerbaijan Manat","rate":0.21839409761539,"date":"Sun, 27 Jun 2021 23:55:01 GMT","inverseRate":4.5788783255538},"pyg":{"code":"PYG","alphaCode":"PYG","numericCode":"600","name":"Paraguayan Guaran\u00ed","rate":873.34559212235,"date":"Sun, 27 Jun 2021 23:55:01 GMT","inverseRate":0.0011450220955142},"bnd":{"code":"BND","alphaCode":"BND","numericCode":"096","name":"Brunei Dollar","rate":0.17290791364967,"date":"Sun, 27 Jun 2021 23:55:01 GMT","inverseRate":5.7834252862834},"kmf":{"code":"KMF","alphaCode":"KMF","numericCode":"174","name":"\tComoro franc","rate":53.246702377249,"date":"Sun, 27 Jun 2021 23:55:01 GMT","inverseRate":0.018780505746911},"szl":{"code":"SZL","alphaCode":"SZL","numericCode":"748","name":"Swazi lilangeni","rate":1.8263438960338,"date":"Sun, 27 Jun 2021 23:55:01 GMT","inverseRate":0.54754200573708},"wst":{"code":"WST","alphaCode":"WST","numericCode":"882","name":"Samoan tala","rate":0.32656642685408,"date":"Sun, 27 Jun 2021 23:55:01 GMT","inverseRate":3.0621641349765},"egp":{"code":"EGP","alphaCode":"EGP","numericCode":"818","name":"Egyptian Pound","rate":2.0197926577257,"date":"Sun, 27 Jun 2021 23:55:01 GMT","inverseRate":0.49510032436993},"sgd":{"code":"SGD","alphaCode":"SGD","numericCode":"702","name":"Singapore Dollar","rate":0.17288078677664,"date":"Sun, 27 Jun 2021 23:55:01 GMT","inverseRate":5.784332768522},"zar":{"code":"ZAR","alphaCode":"ZAR","numericCode":"710","name":"South African Rand","rate":1.8163335881276,"date":"Sun, 27 Jun 2021 23:55:01 GMT","inverseRate":0.5505596584991},"kgs":{"code":"KGS","alphaCode":"KGS","numericCode":"417","name":"Kyrgyzstan Som","rate":10.768397290458,"date":"Sun, 27 Jun 2021 23:55:01 GMT","inverseRate":0.092864330041589},"crc":{"code":"CRC","alphaCode":"CRC","numericCode":"188","name":"Costa Rican Col\u00f3n","rate":79.575854423955,"date":"Sun, 27 Jun 2021 23:55:01 GMT","inverseRate":0.012566625985218},"jmd":{"code":"JMD","alphaCode":"JMD","numericCode":"388","name":"Jamaican Dollar","rate":19.223532787106,"date":"Sun, 27 Jun 2021 23:55:01 GMT","inverseRate":0.052019574709532},"ssp":{"code":"SSP","alphaCode":"SSP","numericCode":"728","name":"South Sudanese pound","rate":22.848603754289,"date":"Sun, 27 Jun 2021 23:55:01 GMT","inverseRate":0.043766350484865},"ern":{"code":"ERN","alphaCode":"ERN","numericCode":"232","name":"Eritrean nakfa","rate":1.9368991617435,"date":"Sun, 27 Jun 2021 23:55:01 GMT","inverseRate":0.51628913871791},"bam":{"code":"BAM","alphaCode":"BAM","numericCode":"977","name":"Bosnia and Herzegovina convertible mark","rate":0.21268875651104,"date":"Sun, 27 Jun 2021 23:55:01 GMT","inverseRate":4.7017059876792},"inr":{"code":"INR","alphaCode":"INR","numericCode":"356","name":"Indian Rupee","rate":9.5582534165858,"date":"Sun, 27 Jun 2021 23:55:01 GMT","inverseRate":0.10462162451822},"try":{"code":"TRY","alphaCode":"TRY","numericCode":"949","name":"Turkish Lira","rate":1.1223367656067,"date":"Sun, 27 Jun 2021 23:55:01 GMT","inverseRate":0.89099816618716},"twd":{"code":"TWD","alphaCode":"TWD","numericCode":"901","name":"New Taiwan Dollar ","rate":3.5944055349252,"date":"Sun, 27 Jun 2021 23:55:01 GMT","inverseRate":0.27821012133535},"tmt":{"code":"TMT","alphaCode":"TMT","numericCode":"934","name":"New Turkmenistan Manat","rate":0.44977301676892,"date":"Sun, 27 Jun 2021 23:55:01 GMT","inverseRate":2.2233436927449},"mga":{"code":"MGA","alphaCode":"MGA","numericCode":"969","name":"Malagasy ariary","rate":486.35537951379,"date":"Sun, 27 Jun 2021 23:55:01 GMT","inverseRate":0.0020561096723135},"srd":{"code":"SRD","alphaCode":"SRD","numericCode":"968","name":"Surinamese dollar","rate":2.6737513991962,"date":"Sun, 27 Jun 2021 23:55:01 GMT","inverseRate":0.37400634939383},"ghs":{"code":"GHS","alphaCode":"GHS","numericCode":"936","name":"Ghanaian Cedi","rate":0.74893036574345,"date":"Sun, 27 Jun 2021 23:55:01 GMT","inverseRate":1.3352376212004},"mop":{"code":"MOP","alphaCode":"MOP","numericCode":"446","name":"Macanese pataca","rate":1.0282354746592,"date":"Sun, 27 Jun 2021 23:55:01 GMT","inverseRate":0.97253987500429},"lbp":{"code":"LBP","alphaCode":"LBP","numericCode":"422","name":"Lebanese Pound","rate":194.01102536581,"date":"Sun, 27 Jun 2021 23:55:01 GMT","inverseRate":0.0051543462445729},"huf":{"code":"HUF","alphaCode":"HUF","numericCode":"348","name":"Hungarian Forint","rate":37.911557040541,"date":"Sun, 27 Jun 2021 23:55:01 GMT","inverseRate":0.026377180945922},"ngn":{"code":"NGN","alphaCode":"NGN","numericCode":"566","name":"Nigerian Naira","rate":52.814534056727,"date":"Sun, 27 Jun 2021 23:55:01 GMT","inverseRate":0.018934181998575},"irr":{"code":"IRR","alphaCode":"IRR","numericCode":"364","name":"Iranian rial","rate":5397.837824047,"date":"Sun, 27 Jun 2021 23:55:01 GMT","inverseRate":0.00018525936358167},"ves":{"code":"VES","alphaCode":"VES","numericCode":"928","name":"Venezuelan Bolivar","rate":408701.99959141,"date":"Sun, 27 Jun 2021 23:55:01 GMT","inverseRate":2.4467705100531e-6},"sbd":{"code":"SBD","alphaCode":"SBD","numericCode":"090","name":"Solomon Islands dollar","rate":1.0475024327241,"date":"Sun, 27 Jun 2021 23:55:01 GMT","inverseRate":0.95465172085516},"mwk":{"code":"MWK","alphaCode":"MWK","numericCode":"454","name":"Malawian kwacha","rate":103.47986798166,"date":"Sun, 27 Jun 2021 23:55:01 GMT","inverseRate":0.0096637154598735},"gtq":{"code":"GTQ","alphaCode":"GTQ","numericCode":"320","name":"Guatemalan Quetzal","rate":0.99357585191784,"date":"Sun, 27 Jun 2021 23:55:01 GMT","inverseRate":1.0064656845975},"sek":{"code":"SEK","alphaCode":"SEK","numericCode":"752","name":"Swedish Krona","rate":1.0908169370376,"date":"Sun, 27 Jun 2021 23:55:01 GMT","inverseRate":0.9167441080588},"npr":{"code":"NPR","alphaCode":"NPR","numericCode":"524","name":"Nepalese Rupee","rate":15.277234248072,"date":"Sun, 27 Jun 2021 23:55:01 GMT","inverseRate":0.065456874180363},"isk":{"code":"ISK","alphaCode":"ISK","numericCode":"352","name":"Icelandic Krona","rate":15.855470841254,"date":"Sun, 27 Jun 2021 23:55:01 GMT","inverseRate":0.063069713287741},"gip":{"code":"GIP","alphaCode":"GIP","numericCode":"292","name":"Gibraltar pound","rate":0.092221109770829,"date":"Sun, 27 Jun 2021 23:55:01 GMT","inverseRate":10.843504296197},"gel":{"code":"GEL","alphaCode":"GEL","numericCode":"981","name":"Georgian lari","rate":0.41731570620664,"date":"Sun, 27 Jun 2021 23:55:01 GMT","inverseRate":2.3962673465849},"mkd":{"code":"MKD","alphaCode":"MKD","numericCode":"807","name":"Macedonian denar","rate":6.6534704029353,"date":"Sun, 27 Jun 2021 23:55:01 GMT","inverseRate":0.15029750482678},"bif":{"code":"BIF","alphaCode":"BIF","numericCode":"108","name":"Burundian franc","rate":254.23699922309,"date":"Sun, 27 Jun 2021 23:55:01 GMT","inverseRate":0.0039333378031358},"mmk":{"code":"MMK","alphaCode":"MMK","numericCode":"104","name":"Myanma Kyat","rate":211.45886065816,"date":"Sun, 27 Jun 2021 23:55:01 GMT","inverseRate":0.0047290522463212},"mvr":{"code":"MVR","alphaCode":"MVR","numericCode":"462","name":"Maldivian rufiyaa","rate":1.9859345835597,"date":"Sun, 27 Jun 2021 23:55:01 GMT","inverseRate":0.50354125874959},"kes":{"code":"KES","alphaCode":"KES","numericCode":"404","name":"Kenyan shilling","rate":13.841293742211,"date":"Sun, 27 Jun 2021 23:55:01 GMT","inverseRate":0.07224758166575},"aed":{"code":"AED","alphaCode":"AED","numericCode":"784","name":"U.A.E Dirham","rate":0.47232222400342,"date":"Sun, 27 Jun 2021 23:55:01 GMT","inverseRate":2.117198702877},"php":{"code":"PHP","alphaCode":"PHP","numericCode":"608","name":"Philippine Peso","rate":6.2489630186971,"date":"Sun, 27 Jun 2021 23:55:01 GMT","inverseRate":0.16002655112664},"ils":{"code":"ILS","alphaCode":"ILS","numericCode":"376","name":"Israeli New Sheqel","rate":0.41839937410259,"date":"Sun, 27 Jun 2021 23:55:01 GMT","inverseRate":2.3900609367422},"mro":{"code":"MRO","alphaCode":"MRO","numericCode":"478","name":"Mauritanian Ouguiya","rate":4.665271723913,"date":"Sun, 27 Jun 2021 23:55:01 GMT","inverseRate":0.21434978693186},"cop":{"code":"COP","alphaCode":"COP","numericCode":"170","name":"Colombian Peso","rate":484.42039081466,"date":"Sun, 27 Jun 2021 23:55:01 GMT","inverseRate":0.0020643226812114},"bzd":{"code":"BZD","alphaCode":"BZD","numericCode":"084","name":"Belize dollar","rate":0.2589475985059,"date":"Sun, 27 Jun 2021 23:55:01 GMT","inverseRate":3.8617851865392},"gnf":{"code":"GNF","alphaCode":"GNF","numericCode":"324","name":"Guinean franc","rate":1259.9880298284,"date":"Sun, 27 Jun 2021 23:55:01 GMT","inverseRate":0.00079365833351303},"sll":{"code":"SLL","alphaCode":"SLL","numericCode":"694","name":"Sierra Leonean leone","rate":1318.0362588449,"date":"Sun, 27 Jun 2021 23:55:01 GMT","inverseRate":0.0007587044690837},"ugx":{"code":"UGX","alphaCode":"UGX","numericCode":"800","name":"Ugandan shilling","rate":459.25909302529,"date":"Sun, 27 Jun 2021 23:55:01 GMT","inverseRate":0.00217742014298},"cny":{"code":"CNY","alphaCode":"CNY","numericCode":"156","name":"Chinese Yuan","rate":0.83174515586989,"date":"Sun, 27 Jun 2021 23:55:01 GMT","inverseRate":1.2022913424174},"sar":{"code":"SAR","alphaCode":"SAR","numericCode":"682","name":"Saudi Riyal","rate":0.48313349128958,"date":"Sun, 27 Jun 2021 23:55:01 GMT","inverseRate":2.0698213185983},"myr":{"code":"MYR","alphaCode":"MYR","numericCode":"458","name":"Malaysian Ringgit","rate":0.53387665195231,"date":"Sun, 27 Jun 2021 23:55:01 GMT","inverseRate":1.8730918393662},"kzt":{"code":"KZT","alphaCode":"KZT","numericCode":"398","name":"Kazakhstani Tenge","rate":54.919483401585,"date":"Sun, 27 Jun 2021 23:55:01 GMT","inverseRate":0.018208474261998},"bob":{"code":"BOB","alphaCode":"BOB","numericCode":"068","name":"Bolivian Boliviano","rate":0.88543082325264,"date":"Sun, 27 Jun 2021 23:55:01 GMT","inverseRate":1.129393707265},"gyd":{"code":"GYD","alphaCode":"GYD","numericCode":"328","name":"Guyanese dollar","rate":26.830439648799,"date":"Sun, 27 Jun 2021 23:55:01 GMT","inverseRate":0.037271100030028},"rwf":{"code":"RWF","alphaCode":"RWF","numericCode":"646","name":"Rwandan franc","rate":129.17805564775,"date":"Sun, 27 Jun 2021 23:55:01 GMT","inverseRate":0.0077412529162606},"mzn":{"code":"MZN","alphaCode":"MZN","numericCode":"943","name":"Mozambican metical","rate":8.1878010019157,"date":"Sun, 27 Jun 2021 23:55:01 GMT","inverseRate":0.12213291453542},"vuv":{"code":"VUV","alphaCode":"VUV","numericCode":"548","name":"Vanuatu vatu","rate":14.113620995757,"date":"Sun, 27 Jun 2021 23:55:01 GMT","inverseRate":0.070853539307925},"idr":{"code":"IDR","alphaCode":"IDR","numericCode":"360","name":"Indonesian Rupiah","rate":1860.5357287191,"date":"Sun, 27 Jun 2021 23:55:01 GMT","inverseRate":0.00053747960039899},"tnd":{"code":"TND","alphaCode":"TND","numericCode":"788","name":"Tunisian Dinar","rate":0.35232062198629,"date":"Sun, 27 Jun 2021 23:55:01 GMT","inverseRate":2.838323781226},"xof":{"code":"XOF","alphaCode":"XOF","numericCode":"952","name":"West African CFA Franc","rate":70.818167983779,"date":"Sun, 27 Jun 2021 23:55:01 GMT","inverseRate":0.014120670280952},"tjs":{"code":"TJS","alphaCode":"TJS","numericCode":"972","name":"Tajikistan Ruble","rate":1.4567947865667,"date":"Sun, 27 Jun 2021 23:55:01 GMT","inverseRate":0.68643848071198},"afn":{"code":"AFN","alphaCode":"AFN","numericCode":"971","name":"Afghan afghani","rate":10.161193788939,"date":"Sun, 27 Jun 2021 23:55:01 GMT","inverseRate":0.098413633355613},"nad":{"code":"NAD","alphaCode":"NAD","numericCode":"516","name":"Namibian dollar","rate":1.8263438960338,"date":"Sun, 27 Jun 2021 23:55:01 GMT","inverseRate":0.54754200573708},"syp":{"code":"SYP","alphaCode":"SYP","numericCode":"760","name":"Syrian pound","rate":324.23691967585,"date":"Sun, 27 Jun 2021 23:55:01 GMT","inverseRate":0.0030841645084703},"top":{"code":"TOP","alphaCode":"TOP","numericCode":"776","name":"Tongan pa\u02bbanga","rate":0.28460142753455,"date":"Sun, 27 Jun 2021 23:55:01 GMT","inverseRate":3.5136858190165},"kwd":{"code":"KWD","alphaCode":"KWD","numericCode":"414","name":"Kuwaiti Dinar","rate":0.038749741525246,"date":"Sun, 27 Jun 2021 23:55:01 GMT","inverseRate":25.806623751245},"czk":{"code":"CZK","alphaCode":"CZK","numericCode":"203","name":"Czech Koruna","rate":2.7477599474445,"date":"Sun, 27 Jun 2021 23:55:01 GMT","inverseRate":0.363932810408},"pgk":{"code":"PGK","alphaCode":"PGK","numericCode":"598","name":"Papua New Guinean kina","rate":0.45217492974571,"date":"Sun, 27 Jun 2021 23:55:01 GMT","inverseRate":2.2115334889583},"uah":{"code":"UAH","alphaCode":"UAH","numericCode":"980","name":"Ukrainian Hryvnia","rate":3.5295728600122,"date":"Sun, 27 Jun 2021 23:55:01 GMT","inverseRate":0.28332040155038},"etb":{"code":"ETB","alphaCode":"ETB","numericCode":"230","name":"Ethiopian birr","rate":5.6226055435116,"date":"Sun, 27 Jun 2021 23:55:01 GMT","inverseRate":0.17785348665513},"xcd":{"code":"XCD","alphaCode":"XCD","numericCode":"951","name":"East Caribbean Dollar","rate":0.34809288542356,"date":"Sun, 27 Jun 2021 23:55:01 GMT","inverseRate":2.8727964341564},"lak":{"code":"LAK","alphaCode":"LAK","numericCode":"418","name":"Lao kip","rate":1218.9357882551,"date":"Sun, 27 Jun 2021 23:55:01 GMT","inverseRate":0.0008203877592531},"bwp":{"code":"BWP","alphaCode":"BWP","numericCode":"072","name":"Botswana Pula","rate":1.3963691631174,"date":"Sun, 27 Jun 2021 23:55:01 GMT","inverseRate":0.71614299886676},"nok":{"code":"NOK","alphaCode":"NOK","numericCode":"578","name":"Norwegian Krone","rate":1.0930886581873,"date":"Sun, 27 Jun 2021 23:55:01 GMT","inverseRate":0.91483887652654},"mad":{"code":"MAD","alphaCode":"MAD","numericCode":"504","name":"Moroccan Dirham","rate":1.1381089437974,"date":"Sun, 27 Jun 2021 23:55:01 GMT","inverseRate":0.8786505065705},"ron":{"code":"RON","alphaCode":"RON","numericCode":"946","name":"Romanian New Leu","rate":0.53118229956731,"date":"Sun, 27 Jun 2021 23:55:01 GMT","inverseRate":1.8825928514835},"byn":{"code":"BYN","alphaCode":"BYN","numericCode":"933","name":"Belarussian Ruble","rate":0.32547848287206,"date":"Sun, 27 Jun 2021 23:55:01 GMT","inverseRate":3.0723997210995},"rsd":{"code":"RSD","alphaCode":"RSD","numericCode":"941","name":"Serbian Dinar","rate":12.435623190694,"date":"Sun, 27 Jun 2021 23:55:01 GMT","inverseRate":0.080414144483596},"gmd":{"code":"GMD","alphaCode":"GMD","numericCode":"270","name":"Gambian dalasi","rate":6.6715415571166,"date":"Sun, 27 Jun 2021 23:55:01 GMT","inverseRate":0.14989039511165},"awg":{"code":"AWG","alphaCode":"AWG","numericCode":"533","name":"Aruban florin","rate":0.23252791141413,"date":"Sun, 27 Jun 2021 23:55:01 GMT","inverseRate":4.3005589906109},"aoa":{"code":"AOA","alphaCode":"AOA","numericCode":"973","name":"Angolan kwanza","rate":83.854375778239,"date":"Sun, 27 Jun 2021 23:55:01 GMT","inverseRate":0.011925436099418},"khr":{"code":"KHR","alphaCode":"KHR","numericCode":"116","name":"Cambodian riel","rate":523.52570453585,"date":"Sun, 27 Jun 2021 23:55:01 GMT","inverseRate":0.0019101258855792},"scr":{"code":"SCR","alphaCode":"SCR","numericCode":"690","name":"Seychelles rupee","rate":1.9253973852486,"date":"Sun, 27 Jun 2021 23:55:01 GMT","inverseRate":0.51937330322638},"bhd":{"code":"BHD","alphaCode":"BHD","numericCode":"048","name":"Bahrain Dinar","rate":0.048485814337673,"date":"Sun, 27 Jun 2021 23:55:01 GMT","inverseRate":20.624589143448},"omr":{"code":"OMR","alphaCode":"OMR","numericCode":"512","name":"Omani Rial","rate":0.04955470050249,"date":"Sun, 27 Jun 2021 23:55:01 GMT","inverseRate":20.179720386964},"rub":{"code":"RUB","alphaCode":"RUB","numericCode":"643","name":"Russian Rouble","rate":9.2978652145768,"date":"Sun, 27 Jun 2021 23:55:01 GMT","inverseRate":0.10755156984124},"lyd":{"code":"LYD","alphaCode":"LYD","numericCode":"434","name":"Libyan Dinar","rate":0.57343079111978,"date":"Sun, 27 Jun 2021 23:55:01 GMT","inverseRate":1.7438896122882},"clp":{"code":"CLP","alphaCode":"CLP","numericCode":"152","name":"Chilean Peso","rate":94.547270896209,"date":"Sun, 27 Jun 2021 23:55:01 GMT","inverseRate":0.010576719883303},"bsd":{"code":"BSD","alphaCode":"BSD","numericCode":"044","name":"Bahamian Dollar","rate":0.12840049092185,"date":"Sun, 27 Jun 2021 23:55:01 GMT","inverseRate":7.7881322167891},"djf":{"code":"DJF","alphaCode":"DJF","numericCode":"262","name":"Djiboutian franc","rate":22.869016763708,"date":"Sun, 27 Jun 2021 23:55:01 GMT","inverseRate":0.043727284401092},"hnl":{"code":"HNL","alphaCode":"HNL","numericCode":"340","name":"Honduran Lempira","rate":3.0781986045176,"date":"Sun, 27 Jun 2021 23:55:01 GMT","inverseRate":0.32486532822554},"tzs":{"code":"TZS","alphaCode":"TZS","numericCode":"834","name":"Tanzanian shilling","rate":297.82938120869,"date":"Sun, 27 Jun 2021 23:55:01 GMT","inverseRate":0.0033576270948879},"bbd":{"code":"BBD","alphaCode":"BBD","numericCode":"052","name":"Barbadian Dollar","rate":0.25783283673142,"date":"Sun, 27 Jun 2021 23:55:01 GMT","inverseRate":3.8784819368903},"bdt":{"code":"BDT","alphaCode":"BDT","numericCode":"050","name":"Bangladeshi taka","rate":10.899656707651,"date":"Sun, 27 Jun 2021 23:55:01 GMT","inverseRate":0.091746008780076},"qar":{"code":"QAR","alphaCode":"QAR","numericCode":"634","name":"Qatari Rial","rate":0.47127107675954,"date":"Sun, 27 Jun 2021 23:55:01 GMT","inverseRate":2.121921011737},"mxn":{"code":"MXN","alphaCode":"MXN","numericCode":"484","name":"Mexican Peso","rate":2.5504345779612,"date":"Sun, 27 Jun 2021 23:55:01 GMT","inverseRate":0.39209004168983},"amd":{"code":"AMD","alphaCode":"AMD","numericCode":"051","name":"Armenia Dram","rate":66.696324219804,"date":"Sun, 27 Jun 2021 23:55:01 GMT","inverseRate":0.014993330017774},"uyu":{"code":"UYU","alphaCode":"UYU","numericCode":"858","name":"Uruguayan Peso","rate":5.6074908583425,"date":"Sun, 27 Jun 2021 23:55:01 GMT","inverseRate":0.17833288100903},"fjd":{"code":"FJD","alphaCode":"FJD","numericCode":"242","name":"Fiji Dollar","rate":0.26497160420255,"date":"Sun, 27 Jun 2021 23:55:01 GMT","inverseRate":3.7739893035314},"cdf":{"code":"CDF","alphaCode":"CDF","numericCode":"976","name":"Congolese franc","rate":255.43874974463,"date":"Sun, 27 Jun 2021 23:55:01 GMT","inverseRate":0.003914832816085},"lsl":{"code":"LSL","alphaCode":"LSL","numericCode":"426","name":"Lesotho loti","rate":1.827029975634,"date":"Sun, 27 Jun 2021 23:55:01 GMT","inverseRate":0.54733639476986},"mnt":{"code":"MNT","alphaCode":"MNT","numericCode":"496","name":"Mongolian togrog","rate":366.23146047724,"date":"Sun, 27 Jun 2021 23:55:01 GMT","inverseRate":0.0027305136448324},"brl":{"code":"BRL","alphaCode":"BRL","numericCode":"986","name":"Brazilian Real","rate":0.64390062600528,"date":"Sun, 27 Jun 2021 23:55:01 GMT","inverseRate":1.5530346758691},"thb":{"code":"THB","alphaCode":"THB","numericCode":"764","name":"Thai Baht","rate":4.0715716013423,"date":"Sun, 27 Jun 2021 23:55:01 GMT","inverseRate":0.24560540693189},"xaf":{"code":"XAF","alphaCode":"XAF","numericCode":"950","name":"Central African CFA Franc","rate":70.878206244599,"date":"Sun, 27 Jun 2021 23:55:01 GMT","inverseRate":0.014108709192626},"mdl":{"code":"MDL","alphaCode":"MDL","numericCode":"498","name":"Moldova Lei","rate":2.3179334275625,"date":"Sun, 27 Jun 2021 23:55:01 GMT","inverseRate":0.43141877506446},"nio":{"code":"NIO","alphaCode":"NIO","numericCode":"558","name":"Nicaraguan C\u00f3rdoba","rate":4.5061536935976,"date":"Sun, 27 Jun 2021 23:55:01 GMT","inverseRate":0.22191875111158},"lrd":{"code":"LRD","alphaCode":"LRD","numericCode":"430","name":"Liberian dollar","rate":22.007030747231,"date":"Sun, 27 Jun 2021 23:55:01 GMT","inverseRate":0.045440023758127},"sdg":{"code":"SDG","alphaCode":"SDG","numericCode":"938","name":"Sudanese pound","rate":56.552951106254,"date":"Sun, 27 Jun 2021 23:55:01 GMT","inverseRate":0.017682543181896},"mru":{"code":"MRU","alphaCode":"MRU","numericCode":"929","name":"Mauritanian ouguiya","rate":4.6407956060475,"date":"Sun, 27 Jun 2021 23:55:01 GMT","inverseRate":0.21548029365846},"dkk":{"code":"DKK","alphaCode":"DKK","numericCode":"208","name":"Danish Krone","rate":0.80190493311902,"date":"Sun, 27 Jun 2021 23:55:01 GMT","inverseRate":1.247030612607},"jod":{"code":"JOD","alphaCode":"JOD","numericCode":"400","name":"Jordanian Dinar","rate":0.091281183431326,"date":"Sun, 27 Jun 2021 23:55:01 GMT","inverseRate":10.955160334357},"bgn":{"code":"BGN","alphaCode":"BGN","numericCode":"975","name":"Bulgarian Lev","rate":0.2109098548892,"date":"Sun, 27 Jun 2021 23:55:01 GMT","inverseRate":4.7413621356163},"vnd":{"code":"VND","alphaCode":"VND","numericCode":"704","name":"Vietnamese Dong","rate":2963.3953478362,"date":"Sun, 27 Jun 2021 23:55:01 GMT","inverseRate":0.00033745075584672},"uzs":{"code":"UZS","alphaCode":"UZS","numericCode":"860","name":"Uzbekistan Sum","rate":1358.3593214144,"date":"Sun, 27 Jun 2021 23:55:01 GMT","inverseRate":0.00073618223413726},"pab":{"code":"PAB","alphaCode":"PAB","numericCode":"590","name":"Panamanian Balboa","rate":0.12840049092185,"date":"Sun, 27 Jun 2021 23:55:01 GMT","inverseRate":7.7881322167891},"ttd":{"code":"TTD","alphaCode":"TTD","numericCode":"780","name":"Trinidad Tobago Dollar","rate":0.8731694425741,"date":"Sun, 27 Jun 2021 23:55:01 GMT","inverseRate":1.1452530874787},"htg":{"code":"HTG","alphaCode":"HTG","numericCode":"332","name":"Haitian gourde","rate":12.068371700094,"date":"Sun, 27 Jun 2021 23:55:01 GMT","inverseRate":0.082861219794233},"cup":{"code":"CUP","alphaCode":"CUP","numericCode":"192","name":"Cuban peso","rate":0.12840049092185,"date":"Sun, 27 Jun 2021 23:55:01 GMT","inverseRate":7.7881322167891}}