{"usd":{"code":"USD","alphaCode":"USD","numericCode":"840","name":"U.S. Dollar","rate":0.041855413388434,"date":"Sun, 27 Jun 2021 23:55:01 GMT","inverseRate":23.891772151899},"eur":{"code":"EUR","alphaCode":"EUR","numericCode":"978","name":"Euro","rate":0.035039205185369,"date":"Sun, 27 Jun 2021 23:55:01 GMT","inverseRate":28.539460147845},"gbp":{"code":"GBP","alphaCode":"GBP","numericCode":"826","name":"U.K. Pound Sterling","rate":0.030097494085504,"date":"Sun, 27 Jun 2021 23:55:01 GMT","inverseRate":33.225357471925},"jpy":{"code":"JPY","alphaCode":"JPY","numericCode":"392","name":"Japanese Yen","rate":4.6347688673307,"date":"Sun, 27 Jun 2021 23:55:01 GMT","inverseRate":0.21576048960041},"aud":{"code":"AUD","alphaCode":"AUD","numericCode":"036","name":"Australian Dollar","rate":0.055094896576664,"date":"Sun, 27 Jun 2021 23:55:01 GMT","inverseRate":18.150501446327},"chf":{"code":"CHF","alphaCode":"CHF","numericCode":"756","name":"Swiss Franc","rate":0.038382030723559,"date":"Sun, 27 Jun 2021 23:55:01 GMT","inverseRate":26.053858567369},"cad":{"code":"CAD","alphaCode":"CAD","numericCode":"124","name":"Canadian Dollar","rate":0.051481920307437,"date":"Sun, 27 Jun 2021 23:55:01 GMT","inverseRate":19.424294859793},"lkr":{"code":"LKR","alphaCode":"LKR","numericCode":"144","name":"Sri Lanka Rupee","rate":8.316723531016,"date":"Sun, 27 Jun 2021 23:55:01 GMT","inverseRate":0.12023965883568},"pln":{"code":"PLN","alphaCode":"PLN","numericCode":"985","name":"Polish Zloty","rate":0.15803691303614,"date":"Sun, 27 Jun 2021 23:55:01 GMT","inverseRate":6.3276356187197},"pen":{"code":"PEN","alphaCode":"PEN","numericCode":"604","name":"Peruvian Nuevo Sol","rate":0.16659296316953,"date":"Sun, 27 Jun 2021 23:55:01 GMT","inverseRate":6.0026544997726},"iqd":{"code":"IQD","alphaCode":"IQD","numericCode":"368","name":"Iraqi dinar","rate":60.945916550977,"date":"Sun, 27 Jun 2021 23:55:01 GMT","inverseRate":0.016407990175413},"svc":{"code":"SVC","alphaCode":"SVC","numericCode":"222","name":"Salvadoran colon","rate":0.36531791907515,"date":"Sun, 27 Jun 2021 23:55:01 GMT","inverseRate":2.7373417721519},"cve":{"code":"CVE","alphaCode":"CVE","numericCode":"132","name":"Cape Verde escudo","rate":3.9012345679012,"date":"Sun, 27 Jun 2021 23:55:01 GMT","inverseRate":0.25632911392405},"zmw":{"code":"ZMW","alphaCode":"ZMW","numericCode":"967","name":"Zambian kwacha","rate":0.94272076372316,"date":"Sun, 27 Jun 2021 23:55:01 GMT","inverseRate":1.0607594936709},"yer":{"code":"YER","alphaCode":"YER","numericCode":"886","name":"Yemeni rial","rate":10.495549355653,"date":"Sun, 27 Jun 2021 23:55:01 GMT","inverseRate":0.095278481012659},"dop":{"code":"DOP","alphaCode":"DOP","numericCode":"214","name":"Dominican Peso","rate":2.3762988249316,"date":"Sun, 27 Jun 2021 23:55:01 GMT","inverseRate":0.42082249484291},"nzd":{"code":"NZD","alphaCode":"NZD","numericCode":"554","name":"New Zealand Dollar","rate":0.05913484009173,"date":"Sun, 27 Jun 2021 23:55:01 GMT","inverseRate":16.910504847038},"hrk":{"code":"HRK","alphaCode":"HRK","numericCode":"191","name":"Croatian Kuna","rate":0.26262280406207,"date":"Sun, 27 Jun 2021 23:55:01 GMT","inverseRate":3.8077424524172},"dzd":{"code":"DZD","alphaCode":"DZD","numericCode":"012","name":"Algerian Dinar","rate":5.5736693370624,"date":"Sun, 27 Jun 2021 23:55:01 GMT","inverseRate":0.17941502079258},"ars":{"code":"ARS","alphaCode":"ARS","numericCode":"032","name":"Argentine Peso","rate":3.9908173659646,"date":"Sun, 27 Jun 2021 23:55:01 GMT","inverseRate":0.25057523517072},"stn":{"code":"STN","alphaCode":"STN","numericCode":"930","name":"S\u00e3o Tom\u00e9 and Pr\u00edncipe Dobra","rate":0.86670323642347,"date":"Sun, 27 Jun 2021 23:55:01 GMT","inverseRate":1.1537974683544},"xpf":{"code":"XPF","alphaCode":"XPF","numericCode":"953","name":"CFP Franc","rate":4.1751446766906,"date":"Sun, 27 Jun 2021 23:55:01 GMT","inverseRate":0.23951265822785},"all":{"code":"ALL","alphaCode":"ALL","numericCode":"008","name":"Albanian lek","rate":4.2866057136657,"date":"Sun, 27 Jun 2021 23:55:01 GMT","inverseRate":0.23328481012657},"mur":{"code":"MUR","alphaCode":"MUR","numericCode":"480","name":"Mauritian Rupee","rate":1.7136659436009,"date":"Sun, 27 Jun 2021 23:55:01 GMT","inverseRate":0.58354430379745},"sos":{"code":"SOS","alphaCode":"SOS","numericCode":"706","name":"Somali shilling","rate":24.140565317037,"date":"Sun, 27 Jun 2021 23:55:01 GMT","inverseRate":0.04142405063291},"ang":{"code":"ANG","alphaCode":"ANG","numericCode":"532","name":"Neth. Antillean Guilder","rate":0.074435971983457,"date":"Sun, 27 Jun 2021 23:55:01 GMT","inverseRate":13.4343647749},"pkr":{"code":"PKR","alphaCode":"PKR","numericCode":"586","name":"Pakistani Rupee","rate":6.4729048961242,"date":"Sun, 27 Jun 2021 23:55:01 GMT","inverseRate":0.15449014253226},"krw":{"code":"KRW","alphaCode":"KRW","numericCode":"410","name":"South Korean Won","rate":47.179543886124,"date":"Sun, 27 Jun 2021 23:55:01 GMT","inverseRate":0.021195626698165},"azn":{"code":"AZN","alphaCode":"AZN","numericCode":"944","name":"Azerbaijan Manat","rate":0.070948670204343,"date":"Sun, 27 Jun 2021 23:55:01 GMT","inverseRate":14.094696871976},"pyg":{"code":"PYG","alphaCode":"PYG","numericCode":"600","name":"Paraguayan Guaran\u00ed","rate":283.71970243915,"date":"Sun, 27 Jun 2021 23:55:01 GMT","inverseRate":0.0035246054165536},"bnd":{"code":"BND","alphaCode":"BND","numericCode":"096","name":"Brunei Dollar","rate":0.056171786120593,"date":"Sun, 27 Jun 2021 23:55:01 GMT","inverseRate":17.802531645569},"kmf":{"code":"KMF","alphaCode":"KMF","numericCode":"174","name":"\tComoro franc","rate":17.298007444712,"date":"Sun, 27 Jun 2021 23:55:01 GMT","inverseRate":0.057810126582278},"szl":{"code":"SZL","alphaCode":"SZL","numericCode":"748","name":"Swazi lilangeni","rate":0.59331580923771,"date":"Sun, 27 Jun 2021 23:55:01 GMT","inverseRate":1.6854430379747},"wst":{"code":"WST","alphaCode":"WST","numericCode":"882","name":"Samoan tala","rate":0.10609010944739,"date":"Sun, 27 Jun 2021 23:55:01 GMT","inverseRate":9.4259493670886},"egp":{"code":"EGP","alphaCode":"EGP","numericCode":"818","name":"Egyptian Pound","rate":0.6561606046996,"date":"Sun, 27 Jun 2021 23:55:01 GMT","inverseRate":1.5240171275717},"sgd":{"code":"SGD","alphaCode":"SGD","numericCode":"702","name":"Singapore Dollar","rate":0.056162973540083,"date":"Sun, 27 Jun 2021 23:55:01 GMT","inverseRate":17.80532505613},"zar":{"code":"ZAR","alphaCode":"ZAR","numericCode":"710","name":"South African Rand","rate":0.59006380727415,"date":"Sun, 27 Jun 2021 23:55:01 GMT","inverseRate":1.6947319724956},"kgs":{"code":"KGS","alphaCode":"KGS","numericCode":"417","name":"Kyrgyzstan Som","rate":3.4982789202275,"date":"Sun, 27 Jun 2021 23:55:01 GMT","inverseRate":0.28585485114348},"crc":{"code":"CRC","alphaCode":"CRC","numericCode":"188","name":"Costa Rican Col\u00f3n","rate":25.851436066266,"date":"Sun, 27 Jun 2021 23:55:01 GMT","inverseRate":0.038682570571193},"jmd":{"code":"JMD","alphaCode":"JMD","numericCode":"388","name":"Jamaican Dollar","rate":6.2450592885376,"date":"Sun, 27 Jun 2021 23:55:01 GMT","inverseRate":0.16012658227848},"ssp":{"code":"SSP","alphaCode":"SSP","numericCode":"728","name":"South Sudanese pound","rate":7.4227191581322,"date":"Sun, 27 Jun 2021 23:55:01 GMT","inverseRate":0.13472151898734},"ern":{"code":"ERN","alphaCode":"ERN","numericCode":"232","name":"Eritrean nakfa","rate":0.62923138191957,"date":"Sun, 27 Jun 2021 23:55:01 GMT","inverseRate":1.5892405063291},"bam":{"code":"BAM","alphaCode":"BAM","numericCode":"977","name":"Bosnia and Herzegovina convertible mark","rate":0.06909520269384,"date":"Sun, 27 Jun 2021 23:55:01 GMT","inverseRate":14.472784810126},"inr":{"code":"INR","alphaCode":"INR","numericCode":"356","name":"Indian Rupee","rate":3.105145133442,"date":"Sun, 27 Jun 2021 23:55:01 GMT","inverseRate":0.32204613859434},"try":{"code":"TRY","alphaCode":"TRY","numericCode":"949","name":"Turkish Lira","rate":0.36460830173841,"date":"Sun, 27 Jun 2021 23:55:01 GMT","inverseRate":2.7426693117851},"twd":{"code":"TWD","alphaCode":"TWD","numericCode":"901","name":"New Taiwan Dollar ","rate":1.1676977338792,"date":"Sun, 27 Jun 2021 23:55:01 GMT","inverseRate":0.85638600725714},"tmt":{"code":"TMT","alphaCode":"TMT","numericCode":"934","name":"New Turkmenistan Manat","rate":0.14611565871962,"date":"Sun, 27 Jun 2021 23:55:01 GMT","inverseRate":6.8438934523702},"mga":{"code":"MGA","alphaCode":"MGA","numericCode":"969","name":"Malagasy ariary","rate":158,"date":"Sun, 27 Jun 2021 23:55:01 GMT","inverseRate":0.0063291139240505},"srd":{"code":"SRD","alphaCode":"SRD","numericCode":"968","name":"Surinamese dollar","rate":0.86860912589335,"date":"Sun, 27 Jun 2021 23:55:01 GMT","inverseRate":1.1512658227848},"ghs":{"code":"GHS","alphaCode":"GHS","numericCode":"936","name":"Ghanaian Cedi","rate":0.24330150908532,"date":"Sun, 27 Jun 2021 23:55:01 GMT","inverseRate":4.1101265822783},"mop":{"code":"MOP","alphaCode":"MOP","numericCode":"446","name":"Macanese pataca","rate":0.33403805496829,"date":"Sun, 27 Jun 2021 23:55:01 GMT","inverseRate":2.9936708860759},"lbp":{"code":"LBP","alphaCode":"LBP","numericCode":"422","name":"Lebanese Pound","rate":63.027455434837,"date":"Sun, 27 Jun 2021 23:55:01 GMT","inverseRate":0.015866101417245},"huf":{"code":"HUF","alphaCode":"HUF","numericCode":"348","name":"Hungarian Forint","rate":12.316150421517,"date":"Sun, 27 Jun 2021 23:55:01 GMT","inverseRate":0.081194201578845},"ngn":{"code":"NGN","alphaCode":"NGN","numericCode":"566","name":"Nigerian Naira","rate":17.157610941417,"date":"Sun, 27 Jun 2021 23:55:01 GMT","inverseRate":0.058283172605696},"irr":{"code":"IRR","alphaCode":"IRR","numericCode":"364","name":"Iranian rial","rate":1753.5703564172,"date":"Sun, 27 Jun 2021 23:55:01 GMT","inverseRate":0.00057026511445091},"ves":{"code":"VES","alphaCode":"VES","numericCode":"928","name":"Venezuelan Bolivar","rate":132773.1092437,"date":"Sun, 27 Jun 2021 23:55:01 GMT","inverseRate":7.5316455696203e-6},"sbd":{"code":"SBD","alphaCode":"SBD","numericCode":"090","name":"Solomon Islands dollar","rate":0.34029722162395,"date":"Sun, 27 Jun 2021 23:55:01 GMT","inverseRate":2.9386075949367},"mwk":{"code":"MWK","alphaCode":"MWK","numericCode":"454","name":"Malawian kwacha","rate":33.617021276596,"date":"Sun, 27 Jun 2021 23:55:01 GMT","inverseRate":0.029746835443038},"gtq":{"code":"GTQ","alphaCode":"GTQ","numericCode":"320","name":"Guatemalan Quetzal","rate":0.32277834525026,"date":"Sun, 27 Jun 2021 23:55:01 GMT","inverseRate":3.0981012658228},"sek":{"code":"SEK","alphaCode":"SEK","numericCode":"752","name":"Swedish Krona","rate":0.35436860228471,"date":"Sun, 27 Jun 2021 23:55:01 GMT","inverseRate":2.8219204341263},"npr":{"code":"NPR","alphaCode":"NPR","numericCode":"524","name":"Nepalese Rupee","rate":4.9630437183784,"date":"Sun, 27 Jun 2021 23:55:01 GMT","inverseRate":0.20148925875808},"isk":{"code":"ISK","alphaCode":"ISK","numericCode":"352","name":"Icelandic Krona","rate":5.1508927390143,"date":"Sun, 27 Jun 2021 23:55:01 GMT","inverseRate":0.19414110342965},"gip":{"code":"GIP","alphaCode":"GIP","numericCode":"292","name":"Gibraltar pound","rate":0.029959441095023,"date":"Sun, 27 Jun 2021 23:55:01 GMT","inverseRate":33.378459792633},"gel":{"code":"GEL","alphaCode":"GEL","numericCode":"981","name":"Georgian lari","rate":0.13557140387049,"date":"Sun, 27 Jun 2021 23:55:01 GMT","inverseRate":7.3761868023087},"mkd":{"code":"MKD","alphaCode":"MKD","numericCode":"807","name":"Macedonian denar","rate":2.1614818462885,"date":"Sun, 27 Jun 2021 23:55:01 GMT","inverseRate":0.46264556962027},"bif":{"code":"BIF","alphaCode":"BIF","numericCode":"108","name":"Burundian franc","rate":82.592786199686,"date":"Sun, 27 Jun 2021 23:55:01 GMT","inverseRate":0.012107594936709},"mmk":{"code":"MMK","alphaCode":"MMK","numericCode":"104","name":"Myanma Kyat","rate":68.695652173912,"date":"Sun, 27 Jun 2021 23:55:01 GMT","inverseRate":0.014556962025317},"mvr":{"code":"MVR","alphaCode":"MVR","numericCode":"462","name":"Maldivian rufiyaa","rate":0.64516129032257,"date":"Sun, 27 Jun 2021 23:55:01 GMT","inverseRate":1.55},"kes":{"code":"KES","alphaCode":"KES","numericCode":"404","name":"Kenyan shilling","rate":4.4965564346294,"date":"Sun, 27 Jun 2021 23:55:01 GMT","inverseRate":0.22239240506328},"aed":{"code":"AED","alphaCode":"AED","numericCode":"784","name":"U.A.E Dirham","rate":0.15344111432909,"date":"Sun, 27 Jun 2021 23:55:01 GMT","inverseRate":6.5171580926824},"php":{"code":"PHP","alphaCode":"PHP","numericCode":"608","name":"Philippine Peso","rate":2.0300714221383,"date":"Sun, 27 Jun 2021 23:55:01 GMT","inverseRate":0.49259350636378},"ils":{"code":"ILS","alphaCode":"ILS","numericCode":"376","name":"Israeli New Sheqel","rate":0.1359234499972,"date":"Sun, 27 Jun 2021 23:55:01 GMT","inverseRate":7.3570822401919},"mro":{"code":"MRO","alphaCode":"MRO","numericCode":"478","name":"Mauritanian Ouguiya","rate":1.5155850298503,"date":"Sun, 27 Jun 2021 23:55:01 GMT","inverseRate":0.6598112150123},"cop":{"code":"COP","alphaCode":"COP","numericCode":"170","name":"Colombian Peso","rate":157.37138926115,"date":"Sun, 27 Jun 2021 23:55:01 GMT","inverseRate":0.0063543951965791},"bzd":{"code":"BZD","alphaCode":"BZD","numericCode":"084","name":"Belize dollar","rate":0.084123096581835,"date":"Sun, 27 Jun 2021 23:55:01 GMT","inverseRate":11.887341772152},"gnf":{"code":"GNF","alphaCode":"GNF","numericCode":"324","name":"Guinean franc","rate":409.32642487046,"date":"Sun, 27 Jun 2021 23:55:01 GMT","inverseRate":0.0024430379746836},"sll":{"code":"SLL","alphaCode":"SLL","numericCode":"694","name":"Sierra Leonean leone","rate":428.18428184281,"date":"Sun, 27 Jun 2021 23:55:01 GMT","inverseRate":0.0023354430379747},"ugx":{"code":"UGX","alphaCode":"UGX","numericCode":"800","name":"Ugandan shilling","rate":149.19735599622,"date":"Sun, 27 Jun 2021 23:55:01 GMT","inverseRate":0.0067025316455697},"cny":{"code":"CNY","alphaCode":"CNY","numericCode":"156","name":"Chinese Yuan","rate":0.27020516306167,"date":"Sun, 27 Jun 2021 23:55:01 GMT","inverseRate":3.7008915324529},"sar":{"code":"SAR","alphaCode":"SAR","numericCode":"682","name":"Saudi Riyal","rate":0.15695332022454,"date":"Sun, 27 Jun 2021 23:55:01 GMT","inverseRate":6.3713210945101},"myr":{"code":"MYR","alphaCode":"MYR","numericCode":"458","name":"Malaysian Ringgit","rate":0.17343801376844,"date":"Sun, 27 Jun 2021 23:55:01 GMT","inverseRate":5.7657486860703},"kzt":{"code":"KZT","alphaCode":"KZT","numericCode":"398","name":"Kazakhstani Tenge","rate":17.841436001233,"date":"Sun, 27 Jun 2021 23:55:01 GMT","inverseRate":0.056049300063678},"bob":{"code":"BOB","alphaCode":"BOB","numericCode":"068","name":"Bolivian Boliviano","rate":0.28764577501698,"date":"Sun, 27 Jun 2021 23:55:01 GMT","inverseRate":3.4764981336541},"gyd":{"code":"GYD","alphaCode":"GYD","numericCode":"328","name":"Guyanese dollar","rate":8.7162795829424,"date":"Sun, 27 Jun 2021 23:55:01 GMT","inverseRate":0.11472784810127},"rwf":{"code":"RWF","alphaCode":"RWF","numericCode":"646","name":"Rwandan franc","rate":41.965471447542,"date":"Sun, 27 Jun 2021 23:55:01 GMT","inverseRate":0.023829113924051},"mzn":{"code":"MZN","alphaCode":"MZN","numericCode":"943","name":"Mozambican metical","rate":2.6599326599327,"date":"Sun, 27 Jun 2021 23:55:01 GMT","inverseRate":0.3759493670886},"vuv":{"code":"VUV","alphaCode":"VUV","numericCode":"548","name":"Vanuatu vatu","rate":4.5850261172373,"date":"Sun, 27 Jun 2021 23:55:01 GMT","inverseRate":0.21810126582279},"idr":{"code":"IDR","alphaCode":"IDR","numericCode":"360","name":"Indonesian Rupiah","rate":604.42355018567,"date":"Sun, 27 Jun 2021 23:55:01 GMT","inverseRate":0.0016544689559049},"tnd":{"code":"TND","alphaCode":"TND","numericCode":"788","name":"Tunisian Dinar","rate":0.1144567545022,"date":"Sun, 27 Jun 2021 23:55:01 GMT","inverseRate":8.7369243025389},"xof":{"code":"XOF","alphaCode":"XOF","numericCode":"952","name":"West African CFA Franc","rate":23.006367386382,"date":"Sun, 27 Jun 2021 23:55:01 GMT","inverseRate":0.043466227553679},"tjs":{"code":"TJS","alphaCode":"TJS","numericCode":"972","name":"Tajikistan Ruble","rate":0.47326211649525,"date":"Sun, 27 Jun 2021 23:55:01 GMT","inverseRate":2.1129939734148},"afn":{"code":"AFN","alphaCode":"AFN","numericCode":"971","name":"Afghan afghani","rate":3.301019555407,"date":"Sun, 27 Jun 2021 23:55:01 GMT","inverseRate":0.30293670886075},"nad":{"code":"NAD","alphaCode":"NAD","numericCode":"516","name":"Namibian dollar","rate":0.59331580923771,"date":"Sun, 27 Jun 2021 23:55:01 GMT","inverseRate":1.6854430379747},"syp":{"code":"SYP","alphaCode":"SYP","numericCode":"760","name":"Syrian pound","rate":105.33333333333,"date":"Sun, 27 Jun 2021 23:55:01 GMT","inverseRate":0.0094936708860761},"top":{"code":"TOP","alphaCode":"TOP","numericCode":"776","name":"Tongan pa\u02bbanga","rate":0.092457136169467,"date":"Sun, 27 Jun 2021 23:55:01 GMT","inverseRate":10.81582278481},"kwd":{"code":"KWD","alphaCode":"KWD","numericCode":"414","name":"Kuwaiti Dinar","rate":0.012588447499254,"date":"Sun, 27 Jun 2021 23:55:01 GMT","inverseRate":79.437913218393},"czk":{"code":"CZK","alphaCode":"CZK","numericCode":"203","name":"Czech Koruna","rate":0.89265193721152,"date":"Sun, 27 Jun 2021 23:55:01 GMT","inverseRate":1.1202574691361},"pgk":{"code":"PGK","alphaCode":"PGK","numericCode":"598","name":"Papua New Guinean kina","rate":0.1468959569672,"date":"Sun, 27 Jun 2021 23:55:01 GMT","inverseRate":6.8075392995553},"uah":{"code":"UAH","alphaCode":"UAH","numericCode":"980","name":"Ukrainian Hryvnia","rate":1.1466358456638,"date":"Sun, 27 Jun 2021 23:55:01 GMT","inverseRate":0.87211646468376},"etb":{"code":"ETB","alphaCode":"ETB","numericCode":"230","name":"Ethiopian birr","rate":1.8265895953756,"date":"Sun, 27 Jun 2021 23:55:01 GMT","inverseRate":0.54746835443041},"xcd":{"code":"XCD","alphaCode":"XCD","numericCode":"951","name":"East Caribbean Dollar","rate":0.1130833094761,"date":"Sun, 27 Jun 2021 23:55:01 GMT","inverseRate":8.8430379746834},"lak":{"code":"LAK","alphaCode":"LAK","numericCode":"418","name":"Lao kip","rate":395.98997493734,"date":"Sun, 27 Jun 2021 23:55:01 GMT","inverseRate":0.0025253164556962},"bwp":{"code":"BWP","alphaCode":"BWP","numericCode":"072","name":"Botswana Pula","rate":0.45363192650017,"date":"Sun, 27 Jun 2021 23:55:01 GMT","inverseRate":2.2044303797467},"nok":{"code":"NOK","alphaCode":"NOK","numericCode":"578","name":"Norwegian Krone","rate":0.35510660572164,"date":"Sun, 27 Jun 2021 23:55:01 GMT","inverseRate":2.8160557530825},"mad":{"code":"MAD","alphaCode":"MAD","numericCode":"504","name":"Moroccan Dirham","rate":0.36973213558316,"date":"Sun, 27 Jun 2021 23:55:01 GMT","inverseRate":2.704660763184},"ron":{"code":"RON","alphaCode":"RON","numericCode":"946","name":"Romanian New Leu","rate":0.17256271209653,"date":"Sun, 27 Jun 2021 23:55:01 GMT","inverseRate":5.7949946883115},"byn":{"code":"BYN","alphaCode":"BYN","numericCode":"933","name":"Belarussian Ruble","rate":0.10573667416858,"date":"Sun, 27 Jun 2021 23:55:01 GMT","inverseRate":9.4574565340088},"rsd":{"code":"RSD","alphaCode":"RSD","numericCode":"941","name":"Serbian Dinar","rate":4.0399028095338,"date":"Sun, 27 Jun 2021 23:55:01 GMT","inverseRate":0.24753070733288},"gmd":{"code":"GMD","alphaCode":"GMD","numericCode":"270","name":"Gambian dalasi","rate":2.167352537723,"date":"Sun, 27 Jun 2021 23:55:01 GMT","inverseRate":0.46139240506327},"awg":{"code":"AWG","alphaCode":"AWG","numericCode":"533","name":"Aruban florin","rate":0.075540256263148,"date":"Sun, 27 Jun 2021 23:55:01 GMT","inverseRate":13.237974683544},"aoa":{"code":"AOA","alphaCode":"AOA","numericCode":"973","name":"Angolan kwanza","rate":27.241379310345,"date":"Sun, 27 Jun 2021 23:55:01 GMT","inverseRate":0.036708860759493},"khr":{"code":"KHR","alphaCode":"KHR","numericCode":"116","name":"Cambodian riel","rate":170.07534983854,"date":"Sun, 27 Jun 2021 23:55:01 GMT","inverseRate":0.0058797468354428},"scr":{"code":"SCR","alphaCode":"SCR","numericCode":"690","name":"Seychelles rupee","rate":0.62549485352338,"date":"Sun, 27 Jun 2021 23:55:01 GMT","inverseRate":1.5987341772151},"bhd":{"code":"BHD","alphaCode":"BHD","numericCode":"048","name":"Bahrain Dinar","rate":0.015751359989091,"date":"Sun, 27 Jun 2021 23:55:01 GMT","inverseRate":63.48658152011},"omr":{"code":"OMR","alphaCode":"OMR","numericCode":"512","name":"Omani Rial","rate":0.016098604043859,"date":"Sun, 27 Jun 2021 23:55:01 GMT","inverseRate":62.117187134709},"rub":{"code":"RUB","alphaCode":"RUB","numericCode":"643","name":"Russian Rouble","rate":3.0205540347303,"date":"Sun, 27 Jun 2021 23:55:01 GMT","inverseRate":0.33106509219899},"lyd":{"code":"LYD","alphaCode":"LYD","numericCode":"434","name":"Libyan Dinar","rate":0.18628778217176,"date":"Sun, 27 Jun 2021 23:55:01 GMT","inverseRate":5.3680385709783},"clp":{"code":"CLP","alphaCode":"CLP","numericCode":"152","name":"Chilean Peso","rate":30.715130192526,"date":"Sun, 27 Jun 2021 23:55:01 GMT","inverseRate":0.032557244385158},"bsd":{"code":"BSD","alphaCode":"BSD","numericCode":"044","name":"Bahamian Dollar","rate":0.041712867627647,"date":"Sun, 27 Jun 2021 23:55:01 GMT","inverseRate":23.973417721519},"djf":{"code":"DJF","alphaCode":"DJF","numericCode":"262","name":"Djiboutian franc","rate":7.4293506371373,"date":"Sun, 27 Jun 2021 23:55:01 GMT","inverseRate":0.13460126582279},"tzs":{"code":"TZS","alphaCode":"TZS","numericCode":"834","name":"Tanzanian shilling","rate":96.754439681569,"date":"Sun, 27 Jun 2021 23:55:01 GMT","inverseRate":0.010335443037975},"bbd":{"code":"BBD","alphaCode":"BBD","numericCode":"052","name":"Barbadian Dollar","rate":0.083760949132073,"date":"Sun, 27 Jun 2021 23:55:01 GMT","inverseRate":11.938737685783},"bdt":{"code":"BDT","alphaCode":"BDT","numericCode":"050","name":"Bangladeshi taka","rate":3.5409205538769,"date":"Sun, 27 Jun 2021 23:55:01 GMT","inverseRate":0.28241243619689},"qar":{"code":"QAR","alphaCode":"QAR","numericCode":"634","name":"Qatari Rial","rate":0.15309963303469,"date":"Sun, 27 Jun 2021 23:55:01 GMT","inverseRate":6.5316942972254},"mxn":{"code":"MXN","alphaCode":"MXN","numericCode":"484","name":"Mexican Peso","rate":0.82854776628713,"date":"Sun, 27 Jun 2021 23:55:01 GMT","inverseRate":1.2069310191749},"amd":{"code":"AMD","alphaCode":"AMD","numericCode":"051","name":"Armenia Dram","rate":21.667323259103,"date":"Sun, 27 Jun 2021 23:55:01 GMT","inverseRate":0.046152447537785},"uyu":{"code":"UYU","alphaCode":"UYU","numericCode":"858","name":"Uruguayan Peso","rate":1.8216793582171,"date":"Sun, 27 Jun 2021 23:55:01 GMT","inverseRate":0.54894402546159},"fjd":{"code":"FJD","alphaCode":"FJD","numericCode":"242","name":"Fiji Dollar","rate":0.086080087169709,"date":"Sun, 27 Jun 2021 23:55:01 GMT","inverseRate":11.617088607595},"cdf":{"code":"CDF","alphaCode":"CDF","numericCode":"976","name":"Congolese franc","rate":82.983193277311,"date":"Sun, 27 Jun 2021 23:55:01 GMT","inverseRate":0.012050632911392},"lsl":{"code":"LSL","alphaCode":"LSL","numericCode":"426","name":"Lesotho loti","rate":0.59353869271225,"date":"Sun, 27 Jun 2021 23:55:01 GMT","inverseRate":1.6848101265823},"mnt":{"code":"MNT","alphaCode":"MNT","numericCode":"496","name":"Mongolian togrog","rate":118.97590361446,"date":"Sun, 27 Jun 2021 23:55:01 GMT","inverseRate":0.0084050632911393},"brl":{"code":"BRL","alphaCode":"BRL","numericCode":"986","name":"Brazilian Real","rate":0.20918098821183,"date":"Sun, 27 Jun 2021 23:55:01 GMT","inverseRate":4.7805491720276},"hkd":{"code":"HKD","alphaCode":"HKD","numericCode":"344","name":"Hong Kong Dollar","rate":0.32486532822554,"date":"Sun, 27 Jun 2021 23:55:01 GMT","inverseRate":3.0781986045176},"thb":{"code":"THB","alphaCode":"THB","numericCode":"764","name":"Thai Baht","rate":1.3227124446638,"date":"Sun, 27 Jun 2021 23:55:01 GMT","inverseRate":0.75602222087971},"xaf":{"code":"XAF","alphaCode":"XAF","numericCode":"950","name":"Central African CFA Franc","rate":23.025871735689,"date":"Sun, 27 Jun 2021 23:55:01 GMT","inverseRate":0.043429408948285},"mdl":{"code":"MDL","alphaCode":"MDL","numericCode":"498","name":"Moldova Lei","rate":0.75301620375004,"date":"Sun, 27 Jun 2021 23:55:01 GMT","inverseRate":1.3279926713661},"nio":{"code":"NIO","alphaCode":"NIO","numericCode":"558","name":"Nicaraguan C\u00f3rdoba","rate":1.4638930987053,"date":"Sun, 27 Jun 2021 23:55:01 GMT","inverseRate":0.68310998998795},"lrd":{"code":"LRD","alphaCode":"LRD","numericCode":"430","name":"Liberian dollar","rate":7.1493212669686,"date":"Sun, 27 Jun 2021 23:55:01 GMT","inverseRate":0.13987341772151},"sdg":{"code":"SDG","alphaCode":"SDG","numericCode":"938","name":"Sudanese pound","rate":18.372093023256,"date":"Sun, 27 Jun 2021 23:55:01 GMT","inverseRate":0.054430379746836},"mru":{"code":"MRU","alphaCode":"MRU","numericCode":"929","name":"Mauritanian ouguiya","rate":1.5076335877862,"date":"Sun, 27 Jun 2021 23:55:01 GMT","inverseRate":0.66329113924051},"dkk":{"code":"DKK","alphaCode":"DKK","numericCode":"208","name":"Danish Krone","rate":0.26051110930339,"date":"Sun, 27 Jun 2021 23:55:01 GMT","inverseRate":3.8386078915176},"jod":{"code":"JOD","alphaCode":"JOD","numericCode":"400","name":"Jordanian Dinar","rate":0.029654091616233,"date":"Sun, 27 Jun 2021 23:55:01 GMT","inverseRate":33.722159253483},"bgn":{"code":"BGN","alphaCode":"BGN","numericCode":"975","name":"Bulgarian Lev","rate":0.068517299234581,"date":"Sun, 27 Jun 2021 23:55:01 GMT","inverseRate":14.594854309367},"vnd":{"code":"VND","alphaCode":"VND","numericCode":"704","name":"Vietnamese Dong","rate":962.70440233684,"date":"Sun, 27 Jun 2021 23:55:01 GMT","inverseRate":0.0010387404457408},"uzs":{"code":"UZS","alphaCode":"UZS","numericCode":"860","name":"Uzbekistan Sum","rate":441.28384679949,"date":"Sun, 27 Jun 2021 23:55:01 GMT","inverseRate":0.002266115125792},"pab":{"code":"PAB","alphaCode":"PAB","numericCode":"590","name":"Panamanian Balboa","rate":0.041712867627647,"date":"Sun, 27 Jun 2021 23:55:01 GMT","inverseRate":23.973417721519},"ttd":{"code":"TTD","alphaCode":"TTD","numericCode":"780","name":"Trinidad Tobago Dollar","rate":0.28366247755834,"date":"Sun, 27 Jun 2021 23:55:01 GMT","inverseRate":3.5253164556963},"htg":{"code":"HTG","alphaCode":"HTG","numericCode":"332","name":"Haitian gourde","rate":3.9205955334988,"date":"Sun, 27 Jun 2021 23:55:01 GMT","inverseRate":0.25506329113924},"cup":{"code":"CUP","alphaCode":"CUP","numericCode":"192","name":"Cuban peso","rate":0.041712867627647,"date":"Sun, 27 Jun 2021 23:55:01 GMT","inverseRate":23.973417721519}}