{"usd":{"code":"USD","alphaCode":"USD","numericCode":"840","name":"U.S. Dollar","rate":0.15937463442261,"date":"Sun, 27 Jun 2021 23:55:01 GMT","inverseRate":6.2745241965439},"eur":{"code":"EUR","alphaCode":"EUR","numericCode":"978","name":"Euro","rate":0.13342026908329,"date":"Sun, 27 Jun 2021 23:55:01 GMT","inverseRate":7.4951130504448},"gbp":{"code":"GBP","alphaCode":"GBP","numericCode":"826","name":"U.K. Pound Sterling","rate":0.11460350594075,"date":"Sun, 27 Jun 2021 23:55:01 GMT","inverseRate":8.7257365452417},"jpy":{"code":"JPY","alphaCode":"JPY","numericCode":"392","name":"Japanese Yen","rate":17.648006173277,"date":"Sun, 27 Jun 2021 23:55:01 GMT","inverseRate":0.056663624784665},"aud":{"code":"AUD","alphaCode":"AUD","numericCode":"036","name":"Australian Dollar","rate":0.2097871766065,"date":"Sun, 27 Jun 2021 23:55:01 GMT","inverseRate":4.7667355849672},"chf":{"code":"CHF","alphaCode":"CHF","numericCode":"756","name":"Swiss Franc","rate":0.14614888779608,"date":"Sun, 27 Jun 2021 23:55:01 GMT","inverseRate":6.842337393599},"cad":{"code":"CAD","alphaCode":"CAD","numericCode":"124","name":"Canadian Dollar","rate":0.19602989348658,"date":"Sun, 27 Jun 2021 23:55:01 GMT","inverseRate":5.1012627830073},"lkr":{"code":"LKR","alphaCode":"LKR","numericCode":"144","name":"Sri Lanka Rupee","rate":31.667941254066,"date":"Sun, 27 Jun 2021 23:55:01 GMT","inverseRate":0.031577676362893},"pln":{"code":"PLN","alphaCode":"PLN","numericCode":"985","name":"Polish Zloty","rate":0.60176386281668,"date":"Sun, 27 Jun 2021 23:55:01 GMT","inverseRate":1.6617814092712},"pen":{"code":"PEN","alphaCode":"PEN","numericCode":"604","name":"Peruvian Nuevo Sol","rate":0.63434309813457,"date":"Sun, 27 Jun 2021 23:55:01 GMT","inverseRate":1.5764339565461},"iqd":{"code":"IQD","alphaCode":"IQD","numericCode":"368","name":"Iraqi dinar","rate":232.06635375263,"date":"Sun, 27 Jun 2021 23:55:01 GMT","inverseRate":0.00430911238889},"svc":{"code":"SVC","alphaCode":"SVC","numericCode":"222","name":"Salvadoran colon","rate":1.3910365490911,"date":"Sun, 27 Jun 2021 23:55:01 GMT","inverseRate":0.71888837187877},"cve":{"code":"CVE","alphaCode":"CVE","numericCode":"132","name":"Cape Verde escudo","rate":14.854896481035,"date":"Sun, 27 Jun 2021 23:55:01 GMT","inverseRate":0.067317870661482},"zmw":{"code":"ZMW","alphaCode":"ZMW","numericCode":"967","name":"Zambian kwacha","rate":3.5896378728038,"date":"Sun, 27 Jun 2021 23:55:01 GMT","inverseRate":0.27857963266331},"yer":{"code":"YER","alphaCode":"YER","numericCode":"886","name":"Yemeni rial","rate":39.964348842959,"date":"Sun, 27 Jun 2021 23:55:01 GMT","inverseRate":0.02502230185032},"dop":{"code":"DOP","alphaCode":"DOP","numericCode":"214","name":"Dominican Peso","rate":9.0483339153211,"date":"Sun, 27 Jun 2021 23:55:01 GMT","inverseRate":0.11051758360804},"nzd":{"code":"NZD","alphaCode":"NZD","numericCode":"554","name":"New Zealand Dollar","rate":0.22517024103418,"date":"Sun, 27 Jun 2021 23:55:01 GMT","inverseRate":4.4410842010343},"dzd":{"code":"DZD","alphaCode":"DZD","numericCode":"012","name":"Algerian Dinar","rate":21.223097350468,"date":"Sun, 27 Jun 2021 23:55:01 GMT","inverseRate":0.047118475851402},"ars":{"code":"ARS","alphaCode":"ARS","numericCode":"032","name":"Argentine Peso","rate":15.196004704227,"date":"Sun, 27 Jun 2021 23:55:01 GMT","inverseRate":0.065806770889049},"stn":{"code":"STN","alphaCode":"STN","numericCode":"930","name":"S\u00e3o Tom\u00e9 and Pr\u00edncipe Dobra","rate":3.300182706977,"date":"Sun, 27 Jun 2021 23:55:01 GMT","inverseRate":0.30301352645897},"xpf":{"code":"XPF","alphaCode":"XPF","numericCode":"953","name":"CFP Franc","rate":15.897875630418,"date":"Sun, 27 Jun 2021 23:55:01 GMT","inverseRate":0.062901485912158},"all":{"code":"ALL","alphaCode":"ALL","numericCode":"008","name":"Albanian lek","rate":16.322290552699,"date":"Sun, 27 Jun 2021 23:55:01 GMT","inverseRate":0.06126591098053},"mur":{"code":"MUR","alphaCode":"MUR","numericCode":"480","name":"Mauritian Rupee","rate":6.5251985627107,"date":"Sun, 27 Jun 2021 23:55:01 GMT","inverseRate":0.15325204135774},"sos":{"code":"SOS","alphaCode":"SOS","numericCode":"706","name":"Somali shilling","rate":91.921055383031,"date":"Sun, 27 Jun 2021 23:55:01 GMT","inverseRate":0.010878900332824},"ang":{"code":"ANG","alphaCode":"ANG","numericCode":"532","name":"Neth. Antillean Guilder","rate":0.28343301050835,"date":"Sun, 27 Jun 2021 23:55:01 GMT","inverseRate":3.528170547977},"pkr":{"code":"PKR","alphaCode":"PKR","numericCode":"586","name":"Pakistani Rupee","rate":24.647154763431,"date":"Sun, 27 Jun 2021 23:55:01 GMT","inverseRate":0.040572634431772},"krw":{"code":"KRW","alphaCode":"KRW","numericCode":"410","name":"South Korean Won","rate":179.64755214087,"date":"Sun, 27 Jun 2021 23:55:01 GMT","inverseRate":0.0055664549173252},"azn":{"code":"AZN","alphaCode":"AZN","numericCode":"944","name":"Azerbaijan Manat","rate":0.27015426347962,"date":"Sun, 27 Jun 2021 23:55:01 GMT","inverseRate":3.7015888149232},"pyg":{"code":"PYG","alphaCode":"PYG","numericCode":"600","name":"Paraguayan Guaran\u00ed","rate":1080.3315555647,"date":"Sun, 27 Jun 2021 23:55:01 GMT","inverseRate":0.00092564175770767},"bnd":{"code":"BND","alphaCode":"BND","numericCode":"096","name":"Brunei Dollar","rate":0.21388769463948,"date":"Sun, 27 Jun 2021 23:55:01 GMT","inverseRate":4.6753507801632},"kmf":{"code":"KMF","alphaCode":"KMF","numericCode":"174","name":"\tComoro franc","rate":65.86635728946,"date":"Sun, 27 Jun 2021 23:55:01 GMT","inverseRate":0.015182257546221},"szl":{"code":"SZL","alphaCode":"SZL","numericCode":"748","name":"Swazi lilangeni","rate":2.2591937945247,"date":"Sun, 27 Jun 2021 23:55:01 GMT","inverseRate":0.4426357767198},"wst":{"code":"WST","alphaCode":"WST","numericCode":"882","name":"Samoan tala","rate":0.40396381352442,"date":"Sun, 27 Jun 2021 23:55:01 GMT","inverseRate":2.4754692537319},"egp":{"code":"EGP","alphaCode":"EGP","numericCode":"818","name":"Egyptian Pound","rate":2.4984905901184,"date":"Sun, 27 Jun 2021 23:55:01 GMT","inverseRate":0.40024165148151},"sgd":{"code":"SGD","alphaCode":"SGD","numericCode":"702","name":"Singapore Dollar","rate":0.21385413860256,"date":"Sun, 27 Jun 2021 23:55:01 GMT","inverseRate":4.6760843934775},"zar":{"code":"ZAR","alphaCode":"ZAR","numericCode":"710","name":"South African Rand","rate":2.2468110085927,"date":"Sun, 27 Jun 2021 23:55:01 GMT","inverseRate":0.44507526275045},"kgs":{"code":"KGS","alphaCode":"KGS","numericCode":"417","name":"Kyrgyzstan Som","rate":13.320545154946,"date":"Sun, 27 Jun 2021 23:55:01 GMT","inverseRate":0.075072002562048},"crc":{"code":"CRC","alphaCode":"CRC","numericCode":"188","name":"Costa Rican Col\u00f3n","rate":98.435610565468,"date":"Sun, 27 Jun 2021 23:55:01 GMT","inverseRate":0.010158925151736},"jmd":{"code":"JMD","alphaCode":"JMD","numericCode":"388","name":"Jamaican Dollar","rate":23.779577370827,"date":"Sun, 27 Jun 2021 23:55:01 GMT","inverseRate":0.042052892042851},"ssp":{"code":"SSP","alphaCode":"SSP","numericCode":"728","name":"South Sudanese pound","rate":28.26380285079,"date":"Sun, 27 Jun 2021 23:55:01 GMT","inverseRate":0.035380943083957},"ern":{"code":"ERN","alphaCode":"ERN","numericCode":"232","name":"Eritrean nakfa","rate":2.3959510453283,"date":"Sun, 27 Jun 2021 23:55:01 GMT","inverseRate":0.41737079810117},"bam":{"code":"BAM","alphaCode":"BAM","numericCode":"977","name":"Bosnia and Herzegovina convertible mark","rate":0.2630967365557,"date":"Sun, 27 Jun 2021 23:55:01 GMT","inverseRate":3.8008833294224},"inr":{"code":"INR","alphaCode":"INR","numericCode":"356","name":"Indian Rupee","rate":11.823592945524,"date":"Sun, 27 Jun 2021 23:55:01 GMT","inverseRate":0.084576659955009},"try":{"code":"TRY","alphaCode":"TRY","numericCode":"949","name":"Turkish Lira","rate":1.3883345090331,"date":"Sun, 27 Jun 2021 23:55:01 GMT","inverseRate":0.72028750527599},"twd":{"code":"TWD","alphaCode":"TWD","numericCode":"901","name":"New Taiwan Dollar ","rate":4.4462922328831,"date":"Sun, 27 Jun 2021 23:55:01 GMT","inverseRate":0.2249064945854},"tmt":{"code":"TMT","alphaCode":"TMT","numericCode":"934","name":"New Turkmenistan Manat","rate":0.55637079666961,"date":"Sun, 27 Jun 2021 23:55:01 GMT","inverseRate":1.7973624891635},"mga":{"code":"MGA","alphaCode":"MGA","numericCode":"969","name":"Malagasy ariary","rate":601.62330748192,"date":"Sun, 27 Jun 2021 23:55:01 GMT","inverseRate":0.0016621696459625},"srd":{"code":"SRD","alphaCode":"SRD","numericCode":"968","name":"Surinamese dollar","rate":3.3074398432211,"date":"Sun, 27 Jun 2021 23:55:01 GMT","inverseRate":0.30234865860058},"ghs":{"code":"GHS","alphaCode":"GHS","numericCode":"936","name":"Ghanaian Cedi","rate":0.92642948488133,"date":"Sun, 27 Jun 2021 23:55:01 GMT","inverseRate":1.079412968088},"mop":{"code":"MOP","alphaCode":"MOP","numericCode":"446","name":"Macanese pataca","rate":1.2719308826256,"date":"Sun, 27 Jun 2021 23:55:01 GMT","inverseRate":0.78620624254026},"lbp":{"code":"LBP","alphaCode":"LBP","numericCode":"422","name":"Lebanese Pound","rate":239.99231772706,"date":"Sun, 27 Jun 2021 23:55:01 GMT","inverseRate":0.0041668000437301},"huf":{"code":"HUF","alphaCode":"HUF","numericCode":"348","name":"Hungarian Forint","rate":46.896728810365,"date":"Sun, 27 Jun 2021 23:55:01 GMT","inverseRate":0.021323448892218},"ngn":{"code":"NGN","alphaCode":"NGN","numericCode":"566","name":"Nigerian Naira","rate":65.331763563692,"date":"Sun, 27 Jun 2021 23:55:01 GMT","inverseRate":0.015306490219342},"irr":{"code":"IRR","alphaCode":"IRR","numericCode":"364","name":"Iranian rial","rate":6677.1442894302,"date":"Sun, 27 Jun 2021 23:55:01 GMT","inverseRate":0.00014976462341588},"ves":{"code":"VES","alphaCode":"VES","numericCode":"928","name":"Venezuelan Bolivar","rate":505565.80460665,"date":"Sun, 27 Jun 2021 23:55:01 GMT","inverseRate":1.9779818786954e-6},"sbd":{"code":"SBD","alphaCode":"SBD","numericCode":"090","name":"Solomon Islands dollar","rate":1.2957641772171,"date":"Sun, 27 Jun 2021 23:55:01 GMT","inverseRate":0.77174536662038},"mwk":{"code":"MWK","alphaCode":"MWK","numericCode":"454","name":"Malawian kwacha","rate":128.00495903871,"date":"Sun, 27 Jun 2021 23:55:01 GMT","inverseRate":0.0078121973360237},"gtq":{"code":"GTQ","alphaCode":"GTQ","numericCode":"320","name":"Guatemalan Quetzal","rate":1.2290568079304,"date":"Sun, 27 Jun 2021 23:55:01 GMT","inverseRate":0.81363204169864},"sek":{"code":"SEK","alphaCode":"SEK","numericCode":"752","name":"Swedish Krona","rate":1.3493443707232,"date":"Sun, 27 Jun 2021 23:55:01 GMT","inverseRate":0.74110065725033},"npr":{"code":"NPR","alphaCode":"NPR","numericCode":"524","name":"Nepalese Rupee","rate":18.897992259672,"date":"Sun, 27 Jun 2021 23:55:01 GMT","inverseRate":0.052915674123436},"isk":{"code":"ISK","alphaCode":"ISK","numericCode":"352","name":"Icelandic Krona","rate":19.613272950192,"date":"Sun, 27 Jun 2021 23:55:01 GMT","inverseRate":0.0509858809664},"gip":{"code":"GIP","alphaCode":"GIP","numericCode":"292","name":"Gibraltar pound","rate":0.11407783570821,"date":"Sun, 27 Jun 2021 23:55:01 GMT","inverseRate":8.7659447060145},"gel":{"code":"GEL","alphaCode":"GEL","numericCode":"981","name":"Georgian lari","rate":0.51622098985147,"date":"Sun, 27 Jun 2021 23:55:01 GMT","inverseRate":1.937154861308},"mkd":{"code":"MKD","alphaCode":"MKD","numericCode":"807","name":"Macedonian denar","rate":8.2303661862417,"date":"Sun, 27 Jun 2021 23:55:01 GMT","inverseRate":0.12150127678057},"bif":{"code":"BIF","alphaCode":"BIF","numericCode":"108","name":"Burundian franc","rate":314.49205827596,"date":"Sun, 27 Jun 2021 23:55:01 GMT","inverseRate":0.0031797305327263},"mmk":{"code":"MMK","alphaCode":"MMK","numericCode":"104","name":"Myanma Kyat","rate":261.57535107909,"date":"Sun, 27 Jun 2021 23:55:01 GMT","inverseRate":0.0038229901857138},"mvr":{"code":"MVR","alphaCode":"MVR","numericCode":"462","name":"Maldivian rufiyaa","rate":2.4566080338175,"date":"Sun, 27 Jun 2021 23:55:01 GMT","inverseRate":0.40706534629622},"kes":{"code":"KES","alphaCode":"KES","numericCode":"404","name":"Kenyan shilling","rate":17.121728825828,"date":"Sun, 27 Jun 2021 23:55:01 GMT","inverseRate":0.058405317019828},"aed":{"code":"AED","alphaCode":"AED","numericCode":"784","name":"U.A.E Dirham","rate":0.58426424497706,"date":"Sun, 27 Jun 2021 23:55:01 GMT","inverseRate":1.7115543328161},"php":{"code":"PHP","alphaCode":"PHP","numericCode":"608","name":"Philippine Peso","rate":7.7299891355148,"date":"Sun, 27 Jun 2021 23:55:01 GMT","inverseRate":0.12936628790403},"ils":{"code":"ILS","alphaCode":"ILS","numericCode":"376","name":"Israeli New Sheqel","rate":0.51756149083334,"date":"Sun, 27 Jun 2021 23:55:01 GMT","inverseRate":1.9321375676345},"mro":{"code":"MRO","alphaCode":"MRO","numericCode":"478","name":"Mauritanian Ouguiya","rate":5.770957458409,"date":"Sun, 27 Jun 2021 23:55:01 GMT","inverseRate":0.17328147143814},"cop":{"code":"COP","alphaCode":"COP","numericCode":"170","name":"Colombian Peso","rate":599.22971968553,"date":"Sun, 27 Jun 2021 23:55:01 GMT","inverseRate":0.0016688090846442},"bzd":{"code":"BZD","alphaCode":"BZD","numericCode":"084","name":"Belize dollar","rate":0.32031908608344,"date":"Sun, 27 Jun 2021 23:55:01 GMT","inverseRate":3.1218870290467},"gnf":{"code":"GNF","alphaCode":"GNF","numericCode":"324","name":"Guinean franc","rate":1558.6096048754,"date":"Sun, 27 Jun 2021 23:55:01 GMT","inverseRate":0.00064159748334153},"sll":{"code":"SLL","alphaCode":"SLL","numericCode":"694","name":"Sierra Leonean leone","rate":1630.4154674306,"date":"Sun, 27 Jun 2021 23:55:01 GMT","inverseRate":0.00061334059936017},"ugx":{"code":"UGX","alphaCode":"UGX","numericCode":"800","name":"Ugandan shilling","rate":568.10510621521,"date":"Sun, 27 Jun 2021 23:55:01 GMT","inverseRate":0.0017602376550743},"cny":{"code":"CNY","alphaCode":"CNY","numericCode":"156","name":"Chinese Yuan","rate":1.0288716702522,"date":"Sun, 27 Jun 2021 23:55:01 GMT","inverseRate":0.97193851178237},"sar":{"code":"SAR","alphaCode":"SAR","numericCode":"682","name":"Saudi Riyal","rate":0.5976378204668,"date":"Sun, 27 Jun 2021 23:55:01 GMT","inverseRate":1.6732542114201},"myr":{"code":"MYR","alphaCode":"MYR","numericCode":"458","name":"Malaysian Ringgit","rate":0.66040728788899,"date":"Sun, 27 Jun 2021 23:55:01 GMT","inverseRate":1.514217087453},"kzt":{"code":"KZT","alphaCode":"KZT","numericCode":"398","name":"Kazakhstani Tenge","rate":67.935593273978,"date":"Sun, 27 Jun 2021 23:55:01 GMT","inverseRate":0.01471982434844},"bob":{"code":"BOB","alphaCode":"BOB","numericCode":"068","name":"Bolivian Boliviano","rate":1.0952810287906,"date":"Sun, 27 Jun 2021 23:55:01 GMT","inverseRate":0.9130076881768},"gyd":{"code":"GYD","alphaCode":"GYD","numericCode":"328","name":"Guyanese dollar","rate":33.189347795107,"date":"Sun, 27 Jun 2021 23:55:01 GMT","inverseRate":0.030130149172363},"rwf":{"code":"RWF","alphaCode":"RWF","numericCode":"646","name":"Rwandan franc","rate":159.79370716651,"date":"Sun, 27 Jun 2021 23:55:01 GMT","inverseRate":0.006258068717049},"mzn":{"code":"MZN","alphaCode":"MZN","numericCode":"943","name":"Mozambican metical","rate":10.128338509797,"date":"Sun, 27 Jun 2021 23:55:01 GMT","inverseRate":0.09873287697017},"vuv":{"code":"VUV","alphaCode":"VUV","numericCode":"548","name":"Vanuatu vatu","rate":17.458598592046,"date":"Sun, 27 Jun 2021 23:55:01 GMT","inverseRate":0.057278365999868},"idr":{"code":"IDR","alphaCode":"IDR","numericCode":"360","name":"Indonesian Rupiah","rate":2301.4892112827,"date":"Sun, 27 Jun 2021 23:55:01 GMT","inverseRate":0.00043450127643339},"tnd":{"code":"TND","alphaCode":"TND","numericCode":"788","name":"Tunisian Dinar","rate":0.43582184308392,"date":"Sun, 27 Jun 2021 23:55:01 GMT","inverseRate":2.2945155592109},"xof":{"code":"XOF","alphaCode":"XOF","numericCode":"952","name":"West African CFA Franc","rate":87.602321773031,"date":"Sun, 27 Jun 2021 23:55:01 GMT","inverseRate":0.011415222562147},"tjs":{"code":"TJS","alphaCode":"TJS","numericCode":"972","name":"Tajikistan Ruble","rate":1.8020602520998,"date":"Sun, 27 Jun 2021 23:55:01 GMT","inverseRate":0.55492040226446},"afn":{"code":"AFN","alphaCode":"AFN","numericCode":"971","name":"Afghan afghani","rate":12.569432297383,"date":"Sun, 27 Jun 2021 23:55:01 GMT","inverseRate":0.079558087934348},"nad":{"code":"NAD","alphaCode":"NAD","numericCode":"516","name":"Namibian dollar","rate":2.2591937945247,"date":"Sun, 27 Jun 2021 23:55:01 GMT","inverseRate":0.4426357767198},"syp":{"code":"SYP","alphaCode":"SYP","numericCode":"760","name":"Syrian pound","rate":401.08220498794,"date":"Sun, 27 Jun 2021 23:55:01 GMT","inverseRate":0.0024932544689438},"top":{"code":"TOP","alphaCode":"TOP","numericCode":"776","name":"Tongan pa\u02bbanga","rate":0.35205296242139,"date":"Sun, 27 Jun 2021 23:55:01 GMT","inverseRate":2.8404817079853},"kwd":{"code":"KWD","alphaCode":"KWD","numericCode":"414","name":"Kuwaiti Dinar","rate":0.047933565952933,"date":"Sun, 27 Jun 2021 23:55:01 GMT","inverseRate":20.862207518254},"czk":{"code":"CZK","alphaCode":"CZK","numericCode":"203","name":"Czech Koruna","rate":3.3989886765528,"date":"Sun, 27 Jun 2021 23:55:01 GMT","inverseRate":0.294205157816},"pgk":{"code":"PGK","alphaCode":"PGK","numericCode":"598","name":"Papua New Guinean kina","rate":0.55934197143245,"date":"Sun, 27 Jun 2021 23:55:01 GMT","inverseRate":1.787815059612},"uah":{"code":"UAH","alphaCode":"UAH","numericCode":"980","name":"Ukrainian Hryvnia","rate":4.3660939869974,"date":"Sun, 27 Jun 2021 23:55:01 GMT","inverseRate":0.22903767142395},"etb":{"code":"ETB","alphaCode":"ETB","numericCode":"230","name":"Ethiopian birr","rate":6.9551827454553,"date":"Sun, 27 Jun 2021 23:55:01 GMT","inverseRate":0.14377767437576},"xcd":{"code":"XCD","alphaCode":"XCD","numericCode":"951","name":"East Caribbean Dollar","rate":0.43059211815197,"date":"Sun, 27 Jun 2021 23:55:01 GMT","inverseRate":2.3223834293388},"lak":{"code":"LAK","alphaCode":"LAK","numericCode":"418","name":"Lao kip","rate":1507.8278383005,"date":"Sun, 27 Jun 2021 23:55:01 GMT","inverseRate":0.00066320568873904},"bwp":{"code":"BWP","alphaCode":"BWP","numericCode":"072","name":"Botswana Pula","rate":1.7273135443065,"date":"Sun, 27 Jun 2021 23:55:01 GMT","inverseRate":0.57893368768871},"nok":{"code":"NOK","alphaCode":"NOK","numericCode":"578","name":"Norwegian Krone","rate":1.35215449774,"date":"Sun, 27 Jun 2021 23:55:01 GMT","inverseRate":0.73956045826965},"mad":{"code":"MAD","alphaCode":"MAD","numericCode":"504","name":"Moroccan Dirham","rate":1.4078447486829,"date":"Sun, 27 Jun 2021 23:55:01 GMT","inverseRate":0.71030559366405},"ron":{"code":"RON","alphaCode":"RON","numericCode":"946","name":"Romanian New Leu","rate":0.65707436455419,"date":"Sun, 27 Jun 2021 23:55:01 GMT","inverseRate":1.5218977545692},"byn":{"code":"BYN","alphaCode":"BYN","numericCode":"933","name":"Belarussian Ruble","rate":0.40261802300911,"date":"Sun, 27 Jun 2021 23:55:01 GMT","inverseRate":2.4837437542566},"rsd":{"code":"RSD","alphaCode":"RSD","numericCode":"941","name":"Serbian Dinar","rate":15.382909431501,"date":"Sun, 27 Jun 2021 23:55:01 GMT","inverseRate":0.06500720845123},"gmd":{"code":"GMD","alphaCode":"GMD","numericCode":"270","name":"Gambian dalasi","rate":8.252720267242,"date":"Sun, 27 Jun 2021 23:55:01 GMT","inverseRate":0.12117216719066},"awg":{"code":"AWG","alphaCode":"AWG","numericCode":"533","name":"Aruban florin","rate":0.28763784063966,"date":"Sun, 27 Jun 2021 23:55:01 GMT","inverseRate":3.4765940314951},"aoa":{"code":"AOA","alphaCode":"AOA","numericCode":"973","name":"Angolan kwanza","rate":103.7281564624,"date":"Sun, 27 Jun 2021 23:55:01 GMT","inverseRate":0.0096405839465824},"khr":{"code":"KHR","alphaCode":"KHR","numericCode":"116","name":"Cambodian riel","rate":647.60312968993,"date":"Sun, 27 Jun 2021 23:55:01 GMT","inverseRate":0.0015441556010991},"scr":{"code":"SCR","alphaCode":"SCR","numericCode":"690","name":"Seychelles rupee","rate":2.3817233075294,"date":"Sun, 27 Jun 2021 23:55:01 GMT","inverseRate":0.41986405257011},"bhd":{"code":"BHD","alphaCode":"BHD","numericCode":"048","name":"Bahrain Dinar","rate":0.059977122113766,"date":"Sun, 27 Jun 2021 23:55:01 GMT","inverseRate":16.673024059127},"omr":{"code":"OMR","alphaCode":"OMR","numericCode":"512","name":"Omani Rial","rate":0.061299338042459,"date":"Sun, 27 Jun 2021 23:55:01 GMT","inverseRate":16.313389865766},"rub":{"code":"RUB","alphaCode":"RUB","numericCode":"643","name":"Russian Rouble","rate":11.501491827862,"date":"Sun, 27 Jun 2021 23:55:01 GMT","inverseRate":0.086945242840367},"lyd":{"code":"LYD","alphaCode":"LYD","numericCode":"434","name":"Libyan Dinar","rate":0.70933589654204,"date":"Sun, 27 Jun 2021 23:55:01 GMT","inverseRate":1.4097693418237},"clp":{"code":"CLP","alphaCode":"CLP","numericCode":"152","name":"Chilean Peso","rate":116.9553051656,"date":"Sun, 27 Jun 2021 23:55:01 GMT","inverseRate":0.0085502748129644},"bsd":{"code":"BSD","alphaCode":"BSD","numericCode":"044","name":"Bahamian Dollar","rate":0.15883185687785,"date":"Sun, 27 Jun 2021 23:55:01 GMT","inverseRate":6.2959661849767},"djf":{"code":"DJF","alphaCode":"DJF","numericCode":"262","name":"Djiboutian franc","rate":28.28905381492,"date":"Sun, 27 Jun 2021 23:55:01 GMT","inverseRate":0.035349361860685},"hnl":{"code":"HNL","alphaCode":"HNL","numericCode":"340","name":"Honduran Lempira","rate":3.8077424524172,"date":"Sun, 27 Jun 2021 23:55:01 GMT","inverseRate":0.26262280406207},"tzs":{"code":"TZS","alphaCode":"TZS","numericCode":"834","name":"Tanzanian shilling","rate":368.41598743535,"date":"Sun, 27 Jun 2021 23:55:01 GMT","inverseRate":0.0027143230318567},"bbd":{"code":"BBD","alphaCode":"BBD","numericCode":"052","name":"Barbadian Dollar","rate":0.31894012186495,"date":"Sun, 27 Jun 2021 23:55:01 GMT","inverseRate":3.1353847680018},"bdt":{"code":"BDT","alphaCode":"BDT","numericCode":"050","name":"Bangladeshi taka","rate":13.482913513633,"date":"Sun, 27 Jun 2021 23:55:01 GMT","inverseRate":0.074167945896029},"qar":{"code":"QAR","alphaCode":"QAR","numericCode":"634","name":"Qatari Rial","rate":0.58296397215569,"date":"Sun, 27 Jun 2021 23:55:01 GMT","inverseRate":1.7153718716136},"mxn":{"code":"MXN","alphaCode":"MXN","numericCode":"484","name":"Mexican Peso","rate":3.1548965035469,"date":"Sun, 27 Jun 2021 23:55:01 GMT","inverseRate":0.31696760856521},"amd":{"code":"AMD","alphaCode":"AMD","numericCode":"051","name":"Armenia Dram","rate":82.503586603934,"date":"Sun, 27 Jun 2021 23:55:01 GMT","inverseRate":0.012120685186701},"uyu":{"code":"UYU","alphaCode":"UYU","numericCode":"858","name":"Uruguayan Peso","rate":6.9364858269754,"date":"Sun, 27 Jun 2021 23:55:01 GMT","inverseRate":0.14416521923985},"fjd":{"code":"FJD","alphaCode":"FJD","numericCode":"242","name":"Fiji Dollar","rate":0.32777080222387,"date":"Sun, 27 Jun 2021 23:55:01 GMT","inverseRate":3.0509123851641},"cdf":{"code":"CDF","alphaCode":"CDF","numericCode":"976","name":"Congolese franc","rate":315.97862787916,"date":"Sun, 27 Jun 2021 23:55:01 GMT","inverseRate":0.0031647710059126},"lsl":{"code":"LSL","alphaCode":"LSL","numericCode":"426","name":"Lesotho loti","rate":2.2600424773926,"date":"Sun, 27 Jun 2021 23:55:01 GMT","inverseRate":0.44246955975522},"mnt":{"code":"MNT","alphaCode":"MNT","numericCode":"496","name":"Mongolian togrog","rate":453.02959900746,"date":"Sun, 27 Jun 2021 23:55:01 GMT","inverseRate":0.0022073612898382},"brl":{"code":"BRL","alphaCode":"BRL","numericCode":"986","name":"Brazilian Real","rate":0.79650732905278,"date":"Sun, 27 Jun 2021 23:55:01 GMT","inverseRate":1.2554812285145},"hkd":{"code":"HKD","alphaCode":"HKD","numericCode":"344","name":"Hong Kong Dollar","rate":1.2370035016028,"date":"Sun, 27 Jun 2021 23:55:01 GMT","inverseRate":0.80840514897838},"thb":{"code":"THB","alphaCode":"THB","numericCode":"764","name":"Thai Baht","rate":5.036548327887,"date":"Sun, 27 Jun 2021 23:55:01 GMT","inverseRate":0.19854867558067},"xaf":{"code":"XAF","alphaCode":"XAF","numericCode":"950","name":"Central African CFA Franc","rate":87.676589311895,"date":"Sun, 27 Jun 2021 23:55:01 GMT","inverseRate":0.011405553156757},"mdl":{"code":"MDL","alphaCode":"MDL","numericCode":"498","name":"Moldova Lei","rate":2.8672917663771,"date":"Sun, 27 Jun 2021 23:55:01 GMT","inverseRate":0.34876115912806},"nio":{"code":"NIO","alphaCode":"NIO","numericCode":"558","name":"Nicaraguan C\u00f3rdoba","rate":5.5741278977406,"date":"Sun, 27 Jun 2021 23:55:01 GMT","inverseRate":0.17940026105345},"lrd":{"code":"LRD","alphaCode":"LRD","numericCode":"430","name":"Liberian dollar","rate":27.222774094205,"date":"Sun, 27 Jun 2021 23:55:01 GMT","inverseRate":0.03673394917577},"sdg":{"code":"SDG","alphaCode":"SDG","numericCode":"938","name":"Sudanese pound","rate":69.956198544408,"date":"Sun, 27 Jun 2021 23:55:01 GMT","inverseRate":0.014294658955278},"mru":{"code":"MRU","alphaCode":"MRU","numericCode":"929","name":"Mauritanian ouguiya","rate":5.7406804149037,"date":"Sun, 27 Jun 2021 23:55:01 GMT","inverseRate":0.17419537889687},"dkk":{"code":"DKK","alphaCode":"DKK","numericCode":"208","name":"Danish Krone","rate":0.9919592102208,"date":"Sun, 27 Jun 2021 23:55:01 GMT","inverseRate":1.0081059681652},"jod":{"code":"JOD","alphaCode":"JOD","numericCode":"400","name":"Jordanian Dinar","rate":0.112915143535,"date":"Sun, 27 Jun 2021 23:55:01 GMT","inverseRate":8.8562080221776},"bgn":{"code":"BGN","alphaCode":"BGN","numericCode":"975","name":"Bulgarian Lev","rate":0.26089622902049,"date":"Sun, 27 Jun 2021 23:55:01 GMT","inverseRate":3.8329415636033},"vnd":{"code":"VND","alphaCode":"VND","numericCode":"704","name":"Vietnamese Dong","rate":3665.7304219069,"date":"Sun, 27 Jun 2021 23:55:01 GMT","inverseRate":0.00027279692855314},"uzs":{"code":"UZS","alphaCode":"UZS","numericCode":"860","name":"Uzbekistan Sum","rate":1680.2952370244,"date":"Sun, 27 Jun 2021 23:55:01 GMT","inverseRate":0.00059513350866297},"pab":{"code":"PAB","alphaCode":"PAB","numericCode":"590","name":"Panamanian Balboa","rate":0.15883185687785,"date":"Sun, 27 Jun 2021 23:55:01 GMT","inverseRate":6.2959661849767},"ttd":{"code":"TTD","alphaCode":"TTD","numericCode":"780","name":"Trinidad Tobago Dollar","rate":1.0801136579567,"date":"Sun, 27 Jun 2021 23:55:01 GMT","inverseRate":0.92582849280113},"htg":{"code":"HTG","alphaCode":"HTG","numericCode":"332","name":"Haitian gourde","rate":14.928618051661,"date":"Sun, 27 Jun 2021 23:55:01 GMT","inverseRate":0.066985436732287},"cup":{"code":"CUP","alphaCode":"CUP","numericCode":"192","name":"Cuban peso","rate":0.15883185687785,"date":"Sun, 27 Jun 2021 23:55:01 GMT","inverseRate":6.2959661849767}}