{"usd":{"code":"USD","alphaCode":"USD","numericCode":"840","name":"U.S. Dollar","rate":0.0033984168718264,"date":"Sun, 27 Jun 2021 23:55:01 GMT","inverseRate":294.25465965939},"eur":{"code":"EUR","alphaCode":"EUR","numericCode":"978","name":"Euro","rate":0.0028449802889834,"date":"Sun, 27 Jun 2021 23:55:01 GMT","inverseRate":351.49628412973},"gbp":{"code":"GBP","alphaCode":"GBP","numericCode":"826","name":"U.K. Pound Sterling","rate":0.0024437420017965,"date":"Sun, 27 Jun 2021 23:55:01 GMT","inverseRate":409.20850043289},"jpy":{"code":"JPY","alphaCode":"JPY","numericCode":"392","name":"Japanese Yen","rate":0.3763163576854,"date":"Sun, 27 Jun 2021 23:55:01 GMT","inverseRate":2.6573386449387},"aud":{"code":"AUD","alphaCode":"AUD","numericCode":"036","name":"Australian Dollar","rate":0.0044733861386113,"date":"Sun, 27 Jun 2021 23:55:01 GMT","inverseRate":223.54430603892},"chf":{"code":"CHF","alphaCode":"CHF","numericCode":"756","name":"Swiss Franc","rate":0.0031163983395741,"date":"Sun, 27 Jun 2021 23:55:01 GMT","inverseRate":320.88324117663},"cad":{"code":"CAD","alphaCode":"CAD","numericCode":"124","name":"Canadian Dollar","rate":0.0041800334151081,"date":"Sun, 27 Jun 2021 23:55:01 GMT","inverseRate":239.2325373251},"lkr":{"code":"LKR","alphaCode":"LKR","numericCode":"144","name":"Sri Lanka Rupee","rate":0.67526972685283,"date":"Sun, 27 Jun 2021 23:55:01 GMT","inverseRate":1.480889724852},"pln":{"code":"PLN","alphaCode":"PLN","numericCode":"985","name":"Polish Zloty","rate":0.012831680973955,"date":"Sun, 27 Jun 2021 23:55:01 GMT","inverseRate":77.932112092698},"pen":{"code":"PEN","alphaCode":"PEN","numericCode":"604","name":"Peruvian Nuevo Sol","rate":0.013526382633204,"date":"Sun, 27 Jun 2021 23:55:01 GMT","inverseRate":73.929595747593},"iqd":{"code":"IQD","alphaCode":"IQD","numericCode":"368","name":"Iraqi dinar","rate":4.9484550338475,"date":"Sun, 27 Jun 2021 23:55:01 GMT","inverseRate":0.20208327511516},"svc":{"code":"SVC","alphaCode":"SVC","numericCode":"222","name":"Salvadoran colon","rate":0.029661696761752,"date":"Sun, 27 Jun 2021 23:55:01 GMT","inverseRate":33.713513020923},"cve":{"code":"CVE","alphaCode":"CVE","numericCode":"132","name":"Cape Verde escudo","rate":0.31675762591253,"date":"Sun, 27 Jun 2021 23:55:01 GMT","inverseRate":3.1569879245027},"zmw":{"code":"ZMW","alphaCode":"ZMW","numericCode":"967","name":"Zambian kwacha","rate":0.076543459722301,"date":"Sun, 27 Jun 2021 23:55:01 GMT","inverseRate":13.064473485102},"yer":{"code":"YER","alphaCode":"YER","numericCode":"886","name":"Yemeni rial","rate":0.8521777500636,"date":"Sun, 27 Jun 2021 23:55:01 GMT","inverseRate":1.1734641040855},"dop":{"code":"DOP","alphaCode":"DOP","numericCode":"214","name":"Dominican Peso","rate":0.19294168580307,"date":"Sun, 27 Jun 2021 23:55:01 GMT","inverseRate":5.1829131472432},"nzd":{"code":"NZD","alphaCode":"NZD","numericCode":"554","name":"New Zealand Dollar","rate":0.0048014061267407,"date":"Sun, 27 Jun 2021 23:55:01 GMT","inverseRate":208.2723213999},"hrk":{"code":"HRK","alphaCode":"HRK","numericCode":"191","name":"Croatian Kuna","rate":0.021323448892218,"date":"Sun, 27 Jun 2021 23:55:01 GMT","inverseRate":46.896728810365},"dzd":{"code":"DZD","alphaCode":"DZD","numericCode":"012","name":"Algerian Dinar","rate":0.45254963168727,"date":"Sun, 27 Jun 2021 23:55:01 GMT","inverseRate":2.2097023839609},"ars":{"code":"ARS","alphaCode":"ARS","numericCode":"032","name":"Argentine Peso","rate":0.32403122967649,"date":"Sun, 27 Jun 2021 23:55:01 GMT","inverseRate":3.0861222882695},"stn":{"code":"STN","alphaCode":"STN","numericCode":"930","name":"S\u00e3o Tom\u00e9 and Pr\u00edncipe Dobra","rate":0.070371277287205,"date":"Sun, 27 Jun 2021 23:55:01 GMT","inverseRate":14.210343176218},"xpf":{"code":"XPF","alphaCode":"XPF","numericCode":"953","name":"CFP Franc","rate":0.33899753850006,"date":"Sun, 27 Jun 2021 23:55:01 GMT","inverseRate":2.9498739265915},"all":{"code":"ALL","alphaCode":"ALL","numericCode":"008","name":"Albanian lek","rate":0.3480475284044,"date":"Sun, 27 Jun 2021 23:55:01 GMT","inverseRate":2.8731708125738},"mur":{"code":"MUR","alphaCode":"MUR","numericCode":"480","name":"Mauritian Rupee","rate":0.13913973806353,"date":"Sun, 27 Jun 2021 23:55:01 GMT","inverseRate":7.1870194231886},"sos":{"code":"SOS","alphaCode":"SOS","numericCode":"706","name":"Somali shilling","rate":1.9600739265788,"date":"Sun, 27 Jun 2021 23:55:01 GMT","inverseRate":0.51018483866344},"ang":{"code":"ANG","alphaCode":"ANG","numericCode":"532","name":"Neth. Antillean Guilder","rate":0.0060437693139421,"date":"Sun, 27 Jun 2021 23:55:01 GMT","inverseRate":165.45965738519},"pkr":{"code":"PKR","alphaCode":"PKR","numericCode":"586","name":"Pakistani Rupee","rate":0.5255623449366,"date":"Sun, 27 Jun 2021 23:55:01 GMT","inverseRate":1.9027238340689},"krw":{"code":"KRW","alphaCode":"KRW","numericCode":"410","name":"South Korean Won","rate":3.8307053966879,"date":"Sun, 27 Jun 2021 23:55:01 GMT","inverseRate":0.26104852669292},"azn":{"code":"AZN","alphaCode":"AZN","numericCode":"944","name":"Azerbaijan Manat","rate":0.0057606206303225,"date":"Sun, 27 Jun 2021 23:55:01 GMT","inverseRate":173.59240682093},"pyg":{"code":"PYG","alphaCode":"PYG","numericCode":"600","name":"Paraguayan Guaran\u00ed","rate":23.036394711734,"date":"Sun, 27 Jun 2021 23:55:01 GMT","inverseRate":0.043409570486766},"bnd":{"code":"BND","alphaCode":"BND","numericCode":"096","name":"Brunei Dollar","rate":0.0045608233253192,"date":"Sun, 27 Jun 2021 23:55:01 GMT","inverseRate":219.25865763064},"kmf":{"code":"KMF","alphaCode":"KMF","numericCode":"174","name":"\tComoro franc","rate":1.4044979033783,"date":"Sun, 27 Jun 2021 23:55:01 GMT","inverseRate":0.71199821487425},"szl":{"code":"SZL","alphaCode":"SZL","numericCode":"748","name":"Swazi lilangeni","rate":0.048173803415162,"date":"Sun, 27 Jun 2021 23:55:01 GMT","inverseRate":20.758169982594},"wst":{"code":"WST","alphaCode":"WST","numericCode":"882","name":"Samoan tala","rate":0.0086139017319932,"date":"Sun, 27 Jun 2021 23:55:01 GMT","inverseRate":116.09141027066},"egp":{"code":"EGP","alphaCode":"EGP","numericCode":"818","name":"Egyptian Pound","rate":0.053276436406076,"date":"Sun, 27 Jun 2021 23:55:01 GMT","inverseRate":18.770024188141},"sgd":{"code":"SGD","alphaCode":"SGD","numericCode":"702","name":"Singapore Dollar","rate":0.0045601077948809,"date":"Sun, 27 Jun 2021 23:55:01 GMT","inverseRate":219.29306169529},"zar":{"code":"ZAR","alphaCode":"ZAR","numericCode":"710","name":"South African Rand","rate":0.047909759712198,"date":"Sun, 27 Jun 2021 23:55:01 GMT","inverseRate":20.87257389741},"kgs":{"code":"KGS","alphaCode":"KGS","numericCode":"417","name":"Kyrgyzstan Som","rate":0.28403996382797,"date":"Sun, 27 Jun 2021 23:55:01 GMT","inverseRate":3.5206313454034},"crc":{"code":"CRC","alphaCode":"CRC","numericCode":"188","name":"Costa Rican Col\u00f3n","rate":2.098986711067,"date":"Sun, 27 Jun 2021 23:55:01 GMT","inverseRate":0.47642035784575},"jmd":{"code":"JMD","alphaCode":"JMD","numericCode":"388","name":"Jamaican Dollar","rate":0.50706260274536,"date":"Sun, 27 Jun 2021 23:55:01 GMT","inverseRate":1.9721430738251},"ssp":{"code":"SSP","alphaCode":"SSP","numericCode":"728","name":"South Sudanese pound","rate":0.60268175558854,"date":"Sun, 27 Jun 2021 23:55:01 GMT","inverseRate":1.6592504928633},"ern":{"code":"ERN","alphaCode":"ERN","numericCode":"232","name":"Eritrean nakfa","rate":0.051089939663313,"date":"Sun, 27 Jun 2021 23:55:01 GMT","inverseRate":19.573325131916},"bam":{"code":"BAM","alphaCode":"BAM","numericCode":"977","name":"Bosnia and Herzegovina convertible mark","rate":0.0056101298156548,"date":"Sun, 27 Jun 2021 23:55:01 GMT","inverseRate":178.24899473976},"inr":{"code":"INR","alphaCode":"INR","numericCode":"356","name":"Indian Rupee","rate":0.25211977989626,"date":"Sun, 27 Jun 2021 23:55:01 GMT","inverseRate":3.9663686855965},"try":{"code":"TRY","alphaCode":"TRY","numericCode":"949","name":"Turkish Lira","rate":0.029604079948669,"date":"Sun, 27 Jun 2021 23:55:01 GMT","inverseRate":33.779127800422},"twd":{"code":"TWD","alphaCode":"TWD","numericCode":"901","name":"New Taiwan Dollar ","rate":0.094810285187746,"date":"Sun, 27 Jun 2021 23:55:01 GMT","inverseRate":10.547378884261},"tmt":{"code":"TMT","alphaCode":"TMT","numericCode":"934","name":"New Turkmenistan Manat","rate":0.011863744247907,"date":"Sun, 27 Jun 2021 23:55:01 GMT","inverseRate":84.290421228224},"mga":{"code":"MGA","alphaCode":"MGA","numericCode":"969","name":"Malagasy ariary","rate":12.828683849458,"date":"Sun, 27 Jun 2021 23:55:01 GMT","inverseRate":0.077950319123522},"srd":{"code":"SRD","alphaCode":"SRD","numericCode":"968","name":"Surinamese dollar","rate":0.070526024461009,"date":"Sun, 27 Jun 2021 23:55:01 GMT","inverseRate":14.179163048569},"ghs":{"code":"GHS","alphaCode":"GHS","numericCode":"936","name":"Ghanaian Cedi","rate":0.019754671773111,"date":"Sun, 27 Jun 2021 23:55:01 GMT","inverseRate":50.620937238814},"mop":{"code":"MOP","alphaCode":"MOP","numericCode":"446","name":"Macanese pataca","rate":0.027121953170101,"date":"Sun, 27 Jun 2021 23:55:01 GMT","inverseRate":36.870500945426},"lbp":{"code":"LBP","alphaCode":"LBP","numericCode":"422","name":"Lebanese Pound","rate":5.1174639215779,"date":"Sun, 27 Jun 2021 23:55:01 GMT","inverseRate":0.19540929165782},"ngn":{"code":"NGN","alphaCode":"NGN","numericCode":"566","name":"Nigerian Naira","rate":1.3930985213888,"date":"Sun, 27 Jun 2021 23:55:01 GMT","inverseRate":0.71782432085497},"irr":{"code":"IRR","alphaCode":"IRR","numericCode":"364","name":"Iranian rial","rate":142.37974500163,"date":"Sun, 27 Jun 2021 23:55:01 GMT","inverseRate":0.0070234709297208},"ves":{"code":"VES","alphaCode":"VES","numericCode":"928","name":"Venezuelan Bolivar","rate":10780.406596183,"date":"Sun, 27 Jun 2021 23:55:01 GMT","inverseRate":9.2760879756993e-5},"sbd":{"code":"SBD","alphaCode":"SBD","numericCode":"090","name":"Solomon Islands dollar","rate":0.027630161209256,"date":"Sun, 27 Jun 2021 23:55:01 GMT","inverseRate":36.192333169051},"mwk":{"code":"MWK","alphaCode":"MWK","numericCode":"454","name":"Malawian kwacha","rate":2.7295072020123,"date":"Sun, 27 Jun 2021 23:55:01 GMT","inverseRate":0.36636649988056},"gtq":{"code":"GTQ","alphaCode":"GTQ","numericCode":"320","name":"Guatemalan Quetzal","rate":0.026207730029535,"date":"Sun, 27 Jun 2021 23:55:01 GMT","inverseRate":38.156681210964},"sek":{"code":"SEK","alphaCode":"SEK","numericCode":"752","name":"Swedish Krona","rate":0.028772675727118,"date":"Sun, 27 Jun 2021 23:55:01 GMT","inverseRate":34.755196544251},"npr":{"code":"NPR","alphaCode":"NPR","numericCode":"524","name":"Nepalese Rupee","rate":0.40297037211464,"date":"Sun, 27 Jun 2021 23:55:01 GMT","inverseRate":2.4815720191844},"isk":{"code":"ISK","alphaCode":"ISK","numericCode":"352","name":"Icelandic Krona","rate":0.41822262336254,"date":"Sun, 27 Jun 2021 23:55:01 GMT","inverseRate":2.3910710328388},"gip":{"code":"GIP","alphaCode":"GIP","numericCode":"292","name":"Gibraltar pound","rate":0.0024325328994589,"date":"Sun, 27 Jun 2021 23:55:01 GMT","inverseRate":411.09413164461},"gel":{"code":"GEL","alphaCode":"GEL","numericCode":"981","name":"Georgian lari","rate":0.011007611894188,"date":"Sun, 27 Jun 2021 23:55:01 GMT","inverseRate":90.84622619444},"mkd":{"code":"MKD","alphaCode":"MKD","numericCode":"807","name":"Macedonian denar","rate":0.17549979273656,"date":"Sun, 27 Jun 2021 23:55:01 GMT","inverseRate":5.6980124272915},"bif":{"code":"BIF","alphaCode":"BIF","numericCode":"108","name":"Burundian franc","rate":6.7060553316557,"date":"Sun, 27 Jun 2021 23:55:01 GMT","inverseRate":0.1491189604833},"mmk":{"code":"MMK","alphaCode":"MMK","numericCode":"104","name":"Myanma Kyat","rate":5.5776886301988,"date":"Sun, 27 Jun 2021 23:55:01 GMT","inverseRate":0.17928573398411},"mvr":{"code":"MVR","alphaCode":"MVR","numericCode":"462","name":"Maldivian rufiyaa","rate":0.052383355857319,"date":"Sun, 27 Jun 2021 23:55:01 GMT","inverseRate":19.090033153351},"kes":{"code":"KES","alphaCode":"KES","numericCode":"404","name":"Kenyan shilling","rate":0.36509430956395,"date":"Sun, 27 Jun 2021 23:55:01 GMT","inverseRate":2.7390183133622},"aed":{"code":"AED","alphaCode":"AED","numericCode":"784","name":"U.A.E Dirham","rate":0.012458528767318,"date":"Sun, 27 Jun 2021 23:55:01 GMT","inverseRate":80.26629939028},"php":{"code":"PHP","alphaCode":"PHP","numericCode":"608","name":"Philippine Peso","rate":0.16483002826855,"date":"Sun, 27 Jun 2021 23:55:01 GMT","inverseRate":6.0668557210387},"ils":{"code":"ILS","alphaCode":"ILS","numericCode":"376","name":"Israeli New Sheqel","rate":0.011036195998365,"date":"Sun, 27 Jun 2021 23:55:01 GMT","inverseRate":90.610931533672},"mro":{"code":"MRO","alphaCode":"MRO","numericCode":"478","name":"Mauritanian Ouguiya","rate":0.12305671642355,"date":"Sun, 27 Jun 2021 23:55:01 GMT","inverseRate":8.1263341738952},"cop":{"code":"COP","alphaCode":"COP","numericCode":"170","name":"Colombian Peso","rate":12.777644302412,"date":"Sun, 27 Jun 2021 23:55:01 GMT","inverseRate":0.078261687078831},"bzd":{"code":"BZD","alphaCode":"BZD","numericCode":"084","name":"Belize dollar","rate":0.0068303076613022,"date":"Sun, 27 Jun 2021 23:55:01 GMT","inverseRate":146.4062893778},"gnf":{"code":"GNF","alphaCode":"GNF","numericCode":"324","name":"Guinean franc","rate":33.23493225248,"date":"Sun, 27 Jun 2021 23:55:01 GMT","inverseRate":0.03008882318168},"sll":{"code":"SLL","alphaCode":"SLL","numericCode":"694","name":"Sierra Leonean leone","rate":34.766080892838,"date":"Sun, 27 Jun 2021 23:55:01 GMT","inverseRate":0.02876366775658},"ugx":{"code":"UGX","alphaCode":"UGX","numericCode":"800","name":"Ugandan shilling","rate":12.113960197788,"date":"Sun, 27 Jun 2021 23:55:01 GMT","inverseRate":0.082549387951811},"cny":{"code":"CNY","alphaCode":"CNY","numericCode":"156","name":"Chinese Yuan","rate":0.021939092477274,"date":"Sun, 27 Jun 2021 23:55:01 GMT","inverseRate":45.580736807407},"sar":{"code":"SAR","alphaCode":"SAR","numericCode":"682","name":"Saudi Riyal","rate":0.01274369952078,"date":"Sun, 27 Jun 2021 23:55:01 GMT","inverseRate":78.470148983769},"myr":{"code":"MYR","alphaCode":"MYR","numericCode":"458","name":"Malaysian Ringgit","rate":0.014082161051349,"date":"Sun, 27 Jun 2021 23:55:01 GMT","inverseRate":71.011828110303},"kzt":{"code":"KZT","alphaCode":"KZT","numericCode":"398","name":"Kazakhstani Tenge","rate":1.4486211511402,"date":"Sun, 27 Jun 2021 23:55:01 GMT","inverseRate":0.69031161060498},"bob":{"code":"BOB","alphaCode":"BOB","numericCode":"068","name":"Bolivian Boliviano","rate":0.023355169040032,"date":"Sun, 27 Jun 2021 23:55:01 GMT","inverseRate":42.817073954205},"gyd":{"code":"GYD","alphaCode":"GYD","numericCode":"328","name":"Guyanese dollar","rate":0.707711361475,"date":"Sun, 27 Jun 2021 23:55:01 GMT","inverseRate":1.4130054347521},"rwf":{"code":"RWF","alphaCode":"RWF","numericCode":"646","name":"Rwandan franc","rate":3.407352948063,"date":"Sun, 27 Jun 2021 23:55:01 GMT","inverseRate":0.29348295150007},"mzn":{"code":"MZN","alphaCode":"MZN","numericCode":"943","name":"Mozambican metical","rate":0.21597110857673,"date":"Sun, 27 Jun 2021 23:55:01 GMT","inverseRate":4.6302489559372},"vuv":{"code":"VUV","alphaCode":"VUV","numericCode":"548","name":"Vanuatu vatu","rate":0.37227753480724,"date":"Sun, 27 Jun 2021 23:55:01 GMT","inverseRate":2.6861679969966},"idr":{"code":"IDR","alphaCode":"IDR","numericCode":"360","name":"Indonesian Rupiah","rate":49.075687572777,"date":"Sun, 27 Jun 2021 23:55:01 GMT","inverseRate":0.020376688528654},"tnd":{"code":"TND","alphaCode":"TND","numericCode":"788","name":"Tunisian Dinar","rate":0.009293224797112,"date":"Sun, 27 Jun 2021 23:55:01 GMT","inverseRate":107.60527393147},"xof":{"code":"XOF","alphaCode":"XOF","numericCode":"952","name":"West African CFA Franc","rate":1.8679836311668,"date":"Sun, 27 Jun 2021 23:55:01 GMT","inverseRate":0.53533659680698},"tjs":{"code":"TJS","alphaCode":"TJS","numericCode":"972","name":"Tajikistan Ruble","rate":0.038426139686346,"date":"Sun, 27 Jun 2021 23:55:01 GMT","inverseRate":26.023951616335},"afn":{"code":"AFN","alphaCode":"AFN","numericCode":"971","name":"Afghan afghani","rate":0.26802364719743,"date":"Sun, 27 Jun 2021 23:55:01 GMT","inverseRate":3.7310140745282},"nad":{"code":"NAD","alphaCode":"NAD","numericCode":"516","name":"Namibian dollar","rate":0.048173803415162,"date":"Sun, 27 Jun 2021 23:55:01 GMT","inverseRate":20.758169982594},"syp":{"code":"SYP","alphaCode":"SYP","numericCode":"760","name":"Syrian pound","rate":8.5524558996383,"date":"Sun, 27 Jun 2021 23:55:01 GMT","inverseRate":0.11692547868529},"top":{"code":"TOP","alphaCode":"TOP","numericCode":"776","name":"Tongan pa\u02bbanga","rate":0.0075069833515464,"date":"Sun, 27 Jun 2021 23:55:01 GMT","inverseRate":133.20930035019},"kwd":{"code":"KWD","alphaCode":"KWD","numericCode":"414","name":"Kuwaiti Dinar","rate":0.0010221089438191,"date":"Sun, 27 Jun 2021 23:55:01 GMT","inverseRate":978.36928836911},"czk":{"code":"CZK","alphaCode":"CZK","numericCode":"203","name":"Czech Koruna","rate":0.072478161329699,"date":"Sun, 27 Jun 2021 23:55:01 GMT","inverseRate":13.797259500707},"pgk":{"code":"PGK","alphaCode":"PGK","numericCode":"598","name":"Papua New Guinean kina","rate":0.011927099941112,"date":"Sun, 27 Jun 2021 23:55:01 GMT","inverseRate":83.842678013709},"uah":{"code":"UAH","alphaCode":"UAH","numericCode":"980","name":"Ukrainian Hryvnia","rate":0.093100181990358,"date":"Sun, 27 Jun 2021 23:55:01 GMT","inverseRate":10.741117564126},"etb":{"code":"ETB","alphaCode":"ETB","numericCode":"230","name":"Ethiopian birr","rate":0.14830848380875,"date":"Sun, 27 Jun 2021 23:55:01 GMT","inverseRate":6.7427026041851},"xcd":{"code":"XCD","alphaCode":"XCD","numericCode":"951","name":"East Caribbean Dollar","rate":0.0091817090248052,"date":"Sun, 27 Jun 2021 23:55:01 GMT","inverseRate":108.91218587938},"lak":{"code":"LAK","alphaCode":"LAK","numericCode":"418","name":"Lao kip","rate":32.152089848265,"date":"Sun, 27 Jun 2021 23:55:01 GMT","inverseRate":0.031102177330286},"bwp":{"code":"BWP","alphaCode":"BWP","numericCode":"072","name":"Botswana Pula","rate":0.036832282082855,"date":"Sun, 27 Jun 2021 23:55:01 GMT","inverseRate":27.150096150722},"nok":{"code":"NOK","alphaCode":"NOK","numericCode":"578","name":"Norwegian Krone","rate":0.028832597326942,"date":"Sun, 27 Jun 2021 23:55:01 GMT","inverseRate":34.682966250341},"mad":{"code":"MAD","alphaCode":"MAD","numericCode":"504","name":"Moroccan Dirham","rate":0.030020105546716,"date":"Sun, 27 Jun 2021 23:55:01 GMT","inverseRate":33.311008798548},"ron":{"code":"RON","alphaCode":"RON","numericCode":"946","name":"Romanian New Leu","rate":0.014011091630958,"date":"Sun, 27 Jun 2021 23:55:01 GMT","inverseRate":71.372026273134},"byn":{"code":"BYN","alphaCode":"BYN","numericCode":"933","name":"Belarussian Ruble","rate":0.0085852048367204,"date":"Sun, 27 Jun 2021 23:55:01 GMT","inverseRate":116.47945727781},"rsd":{"code":"RSD","alphaCode":"RSD","numericCode":"941","name":"Serbian Dinar","rate":0.32801668307623,"date":"Sun, 27 Jun 2021 23:55:01 GMT","inverseRate":3.0486254254562},"gmd":{"code":"GMD","alphaCode":"GMD","numericCode":"270","name":"Gambian dalasi","rate":0.1759764588403,"date":"Sun, 27 Jun 2021 23:55:01 GMT","inverseRate":5.6825782641046},"awg":{"code":"AWG","alphaCode":"AWG","numericCode":"533","name":"Aruban florin","rate":0.0061334307943477,"date":"Sun, 27 Jun 2021 23:55:01 GMT","inverseRate":163.04088747876},"aoa":{"code":"AOA","alphaCode":"AOA","numericCode":"973","name":"Angolan kwanza","rate":2.2118420430099,"date":"Sun, 27 Jun 2021 23:55:01 GMT","inverseRate":0.45211185091643},"khr":{"code":"KHR","alphaCode":"KHR","numericCode":"116","name":"Cambodian riel","rate":13.809132238383,"date":"Sun, 27 Jun 2021 23:55:01 GMT","inverseRate":0.07241584646575},"scr":{"code":"SCR","alphaCode":"SCR","numericCode":"690","name":"Seychelles rupee","rate":0.050786555223507,"date":"Sun, 27 Jun 2021 23:55:01 GMT","inverseRate":19.690250610601},"bhd":{"code":"BHD","alphaCode":"BHD","numericCode":"048","name":"Bahrain Dinar","rate":0.0012789190980952,"date":"Sun, 27 Jun 2021 23:55:01 GMT","inverseRate":781.91028774955},"omr":{"code":"OMR","alphaCode":"OMR","numericCode":"512","name":"Omani Rial","rate":0.0013071133018751,"date":"Sun, 27 Jun 2021 23:55:01 GMT","inverseRate":765.04462051257},"rub":{"code":"RUB","alphaCode":"RUB","numericCode":"643","name":"Russian Rouble","rate":0.24525147317568,"date":"Sun, 27 Jun 2021 23:55:01 GMT","inverseRate":4.077447474836},"lyd":{"code":"LYD","alphaCode":"LYD","numericCode":"434","name":"Libyan Dinar","rate":0.01512548773733,"date":"Sun, 27 Jun 2021 23:55:01 GMT","inverseRate":66.113570508672},"clp":{"code":"CLP","alphaCode":"CLP","numericCode":"152","name":"Chilean Peso","rate":2.4938904723724,"date":"Sun, 27 Jun 2021 23:55:01 GMT","inverseRate":0.40097991915768},"bsd":{"code":"BSD","alphaCode":"BSD","numericCode":"044","name":"Bahamian Dollar","rate":0.0033868429825908,"date":"Sun, 27 Jun 2021 23:55:01 GMT","inverseRate":295.26021877608},"djf":{"code":"DJF","alphaCode":"DJF","numericCode":"262","name":"Djiboutian franc","rate":0.60322019323165,"date":"Sun, 27 Jun 2021 23:55:01 GMT","inverseRate":1.6577694368},"hnl":{"code":"HNL","alphaCode":"HNL","numericCode":"340","name":"Honduran Lempira","rate":0.081194201578845,"date":"Sun, 27 Jun 2021 23:55:01 GMT","inverseRate":12.316150421517},"tzs":{"code":"TZS","alphaCode":"TZS","numericCode":"834","name":"Tanzanian shilling","rate":7.8558994791535,"date":"Sun, 27 Jun 2021 23:55:01 GMT","inverseRate":0.12729287112871},"bbd":{"code":"BBD","alphaCode":"BBD","numericCode":"052","name":"Barbadian Dollar","rate":0.006800903388265,"date":"Sun, 27 Jun 2021 23:55:01 GMT","inverseRate":147.03928918113},"bdt":{"code":"BDT","alphaCode":"BDT","numericCode":"050","name":"Bangladeshi taka","rate":0.28750221722615,"date":"Sun, 27 Jun 2021 23:55:01 GMT","inverseRate":3.4782340451078},"qar":{"code":"QAR","alphaCode":"QAR","numericCode":"634","name":"Qatari Rial","rate":0.012430802466266,"date":"Sun, 27 Jun 2021 23:55:01 GMT","inverseRate":80.445329471991},"mxn":{"code":"MXN","alphaCode":"MXN","numericCode":"484","name":"Mexican Peso","rate":0.067273274353619,"date":"Sun, 27 Jun 2021 23:55:01 GMT","inverseRate":14.864743980552},"amd":{"code":"AMD","alphaCode":"AMD","numericCode":"051","name":"Armenia Dram","rate":1.7592610123736,"date":"Sun, 27 Jun 2021 23:55:01 GMT","inverseRate":0.56842048619652},"uyu":{"code":"UYU","alphaCode":"UYU","numericCode":"858","name":"Uruguayan Peso","rate":0.1479098010231,"date":"Sun, 27 Jun 2021 23:55:01 GMT","inverseRate":6.7608771905779},"fjd":{"code":"FJD","alphaCode":"FJD","numericCode":"242","name":"Fiji Dollar","rate":0.0069892039495819,"date":"Sun, 27 Jun 2021 23:55:01 GMT","inverseRate":143.07781075122},"cdf":{"code":"CDF","alphaCode":"CDF","numericCode":"976","name":"Congolese franc","rate":6.7377541226142,"date":"Sun, 27 Jun 2021 23:55:01 GMT","inverseRate":0.14841740761119},"lsl":{"code":"LSL","alphaCode":"LSL","numericCode":"426","name":"Lesotho loti","rate":0.048191900260922,"date":"Sun, 27 Jun 2021 23:55:01 GMT","inverseRate":20.750374950682},"mnt":{"code":"MNT","alphaCode":"MNT","numericCode":"496","name":"Mongolian togrog","rate":9.6601535010975,"date":"Sun, 27 Jun 2021 23:55:01 GMT","inverseRate":0.10351802379604},"brl":{"code":"BRL","alphaCode":"BRL","numericCode":"986","name":"Brazilian Real","rate":0.016984283323334,"date":"Sun, 27 Jun 2021 23:55:01 GMT","inverseRate":58.877962700149},"hkd":{"code":"HKD","alphaCode":"HKD","numericCode":"344","name":"Hong Kong Dollar","rate":0.026377180945922,"date":"Sun, 27 Jun 2021 23:55:01 GMT","inverseRate":37.911557040541},"thb":{"code":"THB","alphaCode":"THB","numericCode":"764","name":"Thai Baht","rate":0.10739658086288,"date":"Sun, 27 Jun 2021 23:55:01 GMT","inverseRate":9.3112833943636},"xaf":{"code":"XAF","alphaCode":"XAF","numericCode":"950","name":"Central African CFA Franc","rate":1.8695672712362,"date":"Sun, 27 Jun 2021 23:55:01 GMT","inverseRate":0.53488313332464},"mdl":{"code":"MDL","alphaCode":"MDL","numericCode":"498","name":"Moldova Lei","rate":0.061140549439418,"date":"Sun, 27 Jun 2021 23:55:01 GMT","inverseRate":16.355757499217},"nio":{"code":"NIO","alphaCode":"NIO","numericCode":"558","name":"Nicaraguan C\u00f3rdoba","rate":0.11885963134616,"date":"Sun, 27 Jun 2021 23:55:01 GMT","inverseRate":8.4132853911324},"lrd":{"code":"LRD","alphaCode":"LRD","numericCode":"430","name":"Liberian dollar","rate":0.58048343210217,"date":"Sun, 27 Jun 2021 23:55:01 GMT","inverseRate":1.7227020526298},"sdg":{"code":"SDG","alphaCode":"SDG","numericCode":"938","name":"Sudanese pound","rate":1.4917074243555,"date":"Sun, 27 Jun 2021 23:55:01 GMT","inverseRate":0.6703727444623},"mru":{"code":"MRU","alphaCode":"MRU","numericCode":"929","name":"Mauritanian ouguiya","rate":0.12241110543375,"date":"Sun, 27 Jun 2021 23:55:01 GMT","inverseRate":8.1691934441453},"dkk":{"code":"DKK","alphaCode":"DKK","numericCode":"208","name":"Danish Krone","rate":0.021151991522308,"date":"Sun, 27 Jun 2021 23:55:01 GMT","inverseRate":47.276872201152},"jod":{"code":"JOD","alphaCode":"JOD","numericCode":"400","name":"Jordanian Dinar","rate":0.002407740292326,"date":"Sun, 27 Jun 2021 23:55:01 GMT","inverseRate":415.32718590424},"bgn":{"code":"BGN","alphaCode":"BGN","numericCode":"975","name":"Bulgarian Lev","rate":0.0055632074056907,"date":"Sun, 27 Jun 2021 23:55:01 GMT","inverseRate":179.75242105428},"vnd":{"code":"VND","alphaCode":"VND","numericCode":"704","name":"Vietnamese Dong","rate":78.166015304179,"date":"Sun, 27 Jun 2021 23:55:01 GMT","inverseRate":0.012793283578657},"uzs":{"code":"UZS","alphaCode":"UZS","numericCode":"860","name":"Uzbekistan Sum","rate":35.829689610526,"date":"Sun, 27 Jun 2021 23:55:01 GMT","inverseRate":0.027909814761728},"pab":{"code":"PAB","alphaCode":"PAB","numericCode":"590","name":"Panamanian Balboa","rate":0.0033868429825908,"date":"Sun, 27 Jun 2021 23:55:01 GMT","inverseRate":295.26021877608},"ttd":{"code":"TTD","alphaCode":"TTD","numericCode":"780","name":"Trinidad Tobago Dollar","rate":0.023031748383227,"date":"Sun, 27 Jun 2021 23:55:01 GMT","inverseRate":43.418327751803},"htg":{"code":"HTG","alphaCode":"HTG","numericCode":"332","name":"Haitian gourde","rate":0.31832962405602,"date":"Sun, 27 Jun 2021 23:55:01 GMT","inverseRate":3.1413978606779},"cup":{"code":"CUP","alphaCode":"CUP","numericCode":"192","name":"Cuban peso","rate":0.0033868429825908,"date":"Sun, 27 Jun 2021 23:55:01 GMT","inverseRate":295.26021877608}}