{"usd":{"code":"USD","alphaCode":"USD","numericCode":"840","name":"U.S. Dollar","rate":6.9248482087728e-5,"date":"Sun, 27 Jun 2021 23:55:01 GMT","inverseRate":14440.749744278},"eur":{"code":"EUR","alphaCode":"EUR","numericCode":"978","name":"Euro","rate":5.7971277218774e-5,"date":"Sun, 27 Jun 2021 23:55:01 GMT","inverseRate":17249.921822943},"gbp":{"code":"GBP","alphaCode":"GBP","numericCode":"826","name":"U.K. Pound Sterling","rate":4.9795369614996e-5,"date":"Sun, 27 Jun 2021 23:55:01 GMT","inverseRate":20082.188519369},"jpy":{"code":"JPY","alphaCode":"JPY","numericCode":"392","name":"Japanese Yen","rate":0.007668081208793,"date":"Sun, 27 Jun 2021 23:55:01 GMT","inverseRate":130.41072111408},"aud":{"code":"AUD","alphaCode":"AUD","numericCode":"036","name":"Australian Dollar","rate":9.115279601488e-5,"date":"Sun, 27 Jun 2021 23:55:01 GMT","inverseRate":10970.590521839},"chf":{"code":"CHF","alphaCode":"CHF","numericCode":"756","name":"Swiss Franc","rate":6.3501878296715e-5,"date":"Sun, 27 Jun 2021 23:55:01 GMT","inverseRate":15747.565691324},"cad":{"code":"CAD","alphaCode":"CAD","numericCode":"124","name":"Canadian Dollar","rate":8.5175238939022e-5,"date":"Sun, 27 Jun 2021 23:55:01 GMT","inverseRate":11740.501259009},"lkr":{"code":"LKR","alphaCode":"LKR","numericCode":"144","name":"Sri Lanka Rupee","rate":0.013759760896909,"date":"Sun, 27 Jun 2021 23:55:01 GMT","inverseRate":72.675681466574},"pln":{"code":"PLN","alphaCode":"PLN","numericCode":"985","name":"Polish Zloty","rate":0.00026146716650533,"date":"Sun, 27 Jun 2021 23:55:01 GMT","inverseRate":3824.5719849479},"pen":{"code":"PEN","alphaCode":"PEN","numericCode":"604","name":"Peruvian Nuevo Sol","rate":0.00027562288583618,"date":"Sun, 27 Jun 2021 23:55:01 GMT","inverseRate":3628.1457432906},"iqd":{"code":"IQD","alphaCode":"IQD","numericCode":"368","name":"Iraqi dinar","rate":0.10083312692276,"date":"Sun, 27 Jun 2021 23:55:01 GMT","inverseRate":9.917375673235},"svc":{"code":"SVC","alphaCode":"SVC","numericCode":"222","name":"Salvadoran colon","rate":0.0006044071561456,"date":"Sun, 27 Jun 2021 23:55:01 GMT","inverseRate":1654.5138319956},"cve":{"code":"CVE","alphaCode":"CVE","numericCode":"132","name":"Cape Verde escudo","rate":0.0064544714822954,"date":"Sun, 27 Jun 2021 23:55:01 GMT","inverseRate":154.93135305393},"zmw":{"code":"ZMW","alphaCode":"ZMW","numericCode":"967","name":"Zambian kwacha","rate":0.0015597022376669,"date":"Sun, 27 Jun 2021 23:55:01 GMT","inverseRate":641.14801905771},"yer":{"code":"YER","alphaCode":"YER","numericCode":"886","name":"Yemeni rial","rate":0.017364560584095,"date":"Sun, 27 Jun 2021 23:55:01 GMT","inverseRate":57.588557749969},"dop":{"code":"DOP","alphaCode":"DOP","numericCode":"214","name":"Dominican Peso","rate":0.0039315126358025,"date":"Sun, 27 Jun 2021 23:55:01 GMT","inverseRate":254.35502633095},"nzd":{"code":"NZD","alphaCode":"NZD","numericCode":"554","name":"New Zealand Dollar","rate":9.7836757144166e-5,"date":"Sun, 27 Jun 2021 23:55:01 GMT","inverseRate":10221.107375079},"hrk":{"code":"HRK","alphaCode":"HRK","numericCode":"191","name":"Croatian Kuna","rate":0.00043450127643339,"date":"Sun, 27 Jun 2021 23:55:01 GMT","inverseRate":2301.4892112827},"dzd":{"code":"DZD","alphaCode":"DZD","numericCode":"012","name":"Algerian Dinar","rate":0.0092214628886485,"date":"Sun, 27 Jun 2021 23:55:01 GMT","inverseRate":108.44266382409},"ars":{"code":"ARS","alphaCode":"ARS","numericCode":"032","name":"Argentine Peso","rate":0.0066026834406745,"date":"Sun, 27 Jun 2021 23:55:01 GMT","inverseRate":151.4535732305},"stn":{"code":"STN","alphaCode":"STN","numericCode":"930","name":"S\u00e3o Tom\u00e9 and Pr\u00edncipe Dobra","rate":0.0014339335986449,"date":"Sun, 27 Jun 2021 23:55:01 GMT","inverseRate":697.38236201803},"xpf":{"code":"XPF","alphaCode":"XPF","numericCode":"953","name":"CFP Franc","rate":0.006907647253996,"date":"Sun, 27 Jun 2021 23:55:01 GMT","inverseRate":144.76709120048},"all":{"code":"ALL","alphaCode":"ALL","numericCode":"008","name":"Albanian lek","rate":0.0070920560794643,"date":"Sun, 27 Jun 2021 23:55:01 GMT","inverseRate":141.0028331411},"mur":{"code":"MUR","alphaCode":"MUR","numericCode":"480","name":"Mauritian Rupee","rate":0.0028352071044791,"date":"Sun, 27 Jun 2021 23:55:01 GMT","inverseRate":352.70791979188},"sos":{"code":"SOS","alphaCode":"SOS","numericCode":"706","name":"Somali shilling","rate":0.039939815895031,"date":"Sun, 27 Jun 2021 23:55:01 GMT","inverseRate":25.037671746614},"ang":{"code":"ANG","alphaCode":"ANG","numericCode":"532","name":"Neth. Antillean Guilder","rate":0.00012315200484923,"date":"Sun, 27 Jun 2021 23:55:01 GMT","inverseRate":8120.0464517344},"pkr":{"code":"PKR","alphaCode":"PKR","numericCode":"586","name":"Pakistani Rupee","rate":0.010709220205162,"date":"Sun, 27 Jun 2021 23:55:01 GMT","inverseRate":93.377480418041},"krw":{"code":"KRW","alphaCode":"KRW","numericCode":"410","name":"South Korean Won","rate":0.078057090713344,"date":"Sun, 27 Jun 2021 23:55:01 GMT","inverseRate":12.811135937315},"azn":{"code":"AZN","alphaCode":"AZN","numericCode":"944","name":"Azerbaijan Manat","rate":0.00011738237231582,"date":"Sun, 27 Jun 2021 23:55:01 GMT","inverseRate":8519.1667221505},"pyg":{"code":"PYG","alphaCode":"PYG","numericCode":"600","name":"Paraguayan Guaran\u00ed","rate":0.46940543986414,"date":"Sun, 27 Jun 2021 23:55:01 GMT","inverseRate":2.130354518877},"bnd":{"code":"BND","alphaCode":"BND","numericCode":"096","name":"Brunei Dollar","rate":9.2934476334248e-5,"date":"Sun, 27 Jun 2021 23:55:01 GMT","inverseRate":10760.269379508},"kmf":{"code":"KMF","alphaCode":"KMF","numericCode":"174","name":"\tComoro franc","rate":0.028619016316288,"date":"Sun, 27 Jun 2021 23:55:01 GMT","inverseRate":34.941801945543},"szl":{"code":"SZL","alphaCode":"SZL","numericCode":"748","name":"Swazi lilangeni","rate":0.00098162258743137,"date":"Sun, 27 Jun 2021 23:55:01 GMT","inverseRate":1018.7214646484},"wst":{"code":"WST","alphaCode":"WST","numericCode":"882","name":"Samoan tala","rate":0.00017552279260926,"date":"Sun, 27 Jun 2021 23:55:01 GMT","inverseRate":5697.2657803261},"egp":{"code":"EGP","alphaCode":"EGP","numericCode":"818","name":"Egyptian Pound","rate":0.0010855973505632,"date":"Sun, 27 Jun 2021 23:55:01 GMT","inverseRate":921.15184279067},"sgd":{"code":"SGD","alphaCode":"SGD","numericCode":"702","name":"Singapore Dollar","rate":9.2919896193374e-5,"date":"Sun, 27 Jun 2021 23:55:01 GMT","inverseRate":10761.957782636},"zar":{"code":"ZAR","alphaCode":"ZAR","numericCode":"710","name":"South African Rand","rate":0.00097624225113811,"date":"Sun, 27 Jun 2021 23:55:01 GMT","inverseRate":1024.335915429},"kgs":{"code":"KGS","alphaCode":"KGS","numericCode":"417","name":"Kyrgyzstan Som","rate":0.0057877938726127,"date":"Sun, 27 Jun 2021 23:55:01 GMT","inverseRate":172.77740396594},"crc":{"code":"CRC","alphaCode":"CRC","numericCode":"188","name":"Costa Rican Col\u00f3n","rate":0.042770398437196,"date":"Sun, 27 Jun 2021 23:55:01 GMT","inverseRate":23.380656634948},"jmd":{"code":"JMD","alphaCode":"JMD","numericCode":"388","name":"Jamaican Dollar","rate":0.010332256720671,"date":"Sun, 27 Jun 2021 23:55:01 GMT","inverseRate":96.784277339858},"ssp":{"code":"SSP","alphaCode":"SSP","numericCode":"728","name":"South Sudanese pound","rate":0.01228065841553,"date":"Sun, 27 Jun 2021 23:55:01 GMT","inverseRate":81.428858792735},"ern":{"code":"ERN","alphaCode":"ERN","numericCode":"232","name":"Eritrean nakfa","rate":0.001041043787467,"date":"Sun, 27 Jun 2021 23:55:01 GMT","inverseRate":960.57438893429},"bam":{"code":"BAM","alphaCode":"BAM","numericCode":"977","name":"Bosnia and Herzegovina convertible mark","rate":0.00011431586785891,"date":"Sun, 27 Jun 2021 23:55:01 GMT","inverseRate":8747.6919760098},"inr":{"code":"INR","alphaCode":"INR","numericCode":"356","name":"Indian Rupee","rate":0.0051373662268588,"date":"Sun, 27 Jun 2021 23:55:01 GMT","inverseRate":194.65227041278},"try":{"code":"TRY","alphaCode":"TRY","numericCode":"949","name":"Turkish Lira","rate":0.00060323311629139,"date":"Sun, 27 Jun 2021 23:55:01 GMT","inverseRate":1657.7339224144},"twd":{"code":"TWD","alphaCode":"TWD","numericCode":"901","name":"New Taiwan Dollar ","rate":0.0019319196505835,"date":"Sun, 27 Jun 2021 23:55:01 GMT","inverseRate":517.6198708357},"tmt":{"code":"TMT","alphaCode":"TMT","numericCode":"934","name":"New Turkmenistan Manat","rate":0.00024174382132321,"date":"Sun, 27 Jun 2021 23:55:01 GMT","inverseRate":4136.6103775741},"mga":{"code":"MGA","alphaCode":"MGA","numericCode":"969","name":"Malagasy ariary","rate":0.26140609503297,"date":"Sun, 27 Jun 2021 23:55:01 GMT","inverseRate":3.8254655075042},"srd":{"code":"SRD","alphaCode":"SRD","numericCode":"968","name":"Surinamese dollar","rate":0.0014370868336062,"date":"Sun, 27 Jun 2021 23:55:01 GMT","inverseRate":695.85217581503},"ghs":{"code":"GHS","alphaCode":"GHS","numericCode":"936","name":"Ghanaian Cedi","rate":0.00040253479370646,"date":"Sun, 27 Jun 2021 23:55:01 GMT","inverseRate":2484.2573005732},"mop":{"code":"MOP","alphaCode":"MOP","numericCode":"446","name":"Macanese pataca","rate":0.00055265559203588,"date":"Sun, 27 Jun 2021 23:55:01 GMT","inverseRate":1809.4451850495},"lbp":{"code":"LBP","alphaCode":"LBP","numericCode":"422","name":"Lebanese Pound","rate":0.10427696838662,"date":"Sun, 27 Jun 2021 23:55:01 GMT","inverseRate":9.589845346217},"huf":{"code":"HUF","alphaCode":"HUF","numericCode":"348","name":"Hungarian Forint","rate":0.020376688528654,"date":"Sun, 27 Jun 2021 23:55:01 GMT","inverseRate":49.075687572777},"ngn":{"code":"NGN","alphaCode":"NGN","numericCode":"566","name":"Nigerian Naira","rate":0.028386734660068,"date":"Sun, 27 Jun 2021 23:55:01 GMT","inverseRate":35.227722102419},"irr":{"code":"IRR","alphaCode":"IRR","numericCode":"364","name":"Iranian rial","rate":2.9012277166873,"date":"Sun, 27 Jun 2021 23:55:01 GMT","inverseRate":0.34468166502346},"ves":{"code":"VES","alphaCode":"VES","numericCode":"928","name":"Venezuelan Bolivar","rate":219.66898742266,"date":"Sun, 27 Jun 2021 23:55:01 GMT","inverseRate":0.0045523039539301},"sbd":{"code":"SBD","alphaCode":"SBD","numericCode":"090","name":"Solomon Islands dollar","rate":0.00056301118895751,"date":"Sun, 27 Jun 2021 23:55:01 GMT","inverseRate":1776.1636351342},"mwk":{"code":"MWK","alphaCode":"MWK","numericCode":"454","name":"Malawian kwacha","rate":0.055618318092121,"date":"Sun, 27 Jun 2021 23:55:01 GMT","inverseRate":17.97968788527},"gtq":{"code":"GTQ","alphaCode":"GTQ","numericCode":"320","name":"Guatemalan Quetzal","rate":0.00053402675185489,"date":"Sun, 27 Jun 2021 23:55:01 GMT","inverseRate":1872.5653659233},"sek":{"code":"SEK","alphaCode":"SEK","numericCode":"752","name":"Swedish Krona","rate":0.00058629185142744,"date":"Sun, 27 Jun 2021 23:55:01 GMT","inverseRate":1705.6351671361},"npr":{"code":"NPR","alphaCode":"NPR","numericCode":"524","name":"Nepalese Rupee","rate":0.0082112017588557,"date":"Sun, 27 Jun 2021 23:55:01 GMT","inverseRate":121.78485310284},"isk":{"code":"ISK","alphaCode":"ISK","numericCode":"352","name":"Icelandic Krona","rate":0.0085219921318949,"date":"Sun, 27 Jun 2021 23:55:01 GMT","inverseRate":117.34345497191},"gip":{"code":"GIP","alphaCode":"GIP","numericCode":"292","name":"Gibraltar pound","rate":4.9566965227977e-5,"date":"Sun, 27 Jun 2021 23:55:01 GMT","inverseRate":20174.727167593},"gel":{"code":"GEL","alphaCode":"GEL","numericCode":"981","name":"Georgian lari","rate":0.00022429867901217,"date":"Sun, 27 Jun 2021 23:55:01 GMT","inverseRate":4458.3410138842},"mkd":{"code":"MKD","alphaCode":"MKD","numericCode":"807","name":"Macedonian denar","rate":0.0035761046134362,"date":"Sun, 27 Jun 2021 23:55:01 GMT","inverseRate":279.63387766756},"bif":{"code":"BIF","alphaCode":"BIF","numericCode":"108","name":"Burundian franc","rate":0.13664720074907,"date":"Sun, 27 Jun 2021 23:55:01 GMT","inverseRate":7.3181155158557},"mmk":{"code":"MMK","alphaCode":"MMK","numericCode":"104","name":"Myanma Kyat","rate":0.11365482392737,"date":"Sun, 27 Jun 2021 23:55:01 GMT","inverseRate":8.79857066726},"mvr":{"code":"MVR","alphaCode":"MVR","numericCode":"462","name":"Maldivian rufiyaa","rate":0.0010673993263902,"date":"Sun, 27 Jun 2021 23:55:01 GMT","inverseRate":936.85650278781},"kes":{"code":"KES","alphaCode":"KES","numericCode":"404","name":"Kenyan shilling","rate":0.0074394130295685,"date":"Sun, 27 Jun 2021 23:55:01 GMT","inverseRate":134.41920700268},"aed":{"code":"AED","alphaCode":"AED","numericCode":"784","name":"U.A.E Dirham","rate":0.00025386356021692,"date":"Sun, 27 Jun 2021 23:55:01 GMT","inverseRate":3939.1238315004},"php":{"code":"PHP","alphaCode":"PHP","numericCode":"608","name":"Philippine Peso","rate":0.0033586901461974,"date":"Sun, 27 Jun 2021 23:55:01 GMT","inverseRate":297.73511591481},"ils":{"code":"ILS","alphaCode":"ILS","numericCode":"376","name":"Israeli New Sheqel","rate":0.00022488112839985,"date":"Sun, 27 Jun 2021 23:55:01 GMT","inverseRate":4446.7937666248},"mro":{"code":"MRO","alphaCode":"MRO","numericCode":"478","name":"Mauritanian Ouguiya","rate":0.0025074883819215,"date":"Sun, 27 Jun 2021 23:55:01 GMT","inverseRate":398.80543703006},"cop":{"code":"COP","alphaCode":"COP","numericCode":"170","name":"Colombian Peso","rate":0.26036607808019,"date":"Sun, 27 Jun 2021 23:55:01 GMT","inverseRate":3.8407461039991},"bzd":{"code":"BZD","alphaCode":"BZD","numericCode":"084","name":"Belize dollar","rate":0.00013917905176923,"date":"Sun, 27 Jun 2021 23:55:01 GMT","inverseRate":7184.9893161944},"gnf":{"code":"GNF","alphaCode":"GNF","numericCode":"324","name":"Guinean franc","rate":0.6772178627797,"date":"Sun, 27 Jun 2021 23:55:01 GMT","inverseRate":1.4766296858967},"sll":{"code":"SLL","alphaCode":"SLL","numericCode":"694","name":"Sierra Leonean leone","rate":0.70841760171535,"date":"Sun, 27 Jun 2021 23:55:01 GMT","inverseRate":1.4115967722691},"ugx":{"code":"UGX","alphaCode":"UGX","numericCode":"800","name":"Ugandan shilling","rate":0.24684239379884,"date":"Sun, 27 Jun 2021 23:55:01 GMT","inverseRate":4.051167972447},"cny":{"code":"CNY","alphaCode":"CNY","numericCode":"156","name":"Chinese Yuan","rate":0.00044704605401075,"date":"Sun, 27 Jun 2021 23:55:01 GMT","inverseRate":2236.9059988973},"sar":{"code":"SAR","alphaCode":"SAR","numericCode":"682","name":"Saudi Riyal","rate":0.00025967439583769,"date":"Sun, 27 Jun 2021 23:55:01 GMT","inverseRate":3850.9765153167},"myr":{"code":"MYR","alphaCode":"MYR","numericCode":"458","name":"Malaysian Ringgit","rate":0.00028694780955368,"date":"Sun, 27 Jun 2021 23:55:01 GMT","inverseRate":3484.954290313},"kzt":{"code":"KZT","alphaCode":"KZT","numericCode":"398","name":"Kazakhstani Tenge","rate":0.029518101992803,"date":"Sun, 27 Jun 2021 23:55:01 GMT","inverseRate":33.87751692991},"bob":{"code":"BOB","alphaCode":"BOB","numericCode":"068","name":"Bolivian Boliviano","rate":0.00047590100506278,"date":"Sun, 27 Jun 2021 23:55:01 GMT","inverseRate":2101.2773441571},"gyd":{"code":"GYD","alphaCode":"GYD","numericCode":"328","name":"Guyanese dollar","rate":0.014420813980966,"date":"Sun, 27 Jun 2021 23:55:01 GMT","inverseRate":69.344213254531},"rwf":{"code":"RWF","alphaCode":"RWF","numericCode":"646","name":"Rwandan franc","rate":0.06943056972987,"date":"Sun, 27 Jun 2021 23:55:01 GMT","inverseRate":14.402877635754},"mzn":{"code":"MZN","alphaCode":"MZN","numericCode":"943","name":"Mozambican metical","rate":0.0044007760106561,"date":"Sun, 27 Jun 2021 23:55:01 GMT","inverseRate":227.23265114575},"vuv":{"code":"VUV","alphaCode":"VUV","numericCode":"548","name":"Vanuatu vatu","rate":0.0075857833729821,"date":"Sun, 27 Jun 2021 23:55:01 GMT","inverseRate":131.8255413886},"tnd":{"code":"TND","alphaCode":"TND","numericCode":"788","name":"Tunisian Dinar","rate":0.00018936514711751,"date":"Sun, 27 Jun 2021 23:55:01 GMT","inverseRate":5280.8028046441},"xof":{"code":"XOF","alphaCode":"XOF","numericCode":"952","name":"West African CFA Franc","rate":0.03806332062891,"date":"Sun, 27 Jun 2021 23:55:01 GMT","inverseRate":26.272011571173},"tjs":{"code":"TJS","alphaCode":"TJS","numericCode":"972","name":"Tajikistan Ruble","rate":0.00078299747974722,"date":"Sun, 27 Jun 2021 23:55:01 GMT","inverseRate":1277.1433189323},"afn":{"code":"AFN","alphaCode":"AFN","numericCode":"971","name":"Afghan afghani","rate":0.0054614343772558,"date":"Sun, 27 Jun 2021 23:55:01 GMT","inverseRate":183.10208105118},"nad":{"code":"NAD","alphaCode":"NAD","numericCode":"516","name":"Namibian dollar","rate":0.00098162258743137,"date":"Sun, 27 Jun 2021 23:55:01 GMT","inverseRate":1018.7214646484},"syp":{"code":"SYP","alphaCode":"SYP","numericCode":"760","name":"Syrian pound","rate":0.17427073002198,"date":"Sun, 27 Jun 2021 23:55:01 GMT","inverseRate":5.7381982612565},"top":{"code":"TOP","alphaCode":"TOP","numericCode":"776","name":"Tongan pa\u02bbanga","rate":0.00015296746154425,"date":"Sun, 27 Jun 2021 23:55:01 GMT","inverseRate":6537.338005774},"kwd":{"code":"KWD","alphaCode":"KWD","numericCode":"414","name":"Kuwaiti Dinar","rate":2.0827195590553e-5,"date":"Sun, 27 Jun 2021 23:55:01 GMT","inverseRate":48014.145526802},"czk":{"code":"CZK","alphaCode":"CZK","numericCode":"203","name":"Czech Koruna","rate":0.0014768649185448,"date":"Sun, 27 Jun 2021 23:55:01 GMT","inverseRate":677.10999661725},"pgk":{"code":"PGK","alphaCode":"PGK","numericCode":"598","name":"Papua New Guinean kina","rate":0.00024303480055017,"date":"Sun, 27 Jun 2021 23:55:01 GMT","inverseRate":4114.6370714657},"uah":{"code":"UAH","alphaCode":"UAH","numericCode":"980","name":"Ukrainian Hryvnia","rate":0.0018970734103785,"date":"Sun, 27 Jun 2021 23:55:01 GMT","inverseRate":527.12772975953},"etb":{"code":"ETB","alphaCode":"ETB","numericCode":"230","name":"Ethiopian birr","rate":0.0030220357807278,"date":"Sun, 27 Jun 2021 23:55:01 GMT","inverseRate":330.90276639914},"xcd":{"code":"XCD","alphaCode":"XCD","numericCode":"951","name":"East Caribbean Dollar","rate":0.00018709282495919,"date":"Sun, 27 Jun 2021 23:55:01 GMT","inverseRate":5344.9404070848},"lak":{"code":"LAK","alphaCode":"LAK","numericCode":"418","name":"Lao kip","rate":0.65515312038338,"date":"Sun, 27 Jun 2021 23:55:01 GMT","inverseRate":1.5263607374942},"bwp":{"code":"BWP","alphaCode":"BWP","numericCode":"072","name":"Botswana Pula","rate":0.00075051993980184,"date":"Sun, 27 Jun 2021 23:55:01 GMT","inverseRate":1332.4096362637},"nok":{"code":"NOK","alphaCode":"NOK","numericCode":"578","name":"Norwegian Krone","rate":0.0005875128552032,"date":"Sun, 27 Jun 2021 23:55:01 GMT","inverseRate":1702.0904157989},"mad":{"code":"MAD","alphaCode":"MAD","numericCode":"504","name":"Moroccan Dirham","rate":0.00061171034032275,"date":"Sun, 27 Jun 2021 23:55:01 GMT","inverseRate":1634.7606605316},"ron":{"code":"RON","alphaCode":"RON","numericCode":"946","name":"Romanian New Leu","rate":0.00028549965011045,"date":"Sun, 27 Jun 2021 23:55:01 GMT","inverseRate":3502.6312628163},"byn":{"code":"BYN","alphaCode":"BYN","numericCode":"933","name":"Belarussian Ruble","rate":0.00017493804491254,"date":"Sun, 27 Jun 2021 23:55:01 GMT","inverseRate":5716.3094540123},"rsd":{"code":"RSD","alphaCode":"RSD","numericCode":"941","name":"Serbian Dinar","rate":0.0066838937832465,"date":"Sun, 27 Jun 2021 23:55:01 GMT","inverseRate":149.61338890611},"gmd":{"code":"GMD","alphaCode":"GMD","numericCode":"270","name":"Gambian dalasi","rate":0.0035858174901643,"date":"Sun, 27 Jun 2021 23:55:01 GMT","inverseRate":278.87643549705},"awg":{"code":"AWG","alphaCode":"AWG","numericCode":"533","name":"Aruban florin","rate":0.00012497900890848,"date":"Sun, 27 Jun 2021 23:55:01 GMT","inverseRate":8001.3436554959},"aoa":{"code":"AOA","alphaCode":"AOA","numericCode":"973","name":"Angolan kwanza","rate":0.045070016384995,"date":"Sun, 27 Jun 2021 23:55:01 GMT","inverseRate":22.187699943525},"khr":{"code":"KHR","alphaCode":"KHR","numericCode":"116","name":"Cambodian riel","rate":0.28138438647253,"date":"Sun, 27 Jun 2021 23:55:01 GMT","inverseRate":3.5538574564713},"scr":{"code":"SCR","alphaCode":"SCR","numericCode":"690","name":"Seychelles rupee","rate":0.0010348618172327,"date":"Sun, 27 Jun 2021 23:55:01 GMT","inverseRate":966.31258719554},"bhd":{"code":"BHD","alphaCode":"BHD","numericCode":"048","name":"Bahrain Dinar","rate":2.6060136115232e-5,"date":"Sun, 27 Jun 2021 23:55:01 GMT","inverseRate":38372.784991537},"omr":{"code":"OMR","alphaCode":"OMR","numericCode":"512","name":"Omani Rial","rate":2.663464062397e-5,"date":"Sun, 27 Jun 2021 23:55:01 GMT","inverseRate":37545.090775509},"rub":{"code":"RUB","alphaCode":"RUB","numericCode":"643","name":"Russian Rouble","rate":0.0049974128800944,"date":"Sun, 27 Jun 2021 23:55:01 GMT","inverseRate":200.10353836946},"lyd":{"code":"LYD","alphaCode":"LYD","numericCode":"434","name":"Libyan Dinar","rate":0.00030820735246754,"date":"Sun, 27 Jun 2021 23:55:01 GMT","inverseRate":3244.5689306044},"clp":{"code":"CLP","alphaCode":"CLP","numericCode":"152","name":"Chilean Peso","rate":0.05081722938011,"date":"Sun, 27 Jun 2021 23:55:01 GMT","inverseRate":19.67836523554},"bsd":{"code":"BSD","alphaCode":"BSD","numericCode":"044","name":"Bahamian Dollar","rate":6.901264455171e-5,"date":"Sun, 27 Jun 2021 23:55:01 GMT","inverseRate":14490.098249325},"djf":{"code":"DJF","alphaCode":"DJF","numericCode":"262","name":"Djiboutian franc","rate":0.012291629991676,"date":"Sun, 27 Jun 2021 23:55:01 GMT","inverseRate":81.356174948094},"hnl":{"code":"HNL","alphaCode":"HNL","numericCode":"340","name":"Honduran Lempira","rate":0.0016544689559049,"date":"Sun, 27 Jun 2021 23:55:01 GMT","inverseRate":604.42355018567},"tzs":{"code":"TZS","alphaCode":"TZS","numericCode":"834","name":"Tanzanian shilling","rate":0.16007721679913,"date":"Sun, 27 Jun 2021 23:55:01 GMT","inverseRate":6.2469851737544},"bbd":{"code":"BBD","alphaCode":"BBD","numericCode":"052","name":"Barbadian Dollar","rate":0.00013857989005614,"date":"Sun, 27 Jun 2021 23:55:01 GMT","inverseRate":7216.0542167762},"bdt":{"code":"BDT","alphaCode":"BDT","numericCode":"050","name":"Bangladeshi taka","rate":0.0058583431317147,"date":"Sun, 27 Jun 2021 23:55:01 GMT","inverseRate":170.69672730271},"qar":{"code":"QAR","alphaCode":"QAR","numericCode":"634","name":"Qatari Rial","rate":0.00025329859001632,"date":"Sun, 27 Jun 2021 23:55:01 GMT","inverseRate":3947.9098558565},"mxn":{"code":"MXN","alphaCode":"MXN","numericCode":"484","name":"Mexican Peso","rate":0.0013708065578064,"date":"Sun, 27 Jun 2021 23:55:01 GMT","inverseRate":729.4975314389},"amd":{"code":"AMD","alphaCode":"AMD","numericCode":"051","name":"Armenia Dram","rate":0.035847913689742,"date":"Sun, 27 Jun 2021 23:55:01 GMT","inverseRate":27.895626190546},"uyu":{"code":"UYU","alphaCode":"UYU","numericCode":"858","name":"Uruguayan Peso","rate":0.0030139119457829,"date":"Sun, 27 Jun 2021 23:55:01 GMT","inverseRate":331.79469672271},"fjd":{"code":"FJD","alphaCode":"FJD","numericCode":"242","name":"Fiji Dollar","rate":0.00014241683194387,"date":"Sun, 27 Jun 2021 23:55:01 GMT","inverseRate":7021.641939024},"cdf":{"code":"CDF","alphaCode":"CDF","numericCode":"976","name":"Congolese franc","rate":0.13729311713916,"date":"Sun, 27 Jun 2021 23:55:01 GMT","inverseRate":7.2836863262882},"lsl":{"code":"LSL","alphaCode":"LSL","numericCode":"426","name":"Lesotho loti","rate":0.00098199134122077,"date":"Sun, 27 Jun 2021 23:55:01 GMT","inverseRate":1018.3389180976},"mnt":{"code":"MNT","alphaCode":"MNT","numericCode":"496","name":"Mongolian togrog","rate":0.19684193903085,"date":"Sun, 27 Jun 2021 23:55:01 GMT","inverseRate":5.0802181939657},"brl":{"code":"BRL","alphaCode":"BRL","numericCode":"986","name":"Brazilian Real","rate":0.00034608345116198,"date":"Sun, 27 Jun 2021 23:55:01 GMT","inverseRate":2889.4765023941},"hkd":{"code":"HKD","alphaCode":"HKD","numericCode":"344","name":"Hong Kong Dollar","rate":0.00053747960039899,"date":"Sun, 27 Jun 2021 23:55:01 GMT","inverseRate":1860.5357287191},"thb":{"code":"THB","alphaCode":"THB","numericCode":"764","name":"Thai Baht","rate":0.0021883866772854,"date":"Sun, 27 Jun 2021 23:55:01 GMT","inverseRate":456.95763476337},"xaf":{"code":"XAF","alphaCode":"XAF","numericCode":"950","name":"Central African CFA Franc","rate":0.038095589969344,"date":"Sun, 27 Jun 2021 23:55:01 GMT","inverseRate":26.249757538988},"mdl":{"code":"MDL","alphaCode":"MDL","numericCode":"498","name":"Moldova Lei","rate":0.0012458419323978,"date":"Sun, 27 Jun 2021 23:55:01 GMT","inverseRate":802.67004504767},"nio":{"code":"NIO","alphaCode":"NIO","numericCode":"558","name":"Nicaraguan C\u00f3rdoba","rate":0.0024219656865713,"date":"Sun, 27 Jun 2021 23:55:01 GMT","inverseRate":412.88776531582},"lrd":{"code":"LRD","alphaCode":"LRD","numericCode":"430","name":"Liberian dollar","rate":0.01182833009199,"date":"Sun, 27 Jun 2021 23:55:01 GMT","inverseRate":84.542787715841},"sdg":{"code":"SDG","alphaCode":"SDG","numericCode":"938","name":"Sudanese pound","rate":0.030396057561973,"date":"Sun, 27 Jun 2021 23:55:01 GMT","inverseRate":32.899003364537},"mru":{"code":"MRU","alphaCode":"MRU","numericCode":"929","name":"Mauritanian ouguiya","rate":0.0024943329678718,"date":"Sun, 27 Jun 2021 23:55:01 GMT","inverseRate":400.90878518645},"dkk":{"code":"DKK","alphaCode":"DKK","numericCode":"208","name":"Danish Krone","rate":0.00043100754301079,"date":"Sun, 27 Jun 2021 23:55:01 GMT","inverseRate":2320.1450095618},"jod":{"code":"JOD","alphaCode":"JOD","numericCode":"400","name":"Jordanian Dinar","rate":4.9061773994616e-5,"date":"Sun, 27 Jun 2021 23:55:01 GMT","inverseRate":20382.467215917},"bgn":{"code":"BGN","alphaCode":"BGN","numericCode":"975","name":"Bulgarian Lev","rate":0.00011335974452606,"date":"Sun, 27 Jun 2021 23:55:01 GMT","inverseRate":8821.4736561101},"vnd":{"code":"VND","alphaCode":"VND","numericCode":"704","name":"Vietnamese Dong","rate":1.5927645473793,"date":"Sun, 27 Jun 2021 23:55:01 GMT","inverseRate":0.6278391879361},"uzs":{"code":"UZS","alphaCode":"UZS","numericCode":"860","name":"Uzbekistan Sum","rate":0.73009042527204,"date":"Sun, 27 Jun 2021 23:55:01 GMT","inverseRate":1.3696933494606},"pab":{"code":"PAB","alphaCode":"PAB","numericCode":"590","name":"Panamanian Balboa","rate":6.901264455171e-5,"date":"Sun, 27 Jun 2021 23:55:01 GMT","inverseRate":14490.098249325},"ttd":{"code":"TTD","alphaCode":"TTD","numericCode":"780","name":"Trinidad Tobago Dollar","rate":0.00046931076307534,"date":"Sun, 27 Jun 2021 23:55:01 GMT","inverseRate":2130.7842876799},"htg":{"code":"HTG","alphaCode":"HTG","numericCode":"332","name":"Haitian gourde","rate":0.0064865035988331,"date":"Sun, 27 Jun 2021 23:55:01 GMT","inverseRate":154.16625995242},"cup":{"code":"CUP","alphaCode":"CUP","numericCode":"192","name":"Cuban peso","rate":6.901264455171e-5,"date":"Sun, 27 Jun 2021 23:55:01 GMT","inverseRate":14490.098249325}}