{"usd":{"code":"USD","alphaCode":"USD","numericCode":"840","name":"U.S. Dollar","rate":0.30793371849594,"date":"Sun, 27 Jun 2021 23:55:01 GMT","inverseRate":3.2474520974331},"eur":{"code":"EUR","alphaCode":"EUR","numericCode":"978","name":"Euro","rate":0.25778631417972,"date":"Sun, 27 Jun 2021 23:55:01 GMT","inverseRate":3.8791818843526},"gbp":{"code":"GBP","alphaCode":"GBP","numericCode":"826","name":"U.K. Pound Sterling","rate":0.22142973921074,"date":"Sun, 27 Jun 2021 23:55:01 GMT","inverseRate":4.5161052149742},"jpy":{"code":"JPY","alphaCode":"JPY","numericCode":"392","name":"Japanese Yen","rate":34.098375721233,"date":"Sun, 27 Jun 2021 23:55:01 GMT","inverseRate":0.029326910119572},"aud":{"code":"AUD","alphaCode":"AUD","numericCode":"036","name":"Australian Dollar","rate":0.40533768512939,"date":"Sun, 27 Jun 2021 23:55:01 GMT","inverseRate":2.467078775764},"chf":{"code":"CHF","alphaCode":"CHF","numericCode":"756","name":"Swiss Franc","rate":0.2823797565788,"date":"Sun, 27 Jun 2021 23:55:01 GMT","inverseRate":3.5413303422158},"cad":{"code":"CAD","alphaCode":"CAD","numericCode":"124","name":"Canadian Dollar","rate":0.37875672158482,"date":"Sun, 27 Jun 2021 23:55:01 GMT","inverseRate":2.6402171711059},"lkr":{"code":"LKR","alphaCode":"LKR","numericCode":"144","name":"Sri Lanka Rupee","rate":61.186818986624,"date":"Sun, 27 Jun 2021 23:55:01 GMT","inverseRate":0.016343389255431},"pln":{"code":"PLN","alphaCode":"PLN","numericCode":"985","name":"Polish Zloty","rate":1.162690566193,"date":"Sun, 27 Jun 2021 23:55:01 GMT","inverseRate":0.86007406362153},"pen":{"code":"PEN","alphaCode":"PEN","numericCode":"604","name":"Peruvian Nuevo Sol","rate":1.2256381306755,"date":"Sun, 27 Jun 2021 23:55:01 GMT","inverseRate":0.8159015087503},"iqd":{"code":"IQD","alphaCode":"IQD","numericCode":"368","name":"Iraqi dinar","rate":448.38412026941,"date":"Sun, 27 Jun 2021 23:55:01 GMT","inverseRate":0.0022302306321623},"svc":{"code":"SVC","alphaCode":"SVC","numericCode":"222","name":"Salvadoran colon","rate":2.6876739744516,"date":"Sun, 27 Jun 2021 23:55:01 GMT","inverseRate":0.37206893749233},"cve":{"code":"CVE","alphaCode":"CVE","numericCode":"132","name":"Cape Verde escudo","rate":28.701703554328,"date":"Sun, 27 Jun 2021 23:55:01 GMT","inverseRate":0.034841137499282},"zmw":{"code":"ZMW","alphaCode":"ZMW","numericCode":"967","name":"Zambian kwacha","rate":6.9356741882478,"date":"Sun, 27 Jun 2021 23:55:01 GMT","inverseRate":0.14418208999703},"yer":{"code":"YER","alphaCode":"YER","numericCode":"886","name":"Yemeni rial","rate":77.216619765532,"date":"Sun, 27 Jun 2021 23:55:01 GMT","inverseRate":0.012950579849733},"dop":{"code":"DOP","alphaCode":"DOP","numericCode":"214","name":"Dominican Peso","rate":17.482625882293,"date":"Sun, 27 Jun 2021 23:55:01 GMT","inverseRate":0.057199645335477},"nzd":{"code":"NZD","alphaCode":"NZD","numericCode":"554","name":"New Zealand Dollar","rate":0.43505988181546,"date":"Sun, 27 Jun 2021 23:55:01 GMT","inverseRate":2.2985341600037},"hrk":{"code":"HRK","alphaCode":"HRK","numericCode":"191","name":"Croatian Kuna","rate":1.9321375676345,"date":"Sun, 27 Jun 2021 23:55:01 GMT","inverseRate":0.51756149083334},"dzd":{"code":"DZD","alphaCode":"DZD","numericCode":"012","name":"Algerian Dinar","rate":41.005943692404,"date":"Sun, 27 Jun 2021 23:55:01 GMT","inverseRate":0.024386708607446},"ars":{"code":"ARS","alphaCode":"ARS","numericCode":"032","name":"Argentine Peso","rate":29.360771566988,"date":"Sun, 27 Jun 2021 23:55:01 GMT","inverseRate":0.034059050448264},"stn":{"code":"STN","alphaCode":"STN","numericCode":"930","name":"S\u00e3o Tom\u00e9 and Pr\u00edncipe Dobra","rate":6.376406988208,"date":"Sun, 27 Jun 2021 23:55:01 GMT","inverseRate":0.15682813249677},"xpf":{"code":"XPF","alphaCode":"XPF","numericCode":"953","name":"CFP Franc","rate":30.716882751112,"date":"Sun, 27 Jun 2021 23:55:01 GMT","inverseRate":0.032555386824329},"all":{"code":"ALL","alphaCode":"ALL","numericCode":"008","name":"Albanian lek","rate":31.536910766715,"date":"Sun, 27 Jun 2021 23:55:01 GMT","inverseRate":0.031708876224345},"mur":{"code":"MUR","alphaCode":"MUR","numericCode":"480","name":"Mauritian Rupee","rate":12.607581279288,"date":"Sun, 27 Jun 2021 23:55:01 GMT","inverseRate":0.079317354998363},"sos":{"code":"SOS","alphaCode":"SOS","numericCode":"706","name":"Somali shilling","rate":177.60412436216,"date":"Sun, 27 Jun 2021 23:55:01 GMT","inverseRate":0.0056304998748837},"ang":{"code":"ANG","alphaCode":"ANG","numericCode":"532","name":"Neth. Antillean Guilder","rate":0.54763156751092,"date":"Sun, 27 Jun 2021 23:55:01 GMT","inverseRate":1.8260452087252},"pkr":{"code":"PKR","alphaCode":"PKR","numericCode":"586","name":"Pakistani Rupee","rate":47.621693653726,"date":"Sun, 27 Jun 2021 23:55:01 GMT","inverseRate":0.020998833163544},"krw":{"code":"KRW","alphaCode":"KRW","numericCode":"410","name":"South Korean Won","rate":347.10378442496,"date":"Sun, 27 Jun 2021 23:55:01 GMT","inverseRate":0.0028809827056674},"azn":{"code":"AZN","alphaCode":"AZN","numericCode":"944","name":"Azerbaijan Manat","rate":0.52197520152561,"date":"Sun, 27 Jun 2021 23:55:01 GMT","inverseRate":1.9157998255037},"pyg":{"code":"PYG","alphaCode":"PYG","numericCode":"600","name":"Paraguayan Guaran\u00ed","rate":2087.3491840076,"date":"Sun, 27 Jun 2021 23:55:01 GMT","inverseRate":0.00047907652809677},"bnd":{"code":"BND","alphaCode":"BND","numericCode":"096","name":"Brunei Dollar","rate":0.41326045006767,"date":"Sun, 27 Jun 2021 23:55:01 GMT","inverseRate":2.4197815199501},"kmf":{"code":"KMF","alphaCode":"KMF","numericCode":"174","name":"\tComoro franc","rate":127.2628633622,"date":"Sun, 27 Jun 2021 23:55:01 GMT","inverseRate":0.0078577518498379},"szl":{"code":"SZL","alphaCode":"SZL","numericCode":"748","name":"Swazi lilangeni","rate":4.3650732029679,"date":"Sun, 27 Jun 2021 23:55:01 GMT","inverseRate":0.22909123249527},"wst":{"code":"WST","alphaCode":"WST","numericCode":"882","name":"Samoan tala","rate":0.78051366007542,"date":"Sun, 27 Jun 2021 23:55:01 GMT","inverseRate":1.2812075574736},"egp":{"code":"EGP","alphaCode":"EGP","numericCode":"818","name":"Egyptian Pound","rate":4.827427531549,"date":"Sun, 27 Jun 2021 23:55:01 GMT","inverseRate":0.20714966583437},"sgd":{"code":"SGD","alphaCode":"SGD","numericCode":"702","name":"Singapore Dollar","rate":0.41319561518811,"date":"Sun, 27 Jun 2021 23:55:01 GMT","inverseRate":2.4201612099507},"zar":{"code":"ZAR","alphaCode":"ZAR","numericCode":"710","name":"South African Rand","rate":4.3411479570767,"date":"Sun, 27 Jun 2021 23:55:01 GMT","inverseRate":0.23035381652216},"kgs":{"code":"KGS","alphaCode":"KGS","numericCode":"417","name":"Kyrgyzstan Som","rate":25.737125715243,"date":"Sun, 27 Jun 2021 23:55:01 GMT","inverseRate":0.038854377565857},"crc":{"code":"CRC","alphaCode":"CRC","numericCode":"188","name":"Costa Rican Col\u00f3n","rate":190.19114116658,"date":"Sun, 27 Jun 2021 23:55:01 GMT","inverseRate":0.0052578684467966},"jmd":{"code":"JMD","alphaCode":"JMD","numericCode":"388","name":"Jamaican Dollar","rate":45.945414780645,"date":"Sun, 27 Jun 2021 23:55:01 GMT","inverseRate":0.021764957499551},"ssp":{"code":"SSP","alphaCode":"SSP","numericCode":"728","name":"South Sudanese pound","rate":54.609555292227,"date":"Sun, 27 Jun 2021 23:55:01 GMT","inverseRate":0.018311813649622},"ern":{"code":"ERN","alphaCode":"ERN","numericCode":"232","name":"Eritrean nakfa","rate":4.6293070248919,"date":"Sun, 27 Jun 2021 23:55:01 GMT","inverseRate":0.21601505249554},"bam":{"code":"BAM","alphaCode":"BAM","numericCode":"977","name":"Bosnia and Herzegovina convertible mark","rate":0.50833908862131,"date":"Sun, 27 Jun 2021 23:55:01 GMT","inverseRate":1.9671908424594},"inr":{"code":"INR","alphaCode":"INR","numericCode":"356","name":"Indian Rupee","rate":22.844808114464,"date":"Sun, 27 Jun 2021 23:55:01 GMT","inverseRate":0.043773622216019},"try":{"code":"TRY","alphaCode":"TRY","numericCode":"949","name":"Turkish Lira","rate":2.6824532613462,"date":"Sun, 27 Jun 2021 23:55:01 GMT","inverseRate":0.37279307505927},"twd":{"code":"TWD","alphaCode":"TWD","numericCode":"901","name":"New Taiwan Dollar ","rate":8.5908482598348,"date":"Sun, 27 Jun 2021 23:55:01 GMT","inverseRate":0.11640294063572},"tmt":{"code":"TMT","alphaCode":"TMT","numericCode":"934","name":"New Turkmenistan Manat","rate":1.0749849177801,"date":"Sun, 27 Jun 2021 23:55:01 GMT","inverseRate":0.9302456094594},"mga":{"code":"MGA","alphaCode":"MGA","numericCode":"969","name":"Malagasy ariary","rate":1162.4189939503,"date":"Sun, 27 Jun 2021 23:55:01 GMT","inverseRate":0.00086027499998225},"srd":{"code":"SRD","alphaCode":"SRD","numericCode":"968","name":"Surinamese dollar","rate":6.3904287737786,"date":"Sun, 27 Jun 2021 23:55:01 GMT","inverseRate":0.15648402249677},"ghs":{"code":"GHS","alphaCode":"GHS","numericCode":"936","name":"Ghanaian Cedi","rate":1.7899892115035,"date":"Sun, 27 Jun 2021 23:55:01 GMT","inverseRate":0.55866258498847},"mop":{"code":"MOP","alphaCode":"MOP","numericCode":"446","name":"Macanese pataca","rate":2.4575454417555,"date":"Sun, 27 Jun 2021 23:55:01 GMT","inverseRate":0.40691007499161},"lbp":{"code":"LBP","alphaCode":"LBP","numericCode":"422","name":"Lebanese Pound","rate":463.69817302413,"date":"Sun, 27 Jun 2021 23:55:01 GMT","inverseRate":0.0021565752426373},"huf":{"code":"HUF","alphaCode":"HUF","numericCode":"348","name":"Hungarian Forint","rate":90.610931533672,"date":"Sun, 27 Jun 2021 23:55:01 GMT","inverseRate":0.011036195998365},"ngn":{"code":"NGN","alphaCode":"NGN","numericCode":"566","name":"Nigerian Naira","rate":126.22995474122,"date":"Sun, 27 Jun 2021 23:55:01 GMT","inverseRate":0.0079220498973484},"irr":{"code":"IRR","alphaCode":"IRR","numericCode":"364","name":"Iranian rial","rate":12901.161326124,"date":"Sun, 27 Jun 2021 23:55:01 GMT","inverseRate":7.7512401769215e-5},"ves":{"code":"VES","alphaCode":"VES","numericCode":"928","name":"Venezuelan Bolivar","rate":976822.68399186,"date":"Sun, 27 Jun 2021 23:55:01 GMT","inverseRate":1.0237272499789e-6},"sbd":{"code":"SBD","alphaCode":"SBD","numericCode":"090","name":"Solomon Islands dollar","rate":2.5035946455962,"date":"Sun, 27 Jun 2021 23:55:01 GMT","inverseRate":0.39942568249176},"mwk":{"code":"MWK","alphaCode":"MWK","numericCode":"454","name":"Malawian kwacha","rate":247.3231902022,"date":"Sun, 27 Jun 2021 23:55:01 GMT","inverseRate":0.0040432924999166},"gtq":{"code":"GTQ","alphaCode":"GTQ","numericCode":"320","name":"Guatemalan Quetzal","rate":2.3747068313592,"date":"Sun, 27 Jun 2021 23:55:01 GMT","inverseRate":0.42110461249132},"sek":{"code":"SEK","alphaCode":"SEK","numericCode":"752","name":"Swedish Krona","rate":2.6071189503504,"date":"Sun, 27 Jun 2021 23:55:01 GMT","inverseRate":0.38356516102404},"npr":{"code":"NPR","alphaCode":"NPR","numericCode":"524","name":"Nepalese Rupee","rate":36.513520797778,"date":"Sun, 27 Jun 2021 23:55:01 GMT","inverseRate":0.027387115187776},"isk":{"code":"ISK","alphaCode":"ISK","numericCode":"352","name":"Icelandic Krona","rate":37.895541491335,"date":"Sun, 27 Jun 2021 23:55:01 GMT","inverseRate":0.026388328564421},"gip":{"code":"GIP","alphaCode":"GIP","numericCode":"292","name":"Gibraltar pound","rate":0.22041407200627,"date":"Sun, 27 Jun 2021 23:55:01 GMT","inverseRate":4.5369154106075},"gel":{"code":"GEL","alphaCode":"GEL","numericCode":"981","name":"Georgian lari","rate":0.99740996769349,"date":"Sun, 27 Jun 2021 23:55:01 GMT","inverseRate":1.0025967579936},"mkd":{"code":"MKD","alphaCode":"MKD","numericCode":"807","name":"Macedonian denar","rate":15.902199703826,"date":"Sun, 27 Jun 2021 23:55:01 GMT","inverseRate":0.062884381948706},"bif":{"code":"BIF","alphaCode":"BIF","numericCode":"108","name":"Burundian franc","rate":607.64192051767,"date":"Sun, 27 Jun 2021 23:55:01 GMT","inverseRate":0.0016457060749661},"mmk":{"code":"MMK","alphaCode":"MMK","numericCode":"104","name":"Myanma Kyat","rate":505.39956258708,"date":"Sun, 27 Jun 2021 23:55:01 GMT","inverseRate":0.0019786324999593},"mvr":{"code":"MVR","alphaCode":"MVR","numericCode":"462","name":"Maldivian rufiyaa","rate":4.7465046710915,"date":"Sun, 27 Jun 2021 23:55:01 GMT","inverseRate":0.21068134749566},"kes":{"code":"KES","alphaCode":"KES","numericCode":"404","name":"Kenyan shilling","rate":33.081535487232,"date":"Sun, 27 Jun 2021 23:55:01 GMT","inverseRate":0.030228342949376},"aed":{"code":"AED","alphaCode":"AED","numericCode":"784","name":"U.A.E Dirham","rate":1.1288788971458,"date":"Sun, 27 Jun 2021 23:55:01 GMT","inverseRate":0.88583461213455},"php":{"code":"PHP","alphaCode":"PHP","numericCode":"608","name":"Philippine Peso","rate":14.935402406135,"date":"Sun, 27 Jun 2021 23:55:01 GMT","inverseRate":0.066955008831182},"mro":{"code":"MRO","alphaCode":"MRO","numericCode":"478","name":"Mauritanian Ouguiya","rate":11.150283706613,"date":"Sun, 27 Jun 2021 23:55:01 GMT","inverseRate":0.089683816691315},"cop":{"code":"COP","alphaCode":"COP","numericCode":"170","name":"Colombian Peso","rate":1157.7942530475,"date":"Sun, 27 Jun 2021 23:55:01 GMT","inverseRate":0.00086371131776465},"bzd":{"code":"BZD","alphaCode":"BZD","numericCode":"084","name":"Belize dollar","rate":0.61890053985217,"date":"Sun, 27 Jun 2021 23:55:01 GMT","inverseRate":1.6157685049667},"gnf":{"code":"GNF","alphaCode":"GNF","numericCode":"324","name":"Guinean franc","rate":3011.4481708557,"date":"Sun, 27 Jun 2021 23:55:01 GMT","inverseRate":0.00033206614999316},"sll":{"code":"SLL","alphaCode":"SLL","numericCode":"694","name":"Sierra Leonean leone","rate":3150.1869754751,"date":"Sun, 27 Jun 2021 23:55:01 GMT","inverseRate":0.00031744147499346},"ugx":{"code":"UGX","alphaCode":"UGX","numericCode":"800","name":"Ugandan shilling","rate":1097.6572180834,"date":"Sun, 27 Jun 2021 23:55:01 GMT","inverseRate":0.00091103122498123},"cny":{"code":"CNY","alphaCode":"CNY","numericCode":"156","name":"Chinese Yuan","rate":1.9879216063692,"date":"Sun, 27 Jun 2021 23:55:01 GMT","inverseRate":0.50303794515642},"sar":{"code":"SAR","alphaCode":"SAR","numericCode":"682","name":"Saudi Riyal","rate":1.1547184847631,"date":"Sun, 27 Jun 2021 23:55:01 GMT","inverseRate":0.86601194420574},"myr":{"code":"MYR","alphaCode":"MYR","numericCode":"458","name":"Malaysian Ringgit","rate":1.2759977308699,"date":"Sun, 27 Jun 2021 23:55:01 GMT","inverseRate":0.78370045322749},"kzt":{"code":"KZT","alphaCode":"KZT","numericCode":"398","name":"Kazakhstani Tenge","rate":131.26091194419,"date":"Sun, 27 Jun 2021 23:55:01 GMT","inverseRate":0.0076184142345833},"bob":{"code":"BOB","alphaCode":"BOB","numericCode":"068","name":"Bolivian Boliviano","rate":2.1162336228436,"date":"Sun, 27 Jun 2021 23:55:01 GMT","inverseRate":0.47253762023508},"gyd":{"code":"GYD","alphaCode":"GYD","numericCode":"328","name":"Guyanese dollar","rate":64.126385720213,"date":"Sun, 27 Jun 2021 23:55:01 GMT","inverseRate":0.015594204924679},"rwf":{"code":"RWF","alphaCode":"RWF","numericCode":"646","name":"Rwandan franc","rate":308.74342468799,"date":"Sun, 27 Jun 2021 23:55:01 GMT","inverseRate":0.0032389353749333},"mzn":{"code":"MZN","alphaCode":"MZN","numericCode":"943","name":"Mozambican metical","rate":19.569343332497,"date":"Sun, 27 Jun 2021 23:55:01 GMT","inverseRate":0.051100334998946},"vuv":{"code":"VUV","alphaCode":"VUV","numericCode":"548","name":"Vanuatu vatu","rate":33.732414217943,"date":"Sun, 27 Jun 2021 23:55:01 GMT","inverseRate":0.029645076499389},"idr":{"code":"IDR","alphaCode":"IDR","numericCode":"360","name":"Indonesian Rupiah","rate":4446.7937666248,"date":"Sun, 27 Jun 2021 23:55:01 GMT","inverseRate":0.00022488112839985},"tnd":{"code":"TND","alphaCode":"TND","numericCode":"788","name":"Tunisian Dinar","rate":0.84206775581814,"date":"Sun, 27 Jun 2021 23:55:01 GMT","inverseRate":1.1875528935655},"xof":{"code":"XOF","alphaCode":"XOF","numericCode":"952","name":"West African CFA Franc","rate":169.25973690968,"date":"Sun, 27 Jun 2021 23:55:01 GMT","inverseRate":0.0059080796074593},"tjs":{"code":"TJS","alphaCode":"TJS","numericCode":"972","name":"Tajikistan Ruble","rate":3.4818283122228,"date":"Sun, 27 Jun 2021 23:55:01 GMT","inverseRate":0.28720543068983},"afn":{"code":"AFN","alphaCode":"AFN","numericCode":"971","name":"Afghan afghani","rate":24.285872345611,"date":"Sun, 27 Jun 2021 23:55:01 GMT","inverseRate":0.041176202599151},"nad":{"code":"NAD","alphaCode":"NAD","numericCode":"516","name":"Namibian dollar","rate":4.3650732029679,"date":"Sun, 27 Jun 2021 23:55:01 GMT","inverseRate":0.22909123249527},"syp":{"code":"SYP","alphaCode":"SYP","numericCode":"760","name":"Syrian pound","rate":774.94599596687,"date":"Sun, 27 Jun 2021 23:55:01 GMT","inverseRate":0.0012904124999734},"top":{"code":"TOP","alphaCode":"TOP","numericCode":"776","name":"Tongan pa\u02bbanga","rate":0.68021475449139,"date":"Sun, 27 Jun 2021 23:55:01 GMT","inverseRate":1.4701239474697},"kwd":{"code":"KWD","alphaCode":"KWD","numericCode":"414","name":"Kuwaiti Dinar","rate":0.092614243528347,"date":"Sun, 27 Jun 2021 23:55:01 GMT","inverseRate":10.797475225222},"czk":{"code":"CZK","alphaCode":"CZK","numericCode":"203","name":"Czech Koruna","rate":6.5673137139318,"date":"Sun, 27 Jun 2021 23:55:01 GMT","inverseRate":0.15226926009011},"pgk":{"code":"PGK","alphaCode":"PGK","numericCode":"598","name":"Papua New Guinean kina","rate":1.0807256361594,"date":"Sun, 27 Jun 2021 23:55:01 GMT","inverseRate":0.92530422758707},"uah":{"code":"UAH","alphaCode":"UAH","numericCode":"980","name":"Ukrainian Hryvnia","rate":8.4358942161007,"date":"Sun, 27 Jun 2021 23:55:01 GMT","inverseRate":0.11854107867918},"etb":{"code":"ETB","alphaCode":"ETB","numericCode":"230","name":"Ethiopian birr","rate":13.438369872257,"date":"Sun, 27 Jun 2021 23:55:01 GMT","inverseRate":0.07441378749847},"xcd":{"code":"XCD","alphaCode":"XCD","numericCode":"951","name":"East Caribbean Dollar","rate":0.83196320780872,"date":"Sun, 27 Jun 2021 23:55:01 GMT","inverseRate":1.2019762299752},"lak":{"code":"LAK","alphaCode":"LAK","numericCode":"418","name":"Lao kip","rate":2913.3308119056,"date":"Sun, 27 Jun 2021 23:55:01 GMT","inverseRate":0.00034324972499293},"bwp":{"code":"BWP","alphaCode":"BWP","numericCode":"072","name":"Botswana Pula","rate":3.3374073900384,"date":"Sun, 27 Jun 2021 23:55:01 GMT","inverseRate":0.29963378249381},"nok":{"code":"NOK","alphaCode":"NOK","numericCode":"578","name":"Norwegian Krone","rate":2.6125485023295,"date":"Sun, 27 Jun 2021 23:55:01 GMT","inverseRate":0.38276801334343},"mad":{"code":"MAD","alphaCode":"MAD","numericCode":"504","name":"Moroccan Dirham","rate":2.7201497283271,"date":"Sun, 27 Jun 2021 23:55:01 GMT","inverseRate":0.36762682200402},"ron":{"code":"RON","alphaCode":"RON","numericCode":"946","name":"Romanian New Leu","rate":1.2695580644847,"date":"Sun, 27 Jun 2021 23:55:01 GMT","inverseRate":0.78767567075073},"byn":{"code":"BYN","alphaCode":"BYN","numericCode":"933","name":"Belarussian Ruble","rate":0.77791340766262,"date":"Sun, 27 Jun 2021 23:55:01 GMT","inverseRate":1.285490120301},"rsd":{"code":"RSD","alphaCode":"RSD","numericCode":"941","name":"Serbian Dinar","rate":29.721897212122,"date":"Sun, 27 Jun 2021 23:55:01 GMT","inverseRate":0.033645227720932},"gmd":{"code":"GMD","alphaCode":"GMD","numericCode":"270","name":"Gambian dalasi","rate":15.945390863517,"date":"Sun, 27 Jun 2021 23:55:01 GMT","inverseRate":0.062714047498705},"awg":{"code":"AWG","alphaCode":"AWG","numericCode":"533","name":"Aruban florin","rate":0.55575587777315,"date":"Sun, 27 Jun 2021 23:55:01 GMT","inverseRate":1.7993511899629},"aoa":{"code":"AOA","alphaCode":"AOA","numericCode":"973","name":"Angolan kwanza","rate":200.41706792247,"date":"Sun, 27 Jun 2021 23:55:01 GMT","inverseRate":0.0049895949998971},"khr":{"code":"KHR","alphaCode":"KHR","numericCode":"116","name":"Cambodian riel","rate":1251.2583357916,"date":"Sun, 27 Jun 2021 23:55:01 GMT","inverseRate":0.00079919547498349},"scr":{"code":"SCR","alphaCode":"SCR","numericCode":"690","name":"Seychelles rupee","rate":4.6018170781883,"date":"Sun, 27 Jun 2021 23:55:01 GMT","inverseRate":0.21730546499551},"bhd":{"code":"BHD","alphaCode":"BHD","numericCode":"048","name":"Bahrain Dinar","rate":0.11588405083461,"date":"Sun, 27 Jun 2021 23:55:01 GMT","inverseRate":8.6293151887418},"omr":{"code":"OMR","alphaCode":"OMR","numericCode":"512","name":"Omani Rial","rate":0.11843875390296,"date":"Sun, 27 Jun 2021 23:55:01 GMT","inverseRate":8.4431823794712},"rub":{"code":"RUB","alphaCode":"RUB","numericCode":"643","name":"Russian Rouble","rate":22.222464444454,"date":"Sun, 27 Jun 2021 23:55:01 GMT","inverseRate":0.044999509505327},"lyd":{"code":"LYD","alphaCode":"LYD","numericCode":"434","name":"Libyan Dinar","rate":1.3705345337806,"date":"Sun, 27 Jun 2021 23:55:01 GMT","inverseRate":0.72964232228541},"clp":{"code":"CLP","alphaCode":"CLP","numericCode":"152","name":"Chilean Peso","rate":225.97373884461,"date":"Sun, 27 Jun 2021 23:55:01 GMT","inverseRate":0.0044252929792326},"bsd":{"code":"BSD","alphaCode":"BSD","numericCode":"044","name":"Bahamian Dollar","rate":0.30688499761084,"date":"Sun, 27 Jun 2021 23:55:01 GMT","inverseRate":3.2585496449328},"djf":{"code":"DJF","alphaCode":"DJF","numericCode":"262","name":"Djiboutian franc","rate":54.658343628641,"date":"Sun, 27 Jun 2021 23:55:01 GMT","inverseRate":0.018295468424623},"hnl":{"code":"HNL","alphaCode":"HNL","numericCode":"340","name":"Honduran Lempira","rate":7.3570822401919,"date":"Sun, 27 Jun 2021 23:55:01 GMT","inverseRate":0.1359234499972},"tzs":{"code":"TZS","alphaCode":"TZS","numericCode":"834","name":"Tanzanian shilling","rate":711.83036984099,"date":"Sun, 27 Jun 2021 23:55:01 GMT","inverseRate":0.001404829074971},"bbd":{"code":"BBD","alphaCode":"BBD","numericCode":"052","name":"Barbadian Dollar","rate":0.61623619128119,"date":"Sun, 27 Jun 2021 23:55:01 GMT","inverseRate":1.6227544148631},"bdt":{"code":"BDT","alphaCode":"BDT","numericCode":"050","name":"Bangladeshi taka","rate":26.050843720858,"date":"Sun, 27 Jun 2021 23:55:01 GMT","inverseRate":0.038386472649995},"qar":{"code":"QAR","alphaCode":"QAR","numericCode":"634","name":"Qatari Rial","rate":1.1263665911794,"date":"Sun, 27 Jun 2021 23:55:01 GMT","inverseRate":0.88781042320591},"mxn":{"code":"MXN","alphaCode":"MXN","numericCode":"484","name":"Mexican Peso","rate":6.0956940565017,"date":"Sun, 27 Jun 2021 23:55:01 GMT","inverseRate":0.16405022803488},"amd":{"code":"AMD","alphaCode":"AMD","numericCode":"051","name":"Armenia Dram","rate":159.40827914205,"date":"Sun, 27 Jun 2021 23:55:01 GMT","inverseRate":0.0062731998951505},"uyu":{"code":"UYU","alphaCode":"UYU","numericCode":"858","name":"Uruguayan Peso","rate":13.402244853663,"date":"Sun, 27 Jun 2021 23:55:01 GMT","inverseRate":0.07461436579609},"fjd":{"code":"FJD","alphaCode":"FJD","numericCode":"242","name":"Fiji Dollar","rate":0.63329828055044,"date":"Sun, 27 Jun 2021 23:55:01 GMT","inverseRate":1.5790347624674},"cdf":{"code":"CDF","alphaCode":"CDF","numericCode":"976","name":"Congolese franc","rate":610.51417749491,"date":"Sun, 27 Jun 2021 23:55:01 GMT","inverseRate":0.0016379635999662},"lsl":{"code":"LSL","alphaCode":"LSL","numericCode":"426","name":"Lesotho loti","rate":4.36671297502,"date":"Sun, 27 Jun 2021 23:55:01 GMT","inverseRate":0.22900520499528},"mnt":{"code":"MNT","alphaCode":"MNT","numericCode":"496","name":"Mongolian togrog","rate":875.3155074927,"date":"Sun, 27 Jun 2021 23:55:01 GMT","inverseRate":0.0011424451999765},"brl":{"code":"BRL","alphaCode":"BRL","numericCode":"986","name":"Brazilian Real","rate":1.5389617333591,"date":"Sun, 27 Jun 2021 23:55:01 GMT","inverseRate":0.64978873634324},"hkd":{"code":"HKD","alphaCode":"HKD","numericCode":"344","name":"Hong Kong Dollar","rate":2.3900609367422,"date":"Sun, 27 Jun 2021 23:55:01 GMT","inverseRate":0.41839937410259},"thb":{"code":"THB","alphaCode":"THB","numericCode":"764","name":"Thai Baht","rate":9.7313042355172,"date":"Sun, 27 Jun 2021 23:55:01 GMT","inverseRate":0.10276114853651},"xaf":{"code":"XAF","alphaCode":"XAF","numericCode":"950","name":"Central African CFA Franc","rate":169.40323201157,"date":"Sun, 27 Jun 2021 23:55:01 GMT","inverseRate":0.0059030750955902},"mdl":{"code":"MDL","alphaCode":"MDL","numericCode":"498","name":"Moldova Lei","rate":5.5400021391862,"date":"Sun, 27 Jun 2021 23:55:01 GMT","inverseRate":0.18050534546308},"nio":{"code":"NIO","alphaCode":"NIO","numericCode":"558","name":"Nicaraguan C\u00f3rdoba","rate":10.769981918024,"date":"Sun, 27 Jun 2021 23:55:01 GMT","inverseRate":0.092850666566714},"lrd":{"code":"LRD","alphaCode":"LRD","numericCode":"430","name":"Liberian dollar","rate":52.598144522641,"date":"Sun, 27 Jun 2021 23:55:01 GMT","inverseRate":0.019012077499607},"sdg":{"code":"SDG","alphaCode":"SDG","numericCode":"938","name":"Sudanese pound","rate":135.16499929655,"date":"Sun, 27 Jun 2021 23:55:01 GMT","inverseRate":0.0073983649998475},"mru":{"code":"MRU","alphaCode":"MRU","numericCode":"929","name":"Mauritanian ouguiya","rate":11.091784293419,"date":"Sun, 27 Jun 2021 23:55:01 GMT","inverseRate":0.090156819998143},"dkk":{"code":"DKK","alphaCode":"DKK","numericCode":"208","name":"Danish Krone","rate":1.9166016556286,"date":"Sun, 27 Jun 2021 23:55:01 GMT","inverseRate":0.52175682780155},"jod":{"code":"JOD","alphaCode":"JOD","numericCode":"400","name":"Jordanian Dinar","rate":0.21816759077881,"date":"Sun, 27 Jun 2021 23:55:01 GMT","inverseRate":4.5836322270884},"bgn":{"code":"BGN","alphaCode":"BGN","numericCode":"975","name":"Bulgarian Lev","rate":0.50408740534465,"date":"Sun, 27 Jun 2021 23:55:01 GMT","inverseRate":1.9837829499356},"vnd":{"code":"VND","alphaCode":"VND","numericCode":"704","name":"Vietnamese Dong","rate":7082.695460987,"date":"Sun, 27 Jun 2021 23:55:01 GMT","inverseRate":0.00014118918503672},"uzs":{"code":"UZS","alphaCode":"UZS","numericCode":"860","name":"Uzbekistan Sum","rate":3246.5615521721,"date":"Sun, 27 Jun 2021 23:55:01 GMT","inverseRate":0.00030801818598848},"pab":{"code":"PAB","alphaCode":"PAB","numericCode":"590","name":"Panamanian Balboa","rate":0.30688499761084,"date":"Sun, 27 Jun 2021 23:55:01 GMT","inverseRate":3.2585496449328},"ttd":{"code":"TTD","alphaCode":"TTD","numericCode":"780","name":"Trinidad Tobago Dollar","rate":2.0869281758533,"date":"Sun, 27 Jun 2021 23:55:01 GMT","inverseRate":0.47917317499013},"htg":{"code":"HTG","alphaCode":"HTG","numericCode":"332","name":"Haitian gourde","rate":28.84414377048,"date":"Sun, 27 Jun 2021 23:55:01 GMT","inverseRate":0.034669082499285},"cup":{"code":"CUP","alphaCode":"CUP","numericCode":"192","name":"Cuban peso","rate":0.30688499761084,"date":"Sun, 27 Jun 2021 23:55:01 GMT","inverseRate":3.2585496449328}}