{"usd":{"code":"USD","alphaCode":"USD","numericCode":"840","name":"U.S. Dollar","rate":0.013479374261015,"date":"Sun, 27 Jun 2021 23:55:01 GMT","inverseRate":74.187420026774},"eur":{"code":"EUR","alphaCode":"EUR","numericCode":"978","name":"Euro","rate":0.011284240729363,"date":"Sun, 27 Jun 2021 23:55:01 GMT","inverseRate":88.619165789142},"gbp":{"code":"GBP","alphaCode":"GBP","numericCode":"826","name":"U.K. Pound Sterling","rate":0.0096927817516024,"date":"Sun, 27 Jun 2021 23:55:01 GMT","inverseRate":103.16955706082},"jpy":{"code":"JPY","alphaCode":"JPY","numericCode":"392","name":"Japanese Yen","rate":1.4926094170011,"date":"Sun, 27 Jun 2021 23:55:01 GMT","inverseRate":0.66996763427177},"aud":{"code":"AUD","alphaCode":"AUD","numericCode":"036","name":"Australian Dollar","rate":0.017743098698769,"date":"Sun, 27 Jun 2021 23:55:01 GMT","inverseRate":56.359941235595},"chf":{"code":"CHF","alphaCode":"CHF","numericCode":"756","name":"Swiss Franc","rate":0.012360784785932,"date":"Sun, 27 Jun 2021 23:55:01 GMT","inverseRate":80.90101213785},"cad":{"code":"CAD","alphaCode":"CAD","numericCode":"124","name":"Canadian Dollar","rate":0.016579553642432,"date":"Sun, 27 Jun 2021 23:55:01 GMT","inverseRate":60.315254654428},"lkr":{"code":"LKR","alphaCode":"LKR","numericCode":"144","name":"Sri Lanka Rupee","rate":2.6783686989204,"date":"Sun, 27 Jun 2021 23:55:01 GMT","inverseRate":0.37336159148033},"pln":{"code":"PLN","alphaCode":"PLN","numericCode":"985","name":"Polish Zloty","rate":0.050895177598659,"date":"Sun, 27 Jun 2021 23:55:01 GMT","inverseRate":19.648226947662},"pen":{"code":"PEN","alphaCode":"PEN","numericCode":"604","name":"Peruvian Nuevo Sol","rate":0.053650620505735,"date":"Sun, 27 Jun 2021 23:55:01 GMT","inverseRate":18.639113407703},"iqd":{"code":"IQD","alphaCode":"IQD","numericCode":"368","name":"Iraqi dinar","rate":19.627397088335,"date":"Sun, 27 Jun 2021 23:55:01 GMT","inverseRate":0.050949190842749},"svc":{"code":"SVC","alphaCode":"SVC","numericCode":"222","name":"Salvadoran colon","rate":0.11764922519747,"date":"Sun, 27 Jun 2021 23:55:01 GMT","inverseRate":8.4998434823649},"cve":{"code":"CVE","alphaCode":"CVE","numericCode":"132","name":"Cape Verde escudo","rate":1.2563775283433,"date":"Sun, 27 Jun 2021 23:55:01 GMT","inverseRate":0.79593910066078},"zmw":{"code":"ZMW","alphaCode":"ZMW","numericCode":"967","name":"Zambian kwacha","rate":0.30359958172975,"date":"Sun, 27 Jun 2021 23:55:01 GMT","inverseRate":3.2938121795245},"yer":{"code":"YER","alphaCode":"YER","numericCode":"886","name":"Yemeni rial","rate":3.3800511424143,"date":"Sun, 27 Jun 2021 23:55:01 GMT","inverseRate":0.2958535116382},"dop":{"code":"DOP","alphaCode":"DOP","numericCode":"214","name":"Dominican Peso","rate":0.76527786071549,"date":"Sun, 27 Jun 2021 23:55:01 GMT","inverseRate":1.3067149219044},"nzd":{"code":"NZD","alphaCode":"NZD","numericCode":"554","name":"New Zealand Dollar","rate":0.019044146907935,"date":"Sun, 27 Jun 2021 23:55:01 GMT","inverseRate":52.509571829826},"hrk":{"code":"HRK","alphaCode":"HRK","numericCode":"191","name":"Croatian Kuna","rate":0.084576659955009,"date":"Sun, 27 Jun 2021 23:55:01 GMT","inverseRate":11.823592945524},"dzd":{"code":"DZD","alphaCode":"DZD","numericCode":"012","name":"Algerian Dinar","rate":1.7949786878026,"date":"Sun, 27 Jun 2021 23:55:01 GMT","inverseRate":0.55710967868047},"ars":{"code":"ARS","alphaCode":"ARS","numericCode":"032","name":"Argentine Peso","rate":1.2852273225441,"date":"Sun, 27 Jun 2021 23:55:01 GMT","inverseRate":0.77807247205146},"stn":{"code":"STN","alphaCode":"STN","numericCode":"930","name":"S\u00e3o Tom\u00e9 and Pr\u00edncipe Dobra","rate":0.2791184305974,"date":"Sun, 27 Jun 2021 23:55:01 GMT","inverseRate":3.5827085938385},"xpf":{"code":"XPF","alphaCode":"XPF","numericCode":"953","name":"CFP Franc","rate":1.3445892212009,"date":"Sun, 27 Jun 2021 23:55:01 GMT","inverseRate":0.74372156509395},"all":{"code":"ALL","alphaCode":"ALL","numericCode":"008","name":"Albanian lek","rate":1.3804848177625,"date":"Sun, 27 Jun 2021 23:55:01 GMT","inverseRate":0.72438319287047},"mur":{"code":"MUR","alphaCode":"MUR","numericCode":"480","name":"Mauritian Rupee","rate":0.5518794999773,"date":"Sun, 27 Jun 2021 23:55:01 GMT","inverseRate":1.8119897550845},"sos":{"code":"SOS","alphaCode":"SOS","numericCode":"706","name":"Somali shilling","rate":7.7743758438362,"date":"Sun, 27 Jun 2021 23:55:01 GMT","inverseRate":0.12862768923023},"ang":{"code":"ANG","alphaCode":"ANG","numericCode":"532","name":"Neth. Antillean Guilder","rate":0.023971817349789,"date":"Sun, 27 Jun 2021 23:55:01 GMT","inverseRate":41.715652401665},"pkr":{"code":"PKR","alphaCode":"PKR","numericCode":"586","name":"Pakistani Rupee","rate":2.0845740272852,"date":"Sun, 27 Jun 2021 23:55:01 GMT","inverseRate":0.47971431424881},"krw":{"code":"KRW","alphaCode":"KRW","numericCode":"410","name":"South Korean Won","rate":15.193989929169,"date":"Sun, 27 Jun 2021 23:55:01 GMT","inverseRate":0.065815497092061},"azn":{"code":"AZN","alphaCode":"AZN","numericCode":"944","name":"Azerbaijan Manat","rate":0.022848745277712,"date":"Sun, 27 Jun 2021 23:55:01 GMT","inverseRate":43.766079399356},"pyg":{"code":"PYG","alphaCode":"PYG","numericCode":"600","name":"Paraguayan Guaran\u00ed","rate":91.370834613664,"date":"Sun, 27 Jun 2021 23:55:01 GMT","inverseRate":0.010944411356515},"bnd":{"code":"BND","alphaCode":"BND","numericCode":"096","name":"Brunei Dollar","rate":0.018089906818084,"date":"Sun, 27 Jun 2021 23:55:01 GMT","inverseRate":55.279444502187},"kmf":{"code":"KMF","alphaCode":"KMF","numericCode":"174","name":"\tComoro franc","rate":5.5707565029458,"date":"Sun, 27 Jun 2021 23:55:01 GMT","inverseRate":0.17950883322062},"szl":{"code":"SZL","alphaCode":"SZL","numericCode":"748","name":"Swazi lilangeni","rate":0.19107506533198,"date":"Sun, 27 Jun 2021 23:55:01 GMT","inverseRate":5.2335452470607},"wst":{"code":"WST","alphaCode":"WST","numericCode":"882","name":"Samoan tala","rate":0.034165910090583,"date":"Sun, 27 Jun 2021 23:55:01 GMT","inverseRate":29.268940805286},"egp":{"code":"EGP","alphaCode":"EGP","numericCode":"818","name":"Egyptian Pound","rate":0.21131398904123,"date":"Sun, 27 Jun 2021 23:55:01 GMT","inverseRate":4.7322943669616},"sgd":{"code":"SGD","alphaCode":"SGD","numericCode":"702","name":"Singapore Dollar","rate":0.01808706876056,"date":"Sun, 27 Jun 2021 23:55:01 GMT","inverseRate":55.288118447394},"zar":{"code":"ZAR","alphaCode":"ZAR","numericCode":"710","name":"South African Rand","rate":0.19002777065691,"date":"Sun, 27 Jun 2021 23:55:01 GMT","inverseRate":5.2623887368834},"kgs":{"code":"KGS","alphaCode":"KGS","numericCode":"417","name":"Kyrgyzstan Som","rate":1.1266072179852,"date":"Sun, 27 Jun 2021 23:55:01 GMT","inverseRate":0.88762079989896},"crc":{"code":"CRC","alphaCode":"CRC","numericCode":"188","name":"Costa Rican Col\u00f3n","rate":8.3253551622593,"date":"Sun, 27 Jun 2021 23:55:01 GMT","inverseRate":0.12011499575817},"jmd":{"code":"JMD","alphaCode":"JMD","numericCode":"388","name":"Jamaican Dollar","rate":2.0111972291662,"date":"Sun, 27 Jun 2021 23:55:01 GMT","inverseRate":0.49721627769672},"ssp":{"code":"SSP","alphaCode":"SSP","numericCode":"728","name":"South Sudanese pound","rate":2.3904580427467,"date":"Sun, 27 Jun 2021 23:55:01 GMT","inverseRate":0.41832986905345},"ern":{"code":"ERN","alphaCode":"ERN","numericCode":"232","name":"Eritrean nakfa","rate":0.20264153682958,"date":"Sun, 27 Jun 2021 23:55:01 GMT","inverseRate":4.9348224240966},"bam":{"code":"BAM","alphaCode":"BAM","numericCode":"977","name":"Bosnia and Herzegovina convertible mark","rate":0.022251843222944,"date":"Sun, 27 Jun 2021 23:55:01 GMT","inverseRate":44.940097320517},"try":{"code":"TRY","alphaCode":"TRY","numericCode":"949","name":"Turkish Lira","rate":0.11742069567429,"date":"Sun, 27 Jun 2021 23:55:01 GMT","inverseRate":8.5163862661301},"twd":{"code":"TWD","alphaCode":"TWD","numericCode":"901","name":"New Taiwan Dollar ","rate":0.37605254624115,"date":"Sun, 27 Jun 2021 23:55:01 GMT","inverseRate":2.6592028427823},"tmt":{"code":"TMT","alphaCode":"TMT","numericCode":"934","name":"New Turkmenistan Manat","rate":0.047055983678823,"date":"Sun, 27 Jun 2021 23:55:01 GMT","inverseRate":21.251282447423},"mga":{"code":"MGA","alphaCode":"MGA","numericCode":"969","name":"Malagasy ariary","rate":50.883289897907,"date":"Sun, 27 Jun 2021 23:55:01 GMT","inverseRate":0.019652817300265},"srd":{"code":"SRD","alphaCode":"SRD","numericCode":"968","name":"Surinamese dollar","rate":0.27973221494176,"date":"Sun, 27 Jun 2021 23:55:01 GMT","inverseRate":3.5748474669183},"ghs":{"code":"GHS","alphaCode":"GHS","numericCode":"936","name":"Ghanaian Cedi","rate":0.078354311515102,"date":"Sun, 27 Jun 2021 23:55:01 GMT","inverseRate":12.762539554792},"mop":{"code":"MOP","alphaCode":"MOP","numericCode":"446","name":"Macanese pataca","rate":0.1075756657461,"date":"Sun, 27 Jun 2021 23:55:01 GMT","inverseRate":9.2957825830256},"lbp":{"code":"LBP","alphaCode":"LBP","numericCode":"422","name":"Lebanese Pound","rate":20.297748648216,"date":"Sun, 27 Jun 2021 23:55:01 GMT","inverseRate":0.049266547602454},"huf":{"code":"HUF","alphaCode":"HUF","numericCode":"348","name":"Hungarian Forint","rate":3.9663686855965,"date":"Sun, 27 Jun 2021 23:55:01 GMT","inverseRate":0.25211977989626},"ngn":{"code":"NGN","alphaCode":"NGN","numericCode":"566","name":"Nigerian Naira","rate":5.5255423511874,"date":"Sun, 27 Jun 2021 23:55:01 GMT","inverseRate":0.18097770977814},"irr":{"code":"IRR","alphaCode":"IRR","numericCode":"364","name":"Iranian rial","rate":564.73056203767,"date":"Sun, 27 Jun 2021 23:55:01 GMT","inverseRate":0.001770755944909},"ves":{"code":"VES","alphaCode":"VES","numericCode":"928","name":"Venezuelan Bolivar","rate":42759.067141097,"date":"Sun, 27 Jun 2021 23:55:01 GMT","inverseRate":2.3386852587316e-5},"sbd":{"code":"SBD","alphaCode":"SBD","numericCode":"090","name":"Solomon Islands dollar","rate":0.10959140619838,"date":"Sun, 27 Jun 2021 23:55:01 GMT","inverseRate":9.1248030725133},"mwk":{"code":"MWK","alphaCode":"MWK","numericCode":"454","name":"Malawian kwacha","rate":10.826231893171,"date":"Sun, 27 Jun 2021 23:55:01 GMT","inverseRate":0.092368241311249},"gtq":{"code":"GTQ","alphaCode":"GTQ","numericCode":"320","name":"Guatemalan Quetzal","rate":0.10394951970972,"date":"Sun, 27 Jun 2021 23:55:01 GMT","inverseRate":9.6200540684801},"sek":{"code":"SEK","alphaCode":"SEK","numericCode":"752","name":"Swedish Krona","rate":0.11412304000486,"date":"Sun, 27 Jun 2021 23:55:01 GMT","inverseRate":8.7624725029879},"npr":{"code":"NPR","alphaCode":"NPR","numericCode":"524","name":"Nepalese Rupee","rate":1.5983290651787,"date":"Sun, 27 Jun 2021 23:55:01 GMT","inverseRate":0.62565339127348},"isk":{"code":"ISK","alphaCode":"ISK","numericCode":"352","name":"Icelandic Krona","rate":1.6588251169132,"date":"Sun, 27 Jun 2021 23:55:01 GMT","inverseRate":0.60283630251563},"gip":{"code":"GIP","alphaCode":"GIP","numericCode":"292","name":"Gibraltar pound","rate":0.0096483223190969,"date":"Sun, 27 Jun 2021 23:55:01 GMT","inverseRate":103.64496198688},"gel":{"code":"GEL","alphaCode":"GEL","numericCode":"981","name":"Georgian lari","rate":0.043660247120306,"date":"Sun, 27 Jun 2021 23:55:01 GMT","inverseRate":22.904130552548},"mkd":{"code":"MKD","alphaCode":"MKD","numericCode":"807","name":"Macedonian denar","rate":0.69609688223897,"date":"Sun, 27 Jun 2021 23:55:01 GMT","inverseRate":1.4365816390149},"bif":{"code":"BIF","alphaCode":"BIF","numericCode":"108","name":"Burundian franc","rate":26.598687871357,"date":"Sun, 27 Jun 2021 23:55:01 GMT","inverseRate":0.037595839495409},"mmk":{"code":"MMK","alphaCode":"MMK","numericCode":"104","name":"Myanma Kyat","rate":22.123169520828,"date":"Sun, 27 Jun 2021 23:55:01 GMT","inverseRate":0.045201479790612},"mvr":{"code":"MVR","alphaCode":"MVR","numericCode":"462","name":"Maldivian rufiyaa","rate":0.20777170231893,"date":"Sun, 27 Jun 2021 23:55:01 GMT","inverseRate":4.8129749568352},"kes":{"code":"KES","alphaCode":"KES","numericCode":"404","name":"Kenyan shilling","rate":1.4480986367439,"date":"Sun, 27 Jun 2021 23:55:01 GMT","inverseRate":0.69056069429671},"aed":{"code":"AED","alphaCode":"AED","numericCode":"784","name":"U.A.E Dirham","rate":0.049415118371295,"date":"Sun, 27 Jun 2021 23:55:01 GMT","inverseRate":20.236721735365},"php":{"code":"PHP","alphaCode":"PHP","numericCode":"608","name":"Philippine Peso","rate":0.65377666257035,"date":"Sun, 27 Jun 2021 23:55:01 GMT","inverseRate":1.5295743290506},"ils":{"code":"ILS","alphaCode":"ILS","numericCode":"376","name":"Israeli New Sheqel","rate":0.043773622216019,"date":"Sun, 27 Jun 2021 23:55:01 GMT","inverseRate":22.844808114464},"mro":{"code":"MRO","alphaCode":"MRO","numericCode":"478","name":"Mauritanian Ouguiya","rate":0.48808830657468,"date":"Sun, 27 Jun 2021 23:55:01 GMT","inverseRate":2.0488095832859},"cop":{"code":"COP","alphaCode":"COP","numericCode":"170","name":"Colombian Peso","rate":50.680848236779,"date":"Sun, 27 Jun 2021 23:55:01 GMT","inverseRate":0.019731319320625},"bzd":{"code":"BZD","alphaCode":"BZD","numericCode":"084","name":"Belize dollar","rate":0.027091518420779,"date":"Sun, 27 Jun 2021 23:55:01 GMT","inverseRate":36.911921453358},"gnf":{"code":"GNF","alphaCode":"GNF","numericCode":"324","name":"Guinean franc","rate":131.82199455416,"date":"Sun, 27 Jun 2021 23:55:01 GMT","inverseRate":0.0075859874779026},"sll":{"code":"SLL","alphaCode":"SLL","numericCode":"694","name":"Sierra Leonean leone","rate":137.89509457427,"date":"Sun, 27 Jun 2021 23:55:01 GMT","inverseRate":0.0072518895837981},"ugx":{"code":"UGX","alphaCode":"UGX","numericCode":"800","name":"Ugandan shilling","rate":48.048432387068,"date":"Sun, 27 Jun 2021 23:55:01 GMT","inverseRate":0.020812333520982},"cny":{"code":"CNY","alphaCode":"CNY","numericCode":"156","name":"Chinese Yuan","rate":0.087018529392266,"date":"Sun, 27 Jun 2021 23:55:01 GMT","inverseRate":11.491805331393},"sar":{"code":"SAR","alphaCode":"SAR","numericCode":"682","name":"Saudi Riyal","rate":0.050546210717873,"date":"Sun, 27 Jun 2021 23:55:01 GMT","inverseRate":19.783876690214},"myr":{"code":"MYR","alphaCode":"MYR","numericCode":"458","name":"Malaysian Ringgit","rate":0.055855042619597,"date":"Sun, 27 Jun 2021 23:55:01 GMT","inverseRate":17.903486473201},"kzt":{"code":"KZT","alphaCode":"KZT","numericCode":"398","name":"Kazakhstani Tenge","rate":5.745765571175,"date":"Sun, 27 Jun 2021 23:55:01 GMT","inverseRate":0.17404121132556},"bob":{"code":"BOB","alphaCode":"BOB","numericCode":"068","name":"Bolivian Boliviano","rate":0.092635211127194,"date":"Sun, 27 Jun 2021 23:55:01 GMT","inverseRate":10.795031261136},"gyd":{"code":"GYD","alphaCode":"GYD","numericCode":"328","name":"Guyanese dollar","rate":2.8070441825953,"date":"Sun, 27 Jun 2021 23:55:01 GMT","inverseRate":0.35624661920192},"rwf":{"code":"RWF","alphaCode":"RWF","numericCode":"646","name":"Rwandan franc","rate":13.514818033972,"date":"Sun, 27 Jun 2021 23:55:01 GMT","inverseRate":0.073992857135502},"mzn":{"code":"MZN","alphaCode":"MZN","numericCode":"943","name":"Mozambican metical","rate":0.8566210420523,"date":"Sun, 27 Jun 2021 23:55:01 GMT","inverseRate":1.1673773476358},"vuv":{"code":"VUV","alphaCode":"VUV","numericCode":"548","name":"Vanuatu vatu","rate":1.4765899564105,"date":"Sun, 27 Jun 2021 23:55:01 GMT","inverseRate":0.67723608416717},"idr":{"code":"IDR","alphaCode":"IDR","numericCode":"360","name":"Indonesian Rupiah","rate":194.65227041278,"date":"Sun, 27 Jun 2021 23:55:01 GMT","inverseRate":0.0051373662268588},"tnd":{"code":"TND","alphaCode":"TND","numericCode":"788","name":"Tunisian Dinar","rate":0.036860355823474,"date":"Sun, 27 Jun 2021 23:55:01 GMT","inverseRate":27.12941797928},"xof":{"code":"XOF","alphaCode":"XOF","numericCode":"952","name":"West African CFA Franc","rate":7.409111779867,"date":"Sun, 27 Jun 2021 23:55:01 GMT","inverseRate":0.13496894495739},"tjs":{"code":"TJS","alphaCode":"TJS","numericCode":"972","name":"Tajikistan Ruble","rate":0.15241223716028,"date":"Sun, 27 Jun 2021 23:55:01 GMT","inverseRate":6.5611529535412},"afn":{"code":"AFN","alphaCode":"AFN","numericCode":"971","name":"Afghan afghani","rate":1.0630806012432,"date":"Sun, 27 Jun 2021 23:55:01 GMT","inverseRate":0.9406624472599},"nad":{"code":"NAD","alphaCode":"NAD","numericCode":"516","name":"Namibian dollar","rate":0.19107506533198,"date":"Sun, 27 Jun 2021 23:55:01 GMT","inverseRate":5.2335452470607},"syp":{"code":"SYP","alphaCode":"SYP","numericCode":"760","name":"Syrian pound","rate":33.92219326527,"date":"Sun, 27 Jun 2021 23:55:01 GMT","inverseRate":0.029479225950399},"top":{"code":"TOP","alphaCode":"TOP","numericCode":"776","name":"Tongan pa\u02bbanga","rate":0.029775463688868,"date":"Sun, 27 Jun 2021 23:55:01 GMT","inverseRate":33.584699484424},"kwd":{"code":"KWD","alphaCode":"KWD","numericCode":"414","name":"Kuwaiti Dinar","rate":0.0040540609080322,"date":"Sun, 27 Jun 2021 23:55:01 GMT","inverseRate":246.66624964088},"czk":{"code":"CZK","alphaCode":"CZK","numericCode":"203","name":"Czech Koruna","rate":0.28747510948773,"date":"Sun, 27 Jun 2021 23:55:01 GMT","inverseRate":3.4785620284899},"pgk":{"code":"PGK","alphaCode":"PGK","numericCode":"598","name":"Papua New Guinean kina","rate":0.047307275716407,"date":"Sun, 27 Jun 2021 23:55:01 GMT","inverseRate":21.138397526729},"uah":{"code":"UAH","alphaCode":"UAH","numericCode":"980","name":"Ukrainian Hryvnia","rate":0.36926964646989,"date":"Sun, 27 Jun 2021 23:55:01 GMT","inverseRate":2.7080481961074},"etb":{"code":"ETB","alphaCode":"ETB","numericCode":"230","name":"Ethiopian birr","rate":0.58824612598732,"date":"Sun, 27 Jun 2021 23:55:01 GMT","inverseRate":1.6999686964731},"xcd":{"code":"XCD","alphaCode":"XCD","numericCode":"951","name":"East Caribbean Dollar","rate":0.036418043156246,"date":"Sun, 27 Jun 2021 23:55:01 GMT","inverseRate":27.458916331931},"lak":{"code":"LAK","alphaCode":"LAK","numericCode":"418","name":"Lao kip","rate":127.52704235064,"date":"Sun, 27 Jun 2021 23:55:01 GMT","inverseRate":0.007841474102806},"bwp":{"code":"BWP","alphaCode":"BWP","numericCode":"072","name":"Botswana Pula","rate":0.14609041027249,"date":"Sun, 27 Jun 2021 23:55:01 GMT","inverseRate":6.8450762656822},"nok":{"code":"NOK","alphaCode":"NOK","numericCode":"578","name":"Norwegian Krone","rate":0.114360711162,"date":"Sun, 27 Jun 2021 23:55:01 GMT","inverseRate":8.7442618171853},"mad":{"code":"MAD","alphaCode":"MAD","numericCode":"504","name":"Moroccan Dirham","rate":0.1190708065788,"date":"Sun, 27 Jun 2021 23:55:01 GMT","inverseRate":8.3983642064123},"ron":{"code":"RON","alphaCode":"RON","numericCode":"946","name":"Romanian New Leu","rate":0.055573155096054,"date":"Sun, 27 Jun 2021 23:55:01 GMT","inverseRate":17.994299554732},"byn":{"code":"BYN","alphaCode":"BYN","numericCode":"933","name":"Belarussian Ruble","rate":0.034052087623799,"date":"Sun, 27 Jun 2021 23:55:01 GMT","inverseRate":29.366775131317},"rsd":{"code":"RSD","alphaCode":"RSD","numericCode":"941","name":"Serbian Dinar","rate":1.3010351001068,"date":"Sun, 27 Jun 2021 23:55:01 GMT","inverseRate":0.76861877125215},"gmd":{"code":"GMD","alphaCode":"GMD","numericCode":"270","name":"Gambian dalasi","rate":0.69798751574634,"date":"Sun, 27 Jun 2021 23:55:01 GMT","inverseRate":1.4326903811893},"awg":{"code":"AWG","alphaCode":"AWG","numericCode":"533","name":"Aruban florin","rate":0.024327447837974,"date":"Sun, 27 Jun 2021 23:55:01 GMT","inverseRate":41.105832665236},"aoa":{"code":"AOA","alphaCode":"AOA","numericCode":"973","name":"Angolan kwanza","rate":8.7729810168804,"date":"Sun, 27 Jun 2021 23:55:01 GMT","inverseRate":0.11398634034154},"khr":{"code":"KHR","alphaCode":"KHR","numericCode":"116","name":"Cambodian riel","rate":54.772109685585,"date":"Sun, 27 Jun 2021 23:55:01 GMT","inverseRate":0.018257467271946},"scr":{"code":"SCR","alphaCode":"SCR","numericCode":"690","name":"Seychelles rupee","rate":0.20143820228784,"date":"Sun, 27 Jun 2021 23:55:01 GMT","inverseRate":4.964301650047},"bhd":{"code":"BHD","alphaCode":"BHD","numericCode":"048","name":"Bahrain Dinar","rate":0.005072664662096,"date":"Sun, 27 Jun 2021 23:55:01 GMT","inverseRate":197.13504964604},"omr":{"code":"OMR","alphaCode":"OMR","numericCode":"512","name":"Omani Rial","rate":0.0051844932690842,"date":"Sun, 27 Jun 2021 23:55:01 GMT","inverseRate":192.88288133445},"rub":{"code":"RUB","alphaCode":"RUB","numericCode":"643","name":"Russian Rouble","rate":0.97275776330044,"date":"Sun, 27 Jun 2021 23:55:01 GMT","inverseRate":1.0280051598942},"lyd":{"code":"LYD","alphaCode":"LYD","numericCode":"434","name":"Libyan Dinar","rate":0.059993260915718,"date":"Sun, 27 Jun 2021 23:55:01 GMT","inverseRate":16.668538844802},"clp":{"code":"CLP","alphaCode":"CLP","numericCode":"152","name":"Chilean Peso","rate":9.8916890749254,"date":"Sun, 27 Jun 2021 23:55:01 GMT","inverseRate":0.10109496896085},"bsd":{"code":"BSD","alphaCode":"BSD","numericCode":"044","name":"Bahamian Dollar","rate":0.01343346794918,"date":"Sun, 27 Jun 2021 23:55:01 GMT","inverseRate":74.440941369946},"djf":{"code":"DJF","alphaCode":"DJF","numericCode":"262","name":"Djiboutian franc","rate":2.3925936849535,"date":"Sun, 27 Jun 2021 23:55:01 GMT","inverseRate":0.41795646552475},"hnl":{"code":"HNL","alphaCode":"HNL","numericCode":"340","name":"Honduran Lempira","rate":0.32204613859434,"date":"Sun, 27 Jun 2021 23:55:01 GMT","inverseRate":3.105145133442},"tzs":{"code":"TZS","alphaCode":"TZS","numericCode":"834","name":"Tanzanian shilling","rate":31.159393691308,"date":"Sun, 27 Jun 2021 23:55:01 GMT","inverseRate":0.032093050651334},"bbd":{"code":"BBD","alphaCode":"BBD","numericCode":"052","name":"Barbadian Dollar","rate":0.026974890232981,"date":"Sun, 27 Jun 2021 23:55:01 GMT","inverseRate":37.071513224448},"bdt":{"code":"BDT","alphaCode":"BDT","numericCode":"050","name":"Bangladeshi taka","rate":1.1403397914454,"date":"Sun, 27 Jun 2021 23:55:01 GMT","inverseRate":0.87693160188026},"qar":{"code":"QAR","alphaCode":"QAR","numericCode":"634","name":"Qatari Rial","rate":0.049305145639033,"date":"Sun, 27 Jun 2021 23:55:01 GMT","inverseRate":20.28185876016},"mxn":{"code":"MXN","alphaCode":"MXN","numericCode":"484","name":"Mexican Peso","rate":0.26683060877374,"date":"Sun, 27 Jun 2021 23:55:01 GMT","inverseRate":3.7476959805911},"amd":{"code":"AMD","alphaCode":"AMD","numericCode":"051","name":"Armenia Dram","rate":6.9778777892696,"date":"Sun, 27 Jun 2021 23:55:01 GMT","inverseRate":0.14331004786839},"uyu":{"code":"UYU","alphaCode":"UYU","numericCode":"858","name":"Uruguayan Peso","rate":0.58666480307084,"date":"Sun, 27 Jun 2021 23:55:01 GMT","inverseRate":1.7045508691941},"fjd":{"code":"FJD","alphaCode":"FJD","numericCode":"242","name":"Fiji Dollar","rate":0.027721759682869,"date":"Sun, 27 Jun 2021 23:55:01 GMT","inverseRate":36.072746154637},"cdf":{"code":"CDF","alphaCode":"CDF","numericCode":"976","name":"Congolese franc","rate":26.724416963186,"date":"Sun, 27 Jun 2021 23:55:01 GMT","inverseRate":0.037418964139706},"lsl":{"code":"LSL","alphaCode":"LSL","numericCode":"426","name":"Lesotho loti","rate":0.19114684409431,"date":"Sun, 27 Jun 2021 23:55:01 GMT","inverseRate":5.2315799653307},"mnt":{"code":"MNT","alphaCode":"MNT","numericCode":"496","name":"Mongolian togrog","rate":38.315730344808,"date":"Sun, 27 Jun 2021 23:55:01 GMT","inverseRate":0.026098941374753},"brl":{"code":"BRL","alphaCode":"BRL","numericCode":"986","name":"Brazilian Real","rate":0.067365929520969,"date":"Sun, 27 Jun 2021 23:55:01 GMT","inverseRate":14.844298996702},"hkd":{"code":"HKD","alphaCode":"HKD","numericCode":"344","name":"Hong Kong Dollar","rate":0.10462162451822,"date":"Sun, 27 Jun 2021 23:55:01 GMT","inverseRate":9.5582534165858},"thb":{"code":"THB","alphaCode":"THB","numericCode":"764","name":"Thai Baht","rate":0.42597443527467,"date":"Sun, 27 Jun 2021 23:55:01 GMT","inverseRate":2.3475587199387},"xaf":{"code":"XAF","alphaCode":"XAF","numericCode":"950","name":"Central African CFA Franc","rate":7.4153930802472,"date":"Sun, 27 Jun 2021 23:55:01 GMT","inverseRate":0.13485461784403},"mdl":{"code":"MDL","alphaCode":"MDL","numericCode":"498","name":"Moldova Lei","rate":0.24250596071667,"date":"Sun, 27 Jun 2021 23:55:01 GMT","inverseRate":4.1236099807392},"nio":{"code":"NIO","alphaCode":"NIO","numericCode":"558","name":"Nicaraguan C\u00f3rdoba","rate":0.47144111975294,"date":"Sun, 27 Jun 2021 23:55:01 GMT","inverseRate":2.1211556610167},"lrd":{"code":"LRD","alphaCode":"LRD","numericCode":"430","name":"Liberian dollar","rate":2.3024113075976,"date":"Sun, 27 Jun 2021 23:55:01 GMT","inverseRate":0.43432726233586},"sdg":{"code":"SDG","alphaCode":"SDG","numericCode":"938","name":"Sudanese pound","rate":5.9166616160355,"date":"Sun, 27 Jun 2021 23:55:01 GMT","inverseRate":0.16901422878229},"mru":{"code":"MRU","alphaCode":"MRU","numericCode":"929","name":"Mauritanian ouguiya","rate":0.48552757536169,"date":"Sun, 27 Jun 2021 23:55:01 GMT","inverseRate":2.0596152530679},"dkk":{"code":"DKK","alphaCode":"DKK","numericCode":"208","name":"Danish Krone","rate":0.083896596812084,"date":"Sun, 27 Jun 2021 23:55:01 GMT","inverseRate":11.919434613538},"jod":{"code":"JOD","alphaCode":"JOD","numericCode":"400","name":"Jordanian Dinar","rate":0.0095499856985307,"date":"Sun, 27 Jun 2021 23:55:01 GMT","inverseRate":104.71219869511},"bgn":{"code":"BGN","alphaCode":"BGN","numericCode":"975","name":"Bulgarian Lev","rate":0.02206573164541,"date":"Sun, 27 Jun 2021 23:55:01 GMT","inverseRate":45.319140832025},"vnd":{"code":"VND","alphaCode":"VND","numericCode":"704","name":"Vietnamese Dong","rate":310.03523538035,"date":"Sun, 27 Jun 2021 23:55:01 GMT","inverseRate":0.0032254398400014},"uzs":{"code":"UZS","alphaCode":"UZS","numericCode":"860","name":"Uzbekistan Sum","rate":142.11375888583,"date":"Sun, 27 Jun 2021 23:55:01 GMT","inverseRate":0.0070366163546722},"pab":{"code":"PAB","alphaCode":"PAB","numericCode":"590","name":"Panamanian Balboa","rate":0.01343346794918,"date":"Sun, 27 Jun 2021 23:55:01 GMT","inverseRate":74.440941369946},"ttd":{"code":"TTD","alphaCode":"TTD","numericCode":"780","name":"Trinidad Tobago Dollar","rate":0.091352405561768,"date":"Sun, 27 Jun 2021 23:55:01 GMT","inverseRate":10.946619236248},"htg":{"code":"HTG","alphaCode":"HTG","numericCode":"332","name":"Haitian gourde","rate":1.2626126525535,"date":"Sun, 27 Jun 2021 23:55:01 GMT","inverseRate":0.7920085372007},"cup":{"code":"CUP","alphaCode":"CUP","numericCode":"192","name":"Cuban peso","rate":0.01343346794918,"date":"Sun, 27 Jun 2021 23:55:01 GMT","inverseRate":74.440941369946}}