{"usd":{"code":"USD","alphaCode":"USD","numericCode":"840","name":"U.S. Dollar","rate":0.00068676321166529,"date":"Sun, 27 Jun 2021 23:55:01 GMT","inverseRate":1456.1059518246},"eur":{"code":"EUR","alphaCode":"EUR","numericCode":"978","name":"Euro","rate":0.00057492293443583,"date":"Sun, 27 Jun 2021 23:55:01 GMT","inverseRate":1739.3635565805},"gbp":{"code":"GBP","alphaCode":"GBP","numericCode":"826","name":"U.K. Pound Sterling","rate":0.00049383938725951,"date":"Sun, 27 Jun 2021 23:55:01 GMT","inverseRate":2024.9498638603},"jpy":{"code":"JPY","alphaCode":"JPY","numericCode":"392","name":"Japanese Yen","rate":0.076047242040474,"date":"Sun, 27 Jun 2021 23:55:01 GMT","inverseRate":13.149720794184},"aud":{"code":"AUD","alphaCode":"AUD","numericCode":"036","name":"Australian Dollar","rate":0.00090399652174532,"date":"Sun, 27 Jun 2021 23:55:01 GMT","inverseRate":1106.1989465063},"chf":{"code":"CHF","alphaCode":"CHF","numericCode":"756","name":"Swiss Franc","rate":0.00062977198302457,"date":"Sun, 27 Jun 2021 23:55:01 GMT","inverseRate":1587.8762900778},"cad":{"code":"CAD","alphaCode":"CAD","numericCode":"124","name":"Canadian Dollar","rate":0.00084471484261584,"date":"Sun, 27 Jun 2021 23:55:01 GMT","inverseRate":1183.8314535865},"lkr":{"code":"LKR","alphaCode":"LKR","numericCode":"144","name":"Sri Lanka Rupee","rate":0.13646071798854,"date":"Sun, 27 Jun 2021 23:55:01 GMT","inverseRate":7.3281162135171},"pln":{"code":"PLN","alphaCode":"PLN","numericCode":"985","name":"Polish Zloty","rate":0.0025930681164497,"date":"Sun, 27 Jun 2021 23:55:01 GMT","inverseRate":385.64355238348},"pen":{"code":"PEN","alphaCode":"PEN","numericCode":"604","name":"Peruvian Nuevo Sol","rate":0.0027334557029786,"date":"Sun, 27 Jun 2021 23:55:01 GMT","inverseRate":365.83728022749},"svc":{"code":"SVC","alphaCode":"SVC","numericCode":"222","name":"Salvadoran colon","rate":0.0059941328270875,"date":"Sun, 27 Jun 2021 23:55:01 GMT","inverseRate":166.82980321707},"cve":{"code":"CVE","alphaCode":"CVE","numericCode":"132","name":"Cape Verde escudo","rate":0.064011418462106,"date":"Sun, 27 Jun 2021 23:55:01 GMT","inverseRate":15.622212786801},"zmw":{"code":"ZMW","alphaCode":"ZMW","numericCode":"967","name":"Zambian kwacha","rate":0.015468153029328,"date":"Sun, 27 Jun 2021 23:55:01 GMT","inverseRate":64.648959581922},"yer":{"code":"YER","alphaCode":"YER","numericCode":"886","name":"Yemeni rial","rate":0.17221087071312,"date":"Sun, 27 Jun 2021 23:55:01 GMT","inverseRate":5.8068343529014},"dop":{"code":"DOP","alphaCode":"DOP","numericCode":"214","name":"Dominican Peso","rate":0.038990287773324,"date":"Sun, 27 Jun 2021 23:55:01 GMT","inverseRate":25.64741265347},"nzd":{"code":"NZD","alphaCode":"NZD","numericCode":"554","name":"New Zealand Dollar","rate":0.00097028387524975,"date":"Sun, 27 Jun 2021 23:55:01 GMT","inverseRate":1030.6262172425},"hrk":{"code":"HRK","alphaCode":"HRK","numericCode":"191","name":"Croatian Kuna","rate":0.00430911238889,"date":"Sun, 27 Jun 2021 23:55:01 GMT","inverseRate":232.06635375263},"dzd":{"code":"DZD","alphaCode":"DZD","numericCode":"012","name":"Algerian Dinar","rate":0.091452711723522,"date":"Sun, 27 Jun 2021 23:55:01 GMT","inverseRate":10.934612885216},"ars":{"code":"ARS","alphaCode":"ARS","numericCode":"032","name":"Argentine Peso","rate":0.065481292132617,"date":"Sun, 27 Jun 2021 23:55:01 GMT","inverseRate":15.271537372456},"stn":{"code":"STN","alphaCode":"STN","numericCode":"930","name":"S\u00e3o Tom\u00e9 and Pr\u00edncipe Dobra","rate":0.014220858188235,"date":"Sun, 27 Jun 2021 23:55:01 GMT","inverseRate":70.319244223059},"xpf":{"code":"XPF","alphaCode":"XPF","numericCode":"953","name":"CFP Franc","rate":0.068505732836068,"date":"Sun, 27 Jun 2021 23:55:01 GMT","inverseRate":14.597318481257},"all":{"code":"ALL","alphaCode":"ALL","numericCode":"008","name":"Albanian lek","rate":0.070334584435698,"date":"Sun, 27 Jun 2021 23:55:01 GMT","inverseRate":14.217756570585},"mur":{"code":"MUR","alphaCode":"MUR","numericCode":"480","name":"Mauritian Rupee","rate":0.028117813966544,"date":"Sun, 27 Jun 2021 23:55:01 GMT","inverseRate":35.564642443038},"sos":{"code":"SOS","alphaCode":"SOS","numericCode":"706","name":"Somali shilling","rate":0.39609815855087,"date":"Sun, 27 Jun 2021 23:55:01 GMT","inverseRate":2.5246267330768},"ang":{"code":"ANG","alphaCode":"ANG","numericCode":"532","name":"Neth. Antillean Guilder","rate":0.0012213446970019,"date":"Sun, 27 Jun 2021 23:55:01 GMT","inverseRate":818.76967448644},"pkr":{"code":"PKR","alphaCode":"PKR","numericCode":"586","name":"Pakistani Rupee","rate":0.10620735994199,"date":"Sun, 27 Jun 2021 23:55:01 GMT","inverseRate":9.4155433347198},"krw":{"code":"KRW","alphaCode":"KRW","numericCode":"410","name":"South Korean Won","rate":0.77412149256401,"date":"Sun, 27 Jun 2021 23:55:01 GMT","inverseRate":1.2917868959921},"azn":{"code":"AZN","alphaCode":"AZN","numericCode":"944","name":"Azerbaijan Manat","rate":0.0011641250836715,"date":"Sun, 27 Jun 2021 23:55:01 GMT","inverseRate":859.01421937076},"pyg":{"code":"PYG","alphaCode":"PYG","numericCode":"600","name":"Paraguayan Guaran\u00ed","rate":4.6552700901928,"date":"Sun, 27 Jun 2021 23:55:01 GMT","inverseRate":0.2148103075924},"bnd":{"code":"BND","alphaCode":"BND","numericCode":"096","name":"Brunei Dollar","rate":0.0009216661148021,"date":"Sun, 27 Jun 2021 23:55:01 GMT","inverseRate":1084.991608067},"kmf":{"code":"KMF","alphaCode":"KMF","numericCode":"174","name":"\tComoro franc","rate":0.28382553620707,"date":"Sun, 27 Jun 2021 23:55:01 GMT","inverseRate":3.5232911504849},"szl":{"code":"SZL","alphaCode":"SZL","numericCode":"748","name":"Swazi lilangeni","rate":0.0097351199688898,"date":"Sun, 27 Jun 2021 23:55:01 GMT","inverseRate":102.72087074383},"wst":{"code":"WST","alphaCode":"WST","numericCode":"882","name":"Samoan tala","rate":0.0017407254735213,"date":"Sun, 27 Jun 2021 23:55:01 GMT","inverseRate":574.47312354032},"egp":{"code":"EGP","alphaCode":"EGP","numericCode":"818","name":"Egyptian Pound","rate":0.010766276755404,"date":"Sun, 27 Jun 2021 23:55:01 GMT","inverseRate":92.882620679246},"sgd":{"code":"SGD","alphaCode":"SGD","numericCode":"702","name":"Singapore Dollar","rate":0.00092152151806769,"date":"Sun, 27 Jun 2021 23:55:01 GMT","inverseRate":1085.1618550339},"zar":{"code":"ZAR","alphaCode":"ZAR","numericCode":"710","name":"South African Rand","rate":0.0096817611526212,"date":"Sun, 27 Jun 2021 23:55:01 GMT","inverseRate":103.28699337199},"kgs":{"code":"KGS","alphaCode":"KGS","numericCode":"417","name":"Kyrgyzstan Som","rate":0.057399726153948,"date":"Sun, 27 Jun 2021 23:55:01 GMT","inverseRate":17.421685903483},"crc":{"code":"CRC","alphaCode":"CRC","numericCode":"188","name":"Costa Rican Col\u00f3n","rate":0.42417010899561,"date":"Sun, 27 Jun 2021 23:55:01 GMT","inverseRate":2.3575447180092},"jmd":{"code":"JMD","alphaCode":"JMD","numericCode":"388","name":"Jamaican Dollar","rate":0.1024688714512,"date":"Sun, 27 Jun 2021 23:55:01 GMT","inverseRate":9.7590613211375},"ssp":{"code":"SSP","alphaCode":"SSP","numericCode":"728","name":"South Sudanese pound","rate":0.12179190302149,"date":"Sun, 27 Jun 2021 23:55:01 GMT","inverseRate":8.2107264538233},"ern":{"code":"ERN","alphaCode":"ERN","numericCode":"232","name":"Eritrean nakfa","rate":0.010324422332598,"date":"Sun, 27 Jun 2021 23:55:01 GMT","inverseRate":96.857719278164},"bam":{"code":"BAM","alphaCode":"BAM","numericCode":"977","name":"Bosnia and Herzegovina convertible mark","rate":0.0011337134069687,"date":"Sun, 27 Jun 2021 23:55:01 GMT","inverseRate":882.05713529821},"inr":{"code":"INR","alphaCode":"INR","numericCode":"356","name":"Indian Rupee","rate":0.050949190842749,"date":"Sun, 27 Jun 2021 23:55:01 GMT","inverseRate":19.627397088335},"try":{"code":"TRY","alphaCode":"TRY","numericCode":"949","name":"Turkish Lira","rate":0.005982489432798,"date":"Sun, 27 Jun 2021 23:55:01 GMT","inverseRate":167.15449500298},"twd":{"code":"TWD","alphaCode":"TWD","numericCode":"901","name":"New Taiwan Dollar ","rate":0.019159572945342,"date":"Sun, 27 Jun 2021 23:55:01 GMT","inverseRate":52.193230133719},"tmt":{"code":"TMT","alphaCode":"TMT","numericCode":"934","name":"New Turkmenistan Manat","rate":0.0023974642927457,"date":"Sun, 27 Jun 2021 23:55:01 GMT","inverseRate":417.10735923194},"mga":{"code":"MGA","alphaCode":"MGA","numericCode":"969","name":"Malagasy ariary","rate":2.5924624477154,"date":"Sun, 27 Jun 2021 23:55:01 GMT","inverseRate":0.38573364905681},"srd":{"code":"SRD","alphaCode":"SRD","numericCode":"968","name":"Surinamese dollar","rate":0.014252130003932,"date":"Sun, 27 Jun 2021 23:55:01 GMT","inverseRate":70.164950763435},"ghs":{"code":"GHS","alphaCode":"GHS","numericCode":"936","name":"Ghanaian Cedi","rate":0.0039920887707351,"date":"Sun, 27 Jun 2021 23:55:01 GMT","inverseRate":250.49543169749},"mop":{"code":"MOP","alphaCode":"MOP","numericCode":"446","name":"Macanese pataca","rate":0.0054808931241339,"date":"Sun, 27 Jun 2021 23:55:01 GMT","inverseRate":182.45201600387},"lbp":{"code":"LBP","alphaCode":"LBP","numericCode":"422","name":"Lebanese Pound","rate":1.0341538695561,"date":"Sun, 27 Jun 2021 23:55:01 GMT","inverseRate":0.96697409296474},"huf":{"code":"HUF","alphaCode":"HUF","numericCode":"348","name":"Hungarian Forint","rate":0.20208327511516,"date":"Sun, 27 Jun 2021 23:55:01 GMT","inverseRate":4.9484550338475},"ngn":{"code":"NGN","alphaCode":"NGN","numericCode":"566","name":"Nigerian Naira","rate":0.28152191176034,"date":"Sun, 27 Jun 2021 23:55:01 GMT","inverseRate":3.552121373953},"irr":{"code":"IRR","alphaCode":"IRR","numericCode":"364","name":"Iranian rial","rate":28.77256517999,"date":"Sun, 27 Jun 2021 23:55:01 GMT","inverseRate":0.034755330077259},"ves":{"code":"VES","alphaCode":"VES","numericCode":"928","name":"Venezuelan Bolivar","rate":2178.5398720297,"date":"Sun, 27 Jun 2021 23:55:01 GMT","inverseRate":0.00045902304237762},"sbd":{"code":"SBD","alphaCode":"SBD","numericCode":"090","name":"Solomon Islands dollar","rate":0.0055835934691263,"date":"Sun, 27 Jun 2021 23:55:01 GMT","inverseRate":179.09613325708},"mwk":{"code":"MWK","alphaCode":"MWK","numericCode":"454","name":"Malawian kwacha","rate":0.55158775483305,"date":"Sun, 27 Jun 2021 23:55:01 GMT","inverseRate":1.812948150567},"gtq":{"code":"GTQ","alphaCode":"GTQ","numericCode":"320","name":"Guatemalan Quetzal","rate":0.0052961439177024,"date":"Sun, 27 Jun 2021 23:55:01 GMT","inverseRate":188.81662121331},"sek":{"code":"SEK","alphaCode":"SEK","numericCode":"752","name":"Swedish Krona","rate":0.0058144765447624,"date":"Sun, 27 Jun 2021 23:55:01 GMT","inverseRate":171.98452729176},"npr":{"code":"NPR","alphaCode":"NPR","numericCode":"524","name":"Nepalese Rupee","rate":0.0814335725713,"date":"Sun, 27 Jun 2021 23:55:01 GMT","inverseRate":12.279947550188},"isk":{"code":"ISK","alphaCode":"ISK","numericCode":"352","name":"Icelandic Krona","rate":0.084515797456354,"date":"Sun, 27 Jun 2021 23:55:01 GMT","inverseRate":11.832107488738},"gip":{"code":"GIP","alphaCode":"GIP","numericCode":"292","name":"Gibraltar pound","rate":0.00049157421514802,"date":"Sun, 27 Jun 2021 23:55:01 GMT","inverseRate":2034.280825122},"gel":{"code":"GEL","alphaCode":"GEL","numericCode":"981","name":"Georgian lari","rate":0.0022244542627741,"date":"Sun, 27 Jun 2021 23:55:01 GMT","inverseRate":449.54846531793},"mkd":{"code":"MKD","alphaCode":"MKD","numericCode":"807","name":"Macedonian denar","rate":0.035465572898236,"date":"Sun, 27 Jun 2021 23:55:01 GMT","inverseRate":28.196358278756},"bif":{"code":"BIF","alphaCode":"BIF","numericCode":"108","name":"Burundian franc","rate":1.3551816245245,"date":"Sun, 27 Jun 2021 23:55:01 GMT","inverseRate":0.7379084706457},"mmk":{"code":"MMK","alphaCode":"MMK","numericCode":"104","name":"Myanma Kyat","rate":1.1271575859632,"date":"Sun, 27 Jun 2021 23:55:01 GMT","inverseRate":0.8871873928307},"mvr":{"code":"MVR","alphaCode":"MVR","numericCode":"462","name":"Maldivian rufiyaa","rate":0.01058580011317,"date":"Sun, 27 Jun 2021 23:55:01 GMT","inverseRate":94.466170654016},"kes":{"code":"KES","alphaCode":"KES","numericCode":"404","name":"Kenyan shilling","rate":0.07377945380259,"date":"Sun, 27 Jun 2021 23:55:01 GMT","inverseRate":13.553908960558},"aed":{"code":"AED","alphaCode":"AED","numericCode":"784","name":"U.A.E Dirham","rate":0.0025176602964161,"date":"Sun, 27 Jun 2021 23:55:01 GMT","inverseRate":397.19417326615},"php":{"code":"PHP","alphaCode":"PHP","numericCode":"608","name":"Philippine Peso","rate":0.033309391949832,"date":"Sun, 27 Jun 2021 23:55:01 GMT","inverseRate":30.0215627324},"ils":{"code":"ILS","alphaCode":"ILS","numericCode":"376","name":"Israeli New Sheqel","rate":0.0022302306321623,"date":"Sun, 27 Jun 2021 23:55:01 GMT","inverseRate":448.38412026941},"mro":{"code":"MRO","alphaCode":"MRO","numericCode":"478","name":"Mauritanian Ouguiya","rate":0.024867704279788,"date":"Sun, 27 Jun 2021 23:55:01 GMT","inverseRate":40.212799249539},"cop":{"code":"COP","alphaCode":"COP","numericCode":"170","name":"Colombian Peso","rate":2.582148208888,"date":"Sun, 27 Jun 2021 23:55:01 GMT","inverseRate":0.38727443938264},"bzd":{"code":"BZD","alphaCode":"BZD","numericCode":"084","name":"Belize dollar","rate":0.0013802909422401,"date":"Sun, 27 Jun 2021 23:55:01 GMT","inverseRate":724.4849396585},"gnf":{"code":"GNF","alphaCode":"GNF","numericCode":"324","name":"Guinean franc","rate":6.7162239578116,"date":"Sun, 27 Jun 2021 23:55:01 GMT","inverseRate":0.14889318853593},"sll":{"code":"SLL","alphaCode":"SLL","numericCode":"694","name":"Sierra Leonean leone","rate":7.0256434897433,"date":"Sun, 27 Jun 2021 23:55:01 GMT","inverseRate":0.14233571650197},"ugx":{"code":"UGX","alphaCode":"UGX","numericCode":"800","name":"Ugandan shilling","rate":2.4480287513837,"date":"Sun, 27 Jun 2021 23:55:01 GMT","inverseRate":0.40849193435117},"cny":{"code":"CNY","alphaCode":"CNY","numericCode":"156","name":"Chinese Yuan","rate":0.0044335236608619,"date":"Sun, 27 Jun 2021 23:55:01 GMT","inverseRate":225.55422650109},"sar":{"code":"SAR","alphaCode":"SAR","numericCode":"682","name":"Saudi Riyal","rate":0.0025752885362427,"date":"Sun, 27 Jun 2021 23:55:01 GMT","inverseRate":388.3060037455},"myr":{"code":"MYR","alphaCode":"MYR","numericCode":"458","name":"Malaysian Ringgit","rate":0.0028457692259557,"date":"Sun, 27 Jun 2021 23:55:01 GMT","inverseRate":351.39883827515},"kzt":{"code":"KZT","alphaCode":"KZT","numericCode":"398","name":"Kazakhstani Tenge","rate":0.29274210662349,"date":"Sun, 27 Jun 2021 23:55:01 GMT","inverseRate":3.4159759644216},"bob":{"code":"BOB","alphaCode":"BOB","numericCode":"068","name":"Bolivian Boliviano","rate":0.0047196890504777,"date":"Sun, 27 Jun 2021 23:55:01 GMT","inverseRate":211.87836514331},"gyd":{"code":"GYD","alphaCode":"GYD","numericCode":"328","name":"Guyanese dollar","rate":0.14301662976308,"date":"Sun, 27 Jun 2021 23:55:01 GMT","inverseRate":6.9921938564531},"rwf":{"code":"RWF","alphaCode":"RWF","numericCode":"646","name":"Rwandan franc","rate":0.68856904321786,"date":"Sun, 27 Jun 2021 23:55:01 GMT","inverseRate":1.452287188699},"mzn":{"code":"MZN","alphaCode":"MZN","numericCode":"943","name":"Mozambican metical","rate":0.043644148951437,"date":"Sun, 27 Jun 2021 23:55:01 GMT","inverseRate":22.912578753975},"vuv":{"code":"VUV","alphaCode":"VUV","numericCode":"548","name":"Vanuatu vatu","rate":0.075231063485644,"date":"Sun, 27 Jun 2021 23:55:01 GMT","inverseRate":13.292381546498},"idr":{"code":"IDR","alphaCode":"IDR","numericCode":"360","name":"Indonesian Rupiah","rate":9.917375673235,"date":"Sun, 27 Jun 2021 23:55:01 GMT","inverseRate":0.10083312692276},"tnd":{"code":"TND","alphaCode":"TND","numericCode":"788","name":"Tunisian Dinar","rate":0.0018780053033818,"date":"Sun, 27 Jun 2021 23:55:01 GMT","inverseRate":532.47985945474},"xof":{"code":"XOF","alphaCode":"XOF","numericCode":"952","name":"West African CFA Franc","rate":0.3774882500477,"date":"Sun, 27 Jun 2021 23:55:01 GMT","inverseRate":2.6490890772723},"tjs":{"code":"TJS","alphaCode":"TJS","numericCode":"972","name":"Tajikistan Ruble","rate":0.0077652801578494,"date":"Sun, 27 Jun 2021 23:55:01 GMT","inverseRate":128.77835437646},"afn":{"code":"AFN","alphaCode":"AFN","numericCode":"971","name":"Afghan afghani","rate":0.054163096433966,"date":"Sun, 27 Jun 2021 23:55:01 GMT","inverseRate":18.462755378455},"nad":{"code":"NAD","alphaCode":"NAD","numericCode":"516","name":"Namibian dollar","rate":0.0097351199688898,"date":"Sun, 27 Jun 2021 23:55:01 GMT","inverseRate":102.72087074383},"syp":{"code":"SYP","alphaCode":"SYP","numericCode":"760","name":"Syrian pound","rate":1.7283082984769,"date":"Sun, 27 Jun 2021 23:55:01 GMT","inverseRate":0.57860047358523},"top":{"code":"TOP","alphaCode":"TOP","numericCode":"776","name":"Tongan pa\u02bbanga","rate":0.0015170357819155,"date":"Sun, 27 Jun 2021 23:55:01 GMT","inverseRate":659.18023287319},"kwd":{"code":"KWD","alphaCode":"KWD","numericCode":"414","name":"Kuwaiti Dinar","rate":0.00020655112289146,"date":"Sun, 27 Jun 2021 23:55:01 GMT","inverseRate":4841.4164299919},"czk":{"code":"CZK","alphaCode":"CZK","numericCode":"203","name":"Czech Koruna","rate":0.01464662421583,"date":"Sun, 27 Jun 2021 23:55:01 GMT","inverseRate":68.275118229576},"pgk":{"code":"PGK","alphaCode":"PGK","numericCode":"598","name":"Papua New Guinean kina","rate":0.0024102674187258,"date":"Sun, 27 Jun 2021 23:55:01 GMT","inverseRate":414.8917220682},"uah":{"code":"UAH","alphaCode":"UAH","numericCode":"980","name":"Ukrainian Hryvnia","rate":0.018813989690429,"date":"Sun, 27 Jun 2021 23:55:01 GMT","inverseRate":53.15193727935},"etb":{"code":"ETB","alphaCode":"ETB","numericCode":"230","name":"Ethiopian birr","rate":0.029970664135436,"date":"Sun, 27 Jun 2021 23:55:01 GMT","inverseRate":33.365960643416},"xcd":{"code":"XCD","alphaCode":"XCD","numericCode":"951","name":"East Caribbean Dollar","rate":0.001855469830887,"date":"Sun, 27 Jun 2021 23:55:01 GMT","inverseRate":538.94705446218},"lak":{"code":"LAK","alphaCode":"LAK","numericCode":"418","name":"Lao kip","rate":6.4973996183341,"date":"Sun, 27 Jun 2021 23:55:01 GMT","inverseRate":0.15390772597367},"bwp":{"code":"BWP","alphaCode":"BWP","numericCode":"072","name":"Botswana Pula","rate":0.0074431881932686,"date":"Sun, 27 Jun 2021 23:55:01 GMT","inverseRate":134.35102996648},"nok":{"code":"NOK","alphaCode":"NOK","numericCode":"578","name":"Norwegian Krone","rate":0.005826585697905,"date":"Sun, 27 Jun 2021 23:55:01 GMT","inverseRate":171.62709893026},"mad":{"code":"MAD","alphaCode":"MAD","numericCode":"504","name":"Moroccan Dirham","rate":0.0060665612481831,"date":"Sun, 27 Jun 2021 23:55:01 GMT","inverseRate":164.83802917171},"ron":{"code":"RON","alphaCode":"RON","numericCode":"946","name":"Romanian New Leu","rate":0.0028314072847225,"date":"Sun, 27 Jun 2021 23:55:01 GMT","inverseRate":353.18126268719},"byn":{"code":"BYN","alphaCode":"BYN","numericCode":"933","name":"Belarussian Ruble","rate":0.0017349263109389,"date":"Sun, 27 Jun 2021 23:55:01 GMT","inverseRate":576.3933567062},"rsd":{"code":"RSD","alphaCode":"RSD","numericCode":"941","name":"Serbian Dinar","rate":0.066286685608455,"date":"Sun, 27 Jun 2021 23:55:01 GMT","inverseRate":15.085985832914},"gmd":{"code":"GMD","alphaCode":"GMD","numericCode":"270","name":"Gambian dalasi","rate":0.035561899145616,"date":"Sun, 27 Jun 2021 23:55:01 GMT","inverseRate":28.119983016241},"awg":{"code":"AWG","alphaCode":"AWG","numericCode":"533","name":"Aruban florin","rate":0.0012394637826139,"date":"Sun, 27 Jun 2021 23:55:01 GMT","inverseRate":806.80050036724},"aoa":{"code":"AOA","alphaCode":"AOA","numericCode":"973","name":"Angolan kwanza","rate":0.44697628408885,"date":"Sun, 27 Jun 2021 23:55:01 GMT","inverseRate":2.2372551645295},"khr":{"code":"KHR","alphaCode":"KHR","numericCode":"116","name":"Cambodian riel","rate":2.7905946692308,"date":"Sun, 27 Jun 2021 23:55:01 GMT","inverseRate":0.35834655997377},"scr":{"code":"SCR","alphaCode":"SCR","numericCode":"690","name":"Seychelles rupee","rate":0.010263113411383,"date":"Sun, 27 Jun 2021 23:55:01 GMT","inverseRate":97.436319751749},"bhd":{"code":"BHD","alphaCode":"BHD","numericCode":"048","name":"Bahrain Dinar","rate":0.0002584481599504,"date":"Sun, 27 Jun 2021 23:55:01 GMT","inverseRate":3869.2478994315},"omr":{"code":"OMR","alphaCode":"OMR","numericCode":"512","name":"Omani Rial","rate":0.00026414573698952,"date":"Sun, 27 Jun 2021 23:55:01 GMT","inverseRate":3785.7889034934},"rub":{"code":"RUB","alphaCode":"RUB","numericCode":"643","name":"Russian Rouble","rate":0.04956122092616,"date":"Sun, 27 Jun 2021 23:55:01 GMT","inverseRate":20.177065482101},"lyd":{"code":"LYD","alphaCode":"LYD","numericCode":"434","name":"Libyan Dinar","rate":0.0030566080996737,"date":"Sun, 27 Jun 2021 23:55:01 GMT","inverseRate":327.16003078927},"clp":{"code":"CLP","alphaCode":"CLP","numericCode":"152","name":"Chilean Peso","rate":0.50397355443551,"date":"Sun, 27 Jun 2021 23:55:01 GMT","inverseRate":1.9842310994276},"bsd":{"code":"BSD","alphaCode":"BSD","numericCode":"044","name":"Bahamian Dollar","rate":0.00068442432222275,"date":"Sun, 27 Jun 2021 23:55:01 GMT","inverseRate":1461.0819158974},"djf":{"code":"DJF","alphaCode":"DJF","numericCode":"262","name":"Djiboutian franc","rate":0.12190071226385,"date":"Sun, 27 Jun 2021 23:55:01 GMT","inverseRate":8.2033975144914},"hnl":{"code":"HNL","alphaCode":"HNL","numericCode":"340","name":"Honduran Lempira","rate":0.016407990175413,"date":"Sun, 27 Jun 2021 23:55:01 GMT","inverseRate":60.945916550977},"tzs":{"code":"TZS","alphaCode":"TZS","numericCode":"834","name":"Tanzanian shilling","rate":1.5875458957228,"date":"Sun, 27 Jun 2021 23:55:01 GMT","inverseRate":0.62990304890978},"bbd":{"code":"BBD","alphaCode":"BBD","numericCode":"052","name":"Barbadian Dollar","rate":0.0013743488304424,"date":"Sun, 27 Jun 2021 23:55:01 GMT","inverseRate":727.61731072171},"bdt":{"code":"BDT","alphaCode":"BDT","numericCode":"050","name":"Bangladeshi taka","rate":0.058099389659931,"date":"Sun, 27 Jun 2021 23:55:01 GMT","inverseRate":17.211884769414},"qar":{"code":"QAR","alphaCode":"QAR","numericCode":"634","name":"Qatari Rial","rate":0.0025120572746926,"date":"Sun, 27 Jun 2021 23:55:01 GMT","inverseRate":398.0800955752},"mxn":{"code":"MXN","alphaCode":"MXN","numericCode":"484","name":"Mexican Peso","rate":0.0135948036091,"date":"Sun, 27 Jun 2021 23:55:01 GMT","inverseRate":73.557517177418},"amd":{"code":"AMD","alphaCode":"AMD","numericCode":"051","name":"Armenia Dram","rate":0.35551722716287,"date":"Sun, 27 Jun 2021 23:55:01 GMT","inverseRate":2.8128032162612},"uyu":{"code":"UYU","alphaCode":"UYU","numericCode":"858","name":"Uruguayan Peso","rate":0.02989009701238,"date":"Sun, 27 Jun 2021 23:55:01 GMT","inverseRate":33.45589676694},"fjd":{"code":"FJD","alphaCode":"FJD","numericCode":"242","name":"Fiji Dollar","rate":0.0014124012245793,"date":"Sun, 27 Jun 2021 23:55:01 GMT","inverseRate":708.01411284378},"cdf":{"code":"CDF","alphaCode":"CDF","numericCode":"976","name":"Congolese franc","rate":1.3615874200185,"date":"Sun, 27 Jun 2021 23:55:01 GMT","inverseRate":0.73443686780419},"lsl":{"code":"LSL","alphaCode":"LSL","numericCode":"426","name":"Lesotho loti","rate":0.0097387770387503,"date":"Sun, 27 Jun 2021 23:55:01 GMT","inverseRate":102.68229737892},"mnt":{"code":"MNT","alphaCode":"MNT","numericCode":"496","name":"Mongolian togrog","rate":1.9521554576169,"date":"Sun, 27 Jun 2021 23:55:01 GMT","inverseRate":0.51225428594746},"brl":{"code":"BRL","alphaCode":"BRL","numericCode":"986","name":"Brazilian Real","rate":0.003432239599463,"date":"Sun, 27 Jun 2021 23:55:01 GMT","inverseRate":291.35495090624},"hkd":{"code":"HKD","alphaCode":"HKD","numericCode":"344","name":"Hong Kong Dollar","rate":0.005330387113857,"date":"Sun, 27 Jun 2021 23:55:01 GMT","inverseRate":187.60363527826},"thb":{"code":"THB","alphaCode":"THB","numericCode":"764","name":"Thai Baht","rate":0.021703052796941,"date":"Sun, 27 Jun 2021 23:55:01 GMT","inverseRate":46.07646718442},"xaf":{"code":"XAF","alphaCode":"XAF","numericCode":"950","name":"Central African CFA Franc","rate":0.37780827721951,"date":"Sun, 27 Jun 2021 23:55:01 GMT","inverseRate":2.6468451336205},"mdl":{"code":"MDL","alphaCode":"MDL","numericCode":"498","name":"Moldova Lei","rate":0.012355482473058,"date":"Sun, 27 Jun 2021 23:55:01 GMT","inverseRate":80.935730529389},"nio":{"code":"NIO","alphaCode":"NIO","numericCode":"558","name":"Nicaraguan C\u00f3rdoba","rate":0.024019543581412,"date":"Sun, 27 Jun 2021 23:55:01 GMT","inverseRate":41.632764444945},"lrd":{"code":"LRD","alphaCode":"LRD","numericCode":"430","name":"Liberian dollar","rate":0.1173059931093,"date":"Sun, 27 Jun 2021 23:55:01 GMT","inverseRate":8.5247136441553},"sdg":{"code":"SDG","alphaCode":"SDG","numericCode":"938","name":"Sudanese pound","rate":0.30144912182736,"date":"Sun, 27 Jun 2021 23:55:01 GMT","inverseRate":3.3173093818886},"mru":{"code":"MRU","alphaCode":"MRU","numericCode":"929","name":"Mauritanian ouguiya","rate":0.02473723709652,"date":"Sun, 27 Jun 2021 23:55:01 GMT","inverseRate":40.424886421155},"dkk":{"code":"DKK","alphaCode":"DKK","numericCode":"208","name":"Danish Krone","rate":0.004274463722036,"date":"Sun, 27 Jun 2021 23:55:01 GMT","inverseRate":233.94747622836},"jod":{"code":"JOD","alphaCode":"JOD","numericCode":"400","name":"Jordanian Dinar","rate":0.00048656404389996,"date":"Sun, 27 Jun 2021 23:55:01 GMT","inverseRate":2055.2279037816},"bgn":{"code":"BGN","alphaCode":"BGN","numericCode":"975","name":"Bulgarian Lev","rate":0.0011242311726869,"date":"Sun, 27 Jun 2021 23:55:01 GMT","inverseRate":889.49677281234},"vnd":{"code":"VND","alphaCode":"VND","numericCode":"704","name":"Vietnamese Dong","rate":15.79604437537,"date":"Sun, 27 Jun 2021 23:55:01 GMT","inverseRate":0.063306988524243},"uzs":{"code":"UZS","alphaCode":"UZS","numericCode":"860","name":"Uzbekistan Sum","rate":7.2405810228547,"date":"Sun, 27 Jun 2021 23:55:01 GMT","inverseRate":0.13811046335143},"pab":{"code":"PAB","alphaCode":"PAB","numericCode":"590","name":"Panamanian Balboa","rate":0.00068442432222275,"date":"Sun, 27 Jun 2021 23:55:01 GMT","inverseRate":1461.0819158974},"ttd":{"code":"TTD","alphaCode":"TTD","numericCode":"780","name":"Trinidad Tobago Dollar","rate":0.0046543311449107,"date":"Sun, 27 Jun 2021 23:55:01 GMT","inverseRate":214.85364252465},"htg":{"code":"HTG","alphaCode":"HTG","numericCode":"332","name":"Haitian gourde","rate":0.064329092995418,"date":"Sun, 27 Jun 2021 23:55:01 GMT","inverseRate":15.545066056989},"cup":{"code":"CUP","alphaCode":"CUP","numericCode":"192","name":"Cuban peso","rate":0.00068442432222275,"date":"Sun, 27 Jun 2021 23:55:01 GMT","inverseRate":1461.0819158974}}