{"usd":{"code":"USD","alphaCode":"USD","numericCode":"840","name":"U.S. Dollar","rate":2.3868682106345e-5,"date":"Sun, 27 Jun 2021 23:55:01 GMT","inverseRate":41895.903407845},"eur":{"code":"EUR","alphaCode":"EUR","numericCode":"978","name":"Euro","rate":1.9981636355304e-5,"date":"Sun, 27 Jun 2021 23:55:01 GMT","inverseRate":50045.951303412},"gbp":{"code":"GBP","alphaCode":"GBP","numericCode":"826","name":"U.K. Pound Sterling","rate":1.7163550909355e-5,"date":"Sun, 27 Jun 2021 23:55:01 GMT","inverseRate":58263.001944133},"jpy":{"code":"JPY","alphaCode":"JPY","numericCode":"392","name":"Japanese Yen","rate":0.0026430469985819,"date":"Sun, 27 Jun 2021 23:55:01 GMT","inverseRate":378.35119864935},"aud":{"code":"AUD","alphaCode":"AUD","numericCode":"036","name":"Australian Dollar","rate":3.1418697501952e-5,"date":"Sun, 27 Jun 2021 23:55:01 GMT","inverseRate":31828.181290388},"chf":{"code":"CHF","alphaCode":"CHF","numericCode":"756","name":"Swiss Franc","rate":2.1887933143429e-5,"date":"Sun, 27 Jun 2021 23:55:01 GMT","inverseRate":45687.274054025},"cad":{"code":"CAD","alphaCode":"CAD","numericCode":"124","name":"Canadian Dollar","rate":2.9358343176273e-5,"date":"Sun, 27 Jun 2021 23:55:01 GMT","inverseRate":34061.86766044},"lkr":{"code":"LKR","alphaCode":"LKR","numericCode":"144","name":"Sri Lanka Rupee","rate":0.0047427372962714,"date":"Sun, 27 Jun 2021 23:55:01 GMT","inverseRate":210.84870139996},"pln":{"code":"PLN","alphaCode":"PLN","numericCode":"985","name":"Polish Zloty","rate":9.0122938300024e-5,"date":"Sun, 27 Jun 2021 23:55:01 GMT","inverseRate":11095.954247197},"pen":{"code":"PEN","alphaCode":"PEN","numericCode":"604","name":"Peruvian Nuevo Sol","rate":9.5002155208586e-5,"date":"Sun, 27 Jun 2021 23:55:01 GMT","inverseRate":10526.076990616},"iqd":{"code":"IQD","alphaCode":"IQD","numericCode":"368","name":"Iraqi dinar","rate":0.034755330077259,"date":"Sun, 27 Jun 2021 23:55:01 GMT","inverseRate":28.77256517999},"svc":{"code":"SVC","alphaCode":"SVC","numericCode":"222","name":"Salvadoran colon","rate":0.00020832806493236,"date":"Sun, 27 Jun 2021 23:55:01 GMT","inverseRate":4800.1213870282},"cve":{"code":"CVE","alphaCode":"CVE","numericCode":"132","name":"Cape Verde escudo","rate":0.002224737977364,"date":"Sun, 27 Jun 2021 23:55:01 GMT","inverseRate":449.49113566392},"zmw":{"code":"ZMW","alphaCode":"ZMW","numericCode":"967","name":"Zambian kwacha","rate":0.00053760076421984,"date":"Sun, 27 Jun 2021 23:55:01 GMT","inverseRate":1860.1164033894},"yer":{"code":"YER","alphaCode":"YER","numericCode":"886","name":"Yemeni rial","rate":0.0059852456545266,"date":"Sun, 27 Jun 2021 23:55:01 GMT","inverseRate":167.07751990826},"dop":{"code":"DOP","alphaCode":"DOP","numericCode":"214","name":"Dominican Peso","rate":0.0013551203213692,"date":"Sun, 27 Jun 2021 23:55:01 GMT","inverseRate":737.94185227008},"nzd":{"code":"NZD","alphaCode":"NZD","numericCode":"554","name":"New Zealand Dollar","rate":3.3722536352947e-5,"date":"Sun, 27 Jun 2021 23:55:01 GMT","inverseRate":29653.760011815},"hrk":{"code":"HRK","alphaCode":"HRK","numericCode":"191","name":"Croatian Kuna","rate":0.00014976462341588,"date":"Sun, 27 Jun 2021 23:55:01 GMT","inverseRate":6677.1442894302},"dzd":{"code":"DZD","alphaCode":"DZD","numericCode":"012","name":"Algerian Dinar","rate":0.0031784691824114,"date":"Sun, 27 Jun 2021 23:55:01 GMT","inverseRate":314.61686195785},"ars":{"code":"ARS","alphaCode":"ARS","numericCode":"032","name":"Argentine Peso","rate":0.0022758239219545,"date":"Sun, 27 Jun 2021 23:55:01 GMT","inverseRate":439.40130444766},"stn":{"code":"STN","alphaCode":"STN","numericCode":"930","name":"S\u00e3o Tom\u00e9 and Pr\u00edncipe Dobra","rate":0.000494250620314,"date":"Sun, 27 Jun 2021 23:55:01 GMT","inverseRate":2023.2650378156},"xpf":{"code":"XPF","alphaCode":"XPF","numericCode":"953","name":"CFP Franc","rate":0.0023809393569021,"date":"Sun, 27 Jun 2021 23:55:01 GMT","inverseRate":420.00229745505},"all":{"code":"ALL","alphaCode":"ALL","numericCode":"008","name":"Albanian lek","rate":0.0024445016979095,"date":"Sun, 27 Jun 2021 23:55:01 GMT","inverseRate":409.08132764039},"mur":{"code":"MUR","alphaCode":"MUR","numericCode":"480","name":"Mauritian Rupee","rate":0.0009772439054582,"date":"Sun, 27 Jun 2021 23:55:01 GMT","inverseRate":1023.2859927953},"sos":{"code":"SOS","alphaCode":"SOS","numericCode":"706","name":"Somali shilling","rate":0.01376652224343,"date":"Sun, 27 Jun 2021 23:55:01 GMT","inverseRate":72.639987232597},"ang":{"code":"ANG","alphaCode":"ANG","numericCode":"532","name":"Neth. Antillean Guilder","rate":4.2448238082411e-5,"date":"Sun, 27 Jun 2021 23:55:01 GMT","inverseRate":23558.103826561},"pkr":{"code":"PKR","alphaCode":"PKR","numericCode":"586","name":"Pakistani Rupee","rate":0.0036912718514181,"date":"Sun, 27 Jun 2021 23:55:01 GMT","inverseRate":270.90933430325},"krw":{"code":"KRW","alphaCode":"KRW","numericCode":"410","name":"South Korean Won","rate":0.026904847993962,"date":"Sun, 27 Jun 2021 23:55:01 GMT","inverseRate":37.168022663589},"azn":{"code":"AZN","alphaCode":"AZN","numericCode":"944","name":"Azerbaijan Manat","rate":4.045955153422e-5,"date":"Sun, 27 Jun 2021 23:55:01 GMT","inverseRate":24716.042617383},"pyg":{"code":"PYG","alphaCode":"PYG","numericCode":"600","name":"Paraguayan Guaran\u00ed","rate":0.16179544858344,"date":"Sun, 27 Jun 2021 23:55:01 GMT","inverseRate":6.180643576536},"bnd":{"code":"BND","alphaCode":"BND","numericCode":"096","name":"Brunei Dollar","rate":3.2032810040972e-5,"date":"Sun, 27 Jun 2021 23:55:01 GMT","inverseRate":31217.99176285},"kmf":{"code":"KMF","alphaCode":"KMF","numericCode":"174","name":"\tComoro franc","rate":0.0098644501952316,"date":"Sun, 27 Jun 2021 23:55:01 GMT","inverseRate":101.37412427541},"szl":{"code":"SZL","alphaCode":"SZL","numericCode":"748","name":"Swazi lilangeni","rate":0.00033834730786048,"date":"Sun, 27 Jun 2021 23:55:01 GMT","inverseRate":2955.5429488222},"wst":{"code":"WST","alphaCode":"WST","numericCode":"882","name":"Samoan tala","rate":6.0499488406126e-5,"date":"Sun, 27 Jun 2021 23:55:01 GMT","inverseRate":16529.065391216},"egp":{"code":"EGP","alphaCode":"EGP","numericCode":"818","name":"Egyptian Pound","rate":0.00037418550233719,"date":"Sun, 27 Jun 2021 23:55:01 GMT","inverseRate":2672.4712575819},"sgd":{"code":"SGD","alphaCode":"SGD","numericCode":"702","name":"Singapore Dollar","rate":3.2027784533739e-5,"date":"Sun, 27 Jun 2021 23:55:01 GMT","inverseRate":31222.890204802},"zar":{"code":"ZAR","alphaCode":"ZAR","numericCode":"710","name":"South African Rand","rate":0.00033649280458853,"date":"Sun, 27 Jun 2021 23:55:01 GMT","inverseRate":2971.8317490409},"kgs":{"code":"KGS","alphaCode":"KGS","numericCode":"417","name":"Kyrgyzstan Som","rate":0.0019949464288247,"date":"Sun, 27 Jun 2021 23:55:01 GMT","inverseRate":501.26659320327},"crc":{"code":"CRC","alphaCode":"CRC","numericCode":"188","name":"Costa Rican Col\u00f3n","rate":0.014742172147049,"date":"Sun, 27 Jun 2021 23:55:01 GMT","inverseRate":67.832609063662},"jmd":{"code":"JMD","alphaCode":"JMD","numericCode":"388","name":"Jamaican Dollar","rate":0.0035613394499306,"date":"Sun, 27 Jun 2021 23:55:01 GMT","inverseRate":280.79322795795},"ssp":{"code":"SSP","alphaCode":"SSP","numericCode":"728","name":"South Sudanese pound","rate":0.0042329177902492,"date":"Sun, 27 Jun 2021 23:55:01 GMT","inverseRate":236.2436620677},"ern":{"code":"ERN","alphaCode":"ERN","numericCode":"232","name":"Eritrean nakfa","rate":0.00035882870602647,"date":"Sun, 27 Jun 2021 23:55:01 GMT","inverseRate":2786.8450411162},"bam":{"code":"BAM","alphaCode":"BAM","numericCode":"977","name":"Bosnia and Herzegovina convertible mark","rate":3.9402583672211e-5,"date":"Sun, 27 Jun 2021 23:55:01 GMT","inverseRate":25379.046417843},"inr":{"code":"INR","alphaCode":"INR","numericCode":"356","name":"Indian Rupee","rate":0.001770755944909,"date":"Sun, 27 Jun 2021 23:55:01 GMT","inverseRate":564.73056203767},"try":{"code":"TRY","alphaCode":"TRY","numericCode":"949","name":"Turkish Lira","rate":0.00020792339492061,"date":"Sun, 27 Jun 2021 23:55:01 GMT","inverseRate":4809.4636026015},"twd":{"code":"TWD","alphaCode":"TWD","numericCode":"901","name":"New Taiwan Dollar ","rate":0.00066589728185468,"date":"Sun, 27 Jun 2021 23:55:01 GMT","inverseRate":1501.7331159766},"tmt":{"code":"TMT","alphaCode":"TMT","numericCode":"934","name":"New Turkmenistan Manat","rate":8.3324662842817e-5,"date":"Sun, 27 Jun 2021 23:55:01 GMT","inverseRate":12001.248680554},"mga":{"code":"MGA","alphaCode":"MGA","numericCode":"969","name":"Malagasy ariary","rate":0.090101888083245,"date":"Sun, 27 Jun 2021 23:55:01 GMT","inverseRate":11.098546559603},"srd":{"code":"SRD","alphaCode":"SRD","numericCode":"968","name":"Surinamese dollar","rate":0.00049533748259067,"date":"Sun, 27 Jun 2021 23:55:01 GMT","inverseRate":2018.8256191917},"ghs":{"code":"GHS","alphaCode":"GHS","numericCode":"936","name":"Ghanaian Cedi","rate":0.00013874636292462,"date":"Sun, 27 Jun 2021 23:55:01 GMT","inverseRate":7207.3961358058},"mop":{"code":"MOP","alphaCode":"MOP","numericCode":"446","name":"Macanese pataca","rate":0.00019049024964745,"date":"Sun, 27 Jun 2021 23:55:01 GMT","inverseRate":5249.6125226921},"lbp":{"code":"LBP","alphaCode":"LBP","numericCode":"422","name":"Lebanese Pound","rate":0.035942359087097,"date":"Sun, 27 Jun 2021 23:55:01 GMT","inverseRate":27.82232511719},"huf":{"code":"HUF","alphaCode":"HUF","numericCode":"348","name":"Hungarian Forint","rate":0.0070234709297208,"date":"Sun, 27 Jun 2021 23:55:01 GMT","inverseRate":142.37974500163},"ngn":{"code":"NGN","alphaCode":"NGN","numericCode":"566","name":"Nigerian Naira","rate":0.0097843869672115,"date":"Sun, 27 Jun 2021 23:55:01 GMT","inverseRate":102.2036437593},"ves":{"code":"VES","alphaCode":"VES","numericCode":"928","name":"Venezuelan Bolivar","rate":75.71587233886,"date":"Sun, 27 Jun 2021 23:55:01 GMT","inverseRate":0.013207270405927},"sbd":{"code":"SBD","alphaCode":"SBD","numericCode":"090","name":"Solomon Islands dollar","rate":0.00019405963403671,"date":"Sun, 27 Jun 2021 23:55:01 GMT","inverseRate":5153.0551676235},"mwk":{"code":"MWK","alphaCode":"MWK","numericCode":"454","name":"Malawian kwacha","rate":0.019170614485797,"date":"Sun, 27 Jun 2021 23:55:01 GMT","inverseRate":52.163168830133},"gtq":{"code":"GTQ","alphaCode":"GTQ","numericCode":"320","name":"Guatemalan Quetzal","rate":0.00018406922999641,"date":"Sun, 27 Jun 2021 23:55:01 GMT","inverseRate":5432.7385409256},"sek":{"code":"SEK","alphaCode":"SEK","numericCode":"752","name":"Swedish Krona","rate":0.0002020840515397,"date":"Sun, 27 Jun 2021 23:55:01 GMT","inverseRate":4948.436021452},"npr":{"code":"NPR","alphaCode":"NPR","numericCode":"524","name":"Nepalese Rupee","rate":0.0028302506940859,"date":"Sun, 27 Jun 2021 23:55:01 GMT","inverseRate":353.32559129465},"isk":{"code":"ISK","alphaCode":"ISK","numericCode":"352","name":"Icelandic Krona","rate":0.0029373744373383,"date":"Sun, 27 Jun 2021 23:55:01 GMT","inverseRate":340.44008393637},"gip":{"code":"GIP","alphaCode":"GIP","numericCode":"292","name":"Gibraltar pound","rate":1.7084824104939e-5,"date":"Sun, 27 Jun 2021 23:55:01 GMT","inverseRate":58531.477635226},"gel":{"code":"GEL","alphaCode":"GEL","numericCode":"981","name":"Georgian lari","rate":7.7311642144477e-5,"date":"Sun, 27 Jun 2021 23:55:01 GMT","inverseRate":12934.662519925},"mkd":{"code":"MKD","alphaCode":"MKD","numericCode":"807","name":"Macedonian denar","rate":0.0012326176924573,"date":"Sun, 27 Jun 2021 23:55:01 GMT","inverseRate":811.28155641387},"bif":{"code":"BIF","alphaCode":"BIF","numericCode":"108","name":"Burundian franc","rate":0.047099784674983,"date":"Sun, 27 Jun 2021 23:55:01 GMT","inverseRate":21.23151956852},"mmk":{"code":"MMK","alphaCode":"MMK","numericCode":"104","name":"Myanma Kyat","rate":0.039174733949236,"date":"Sun, 27 Jun 2021 23:55:01 GMT","inverseRate":25.526657087087},"mvr":{"code":"MVR","alphaCode":"MVR","numericCode":"462","name":"Maldivian rufiyaa","rate":0.0003679129770651,"date":"Sun, 27 Jun 2021 23:55:01 GMT","inverseRate":2718.0340524468},"kes":{"code":"KES","alphaCode":"KES","numericCode":"404","name":"Kenyan shilling","rate":0.0025642292698289,"date":"Sun, 27 Jun 2021 23:55:01 GMT","inverseRate":389.98072901131},"aed":{"code":"AED","alphaCode":"AED","numericCode":"784","name":"U.A.E Dirham","rate":8.7502114624351e-5,"date":"Sun, 27 Jun 2021 23:55:01 GMT","inverseRate":11428.295239413},"php":{"code":"PHP","alphaCode":"PHP","numericCode":"608","name":"Philippine Peso","rate":0.0011576789118892,"date":"Sun, 27 Jun 2021 23:55:01 GMT","inverseRate":863.79737052316},"ils":{"code":"ILS","alphaCode":"ILS","numericCode":"376","name":"Israeli New Sheqel","rate":7.7512401769215e-5,"date":"Sun, 27 Jun 2021 23:55:01 GMT","inverseRate":12901.161326124},"mro":{"code":"MRO","alphaCode":"MRO","numericCode":"478","name":"Mauritanian Ouguiya","rate":0.00086428527050768,"date":"Sun, 27 Jun 2021 23:55:01 GMT","inverseRate":1157.0253874772},"cop":{"code":"COP","alphaCode":"COP","numericCode":"170","name":"Colombian Peso","rate":0.089743413308306,"date":"Sun, 27 Jun 2021 23:55:01 GMT","inverseRate":11.142879049681},"bzd":{"code":"BZD","alphaCode":"BZD","numericCode":"084","name":"Belize dollar","rate":4.7972467300205e-5,"date":"Sun, 27 Jun 2021 23:55:01 GMT","inverseRate":20845.290148246},"gnf":{"code":"GNF","alphaCode":"GNF","numericCode":"324","name":"Guinean franc","rate":0.23342458052654,"date":"Sun, 27 Jun 2021 23:55:01 GMT","inverseRate":4.2840389720067},"sll":{"code":"SLL","alphaCode":"SLL","numericCode":"694","name":"Sierra Leonean leone","rate":0.24417855849117,"date":"Sun, 27 Jun 2021 23:55:01 GMT","inverseRate":4.0953636804935},"ugx":{"code":"UGX","alphaCode":"UGX","numericCode":"800","name":"Ugandan shilling","rate":0.085082047292959,"date":"Sun, 27 Jun 2021 23:55:01 GMT","inverseRate":11.753360806619},"cny":{"code":"CNY","alphaCode":"CNY","numericCode":"156","name":"Chinese Yuan","rate":0.00015408857823859,"date":"Sun, 27 Jun 2021 23:55:01 GMT","inverseRate":6489.773683625},"sar":{"code":"SAR","alphaCode":"SAR","numericCode":"682","name":"Saudi Riyal","rate":8.9505003121296e-5,"date":"Sun, 27 Jun 2021 23:55:01 GMT","inverseRate":11172.559802549},"myr":{"code":"MYR","alphaCode":"MYR","numericCode":"458","name":"Malaysian Ringgit","rate":9.8905648771796e-5,"date":"Sun, 27 Jun 2021 23:55:01 GMT","inverseRate":10110.645978444},"kzt":{"code":"KZT","alphaCode":"KZT","numericCode":"398","name":"Kazakhstani Tenge","rate":0.010174348543212,"date":"Sun, 27 Jun 2021 23:55:01 GMT","inverseRate":98.286391089601},"bob":{"code":"BOB","alphaCode":"BOB","numericCode":"068","name":"Bolivian Boliviano","rate":0.00016403435081138,"date":"Sun, 27 Jun 2021 23:55:01 GMT","inverseRate":6096.2840713157},"gyd":{"code":"GYD","alphaCode":"GYD","numericCode":"328","name":"Guyanese dollar","rate":0.0049705901739528,"date":"Sun, 27 Jun 2021 23:55:01 GMT","inverseRate":201.18335348592},"rwf":{"code":"RWF","alphaCode":"RWF","numericCode":"646","name":"Rwandan franc","rate":0.023931444378019,"date":"Sun, 27 Jun 2021 23:55:01 GMT","inverseRate":41.786027796905},"mzn":{"code":"MZN","alphaCode":"MZN","numericCode":"943","name":"Mozambican metical","rate":0.0015168668027482,"date":"Sun, 27 Jun 2021 23:55:01 GMT","inverseRate":659.25366564039},"vuv":{"code":"VUV","alphaCode":"VUV","numericCode":"548","name":"Vanuatu vatu","rate":0.0026146804435067,"date":"Sun, 27 Jun 2021 23:55:01 GMT","inverseRate":382.45591444392},"idr":{"code":"IDR","alphaCode":"IDR","numericCode":"360","name":"Indonesian Rupiah","rate":0.34468166502346,"date":"Sun, 27 Jun 2021 23:55:01 GMT","inverseRate":2.9012277166873},"tnd":{"code":"TND","alphaCode":"TND","numericCode":"788","name":"Tunisian Dinar","rate":6.5270694205877e-5,"date":"Sun, 27 Jun 2021 23:55:01 GMT","inverseRate":15320.811463194},"xof":{"code":"XOF","alphaCode":"XOF","numericCode":"952","name":"West African CFA Franc","rate":0.013119728730695,"date":"Sun, 27 Jun 2021 23:55:01 GMT","inverseRate":76.221088143417},"tjs":{"code":"TJS","alphaCode":"TJS","numericCode":"972","name":"Tajikistan Ruble","rate":0.00026988487502844,"date":"Sun, 27 Jun 2021 23:55:01 GMT","inverseRate":3705.2835950685},"afn":{"code":"AFN","alphaCode":"AFN","numericCode":"971","name":"Afghan afghani","rate":0.0018824562945689,"date":"Sun, 27 Jun 2021 23:55:01 GMT","inverseRate":531.22083252882},"nad":{"code":"NAD","alphaCode":"NAD","numericCode":"516","name":"Namibian dollar","rate":0.00033834730786048,"date":"Sun, 27 Jun 2021 23:55:01 GMT","inverseRate":2955.5429488222},"syp":{"code":"SYP","alphaCode":"SYP","numericCode":"760","name":"Syrian pound","rate":0.060067925388829,"date":"Sun, 27 Jun 2021 23:55:01 GMT","inverseRate":16.647819839404},"top":{"code":"TOP","alphaCode":"TOP","numericCode":"776","name":"Tongan pa\u02bbanga","rate":5.2725079339484e-5,"date":"Sun, 27 Jun 2021 23:55:01 GMT","inverseRate":18966.306215705},"kwd":{"code":"KWD","alphaCode":"KWD","numericCode":"414","name":"Kuwaiti Dinar","rate":7.1787524539211e-6,"date":"Sun, 27 Jun 2021 23:55:01 GMT","inverseRate":139299.96979542},"czk":{"code":"CZK","alphaCode":"CZK","numericCode":"203","name":"Czech Koruna","rate":0.00050904825913876,"date":"Sun, 27 Jun 2021 23:55:01 GMT","inverseRate":1964.450289432},"pgk":{"code":"PGK","alphaCode":"PGK","numericCode":"598","name":"Papua New Guinean kina","rate":8.3769639712276e-5,"date":"Sun, 27 Jun 2021 23:55:01 GMT","inverseRate":11937.499115846},"uah":{"code":"UAH","alphaCode":"UAH","numericCode":"980","name":"Ukrainian Hryvnia","rate":0.00065388642176099,"date":"Sun, 27 Jun 2021 23:55:01 GMT","inverseRate":1529.3175798128},"etb":{"code":"ETB","alphaCode":"ETB","numericCode":"230","name":"Ethiopian birr","rate":0.0010416403246617,"date":"Sun, 27 Jun 2021 23:55:01 GMT","inverseRate":960.02427740569},"xcd":{"code":"XCD","alphaCode":"XCD","numericCode":"951","name":"East Caribbean Dollar","rate":6.4487466420874e-5,"date":"Sun, 27 Jun 2021 23:55:01 GMT","inverseRate":15506.889253077},"lak":{"code":"LAK","alphaCode":"LAK","numericCode":"418","name":"Lao kip","rate":0.22581926837906,"date":"Sun, 27 Jun 2021 23:55:01 GMT","inverseRate":4.4283200772815},"bwp":{"code":"BWP","alphaCode":"BWP","numericCode":"072","name":"Botswana Pula","rate":0.0002586904624842,"date":"Sun, 27 Jun 2021 23:55:01 GMT","inverseRate":3865.6237667094},"nok":{"code":"NOK","alphaCode":"NOK","numericCode":"578","name":"Norwegian Krone","rate":0.00020250490915412,"date":"Sun, 27 Jun 2021 23:55:01 GMT","inverseRate":4938.1518906236},"mad":{"code":"MAD","alphaCode":"MAD","numericCode":"504","name":"Moroccan Dirham","rate":0.00021084533861451,"date":"Sun, 27 Jun 2021 23:55:01 GMT","inverseRate":4742.8129384843},"ron":{"code":"RON","alphaCode":"RON","numericCode":"946","name":"Romanian New Leu","rate":9.8406494763686e-5,"date":"Sun, 27 Jun 2021 23:55:01 GMT","inverseRate":10161.930901018},"byn":{"code":"BYN","alphaCode":"BYN","numericCode":"933","name":"Belarussian Ruble","rate":6.0297936596404e-5,"date":"Sun, 27 Jun 2021 23:55:01 GMT","inverseRate":16584.315425142},"rsd":{"code":"RSD","alphaCode":"RSD","numericCode":"941","name":"Serbian Dinar","rate":0.0023038156380493,"date":"Sun, 27 Jun 2021 23:55:01 GMT","inverseRate":434.06251068193},"gmd":{"code":"GMD","alphaCode":"GMD","numericCode":"270","name":"Gambian dalasi","rate":0.0012359655429801,"date":"Sun, 27 Jun 2021 23:55:01 GMT","inverseRate":809.08404419501},"awg":{"code":"AWG","alphaCode":"AWG","numericCode":"533","name":"Aruban florin","rate":4.3077972883555e-5,"date":"Sun, 27 Jun 2021 23:55:01 GMT","inverseRate":23213.719984065},"aoa":{"code":"AOA","alphaCode":"AOA","numericCode":"973","name":"Angolan kwanza","rate":0.015534808290215,"date":"Sun, 27 Jun 2021 23:55:01 GMT","inverseRate":64.371570045696},"khr":{"code":"KHR","alphaCode":"KHR","numericCode":"116","name":"Cambodian riel","rate":0.096988038840956,"date":"Sun, 27 Jun 2021 23:55:01 GMT","inverseRate":10.310549753871},"scr":{"code":"SCR","alphaCode":"SCR","numericCode":"690","name":"Seychelles rupee","rate":0.00035669789423296,"date":"Sun, 27 Jun 2021 23:55:01 GMT","inverseRate":2803.4928609556},"bhd":{"code":"BHD","alphaCode":"BHD","numericCode":"048","name":"Bahrain Dinar","rate":8.9824511069362e-6,"date":"Sun, 27 Jun 2021 23:55:01 GMT","inverseRate":111328.18738393},"omr":{"code":"OMR","alphaCode":"OMR","numericCode":"512","name":"Omani Rial","rate":9.1804722775714e-6,"date":"Sun, 27 Jun 2021 23:55:01 GMT","inverseRate":108926.85798345},"rub":{"code":"RUB","alphaCode":"RUB","numericCode":"643","name":"Russian Rouble","rate":0.0017225165923206,"date":"Sun, 27 Jun 2021 23:55:01 GMT","inverseRate":580.54593172468},"lyd":{"code":"LYD","alphaCode":"LYD","numericCode":"434","name":"Libyan Dinar","rate":0.00010623342342098,"date":"Sun, 27 Jun 2021 23:55:01 GMT","inverseRate":9413.233310172},"clp":{"code":"CLP","alphaCode":"CLP","numericCode":"152","name":"Chilean Peso","rate":0.017515767234615,"date":"Sun, 27 Jun 2021 23:55:01 GMT","inverseRate":57.091418640444},"bsd":{"code":"BSD","alphaCode":"BSD","numericCode":"044","name":"Bahamian Dollar","rate":2.3787393231756e-5,"date":"Sun, 27 Jun 2021 23:55:01 GMT","inverseRate":42039.074658463},"djf":{"code":"DJF","alphaCode":"DJF","numericCode":"262","name":"Djiboutian franc","rate":0.004236699491383,"date":"Sun, 27 Jun 2021 23:55:01 GMT","inverseRate":236.03278968307},"hnl":{"code":"HNL","alphaCode":"HNL","numericCode":"340","name":"Honduran Lempira","rate":0.00057026511445091,"date":"Sun, 27 Jun 2021 23:55:01 GMT","inverseRate":1753.5703564172},"tzs":{"code":"TZS","alphaCode":"TZS","numericCode":"834","name":"Tanzanian shilling","rate":0.055175681618644,"date":"Sun, 27 Jun 2021 23:55:01 GMT","inverseRate":18.123926531831},"bbd":{"code":"BBD","alphaCode":"BBD","numericCode":"052","name":"Barbadian Dollar","rate":4.7765947243319e-5,"date":"Sun, 27 Jun 2021 23:55:01 GMT","inverseRate":20935.41649883},"bdt":{"code":"BDT","alphaCode":"BDT","numericCode":"050","name":"Bangladeshi taka","rate":0.0020192634649182,"date":"Sun, 27 Jun 2021 23:55:01 GMT","inverseRate":495.23007639844},"qar":{"code":"QAR","alphaCode":"QAR","numericCode":"634","name":"Qatari Rial","rate":8.7307379754921e-5,"date":"Sun, 27 Jun 2021 23:55:01 GMT","inverseRate":11453.785496794},"mxn":{"code":"MXN","alphaCode":"MXN","numericCode":"484","name":"Mexican Peso","rate":0.00047249188676978,"date":"Sun, 27 Jun 2021 23:55:01 GMT","inverseRate":2116.4384574655},"amd":{"code":"AMD","alphaCode":"AMD","numericCode":"051","name":"Armenia Dram","rate":0.012356118578197,"date":"Sun, 27 Jun 2021 23:55:01 GMT","inverseRate":80.931563878362},"uyu":{"code":"UYU","alphaCode":"UYU","numericCode":"858","name":"Uruguayan Peso","rate":0.0010388401877065,"date":"Sun, 27 Jun 2021 23:55:01 GMT","inverseRate":962.6119703818},"fjd":{"code":"FJD","alphaCode":"FJD","numericCode":"242","name":"Fiji Dollar","rate":4.9088470761779e-5,"date":"Sun, 27 Jun 2021 23:55:01 GMT","inverseRate":20371.382210151},"cdf":{"code":"CDF","alphaCode":"CDF","numericCode":"976","name":"Congolese franc","rate":0.047322420211787,"date":"Sun, 27 Jun 2021 23:55:01 GMT","inverseRate":21.131632649484},"lsl":{"code":"LSL","alphaCode":"LSL","numericCode":"426","name":"Lesotho loti","rate":0.00033847441053059,"date":"Sun, 27 Jun 2021 23:55:01 GMT","inverseRate":2954.4330941663},"mnt":{"code":"MNT","alphaCode":"MNT","numericCode":"496","name":"Mongolian togrog","rate":0.067847807291599,"date":"Sun, 27 Jun 2021 23:55:01 GMT","inverseRate":14.738869831153},"brl":{"code":"BRL","alphaCode":"BRL","numericCode":"986","name":"Brazilian Real","rate":0.00011928862018358,"date":"Sun, 27 Jun 2021 23:55:01 GMT","inverseRate":8383.0293154626},"hkd":{"code":"HKD","alphaCode":"HKD","numericCode":"344","name":"Hong Kong Dollar","rate":0.00018525936358167,"date":"Sun, 27 Jun 2021 23:55:01 GMT","inverseRate":5397.837824047},"thb":{"code":"THB","alphaCode":"THB","numericCode":"764","name":"Thai Baht","rate":0.00075429676364187,"date":"Sun, 27 Jun 2021 23:55:01 GMT","inverseRate":1325.7381553274},"xaf":{"code":"XAF","alphaCode":"XAF","numericCode":"950","name":"Central African CFA Franc","rate":0.013130851380685,"date":"Sun, 27 Jun 2021 23:55:01 GMT","inverseRate":76.156524128435},"mdl":{"code":"MDL","alphaCode":"MDL","numericCode":"498","name":"Moldova Lei","rate":0.00042941887161491,"date":"Sun, 27 Jun 2021 23:55:01 GMT","inverseRate":2328.728582047},"nio":{"code":"NIO","alphaCode":"NIO","numericCode":"558","name":"Nicaraguan C\u00f3rdoba","rate":0.00083480716547707,"date":"Sun, 27 Jun 2021 23:55:01 GMT","inverseRate":1197.8814286154},"lrd":{"code":"LRD","alphaCode":"LRD","numericCode":"430","name":"Liberian dollar","rate":0.0040770085105542,"date":"Sun, 27 Jun 2021 23:55:01 GMT","inverseRate":245.27787896721},"sdg":{"code":"SDG","alphaCode":"SDG","numericCode":"938","name":"Sudanese pound","rate":0.01047696373061,"date":"Sun, 27 Jun 2021 23:55:01 GMT","inverseRate":95.447500412584},"mru":{"code":"MRU","alphaCode":"MRU","numericCode":"929","name":"Mauritanian ouguiya","rate":0.00085975084048896,"date":"Sun, 27 Jun 2021 23:55:01 GMT","inverseRate":1163.1276794464},"dkk":{"code":"DKK","alphaCode":"DKK","numericCode":"208","name":"Danish Krone","rate":0.00014856039756263,"date":"Sun, 27 Jun 2021 23:55:01 GMT","inverseRate":6731.2690084746},"jod":{"code":"JOD","alphaCode":"JOD","numericCode":"400","name":"Jordanian Dinar","rate":1.6910693949469e-5,"date":"Sun, 27 Jun 2021 23:55:01 GMT","inverseRate":59134.17882129},"bgn":{"code":"BGN","alphaCode":"BGN","numericCode":"975","name":"Bulgarian Lev","rate":3.9073025489876e-5,"date":"Sun, 27 Jun 2021 23:55:01 GMT","inverseRate":25593.103873134},"vnd":{"code":"VND","alphaCode":"VND","numericCode":"704","name":"Vietnamese Dong","rate":0.54899673618102,"date":"Sun, 27 Jun 2021 23:55:01 GMT","inverseRate":1.8215044536627},"uzs":{"code":"UZS","alphaCode":"UZS","numericCode":"860","name":"Uzbekistan Sum","rate":0.25164878340045,"date":"Sun, 27 Jun 2021 23:55:01 GMT","inverseRate":3.9737923088175},"pab":{"code":"PAB","alphaCode":"PAB","numericCode":"590","name":"Panamanian Balboa","rate":2.3787393231756e-5,"date":"Sun, 27 Jun 2021 23:55:01 GMT","inverseRate":42039.074658463},"ttd":{"code":"TTD","alphaCode":"TTD","numericCode":"780","name":"Trinidad Tobago Dollar","rate":0.00016176281523024,"date":"Sun, 27 Jun 2021 23:55:01 GMT","inverseRate":6181.8904336989},"htg":{"code":"HTG","alphaCode":"HTG","numericCode":"332","name":"Haitian gourde","rate":0.0022357788606264,"date":"Sun, 27 Jun 2021 23:55:01 GMT","inverseRate":447.27142635198},"cup":{"code":"CUP","alphaCode":"CUP","numericCode":"192","name":"Cuban peso","rate":2.3787393231756e-5,"date":"Sun, 27 Jun 2021 23:55:01 GMT","inverseRate":42039.074658463}}