{"usd":{"code":"USD","alphaCode":"USD","numericCode":"840","name":"U.S. Dollar","rate":0.0081258561397346,"date":"Sun, 27 Jun 2021 23:55:01 GMT","inverseRate":123.0639556994},"eur":{"code":"EUR","alphaCode":"EUR","numericCode":"978","name":"Euro","rate":0.0068025499579855,"date":"Sun, 27 Jun 2021 23:55:01 GMT","inverseRate":147.00369805092},"gbp":{"code":"GBP","alphaCode":"GBP","numericCode":"826","name":"U.K. Pound Sterling","rate":0.005843160712227,"date":"Sun, 27 Jun 2021 23:55:01 GMT","inverseRate":171.14025255329},"jpy":{"code":"JPY","alphaCode":"JPY","numericCode":"392","name":"Japanese Yen","rate":0.89979914204497,"date":"Sun, 27 Jun 2021 23:55:01 GMT","inverseRate":1.1113591392489},"aud":{"code":"AUD","alphaCode":"AUD","numericCode":"036","name":"Australian Dollar","rate":0.010696184014736,"date":"Sun, 27 Jun 2021 23:55:01 GMT","inverseRate":93.491286109356},"chf":{"code":"CHF","alphaCode":"CHF","numericCode":"756","name":"Swiss Franc","rate":0.0074515297965425,"date":"Sun, 27 Jun 2021 23:55:01 GMT","inverseRate":134.20063091796},"cad":{"code":"CAD","alphaCode":"CAD","numericCode":"124","name":"Canadian Dollar","rate":0.009994756815163,"date":"Sun, 27 Jun 2021 23:55:01 GMT","inverseRate":100.05245935378},"lkr":{"code":"LKR","alphaCode":"LKR","numericCode":"144","name":"Sri Lanka Rupee","rate":1.6146178832308,"date":"Sun, 27 Jun 2021 23:55:01 GMT","inverseRate":0.61934158563824},"pln":{"code":"PLN","alphaCode":"PLN","numericCode":"985","name":"Polish Zloty","rate":0.030681460679452,"date":"Sun, 27 Jun 2021 23:55:01 GMT","inverseRate":32.592972363591},"pen":{"code":"PEN","alphaCode":"PEN","numericCode":"604","name":"Peruvian Nuevo Sol","rate":0.032342541693347,"date":"Sun, 27 Jun 2021 23:55:01 GMT","inverseRate":30.91902947769},"iqd":{"code":"IQD","alphaCode":"IQD","numericCode":"368","name":"Iraqi dinar","rate":11.832107488738,"date":"Sun, 27 Jun 2021 23:55:01 GMT","inverseRate":0.084515797456354},"svc":{"code":"SVC","alphaCode":"SVC","numericCode":"222","name":"Salvadoran colon","rate":0.070923223911872,"date":"Sun, 27 Jun 2021 23:55:01 GMT","inverseRate":14.099753858378},"cve":{"code":"CVE","alphaCode":"CVE","numericCode":"132","name":"Cape Verde escudo","rate":0.75738998375023,"date":"Sun, 27 Jun 2021 23:55:01 GMT","inverseRate":1.3203237717094},"zmw":{"code":"ZMW","alphaCode":"ZMW","numericCode":"967","name":"Zambian kwacha","rate":0.18302084929526,"date":"Sun, 27 Jun 2021 23:55:01 GMT","inverseRate":5.4638583737898},"yer":{"code":"YER","alphaCode":"YER","numericCode":"886","name":"Yemeni rial","rate":2.0376175330068,"date":"Sun, 27 Jun 2021 23:55:01 GMT","inverseRate":0.49076923603241},"dop":{"code":"DOP","alphaCode":"DOP","numericCode":"214","name":"Dominican Peso","rate":0.4613372759508,"date":"Sun, 27 Jun 2021 23:55:01 GMT","inverseRate":2.1676115331002},"nzd":{"code":"NZD","alphaCode":"NZD","numericCode":"554","name":"New Zealand Dollar","rate":0.011480503106544,"date":"Sun, 27 Jun 2021 23:55:01 GMT","inverseRate":87.104196629672},"hrk":{"code":"HRK","alphaCode":"HRK","numericCode":"191","name":"Croatian Kuna","rate":0.0509858809664,"date":"Sun, 27 Jun 2021 23:55:01 GMT","inverseRate":19.613272950192},"dzd":{"code":"DZD","alphaCode":"DZD","numericCode":"012","name":"Algerian Dinar","rate":1.0820783152493,"date":"Sun, 27 Jun 2021 23:55:01 GMT","inverseRate":0.92414752787059},"ars":{"code":"ARS","alphaCode":"ARS","numericCode":"032","name":"Argentine Peso","rate":0.77478168701458,"date":"Sun, 27 Jun 2021 23:55:01 GMT","inverseRate":1.2906861594177},"stn":{"code":"STN","alphaCode":"STN","numericCode":"930","name":"S\u00e3o Tom\u00e9 and Pr\u00edncipe Dobra","rate":0.1682627226653,"date":"Sun, 27 Jun 2021 23:55:01 GMT","inverseRate":5.9430870020399},"xpf":{"code":"XPF","alphaCode":"XPF","numericCode":"953","name":"CFP Franc","rate":0.81056719451113,"date":"Sun, 27 Jun 2021 23:55:01 GMT","inverseRate":1.2337040121678},"all":{"code":"ALL","alphaCode":"ALL","numericCode":"008","name":"Albanian lek","rate":0.8322063632189,"date":"Sun, 27 Jun 2021 23:55:01 GMT","inverseRate":1.2016250346033},"mur":{"code":"MUR","alphaCode":"MUR","numericCode":"480","name":"Mauritian Rupee","rate":0.33269299720049,"date":"Sun, 27 Jun 2021 23:55:01 GMT","inverseRate":3.0057741173234},"sos":{"code":"SOS","alphaCode":"SOS","numericCode":"706","name":"Somali shilling","rate":4.6866759880651,"date":"Sun, 27 Jun 2021 23:55:01 GMT","inverseRate":0.21337084162561},"ang":{"code":"ANG","alphaCode":"ANG","numericCode":"532","name":"Neth. Antillean Guilder","rate":0.014451081735727,"date":"Sun, 27 Jun 2021 23:55:01 GMT","inverseRate":69.198971972301},"pkr":{"code":"PKR","alphaCode":"PKR","numericCode":"586","name":"Pakistani Rupee","rate":1.2566568989287,"date":"Sun, 27 Jun 2021 23:55:01 GMT","inverseRate":0.79576215341871},"krw":{"code":"KRW","alphaCode":"KRW","numericCode":"410","name":"South Korean Won","rate":9.1594887093597,"date":"Sun, 27 Jun 2021 23:55:01 GMT","inverseRate":0.10917639965844},"azn":{"code":"AZN","alphaCode":"AZN","numericCode":"944","name":"Azerbaijan Manat","rate":0.013774053120338,"date":"Sun, 27 Jun 2021 23:55:01 GMT","inverseRate":72.600271776467},"pyg":{"code":"PYG","alphaCode":"PYG","numericCode":"600","name":"Paraguayan Guaran\u00ed","rate":55.081656096269,"date":"Sun, 27 Jun 2021 23:55:01 GMT","inverseRate":0.018154864448016},"bnd":{"code":"BND","alphaCode":"BND","numericCode":"096","name":"Brunei Dollar","rate":0.010905252539066,"date":"Sun, 27 Jun 2021 23:55:01 GMT","inverseRate":91.698930989235},"kmf":{"code":"KMF","alphaCode":"KMF","numericCode":"174","name":"\tComoro franc","rate":3.3582542524507,"date":"Sun, 27 Jun 2021 23:55:01 GMT","inverseRate":0.29777376125415},"szl":{"code":"SZL","alphaCode":"SZL","numericCode":"748","name":"Swazi lilangeni","rate":0.11518698588766,"date":"Sun, 27 Jun 2021 23:55:01 GMT","inverseRate":8.6815363063258},"wst":{"code":"WST","alphaCode":"WST","numericCode":"882","name":"Samoan tala","rate":0.020596450911089,"date":"Sun, 27 Jun 2021 23:55:01 GMT","inverseRate":48.552054153253},"egp":{"code":"EGP","alphaCode":"EGP","numericCode":"818","name":"Egyptian Pound","rate":0.12738774382345,"date":"Sun, 27 Jun 2021 23:55:01 GMT","inverseRate":7.8500487565426},"sgd":{"code":"SGD","alphaCode":"SGD","numericCode":"702","name":"Singapore Dollar","rate":0.010903541654962,"date":"Sun, 27 Jun 2021 23:55:01 GMT","inverseRate":91.713319547408},"zar":{"code":"ZAR","alphaCode":"ZAR","numericCode":"710","name":"South African Rand","rate":0.1145556386381,"date":"Sun, 27 Jun 2021 23:55:01 GMT","inverseRate":8.7293826117031},"kgs":{"code":"KGS","alphaCode":"KGS","numericCode":"417","name":"Kyrgyzstan Som","rate":0.67915972967764,"date":"Sun, 27 Jun 2021 23:55:01 GMT","inverseRate":1.472407677167},"crc":{"code":"CRC","alphaCode":"CRC","numericCode":"188","name":"Costa Rican Col\u00f3n","rate":5.0188263231458,"date":"Sun, 27 Jun 2021 23:55:01 GMT","inverseRate":0.19924977188157},"jmd":{"code":"JMD","alphaCode":"JMD","numericCode":"388","name":"Jamaican Dollar","rate":1.2124227012603,"date":"Sun, 27 Jun 2021 23:55:01 GMT","inverseRate":0.8247948499814},"ssp":{"code":"SSP","alphaCode":"SSP","numericCode":"728","name":"South Sudanese pound","rate":1.4410548878082,"date":"Sun, 27 Jun 2021 23:55:01 GMT","inverseRate":0.69393609394086},"ern":{"code":"ERN","alphaCode":"ERN","numericCode":"232","name":"Eritrean nakfa","rate":0.12215967479843,"date":"Sun, 27 Jun 2021 23:55:01 GMT","inverseRate":8.1860073845977},"bam":{"code":"BAM","alphaCode":"BAM","numericCode":"977","name":"Bosnia and Herzegovina convertible mark","rate":0.013414218892677,"date":"Sun, 27 Jun 2021 23:55:01 GMT","inverseRate":74.547762191795},"inr":{"code":"INR","alphaCode":"INR","numericCode":"356","name":"Indian Rupee","rate":0.60283630251563,"date":"Sun, 27 Jun 2021 23:55:01 GMT","inverseRate":1.6588251169132},"try":{"code":"TRY","alphaCode":"TRY","numericCode":"949","name":"Turkish Lira","rate":0.070785458019105,"date":"Sun, 27 Jun 2021 23:55:01 GMT","inverseRate":14.127195443591},"twd":{"code":"TWD","alphaCode":"TWD","numericCode":"901","name":"New Taiwan Dollar ","rate":0.2266981265276,"date":"Sun, 27 Jun 2021 23:55:01 GMT","inverseRate":4.4111524665742},"tmt":{"code":"TMT","alphaCode":"TMT","numericCode":"934","name":"New Turkmenistan Manat","rate":0.028367055212178,"date":"Sun, 27 Jun 2021 23:55:01 GMT","inverseRate":35.252161090401},"mga":{"code":"MGA","alphaCode":"MGA","numericCode":"969","name":"Malagasy ariary","rate":30.674294341885,"date":"Sun, 27 Jun 2021 23:55:01 GMT","inverseRate":0.032600586955786},"srd":{"code":"SRD","alphaCode":"SRD","numericCode":"968","name":"Surinamese dollar","rate":0.16863273415,"date":"Sun, 27 Jun 2021 23:55:01 GMT","inverseRate":5.9300467672576},"ghs":{"code":"GHS","alphaCode":"GHS","numericCode":"936","name":"Ghanaian Cedi","rate":0.047234823439922,"date":"Sun, 27 Jun 2021 23:55:01 GMT","inverseRate":21.170821169087},"mop":{"code":"MOP","alphaCode":"MOP","numericCode":"446","name":"Macanese pataca","rate":0.064850516579038,"date":"Sun, 27 Jun 2021 23:55:01 GMT","inverseRate":15.420077630087},"lbp":{"code":"LBP","alphaCode":"LBP","numericCode":"422","name":"Lebanese Pound","rate":12.236219744482,"date":"Sun, 27 Jun 2021 23:55:01 GMT","inverseRate":0.08172458658655},"huf":{"code":"HUF","alphaCode":"HUF","numericCode":"348","name":"Hungarian Forint","rate":2.3910710328388,"date":"Sun, 27 Jun 2021 23:55:01 GMT","inverseRate":0.41822262336254},"ngn":{"code":"NGN","alphaCode":"NGN","numericCode":"566","name":"Nigerian Naira","rate":3.3309975203834,"date":"Sun, 27 Jun 2021 23:55:01 GMT","inverseRate":0.3002103705814},"irr":{"code":"IRR","alphaCode":"IRR","numericCode":"364","name":"Iranian rial","rate":340.44008393637,"date":"Sun, 27 Jun 2021 23:55:01 GMT","inverseRate":0.0029373744373383},"ves":{"code":"VES","alphaCode":"VES","numericCode":"928","name":"Venezuelan Bolivar","rate":25776.717934357,"date":"Sun, 27 Jun 2021 23:55:01 GMT","inverseRate":3.8794698477386e-5},"sbd":{"code":"SBD","alphaCode":"SBD","numericCode":"090","name":"Solomon Islands dollar","rate":0.066065678100118,"date":"Sun, 27 Jun 2021 23:55:01 GMT","inverseRate":15.136452523571},"mwk":{"code":"MWK","alphaCode":"MWK","numericCode":"454","name":"Malawian kwacha","rate":6.5264456046563,"date":"Sun, 27 Jun 2021 23:55:01 GMT","inverseRate":0.1532227586922},"gtq":{"code":"GTQ","alphaCode":"GTQ","numericCode":"320","name":"Guatemalan Quetzal","rate":0.062664544110081,"date":"Sun, 27 Jun 2021 23:55:01 GMT","inverseRate":15.957987314857},"sek":{"code":"SEK","alphaCode":"SEK","numericCode":"752","name":"Swedish Krona","rate":0.068797511468375,"date":"Sun, 27 Jun 2021 23:55:01 GMT","inverseRate":14.535409474217},"npr":{"code":"NPR","alphaCode":"NPR","numericCode":"524","name":"Nepalese Rupee","rate":0.96353078385557,"date":"Sun, 27 Jun 2021 23:55:01 GMT","inverseRate":1.0378495599264},"gip":{"code":"GIP","alphaCode":"GIP","numericCode":"292","name":"Gibraltar pound","rate":0.0058163589523234,"date":"Sun, 27 Jun 2021 23:55:01 GMT","inverseRate":171.92886618535},"gel":{"code":"GEL","alphaCode":"GEL","numericCode":"981","name":"Georgian lari","rate":0.026319981940924,"date":"Sun, 27 Jun 2021 23:55:01 GMT","inverseRate":37.993947041625},"mkd":{"code":"MKD","alphaCode":"MKD","numericCode":"807","name":"Macedonian denar","rate":0.4196324706816,"date":"Sun, 27 Jun 2021 23:55:01 GMT","inverseRate":2.3830377052942},"bif":{"code":"BIF","alphaCode":"BIF","numericCode":"108","name":"Burundian franc","rate":16.034654648136,"date":"Sun, 27 Jun 2021 23:55:01 GMT","inverseRate":0.06236492284642},"mmk":{"code":"MMK","alphaCode":"MMK","numericCode":"104","name":"Myanma Kyat","rate":13.336649713863,"date":"Sun, 27 Jun 2021 23:55:01 GMT","inverseRate":0.074981349998311},"mvr":{"code":"MVR","alphaCode":"MVR","numericCode":"462","name":"Maldivian rufiyaa","rate":0.12525232479332,"date":"Sun, 27 Jun 2021 23:55:01 GMT","inverseRate":7.9838837454723},"kes":{"code":"KES","alphaCode":"KES","numericCode":"404","name":"Kenyan shilling","rate":0.87296642785263,"date":"Sun, 27 Jun 2021 23:55:01 GMT","inverseRate":1.1455194244524},"aed":{"code":"AED","alphaCode":"AED","numericCode":"784","name":"U.A.E Dirham","rate":0.029789227247324,"date":"Sun, 27 Jun 2021 23:55:01 GMT","inverseRate":33.569182298606},"php":{"code":"PHP","alphaCode":"PHP","numericCode":"608","name":"Philippine Peso","rate":0.39412030593492,"date":"Sun, 27 Jun 2021 23:55:01 GMT","inverseRate":2.5372963152148},"ils":{"code":"ILS","alphaCode":"ILS","numericCode":"376","name":"Israeli New Sheqel","rate":0.026388328564421,"date":"Sun, 27 Jun 2021 23:55:01 GMT","inverseRate":37.895541491335},"mro":{"code":"MRO","alphaCode":"MRO","numericCode":"478","name":"Mauritanian Ouguiya","rate":0.2942373500366,"date":"Sun, 27 Jun 2021 23:55:01 GMT","inverseRate":3.3986167965271},"cop":{"code":"COP","alphaCode":"COP","numericCode":"170","name":"Colombian Peso","rate":30.552255159416,"date":"Sun, 27 Jun 2021 23:55:01 GMT","inverseRate":0.032730808078886},"bzd":{"code":"BZD","alphaCode":"BZD","numericCode":"084","name":"Belize dollar","rate":0.016331750794316,"date":"Sun, 27 Jun 2021 23:55:01 GMT","inverseRate":61.230422420357},"gnf":{"code":"GNF","alphaCode":"GNF","numericCode":"324","name":"Guinean franc","rate":79.467083787265,"date":"Sun, 27 Jun 2021 23:55:01 GMT","inverseRate":0.012583826564934},"sll":{"code":"SLL","alphaCode":"SLL","numericCode":"694","name":"Sierra Leonean leone","rate":83.128168948196,"date":"Sun, 27 Jun 2021 23:55:01 GMT","inverseRate":0.012029616586685},"ugx":{"code":"UGX","alphaCode":"UGX","numericCode":"800","name":"Ugandan shilling","rate":28.965339321893,"date":"Sun, 27 Jun 2021 23:55:01 GMT","inverseRate":0.034524021586178},"cny":{"code":"CNY","alphaCode":"CNY","numericCode":"156","name":"Chinese Yuan","rate":0.052457928509181,"date":"Sun, 27 Jun 2021 23:55:01 GMT","inverseRate":19.062895322391},"sar":{"code":"SAR","alphaCode":"SAR","numericCode":"682","name":"Saudi Riyal","rate":0.030471090775339,"date":"Sun, 27 Jun 2021 23:55:01 GMT","inverseRate":32.817991563641},"myr":{"code":"MYR","alphaCode":"MYR","numericCode":"458","name":"Malaysian Ringgit","rate":0.033671447369651,"date":"Sun, 27 Jun 2021 23:55:01 GMT","inverseRate":29.69875304206},"kzt":{"code":"KZT","alphaCode":"KZT","numericCode":"398","name":"Kazakhstani Tenge","rate":3.4637560720488,"date":"Sun, 27 Jun 2021 23:55:01 GMT","inverseRate":0.28870393272483},"bob":{"code":"BOB","alphaCode":"BOB","numericCode":"068","name":"Bolivian Boliviano","rate":0.055843868158672,"date":"Sun, 27 Jun 2021 23:55:01 GMT","inverseRate":17.907068993835},"gyd":{"code":"GYD","alphaCode":"GYD","numericCode":"328","name":"Guyanese dollar","rate":1.6921881360338,"date":"Sun, 27 Jun 2021 23:55:01 GMT","inverseRate":0.59095083974755},"rwf":{"code":"RWF","alphaCode":"RWF","numericCode":"646","name":"Rwandan franc","rate":8.1472229327713,"date":"Sun, 27 Jun 2021 23:55:01 GMT","inverseRate":0.12274120988854},"mzn":{"code":"MZN","alphaCode":"MZN","numericCode":"943","name":"Mozambican metical","rate":0.5164022616479,"date":"Sun, 27 Jun 2021 23:55:01 GMT","inverseRate":1.9364748651737},"vuv":{"code":"VUV","alphaCode":"VUV","numericCode":"548","name":"Vanuatu vatu","rate":0.89014202965421,"date":"Sun, 27 Jun 2021 23:55:01 GMT","inverseRate":1.1234162264964},"idr":{"code":"IDR","alphaCode":"IDR","numericCode":"360","name":"Indonesian Rupiah","rate":117.34345497191,"date":"Sun, 27 Jun 2021 23:55:01 GMT","inverseRate":0.0085219921318949},"tnd":{"code":"TND","alphaCode":"TND","numericCode":"788","name":"Tunisian Dinar","rate":0.022220760614034,"date":"Sun, 27 Jun 2021 23:55:01 GMT","inverseRate":45.002959951265},"xof":{"code":"XOF","alphaCode":"XOF","numericCode":"952","name":"West African CFA Franc","rate":4.4664815503,"date":"Sun, 27 Jun 2021 23:55:01 GMT","inverseRate":0.22388987589859},"tjs":{"code":"TJS","alphaCode":"TJS","numericCode":"972","name":"Tajikistan Ruble","rate":0.091879629507839,"date":"Sun, 27 Jun 2021 23:55:01 GMT","inverseRate":10.883805315243},"afn":{"code":"AFN","alphaCode":"AFN","numericCode":"971","name":"Afghan afghani","rate":0.64086357892957,"date":"Sun, 27 Jun 2021 23:55:01 GMT","inverseRate":1.5603944940517},"nad":{"code":"NAD","alphaCode":"NAD","numericCode":"516","name":"Namibian dollar","rate":0.11518698588766,"date":"Sun, 27 Jun 2021 23:55:01 GMT","inverseRate":8.6815363063258},"syp":{"code":"SYP","alphaCode":"SYP","numericCode":"760","name":"Syrian pound","rate":20.449529561256,"date":"Sun, 27 Jun 2021 23:55:01 GMT","inverseRate":0.04890088043368},"top":{"code":"TOP","alphaCode":"TOP","numericCode":"776","name":"Tongan pa\u02bbanga","rate":0.017949730435886,"date":"Sun, 27 Jun 2021 23:55:01 GMT","inverseRate":55.711143048743},"kwd":{"code":"KWD","alphaCode":"KWD","numericCode":"414","name":"Kuwaiti Dinar","rate":0.0024439350879713,"date":"Sun, 27 Jun 2021 23:55:01 GMT","inverseRate":409.17617039906},"czk":{"code":"CZK","alphaCode":"CZK","numericCode":"203","name":"Czech Koruna","rate":0.17330043206886,"date":"Sun, 27 Jun 2021 23:55:01 GMT","inverseRate":5.7703260635995},"pgk":{"code":"PGK","alphaCode":"PGK","numericCode":"598","name":"Papua New Guinean kina","rate":0.028518543174966,"date":"Sun, 27 Jun 2021 23:55:01 GMT","inverseRate":35.064904748634},"uah":{"code":"UAH","alphaCode":"UAH","numericCode":"980","name":"Ukrainian Hryvnia","rate":0.22260914830916,"date":"Sun, 27 Jun 2021 23:55:01 GMT","inverseRate":4.4921783655144},"etb":{"code":"ETB","alphaCode":"ETB","numericCode":"230","name":"Ethiopian birr","rate":0.35461611955934,"date":"Sun, 27 Jun 2021 23:55:01 GMT","inverseRate":2.8199507716757},"xcd":{"code":"XCD","alphaCode":"XCD","numericCode":"951","name":"East Caribbean Dollar","rate":0.021954118481166,"date":"Sun, 27 Jun 2021 23:55:01 GMT","inverseRate":45.549540094624},"lak":{"code":"LAK","alphaCode":"LAK","numericCode":"418","name":"Lao kip","rate":76.877930681415,"date":"Sun, 27 Jun 2021 23:55:01 GMT","inverseRate":0.013007634195359},"bwp":{"code":"BWP","alphaCode":"BWP","numericCode":"072","name":"Botswana Pula","rate":0.08806860276166,"date":"Sun, 27 Jun 2021 23:55:01 GMT","inverseRate":11.3547844367},"nok":{"code":"NOK","alphaCode":"NOK","numericCode":"578","name":"Norwegian Krone","rate":0.068940788269956,"date":"Sun, 27 Jun 2021 23:55:01 GMT","inverseRate":14.505201131212},"mad":{"code":"MAD","alphaCode":"MAD","numericCode":"504","name":"Moroccan Dirham","rate":0.071780204775515,"date":"Sun, 27 Jun 2021 23:55:01 GMT","inverseRate":13.931417486581},"ron":{"code":"RON","alphaCode":"RON","numericCode":"946","name":"Romanian New Leu","rate":0.033501515337233,"date":"Sun, 27 Jun 2021 23:55:01 GMT","inverseRate":29.84939606265},"byn":{"code":"BYN","alphaCode":"BYN","numericCode":"933","name":"Belarussian Ruble","rate":0.020527834596069,"date":"Sun, 27 Jun 2021 23:55:01 GMT","inverseRate":48.714344190569},"rsd":{"code":"RSD","alphaCode":"RSD","numericCode":"941","name":"Serbian Dinar","rate":0.78431118919143,"date":"Sun, 27 Jun 2021 23:55:01 GMT","inverseRate":1.275004123084},"gmd":{"code":"GMD","alphaCode":"GMD","numericCode":"270","name":"Gambian dalasi","rate":0.42077221319459,"date":"Sun, 27 Jun 2021 23:55:01 GMT","inverseRate":2.3765827890767},"awg":{"code":"AWG","alphaCode":"AWG","numericCode":"533","name":"Aruban florin","rate":0.014665468704286,"date":"Sun, 27 Jun 2021 23:55:01 GMT","inverseRate":68.187387676723},"aoa":{"code":"AOA","alphaCode":"AOA","numericCode":"973","name":"Angolan kwanza","rate":5.288671438256,"date":"Sun, 27 Jun 2021 23:55:01 GMT","inverseRate":0.18908340434356},"khr":{"code":"KHR","alphaCode":"KHR","numericCode":"116","name":"Cambodian riel","rate":33.018616083839,"date":"Sun, 27 Jun 2021 23:55:01 GMT","inverseRate":0.030285945281924},"scr":{"code":"SCR","alphaCode":"SCR","numericCode":"690","name":"Seychelles rupee","rate":0.1214342610526,"date":"Sun, 27 Jun 2021 23:55:01 GMT","inverseRate":8.2349082650314},"bhd":{"code":"BHD","alphaCode":"BHD","numericCode":"048","name":"Bahrain Dinar","rate":0.0030579864087997,"date":"Sun, 27 Jun 2021 23:55:01 GMT","inverseRate":327.01257177677},"omr":{"code":"OMR","alphaCode":"OMR","numericCode":"512","name":"Omani Rial","rate":0.0031254007527519,"date":"Sun, 27 Jun 2021 23:55:01 GMT","inverseRate":319.95896818016},"rub":{"code":"RUB","alphaCode":"RUB","numericCode":"643","name":"Russian Rouble","rate":0.58641369327142,"date":"Sun, 27 Jun 2021 23:55:01 GMT","inverseRate":1.7052807795489},"lyd":{"code":"LYD","alphaCode":"LYD","numericCode":"434","name":"Libyan Dinar","rate":0.036166115586287,"date":"Sun, 27 Jun 2021 23:55:01 GMT","inverseRate":27.650190898001},"clp":{"code":"CLP","alphaCode":"CLP","numericCode":"152","name":"Chilean Peso","rate":5.9630692675623,"date":"Sun, 27 Jun 2021 23:55:01 GMT","inverseRate":0.16769887370582},"bsd":{"code":"BSD","alphaCode":"BSD","numericCode":"044","name":"Bahamian Dollar","rate":0.0080981821484462,"date":"Sun, 27 Jun 2021 23:55:01 GMT","inverseRate":123.48450327113},"djf":{"code":"DJF","alphaCode":"DJF","numericCode":"262","name":"Djiboutian franc","rate":1.4423423304596,"date":"Sun, 27 Jun 2021 23:55:01 GMT","inverseRate":0.69331668278872},"hnl":{"code":"HNL","alphaCode":"HNL","numericCode":"340","name":"Honduran Lempira","rate":0.19414110342965,"date":"Sun, 27 Jun 2021 23:55:01 GMT","inverseRate":5.1508927390143},"tzs":{"code":"TZS","alphaCode":"TZS","numericCode":"834","name":"Tanzanian shilling","rate":18.784013681497,"date":"Sun, 27 Jun 2021 23:55:01 GMT","inverseRate":0.053236758498799},"bbd":{"code":"BBD","alphaCode":"BBD","numericCode":"052","name":"Barbadian Dollar","rate":0.016261443088815,"date":"Sun, 27 Jun 2021 23:55:01 GMT","inverseRate":61.495157258693},"bdt":{"code":"BDT","alphaCode":"BDT","numericCode":"050","name":"Bangladeshi taka","rate":0.68743822348638,"date":"Sun, 27 Jun 2021 23:55:01 GMT","inverseRate":1.4546761670139},"qar":{"code":"QAR","alphaCode":"QAR","numericCode":"634","name":"Qatari Rial","rate":0.029722931692029,"date":"Sun, 27 Jun 2021 23:55:01 GMT","inverseRate":33.644056729039},"mxn":{"code":"MXN","alphaCode":"MXN","numericCode":"484","name":"Mexican Peso","rate":0.16085517759115,"date":"Sun, 27 Jun 2021 23:55:01 GMT","inverseRate":6.216772223159},"amd":{"code":"AMD","alphaCode":"AMD","numericCode":"051","name":"Armenia Dram","rate":4.2065180458892,"date":"Sun, 27 Jun 2021 23:55:01 GMT","inverseRate":0.23772630691011},"uyu":{"code":"UYU","alphaCode":"UYU","numericCode":"858","name":"Uruguayan Peso","rate":0.35366284069929,"date":"Sun, 27 Jun 2021 23:55:01 GMT","inverseRate":2.8275517948754},"fjd":{"code":"FJD","alphaCode":"FJD","numericCode":"242","name":"Fiji Dollar","rate":0.016711683106448,"date":"Sun, 27 Jun 2021 23:55:01 GMT","inverseRate":59.838377357346},"cdf":{"code":"CDF","alphaCode":"CDF","numericCode":"976","name":"Congolese franc","rate":16.110448708973,"date":"Sun, 27 Jun 2021 23:55:01 GMT","inverseRate":0.062071517563818},"lsl":{"code":"LSL","alphaCode":"LSL","numericCode":"426","name":"Lesotho loti","rate":0.11523025673135,"date":"Sun, 27 Jun 2021 23:55:01 GMT","inverseRate":8.6782762476304},"mnt":{"code":"MNT","alphaCode":"MNT","numericCode":"496","name":"Mongolian togrog","rate":23.09811320925,"date":"Sun, 27 Jun 2021 23:55:01 GMT","inverseRate":0.043293579477285},"brl":{"code":"BRL","alphaCode":"BRL","numericCode":"986","name":"Brazilian Real","rate":0.04061062786795,"date":"Sun, 27 Jun 2021 23:55:01 GMT","inverseRate":24.624096018698},"hkd":{"code":"HKD","alphaCode":"HKD","numericCode":"344","name":"Hong Kong Dollar","rate":0.063069713287741,"date":"Sun, 27 Jun 2021 23:55:01 GMT","inverseRate":15.855470841254},"thb":{"code":"THB","alphaCode":"THB","numericCode":"764","name":"Thai Baht","rate":0.25679285352717,"date":"Sun, 27 Jun 2021 23:55:01 GMT","inverseRate":3.8941893680628},"xaf":{"code":"XAF","alphaCode":"XAF","numericCode":"950","name":"Central African CFA Franc","rate":4.4702681461962,"date":"Sun, 27 Jun 2021 23:55:01 GMT","inverseRate":0.22370022721141},"mdl":{"code":"MDL","alphaCode":"MDL","numericCode":"498","name":"Moldova Lei","rate":0.14619139669644,"date":"Sun, 27 Jun 2021 23:55:01 GMT","inverseRate":6.840347808404},"nio":{"code":"NIO","alphaCode":"NIO","numericCode":"558","name":"Nicaraguan C\u00f3rdoba","rate":0.28420182148569,"date":"Sun, 27 Jun 2021 23:55:01 GMT","inverseRate":3.5186262873771},"lrd":{"code":"LRD","alphaCode":"LRD","numericCode":"430","name":"Liberian dollar","rate":1.3879771195423,"date":"Sun, 27 Jun 2021 23:55:01 GMT","inverseRate":0.72047297172285},"sdg":{"code":"SDG","alphaCode":"SDG","numericCode":"938","name":"Sudanese pound","rate":3.566778411847,"date":"Sun, 27 Jun 2021 23:55:01 GMT","inverseRate":0.28036504781977},"mru":{"code":"MRU","alphaCode":"MRU","numericCode":"929","name":"Mauritanian ouguiya","rate":0.29269364830042,"date":"Sun, 27 Jun 2021 23:55:01 GMT","inverseRate":3.4165415129665},"dkk":{"code":"DKK","alphaCode":"DKK","numericCode":"208","name":"Danish Krone","rate":0.050575914215842,"date":"Sun, 27 Jun 2021 23:55:01 GMT","inverseRate":19.772257516341},"jod":{"code":"JOD","alphaCode":"JOD","numericCode":"400","name":"Jordanian Dinar","rate":0.0057570780675794,"date":"Sun, 27 Jun 2021 23:55:01 GMT","inverseRate":173.69922524265},"bgn":{"code":"BGN","alphaCode":"BGN","numericCode":"975","name":"Bulgarian Lev","rate":0.013302024077421,"date":"Sun, 27 Jun 2021 23:55:01 GMT","inverseRate":75.176529089088},"vnd":{"code":"VND","alphaCode":"VND","numericCode":"704","name":"Vietnamese Dong","rate":186.90049494626,"date":"Sun, 27 Jun 2021 23:55:01 GMT","inverseRate":0.0053504406196867},"uzs":{"code":"UZS","alphaCode":"UZS","numericCode":"860","name":"Uzbekistan Sum","rate":85.671332943334,"date":"Sun, 27 Jun 2021 23:55:01 GMT","inverseRate":0.011672515947212},"pab":{"code":"PAB","alphaCode":"PAB","numericCode":"590","name":"Panamanian Balboa","rate":0.0080981821484462,"date":"Sun, 27 Jun 2021 23:55:01 GMT","inverseRate":123.48450327113},"ttd":{"code":"TTD","alphaCode":"TTD","numericCode":"780","name":"Trinidad Tobago Dollar","rate":0.055070546394765,"date":"Sun, 27 Jun 2021 23:55:01 GMT","inverseRate":18.158526934373},"htg":{"code":"HTG","alphaCode":"HTG","numericCode":"332","name":"Haitian gourde","rate":0.76114874297482,"date":"Sun, 27 Jun 2021 23:55:01 GMT","inverseRate":1.3138036543182},"cup":{"code":"CUP","alphaCode":"CUP","numericCode":"192","name":"Cuban peso","rate":0.0080981821484462,"date":"Sun, 27 Jun 2021 23:55:01 GMT","inverseRate":123.48450327113}}