{"usd":{"code":"USD","alphaCode":"USD","numericCode":"840","name":"U.S. Dollar","rate":0.0067021642957428,"date":"Sun, 27 Jun 2021 23:55:01 GMT","inverseRate":149.20553359684},"eur":{"code":"EUR","alphaCode":"EUR","numericCode":"978","name":"Euro","rate":0.0056107081720876,"date":"Sun, 27 Jun 2021 23:55:01 GMT","inverseRate":178.23062068615},"gbp":{"code":"GBP","alphaCode":"GBP","numericCode":"826","name":"U.K. Pound Sterling","rate":0.0048194088630585,"date":"Sun, 27 Jun 2021 23:55:01 GMT","inverseRate":207.49432729503},"jpy":{"code":"JPY","alphaCode":"JPY","numericCode":"392","name":"Japanese Yen","rate":0.74214969837637,"date":"Sun, 27 Jun 2021 23:55:01 GMT","inverseRate":1.3474370496784},"aud":{"code":"AUD","alphaCode":"AUD","numericCode":"036","name":"Australian Dollar","rate":0.0088221574898076,"date":"Sun, 27 Jun 2021 23:55:01 GMT","inverseRate":113.350957649},"chf":{"code":"CHF","alphaCode":"CHF","numericCode":"756","name":"Swiss Franc","rate":0.0061459834006711,"date":"Sun, 27 Jun 2021 23:55:01 GMT","inverseRate":162.70789144839},"cad":{"code":"CAD","alphaCode":"CAD","numericCode":"124","name":"Canadian Dollar","rate":0.0082436239479629,"date":"Sun, 27 Jun 2021 23:55:01 GMT","inverseRate":121.30587303744},"lkr":{"code":"LKR","alphaCode":"LKR","numericCode":"144","name":"Sri Lanka Rupee","rate":1.3317285147766,"date":"Sun, 27 Jun 2021 23:55:01 GMT","inverseRate":0.75090379826233},"pln":{"code":"PLN","alphaCode":"PLN","numericCode":"985","name":"Polish Zloty","rate":0.025305910758319,"date":"Sun, 27 Jun 2021 23:55:01 GMT","inverseRate":39.516459595166},"pen":{"code":"PEN","alphaCode":"PEN","numericCode":"604","name":"Peruvian Nuevo Sol","rate":0.026675961823981,"date":"Sun, 27 Jun 2021 23:55:01 GMT","inverseRate":37.486933239687},"iqd":{"code":"IQD","alphaCode":"IQD","numericCode":"368","name":"Iraqi dinar","rate":9.7590613211375,"date":"Sun, 27 Jun 2021 23:55:01 GMT","inverseRate":0.1024688714512},"svc":{"code":"SVC","alphaCode":"SVC","numericCode":"222","name":"Salvadoran colon","rate":0.05849710982659,"date":"Sun, 27 Jun 2021 23:55:01 GMT","inverseRate":17.094861660079},"cve":{"code":"CVE","alphaCode":"CVE","numericCode":"132","name":"Cape Verde escudo","rate":0.62469135802468,"date":"Sun, 27 Jun 2021 23:55:01 GMT","inverseRate":1.600790513834},"zmw":{"code":"ZMW","alphaCode":"ZMW","numericCode":"967","name":"Zambian kwacha","rate":0.15095465393795,"date":"Sun, 27 Jun 2021 23:55:01 GMT","inverseRate":6.6245059288537},"yer":{"code":"YER","alphaCode":"YER","numericCode":"886","name":"Yemeni rial","rate":1.6806164474558,"date":"Sun, 27 Jun 2021 23:55:01 GMT","inverseRate":0.59501976284585},"dop":{"code":"DOP","alphaCode":"DOP","numericCode":"214","name":"Dominican Peso","rate":0.38050860930867,"date":"Sun, 27 Jun 2021 23:55:01 GMT","inverseRate":2.6280614302443},"nzd":{"code":"NZD","alphaCode":"NZD","numericCode":"554","name":"New Zealand Dollar","rate":0.0094690598374732,"date":"Sun, 27 Jun 2021 23:55:01 GMT","inverseRate":105.60710536885},"hrk":{"code":"HRK","alphaCode":"HRK","numericCode":"191","name":"Croatian Kuna","rate":0.042052892042851,"date":"Sun, 27 Jun 2021 23:55:01 GMT","inverseRate":23.779577370827},"dzd":{"code":"DZD","alphaCode":"DZD","numericCode":"012","name":"Algerian Dinar","rate":0.89249262169416,"date":"Sun, 27 Jun 2021 23:55:01 GMT","inverseRate":1.1204574421039},"ars":{"code":"ARS","alphaCode":"ARS","numericCode":"032","name":"Argentine Peso","rate":0.63903594530953,"date":"Sun, 27 Jun 2021 23:55:01 GMT","inverseRate":1.5648571998804},"stn":{"code":"STN","alphaCode":"STN","numericCode":"930","name":"S\u00e3o Tom\u00e9 and Pr\u00edncipe Dobra","rate":0.13878222709819,"date":"Sun, 27 Jun 2021 23:55:01 GMT","inverseRate":7.205533596838},"xpf":{"code":"XPF","alphaCode":"XPF","numericCode":"953","name":"CFP Franc","rate":0.66855164759665,"date":"Sun, 27 Jun 2021 23:55:01 GMT","inverseRate":1.4957707509881},"all":{"code":"ALL","alphaCode":"ALL","numericCode":"008","name":"Albanian lek","rate":0.6863995225047,"date":"Sun, 27 Jun 2021 23:55:01 GMT","inverseRate":1.4568774703557},"mur":{"code":"MUR","alphaCode":"MUR","numericCode":"480","name":"Mauritian Rupee","rate":0.27440347071584,"date":"Sun, 27 Jun 2021 23:55:01 GMT","inverseRate":3.6442687747035},"sos":{"code":"SOS","alphaCode":"SOS","numericCode":"706","name":"Somali shilling","rate":3.8655462184875,"date":"Sun, 27 Jun 2021 23:55:01 GMT","inverseRate":0.2586956521739},"ang":{"code":"ANG","alphaCode":"ANG","numericCode":"532","name":"Neth. Antillean Guilder","rate":0.011919177792288,"date":"Sun, 27 Jun 2021 23:55:01 GMT","inverseRate":83.898404523091},"pkr":{"code":"PKR","alphaCode":"PKR","numericCode":"586","name":"Pakistani Rupee","rate":1.03648413843,"date":"Sun, 27 Jun 2021 23:55:01 GMT","inverseRate":0.9648000996086},"krw":{"code":"KRW","alphaCode":"KRW","numericCode":"410","name":"South Korean Won","rate":7.5546991159427,"date":"Sun, 27 Jun 2021 23:55:01 GMT","inverseRate":0.13236794538775},"azn":{"code":"AZN","alphaCode":"AZN","numericCode":"944","name":"Azerbaijan Manat","rate":0.011360768077025,"date":"Sun, 27 Jun 2021 23:55:01 GMT","inverseRate":88.022217619454},"pyg":{"code":"PYG","alphaCode":"PYG","numericCode":"600","name":"Paraguayan Guaran\u00ed","rate":45.431066276649,"date":"Sun, 27 Jun 2021 23:55:01 GMT","inverseRate":0.022011369795078},"bnd":{"code":"BND","alphaCode":"BND","numericCode":"096","name":"Brunei Dollar","rate":0.0089945961319683,"date":"Sun, 27 Jun 2021 23:55:01 GMT","inverseRate":111.17786561265},"kmf":{"code":"KMF","alphaCode":"KMF","numericCode":"174","name":"\tComoro franc","rate":2.7698708123495,"date":"Sun, 27 Jun 2021 23:55:01 GMT","inverseRate":0.36102766798418},"szl":{"code":"SZL","alphaCode":"SZL","numericCode":"748","name":"Swazi lilangeni","rate":0.095005632745026,"date":"Sun, 27 Jun 2021 23:55:01 GMT","inverseRate":10.525691699605},"wst":{"code":"WST","alphaCode":"WST","numericCode":"882","name":"Samoan tala","rate":0.016987846639361,"date":"Sun, 27 Jun 2021 23:55:01 GMT","inverseRate":58.865612648222},"egp":{"code":"EGP","alphaCode":"EGP","numericCode":"818","name":"Egyptian Pound","rate":0.10506875505633,"date":"Sun, 27 Jun 2021 23:55:01 GMT","inverseRate":9.5175773184321},"sgd":{"code":"SGD","alphaCode":"SGD","numericCode":"702","name":"Singapore Dollar","rate":0.0089931850035703,"date":"Sun, 27 Jun 2021 23:55:01 GMT","inverseRate":111.19531062721},"zar":{"code":"ZAR","alphaCode":"ZAR","numericCode":"710","name":"South African Rand","rate":0.094484900785037,"date":"Sun, 27 Jun 2021 23:55:01 GMT","inverseRate":10.583701646415},"kgs":{"code":"KGS","alphaCode":"KGS","numericCode":"417","name":"Kyrgyzstan Som","rate":0.56016744735288,"date":"Sun, 27 Jun 2021 23:55:01 GMT","inverseRate":1.7851804933071},"crc":{"code":"CRC","alphaCode":"CRC","numericCode":"188","name":"Costa Rican Col\u00f3n","rate":4.1395021042817,"date":"Sun, 27 Jun 2021 23:55:01 GMT","inverseRate":0.24157494665014},"ssp":{"code":"SSP","alphaCode":"SSP","numericCode":"728","name":"South Sudanese pound","rate":1.1885746500047,"date":"Sun, 27 Jun 2021 23:55:01 GMT","inverseRate":0.84134387351778},"ern":{"code":"ERN","alphaCode":"ERN","numericCode":"232","name":"Eritrean nakfa","rate":0.10075667064915,"date":"Sun, 27 Jun 2021 23:55:01 GMT","inverseRate":9.9249011857705},"bam":{"code":"BAM","alphaCode":"BAM","numericCode":"977","name":"Bosnia and Herzegovina convertible mark","rate":0.011063978659203,"date":"Sun, 27 Jun 2021 23:55:01 GMT","inverseRate":90.383399209484},"inr":{"code":"INR","alphaCode":"INR","numericCode":"356","name":"Indian Rupee","rate":0.49721627769672,"date":"Sun, 27 Jun 2021 23:55:01 GMT","inverseRate":2.0111972291662},"try":{"code":"TRY","alphaCode":"TRY","numericCode":"949","name":"Turkish Lira","rate":0.058383481227732,"date":"Sun, 27 Jun 2021 23:55:01 GMT","inverseRate":17.12813246095},"twd":{"code":"TWD","alphaCode":"TWD","numericCode":"901","name":"New Taiwan Dollar ","rate":0.1869794472604,"date":"Sun, 27 Jun 2021 23:55:01 GMT","inverseRate":5.3481813891948},"tmt":{"code":"TMT","alphaCode":"TMT","numericCode":"934","name":"New Turkmenistan Manat","rate":0.023397001048142,"date":"Sun, 27 Jun 2021 23:55:01 GMT","inverseRate":42.740520374486},"mga":{"code":"MGA","alphaCode":"MGA","numericCode":"969","name":"Malagasy ariary","rate":25.3,"date":"Sun, 27 Jun 2021 23:55:01 GMT","inverseRate":0.039525691699604},"srd":{"code":"SRD","alphaCode":"SRD","numericCode":"968","name":"Surinamese dollar","rate":0.1390874106652,"date":"Sun, 27 Jun 2021 23:55:01 GMT","inverseRate":7.1897233201581},"ghs":{"code":"GHS","alphaCode":"GHS","numericCode":"936","name":"Ghanaian Cedi","rate":0.038959039113029,"date":"Sun, 27 Jun 2021 23:55:01 GMT","inverseRate":25.667984189723},"mop":{"code":"MOP","alphaCode":"MOP","numericCode":"446","name":"Macanese pataca","rate":0.053488372093024,"date":"Sun, 27 Jun 2021 23:55:01 GMT","inverseRate":18.695652173913},"lbp":{"code":"LBP","alphaCode":"LBP","numericCode":"422","name":"Lebanese Pound","rate":10.09237102849,"date":"Sun, 27 Jun 2021 23:55:01 GMT","inverseRate":0.099084744028643},"huf":{"code":"HUF","alphaCode":"HUF","numericCode":"348","name":"Hungarian Forint","rate":1.9721430738251,"date":"Sun, 27 Jun 2021 23:55:01 GMT","inverseRate":0.50706260274536},"ngn":{"code":"NGN","alphaCode":"NGN","numericCode":"566","name":"Nigerian Naira","rate":2.747389600113,"date":"Sun, 27 Jun 2021 23:55:01 GMT","inverseRate":0.36398186844664},"irr":{"code":"IRR","alphaCode":"IRR","numericCode":"364","name":"Iranian rial","rate":280.79322795795,"date":"Sun, 27 Jun 2021 23:55:01 GMT","inverseRate":0.0035613394499306},"ves":{"code":"VES","alphaCode":"VES","numericCode":"928","name":"Venezuelan Bolivar","rate":21260.504201681,"date":"Sun, 27 Jun 2021 23:55:01 GMT","inverseRate":4.703557312253e-5},"sbd":{"code":"SBD","alphaCode":"SBD","numericCode":"090","name":"Solomon Islands dollar","rate":0.054490631057507,"date":"Sun, 27 Jun 2021 23:55:01 GMT","inverseRate":18.351778656126},"mwk":{"code":"MWK","alphaCode":"MWK","numericCode":"454","name":"Malawian kwacha","rate":5.3829787234043,"date":"Sun, 27 Jun 2021 23:55:01 GMT","inverseRate":0.18577075098814},"gtq":{"code":"GTQ","alphaCode":"GTQ","numericCode":"320","name":"Guatemalan Quetzal","rate":0.051685393258427,"date":"Sun, 27 Jun 2021 23:55:01 GMT","inverseRate":19.347826086957},"sek":{"code":"SEK","alphaCode":"SEK","numericCode":"752","name":"Swedish Krona","rate":0.056743833150652,"date":"Sun, 27 Jun 2021 23:55:01 GMT","inverseRate":17.623060418655},"npr":{"code":"NPR","alphaCode":"NPR","numericCode":"524","name":"Nepalese Rupee","rate":0.79471522832261,"date":"Sun, 27 Jun 2021 23:55:01 GMT","inverseRate":1.2583123669477},"isk":{"code":"ISK","alphaCode":"ISK","numericCode":"352","name":"Icelandic Krona","rate":0.8247948499814,"date":"Sun, 27 Jun 2021 23:55:01 GMT","inverseRate":1.2124227012603},"gip":{"code":"GIP","alphaCode":"GIP","numericCode":"292","name":"Gibraltar pound","rate":0.0047973029095196,"date":"Sun, 27 Jun 2021 23:55:01 GMT","inverseRate":208.45046036506},"gel":{"code":"GEL","alphaCode":"GEL","numericCode":"981","name":"Georgian lari","rate":0.021708585556478,"date":"Sun, 27 Jun 2021 23:55:01 GMT","inverseRate":46.064723903746},"mkd":{"code":"MKD","alphaCode":"MKD","numericCode":"807","name":"Macedonian denar","rate":0.34611070070315,"date":"Sun, 27 Jun 2021 23:55:01 GMT","inverseRate":2.8892490118578},"bif":{"code":"BIF","alphaCode":"BIF","numericCode":"108","name":"Burundian franc","rate":13.225300575013,"date":"Sun, 27 Jun 2021 23:55:01 GMT","inverseRate":0.075612648221345},"mmk":{"code":"MMK","alphaCode":"MMK","numericCode":"104","name":"Myanma Kyat","rate":11,"date":"Sun, 27 Jun 2021 23:55:01 GMT","inverseRate":0.090909090909093},"mvr":{"code":"MVR","alphaCode":"MVR","numericCode":"462","name":"Maldivian rufiyaa","rate":0.10330747243773,"date":"Sun, 27 Jun 2021 23:55:01 GMT","inverseRate":9.6798418972334},"kes":{"code":"KES","alphaCode":"KES","numericCode":"404","name":"Kenyan shilling","rate":0.72001821389951,"date":"Sun, 27 Jun 2021 23:55:01 GMT","inverseRate":1.3888537549407},"aed":{"code":"AED","alphaCode":"AED","numericCode":"784","name":"U.A.E Dirham","rate":0.024570001218518,"date":"Sun, 27 Jun 2021 23:55:01 GMT","inverseRate":40.700038681574},"php":{"code":"PHP","alphaCode":"PHP","numericCode":"608","name":"Philippine Peso","rate":0.32506839860821,"date":"Sun, 27 Jun 2021 23:55:01 GMT","inverseRate":3.0762756523904},"ils":{"code":"ILS","alphaCode":"ILS","numericCode":"376","name":"Israeli New Sheqel","rate":0.021764957499551,"date":"Sun, 27 Jun 2021 23:55:01 GMT","inverseRate":45.945414780645},"mro":{"code":"MRO","alphaCode":"MRO","numericCode":"478","name":"Mauritanian Ouguiya","rate":0.24268545098236,"date":"Sun, 27 Jun 2021 23:55:01 GMT","inverseRate":4.1205601569938},"cop":{"code":"COP","alphaCode":"COP","numericCode":"170","name":"Colombian Peso","rate":25.199342710804,"date":"Sun, 27 Jun 2021 23:55:01 GMT","inverseRate":0.039683574745435},"bzd":{"code":"BZD","alphaCode":"BZD","numericCode":"084","name":"Belize dollar","rate":0.013470343946332,"date":"Sun, 27 Jun 2021 23:55:01 GMT","inverseRate":74.237154150196},"gnf":{"code":"GNF","alphaCode":"GNF","numericCode":"324","name":"Guinean franc","rate":65.544041450776,"date":"Sun, 27 Jun 2021 23:55:01 GMT","inverseRate":0.015256916996048},"sll":{"code":"SLL","alphaCode":"SLL","numericCode":"694","name":"Sierra Leonean leone","rate":68.563685636855,"date":"Sun, 27 Jun 2021 23:55:01 GMT","inverseRate":0.014584980237154},"ugx":{"code":"UGX","alphaCode":"UGX","numericCode":"800","name":"Ugandan shilling","rate":23.890462700661,"date":"Sun, 27 Jun 2021 23:55:01 GMT","inverseRate":0.041857707509882},"cny":{"code":"CNY","alphaCode":"CNY","numericCode":"156","name":"Chinese Yuan","rate":0.043267029275065,"date":"Sun, 27 Jun 2021 23:55:01 GMT","inverseRate":23.112287040615},"sar":{"code":"SAR","alphaCode":"SAR","numericCode":"682","name":"Saudi Riyal","rate":0.025132398744815,"date":"Sun, 27 Jun 2021 23:55:01 GMT","inverseRate":39.789277981526},"myr":{"code":"MYR","alphaCode":"MYR","numericCode":"458","name":"Malaysian Ringgit","rate":0.027772036381908,"date":"Sun, 27 Jun 2021 23:55:01 GMT","inverseRate":36.007442387316},"kzt":{"code":"KZT","alphaCode":"KZT","numericCode":"398","name":"Kazakhstani Tenge","rate":2.8568881698176,"date":"Sun, 27 Jun 2021 23:55:01 GMT","inverseRate":0.3500312019787},"bob":{"code":"BOB","alphaCode":"BOB","numericCode":"068","name":"Bolivian Boliviano","rate":0.046059734860313,"date":"Sun, 27 Jun 2021 23:55:01 GMT","inverseRate":21.71093696116},"gyd":{"code":"GYD","alphaCode":"GYD","numericCode":"328","name":"Guyanese dollar","rate":1.3957080598003,"date":"Sun, 27 Jun 2021 23:55:01 GMT","inverseRate":0.71648221343875},"rwf":{"code":"RWF","alphaCode":"RWF","numericCode":"646","name":"Rwandan franc","rate":6.7197875166001,"date":"Sun, 27 Jun 2021 23:55:01 GMT","inverseRate":0.14881422924902},"mzn":{"code":"MZN","alphaCode":"MZN","numericCode":"943","name":"Mozambican metical","rate":0.42592592592593,"date":"Sun, 27 Jun 2021 23:55:01 GMT","inverseRate":2.3478260869565},"vuv":{"code":"VUV","alphaCode":"VUV","numericCode":"548","name":"Vanuatu vatu","rate":0.73418456181078,"date":"Sun, 27 Jun 2021 23:55:01 GMT","inverseRate":1.3620553359684},"idr":{"code":"IDR","alphaCode":"IDR","numericCode":"360","name":"Indonesian Rupiah","rate":96.784277339858,"date":"Sun, 27 Jun 2021 23:55:01 GMT","inverseRate":0.010332256720671},"tnd":{"code":"TND","alphaCode":"TND","numericCode":"788","name":"Tunisian Dinar","rate":0.018327568917124,"date":"Sun, 27 Jun 2021 23:55:01 GMT","inverseRate":54.56261026882},"xof":{"code":"XOF","alphaCode":"XOF","numericCode":"952","name":"West African CFA Franc","rate":3.6839309802244,"date":"Sun, 27 Jun 2021 23:55:01 GMT","inverseRate":0.27144916812179},"tjs":{"code":"TJS","alphaCode":"TJS","numericCode":"972","name":"Tajikistan Ruble","rate":0.075781845236265,"date":"Sun, 27 Jun 2021 23:55:01 GMT","inverseRate":13.195772640298},"afn":{"code":"AFN","alphaCode":"AFN","numericCode":"971","name":"Afghan afghani","rate":0.52858097944176,"date":"Sun, 27 Jun 2021 23:55:01 GMT","inverseRate":1.8918577075099},"nad":{"code":"NAD","alphaCode":"NAD","numericCode":"516","name":"Namibian dollar","rate":0.095005632745026,"date":"Sun, 27 Jun 2021 23:55:01 GMT","inverseRate":10.525691699605},"syp":{"code":"SYP","alphaCode":"SYP","numericCode":"760","name":"Syrian pound","rate":16.866666666666,"date":"Sun, 27 Jun 2021 23:55:01 GMT","inverseRate":0.059288537549408},"top":{"code":"TOP","alphaCode":"TOP","numericCode":"776","name":"Tongan pa\u02bbanga","rate":0.014804845222073,"date":"Sun, 27 Jun 2021 23:55:01 GMT","inverseRate":67.545454545454},"kwd":{"code":"KWD","alphaCode":"KWD","numericCode":"414","name":"Kuwaiti Dinar","rate":0.0020157450742476,"date":"Sun, 27 Jun 2021 23:55:01 GMT","inverseRate":496.09447780656},"czk":{"code":"CZK","alphaCode":"CZK","numericCode":"203","name":"Czech Koruna","rate":0.14293730386995,"date":"Sun, 27 Jun 2021 23:55:01 GMT","inverseRate":6.9960743131819},"pgk":{"code":"PGK","alphaCode":"PGK","numericCode":"598","name":"Papua New Guinean kina","rate":0.023521947539684,"date":"Sun, 27 Jun 2021 23:55:01 GMT","inverseRate":42.513486534772},"uah":{"code":"UAH","alphaCode":"UAH","numericCode":"980","name":"Ukrainian Hryvnia","rate":0.18360687908414,"date":"Sun, 27 Jun 2021 23:55:01 GMT","inverseRate":5.4464190284598},"etb":{"code":"ETB","alphaCode":"ETB","numericCode":"230","name":"Ethiopian birr","rate":0.29248554913293,"date":"Sun, 27 Jun 2021 23:55:01 GMT","inverseRate":3.418972332016},"xcd":{"code":"XCD","alphaCode":"XCD","numericCode":"951","name":"East Caribbean Dollar","rate":0.018107643859147,"date":"Sun, 27 Jun 2021 23:55:01 GMT","inverseRate":55.225296442687},"lak":{"code":"LAK","alphaCode":"LAK","numericCode":"418","name":"Lao kip","rate":63.408521303258,"date":"Sun, 27 Jun 2021 23:55:01 GMT","inverseRate":0.015770750988142},"bwp":{"code":"BWP","alphaCode":"BWP","numericCode":"072","name":"Botswana Pula","rate":0.072638530002875,"date":"Sun, 27 Jun 2021 23:55:01 GMT","inverseRate":13.766798418972},"nok":{"code":"NOK","alphaCode":"NOK","numericCode":"578","name":"Norwegian Krone","rate":0.056862007118718,"date":"Sun, 27 Jun 2021 23:55:01 GMT","inverseRate":17.586435137827},"mad":{"code":"MAD","alphaCode":"MAD","numericCode":"504","name":"Moroccan Dirham","rate":0.059203943229455,"date":"Sun, 27 Jun 2021 23:55:01 GMT","inverseRate":16.890766821465},"ron":{"code":"RON","alphaCode":"RON","numericCode":"946","name":"Romanian New Leu","rate":0.027631877316722,"date":"Sun, 27 Jun 2021 23:55:01 GMT","inverseRate":36.190085405265},"byn":{"code":"BYN","alphaCode":"BYN","numericCode":"933","name":"Belarussian Ruble","rate":0.016931252256108,"date":"Sun, 27 Jun 2021 23:55:01 GMT","inverseRate":59.062376773652},"rsd":{"code":"RSD","alphaCode":"RSD","numericCode":"941","name":"Serbian Dinar","rate":0.64689582962788,"date":"Sun, 27 Jun 2021 23:55:01 GMT","inverseRate":1.5458439430275},"gmd":{"code":"GMD","alphaCode":"GMD","numericCode":"270","name":"Gambian dalasi","rate":0.34705075445818,"date":"Sun, 27 Jun 2021 23:55:01 GMT","inverseRate":2.8814229249011},"awg":{"code":"AWG","alphaCode":"AWG","numericCode":"533","name":"Aruban florin","rate":0.012096003059859,"date":"Sun, 27 Jun 2021 23:55:01 GMT","inverseRate":82.671936758893},"aoa":{"code":"AOA","alphaCode":"AOA","numericCode":"973","name":"Angolan kwanza","rate":4.3620689655173,"date":"Sun, 27 Jun 2021 23:55:01 GMT","inverseRate":0.22924901185771},"khr":{"code":"KHR","alphaCode":"KHR","numericCode":"116","name":"Cambodian riel","rate":27.233584499463,"date":"Sun, 27 Jun 2021 23:55:01 GMT","inverseRate":0.036719367588931},"scr":{"code":"SCR","alphaCode":"SCR","numericCode":"690","name":"Seychelles rupee","rate":0.10015835312748,"date":"Sun, 27 Jun 2021 23:55:01 GMT","inverseRate":9.9841897233198},"bhd":{"code":"BHD","alphaCode":"BHD","numericCode":"048","name":"Bahrain Dinar","rate":0.0025222114412911,"date":"Sun, 27 Jun 2021 23:55:01 GMT","inverseRate":396.47746561966},"omr":{"code":"OMR","alphaCode":"OMR","numericCode":"512","name":"Omani Rial","rate":0.0025778144449977,"date":"Sun, 27 Jun 2021 23:55:01 GMT","inverseRate":387.92551649344},"rub":{"code":"RUB","alphaCode":"RUB","numericCode":"643","name":"Russian Rouble","rate":0.48367099416883,"date":"Sun, 27 Jun 2021 23:55:01 GMT","inverseRate":2.0675211291478},"lyd":{"code":"LYD","alphaCode":"LYD","numericCode":"434","name":"Libyan Dinar","rate":0.029829625879401,"date":"Sun, 27 Jun 2021 23:55:01 GMT","inverseRate":33.523719138916},"clp":{"code":"CLP","alphaCode":"CLP","numericCode":"152","name":"Chilean Peso","rate":4.9183088219677,"date":"Sun, 27 Jun 2021 23:55:01 GMT","inverseRate":0.20332192145672},"bsd":{"code":"BSD","alphaCode":"BSD","numericCode":"044","name":"Bahamian Dollar","rate":0.0066793389302497,"date":"Sun, 27 Jun 2021 23:55:01 GMT","inverseRate":149.71541501976},"djf":{"code":"DJF","alphaCode":"DJF","numericCode":"262","name":"Djiboutian franc","rate":1.1896365260732,"date":"Sun, 27 Jun 2021 23:55:01 GMT","inverseRate":0.8405928853755},"hnl":{"code":"HNL","alphaCode":"HNL","numericCode":"340","name":"Honduran Lempira","rate":0.16012658227848,"date":"Sun, 27 Jun 2021 23:55:01 GMT","inverseRate":6.2450592885376},"tzs":{"code":"TZS","alphaCode":"TZS","numericCode":"834","name":"Tanzanian shilling","rate":15.492957746479,"date":"Sun, 27 Jun 2021 23:55:01 GMT","inverseRate":0.064545454545454},"bbd":{"code":"BBD","alphaCode":"BBD","numericCode":"052","name":"Barbadian Dollar","rate":0.013412354512921,"date":"Sun, 27 Jun 2021 23:55:01 GMT","inverseRate":74.55812467801},"bdt":{"code":"BDT","alphaCode":"BDT","numericCode":"050","name":"Bangladeshi taka","rate":0.56699550641193,"date":"Sun, 27 Jun 2021 23:55:01 GMT","inverseRate":1.7636824078699},"qar":{"code":"QAR","alphaCode":"QAR","numericCode":"634","name":"Qatari Rial","rate":0.024515320985935,"date":"Sun, 27 Jun 2021 23:55:01 GMT","inverseRate":40.790818140775},"mxn":{"code":"MXN","alphaCode":"MXN","numericCode":"484","name":"Mexican Peso","rate":0.13267252207003,"date":"Sun, 27 Jun 2021 23:55:01 GMT","inverseRate":7.5373557719222},"amd":{"code":"AMD","alphaCode":"AMD","numericCode":"051","name":"Armenia Dram","rate":3.4695144206033,"date":"Sun, 27 Jun 2021 23:55:01 GMT","inverseRate":0.28822477118459},"uyu":{"code":"UYU","alphaCode":"UYU","numericCode":"858","name":"Uruguayan Peso","rate":0.29169928963856,"date":"Sun, 27 Jun 2021 23:55:01 GMT","inverseRate":3.4281879850961},"fjd":{"code":"FJD","alphaCode":"FJD","numericCode":"242","name":"Fiji Dollar","rate":0.013783710160719,"date":"Sun, 27 Jun 2021 23:55:01 GMT","inverseRate":72.549407114624},"cdf":{"code":"CDF","alphaCode":"CDF","numericCode":"976","name":"Congolese franc","rate":13.28781512605,"date":"Sun, 27 Jun 2021 23:55:01 GMT","inverseRate":0.075256916996048},"lsl":{"code":"LSL","alphaCode":"LSL","numericCode":"426","name":"Lesotho loti","rate":0.095041322314049,"date":"Sun, 27 Jun 2021 23:55:01 GMT","inverseRate":10.521739130435},"mnt":{"code":"MNT","alphaCode":"MNT","numericCode":"496","name":"Mongolian togrog","rate":19.051204819277,"date":"Sun, 27 Jun 2021 23:55:01 GMT","inverseRate":0.052490118577076},"brl":{"code":"BRL","alphaCode":"BRL","numericCode":"986","name":"Brazilian Real","rate":0.033495436719996,"date":"Sun, 27 Jun 2021 23:55:01 GMT","inverseRate":29.854813011082},"hkd":{"code":"HKD","alphaCode":"HKD","numericCode":"344","name":"Hong Kong Dollar","rate":0.052019574709532,"date":"Sun, 27 Jun 2021 23:55:01 GMT","inverseRate":19.223532787106},"thb":{"code":"THB","alphaCode":"THB","numericCode":"764","name":"Thai Baht","rate":0.21180142310124,"date":"Sun, 27 Jun 2021 23:55:01 GMT","inverseRate":4.7214035928457},"xaf":{"code":"XAF","alphaCode":"XAF","numericCode":"950","name":"Central African CFA Franc","rate":3.6870541450185,"date":"Sun, 27 Jun 2021 23:55:01 GMT","inverseRate":0.27121923374819},"mdl":{"code":"MDL","alphaCode":"MDL","numericCode":"498","name":"Moldova Lei","rate":0.12057791110681,"date":"Sun, 27 Jun 2021 23:55:01 GMT","inverseRate":8.2933929674248},"nio":{"code":"NIO","alphaCode":"NIO","numericCode":"558","name":"Nicaraguan C\u00f3rdoba","rate":0.23440819871673,"date":"Sun, 27 Jun 2021 23:55:01 GMT","inverseRate":4.2660623880671},"lrd":{"code":"LRD","alphaCode":"LRD","numericCode":"430","name":"Liberian dollar","rate":1.1447963800905,"date":"Sun, 27 Jun 2021 23:55:01 GMT","inverseRate":0.87351778656123},"sdg":{"code":"SDG","alphaCode":"SDG","numericCode":"938","name":"Sudanese pound","rate":2.9418604651163,"date":"Sun, 27 Jun 2021 23:55:01 GMT","inverseRate":0.3399209486166},"mru":{"code":"MRU","alphaCode":"MRU","numericCode":"929","name":"Mauritanian ouguiya","rate":0.24141221374046,"date":"Sun, 27 Jun 2021 23:55:01 GMT","inverseRate":4.1422924901186},"dkk":{"code":"DKK","alphaCode":"DKK","numericCode":"208","name":"Danish Krone","rate":0.041714753578327,"date":"Sun, 27 Jun 2021 23:55:01 GMT","inverseRate":23.972333867976},"jod":{"code":"JOD","alphaCode":"JOD","numericCode":"400","name":"Jordanian Dinar","rate":0.0047484083410804,"date":"Sun, 27 Jun 2021 23:55:01 GMT","inverseRate":210.59688387551},"bgn":{"code":"BGN","alphaCode":"BGN","numericCode":"975","name":"Bulgarian Lev","rate":0.010971440953385,"date":"Sun, 27 Jun 2021 23:55:01 GMT","inverseRate":91.145730469563},"vnd":{"code":"VND","alphaCode":"VND","numericCode":"704","name":"Vietnamese Dong","rate":154.15456569065,"date":"Sun, 27 Jun 2021 23:55:01 GMT","inverseRate":0.0064869956690532},"uzs":{"code":"UZS","alphaCode":"UZS","numericCode":"860","name":"Uzbekistan Sum","rate":70.661274202703,"date":"Sun, 27 Jun 2021 23:55:01 GMT","inverseRate":0.014152023315223},"pab":{"code":"PAB","alphaCode":"PAB","numericCode":"590","name":"Panamanian Balboa","rate":0.0066793389302497,"date":"Sun, 27 Jun 2021 23:55:01 GMT","inverseRate":149.71541501976},"ttd":{"code":"TTD","alphaCode":"TTD","numericCode":"780","name":"Trinidad Tobago Dollar","rate":0.045421903052064,"date":"Sun, 27 Jun 2021 23:55:01 GMT","inverseRate":22.01581027668},"htg":{"code":"HTG","alphaCode":"HTG","numericCode":"332","name":"Haitian gourde","rate":0.62779156327544,"date":"Sun, 27 Jun 2021 23:55:01 GMT","inverseRate":1.592885375494},"cup":{"code":"CUP","alphaCode":"CUP","numericCode":"192","name":"Cuban peso","rate":0.0066793389302497,"date":"Sun, 27 Jun 2021 23:55:01 GMT","inverseRate":149.71541501976}}