{"usd":{"code":"USD","alphaCode":"USD","numericCode":"840","name":"U.S. Dollar","rate":1.4114549159051,"date":"Sun, 27 Jun 2021 23:55:01 GMT","inverseRate":0.70848880026658},"eur":{"code":"EUR","alphaCode":"EUR","numericCode":"978","name":"Euro","rate":1.1815976573765,"date":"Sun, 27 Jun 2021 23:55:01 GMT","inverseRate":0.84631176590202},"gbp":{"code":"GBP","alphaCode":"GBP","numericCode":"826","name":"U.K. Pound Sterling","rate":1.0149524886821,"date":"Sun, 27 Jun 2021 23:55:01 GMT","inverseRate":0.98526779445455},"jpy":{"code":"JPY","alphaCode":"JPY","numericCode":"392","name":"Japanese Yen","rate":156.29441384721,"date":"Sun, 27 Jun 2021 23:55:01 GMT","inverseRate":0.0063981813257738},"aud":{"code":"AUD","alphaCode":"AUD","numericCode":"036","name":"Australian Dollar","rate":1.8579188764125,"date":"Sun, 27 Jun 2021 23:55:01 GMT","inverseRate":0.53823663276996},"chf":{"code":"CHF","alphaCode":"CHF","numericCode":"756","name":"Swiss Franc","rate":1.294324952532,"date":"Sun, 27 Jun 2021 23:55:01 GMT","inverseRate":0.77260350891313},"cad":{"code":"CAD","alphaCode":"CAD","numericCode":"124","name":"Canadian Dollar","rate":1.7360815152825,"date":"Sun, 27 Jun 2021 23:55:01 GMT","inverseRate":0.57600981935302},"lkr":{"code":"LKR","alphaCode":"LKR","numericCode":"144","name":"Sri Lanka Rupee","rate":280.45787538011,"date":"Sun, 27 Jun 2021 23:55:01 GMT","inverseRate":0.0035655978590178},"pln":{"code":"PLN","alphaCode":"PLN","numericCode":"985","name":"Polish Zloty","rate":5.3293459493337,"date":"Sun, 27 Jun 2021 23:55:01 GMT","inverseRate":0.18764028635165},"pen":{"code":"PEN","alphaCode":"PEN","numericCode":"604","name":"Peruvian Nuevo Sol","rate":5.6178744345124,"date":"Sun, 27 Jun 2021 23:55:01 GMT","inverseRate":0.17800326647685},"iqd":{"code":"IQD","alphaCode":"IQD","numericCode":"368","name":"Iraqi dinar","rate":2055.2279037816,"date":"Sun, 27 Jun 2021 23:55:01 GMT","inverseRate":0.00048656404389996},"svc":{"code":"SVC","alphaCode":"SVC","numericCode":"222","name":"Salvadoran colon","rate":12.319309045203,"date":"Sun, 27 Jun 2021 23:55:01 GMT","inverseRate":0.081173383696334},"cve":{"code":"CVE","alphaCode":"CVE","numericCode":"132","name":"Cape Verde escudo","rate":131.55805338396,"date":"Sun, 27 Jun 2021 23:55:01 GMT","inverseRate":0.0076012070282118},"zmw":{"code":"ZMW","alphaCode":"ZMW","numericCode":"967","name":"Zambian kwacha","rate":31.790579725838,"date":"Sun, 27 Jun 2021 23:55:01 GMT","inverseRate":0.031455859208105},"yer":{"code":"YER","alphaCode":"YER","numericCode":"886","name":"Yemeni rial","rate":353.93258682412,"date":"Sun, 27 Jun 2021 23:55:01 GMT","inverseRate":0.0028253968050049},"dop":{"code":"DOP","alphaCode":"DOP","numericCode":"214","name":"Dominican Peso","rate":80.133927408209,"date":"Sun, 27 Jun 2021 23:55:01 GMT","inverseRate":0.012479108816244},"nzd":{"code":"NZD","alphaCode":"NZD","numericCode":"554","name":"New Zealand Dollar","rate":1.9941544950026,"date":"Sun, 27 Jun 2021 23:55:01 GMT","inverseRate":0.50146566001081},"hrk":{"code":"HRK","alphaCode":"HRK","numericCode":"191","name":"Croatian Kuna","rate":8.8562080221776,"date":"Sun, 27 Jun 2021 23:55:01 GMT","inverseRate":0.112915143535},"dzd":{"code":"DZD","alphaCode":"DZD","numericCode":"012","name":"Algerian Dinar","rate":187.95616501067,"date":"Sun, 27 Jun 2021 23:55:01 GMT","inverseRate":0.0053203894639115},"ars":{"code":"ARS","alphaCode":"ARS","numericCode":"032","name":"Argentine Peso","rate":134.57897876663,"date":"Sun, 27 Jun 2021 23:55:01 GMT","inverseRate":0.0074305809805118},"stn":{"code":"STN","alphaCode":"STN","numericCode":"930","name":"S\u00e3o Tom\u00e9 and Pr\u00edncipe Dobra","rate":29.227104564182,"date":"Sun, 27 Jun 2021 23:55:01 GMT","inverseRate":0.03421481583316},"xpf":{"code":"XPF","alphaCode":"XPF","numericCode":"953","name":"CFP Franc","rate":140.79489369369,"date":"Sun, 27 Jun 2021 23:55:01 GMT","inverseRate":0.0071025303103361},"all":{"code":"ALL","alphaCode":"ALL","numericCode":"008","name":"Albanian lek","rate":144.55360053313,"date":"Sun, 27 Jun 2021 23:55:01 GMT","inverseRate":0.006917849132169},"mur":{"code":"MUR","alphaCode":"MUR","numericCode":"480","name":"Mauritian Rupee","rate":57.788515857381,"date":"Sun, 27 Jun 2021 23:55:01 GMT","inverseRate":0.017304476246941},"sos":{"code":"SOS","alphaCode":"SOS","numericCode":"706","name":"Somali shilling","rate":814.07198809023,"date":"Sun, 27 Jun 2021 23:55:01 GMT","inverseRate":0.0012283925925838},"ang":{"code":"ANG","alphaCode":"ANG","numericCode":"532","name":"Neth. Antillean Guilder","rate":2.510141701414,"date":"Sun, 27 Jun 2021 23:55:01 GMT","inverseRate":0.39838388384078},"pkr":{"code":"PKR","alphaCode":"PKR","numericCode":"586","name":"Pakistani Rupee","rate":218.28032973975,"date":"Sun, 27 Jun 2021 23:55:01 GMT","inverseRate":0.0045812648404566},"krw":{"code":"KRW","alphaCode":"KRW","numericCode":"410","name":"South Korean Won","rate":1590.9960924346,"date":"Sun, 27 Jun 2021 23:55:01 GMT","inverseRate":0.00062853705597087},"azn":{"code":"AZN","alphaCode":"AZN","numericCode":"944","name":"Azerbaijan Manat","rate":2.3925423554537,"date":"Sun, 27 Jun 2021 23:55:01 GMT","inverseRate":0.4179654323446},"pyg":{"code":"PYG","alphaCode":"PYG","numericCode":"600","name":"Paraguayan Guaran\u00ed","rate":9567.640989004,"date":"Sun, 27 Jun 2021 23:55:01 GMT","inverseRate":0.00010451897193355},"bnd":{"code":"BND","alphaCode":"BND","numericCode":"096","name":"Brunei Dollar","rate":1.8942339171112,"date":"Sun, 27 Jun 2021 23:55:01 GMT","inverseRate":0.5279179044186},"kmf":{"code":"KMF","alphaCode":"KMF","numericCode":"174","name":"\tComoro franc","rate":583.32616181853,"date":"Sun, 27 Jun 2021 23:55:01 GMT","inverseRate":0.0017143067900169},"szl":{"code":"SZL","alphaCode":"SZL","numericCode":"748","name":"Swazi lilangeni","rate":20.007890206724,"date":"Sun, 27 Jun 2021 23:55:01 GMT","inverseRate":0.049980282262043},"wst":{"code":"WST","alphaCode":"WST","numericCode":"882","name":"Samoan tala","rate":3.5775875660044,"date":"Sun, 27 Jun 2021 23:55:01 GMT","inverseRate":0.27951796610162},"egp":{"code":"EGP","alphaCode":"EGP","numericCode":"818","name":"Egyptian Pound","rate":22.127152407542,"date":"Sun, 27 Jun 2021 23:55:01 GMT","inverseRate":0.04519334352572},"sgd":{"code":"SGD","alphaCode":"SGD","numericCode":"702","name":"Singapore Dollar","rate":1.8939367378679,"date":"Sun, 27 Jun 2021 23:55:01 GMT","inverseRate":0.52800074047129},"zar":{"code":"ZAR","alphaCode":"ZAR","numericCode":"710","name":"South African Rand","rate":19.898225678616,"date":"Sun, 27 Jun 2021 23:55:01 GMT","inverseRate":0.050255737177345},"kgs":{"code":"KGS","alphaCode":"KGS","numericCode":"417","name":"Kyrgyzstan Som","rate":117.96951886101,"date":"Sun, 27 Jun 2021 23:55:01 GMT","inverseRate":0.0084767659447535},"crc":{"code":"CRC","alphaCode":"CRC","numericCode":"188","name":"Costa Rican Col\u00f3n","rate":871.76624395785,"date":"Sun, 27 Jun 2021 23:55:01 GMT","inverseRate":0.0011470964916696},"jmd":{"code":"JMD","alphaCode":"JMD","numericCode":"388","name":"Jamaican Dollar","rate":210.59688387551,"date":"Sun, 27 Jun 2021 23:55:01 GMT","inverseRate":0.0047484083410804},"ssp":{"code":"SSP","alphaCode":"SSP","numericCode":"728","name":"South Sudanese pound","rate":250.31011754442,"date":"Sun, 27 Jun 2021 23:55:01 GMT","inverseRate":0.0039950442667287},"ern":{"code":"ERN","alphaCode":"ERN","numericCode":"232","name":"Eritrean nakfa","rate":21.219040868381,"date":"Sun, 27 Jun 2021 23:55:01 GMT","inverseRate":0.047127483574911},"bam":{"code":"BAM","alphaCode":"BAM","numericCode":"977","name":"Bosnia and Herzegovina convertible mark","rate":2.3300394288934,"date":"Sun, 27 Jun 2021 23:55:01 GMT","inverseRate":0.42917728670151},"inr":{"code":"INR","alphaCode":"INR","numericCode":"356","name":"Indian Rupee","rate":104.71219869511,"date":"Sun, 27 Jun 2021 23:55:01 GMT","inverseRate":0.0095499856985307},"try":{"code":"TRY","alphaCode":"TRY","numericCode":"949","name":"Turkish Lira","rate":12.295379216365,"date":"Sun, 27 Jun 2021 23:55:01 GMT","inverseRate":0.081331367044705},"twd":{"code":"TWD","alphaCode":"TWD","numericCode":"901","name":"New Taiwan Dollar ","rate":39.377288941805,"date":"Sun, 27 Jun 2021 23:55:01 GMT","inverseRate":0.025395349118063},"tmt":{"code":"TMT","alphaCode":"TMT","numericCode":"934","name":"New Turkmenistan Manat","rate":4.9273355127708,"date":"Sun, 27 Jun 2021 23:55:01 GMT","inverseRate":0.20294944344832},"mga":{"code":"MGA","alphaCode":"MGA","numericCode":"969","name":"Malagasy ariary","rate":5328.1011620505,"date":"Sun, 27 Jun 2021 23:55:01 GMT","inverseRate":0.00018768412415337},"srd":{"code":"SRD","alphaCode":"SRD","numericCode":"968","name":"Surinamese dollar","rate":29.291375272404,"date":"Sun, 27 Jun 2021 23:55:01 GMT","inverseRate":0.034139742183499},"ghs":{"code":"GHS","alphaCode":"GHS","numericCode":"936","name":"Ghanaian Cedi","rate":8.2046522359879,"date":"Sun, 27 Jun 2021 23:55:01 GMT","inverseRate":0.1218820702252},"mop":{"code":"MOP","alphaCode":"MOP","numericCode":"446","name":"Macanese pataca","rate":11.264484486365,"date":"Sun, 27 Jun 2021 23:55:01 GMT","inverseRate":0.088774590724545},"lbp":{"code":"LBP","alphaCode":"LBP","numericCode":"422","name":"Lebanese Pound","rate":2125.4218895154,"date":"Sun, 27 Jun 2021 23:55:01 GMT","inverseRate":0.00047049482501942},"huf":{"code":"HUF","alphaCode":"HUF","numericCode":"348","name":"Hungarian Forint","rate":415.32718590424,"date":"Sun, 27 Jun 2021 23:55:01 GMT","inverseRate":0.002407740292326},"ngn":{"code":"NGN","alphaCode":"NGN","numericCode":"566","name":"Nigerian Naira","rate":578.59168857578,"date":"Sun, 27 Jun 2021 23:55:01 GMT","inverseRate":0.001728334540134},"irr":{"code":"IRR","alphaCode":"IRR","numericCode":"364","name":"Iranian rial","rate":59134.17882129,"date":"Sun, 27 Jun 2021 23:55:01 GMT","inverseRate":1.6910693949469e-5},"ves":{"code":"VES","alphaCode":"VES","numericCode":"928","name":"Venezuelan Bolivar","rate":4477395.9344961,"date":"Sun, 27 Jun 2021 23:55:01 GMT","inverseRate":2.2334410774252e-7},"sbd":{"code":"SBD","alphaCode":"SBD","numericCode":"090","name":"Solomon Islands dollar","rate":11.475557101121,"date":"Sun, 27 Jun 2021 23:55:01 GMT","inverseRate":0.08714173884441},"mwk":{"code":"MWK","alphaCode":"MWK","numericCode":"454","name":"Malawian kwacha","rate":1133.6385451171,"date":"Sun, 27 Jun 2021 23:55:01 GMT","inverseRate":0.00088211538352085},"gtq":{"code":"GTQ","alphaCode":"GTQ","numericCode":"320","name":"Guatemalan Quetzal","rate":10.884782762105,"date":"Sun, 27 Jun 2021 23:55:01 GMT","inverseRate":0.091871378773077},"sek":{"code":"SEK","alphaCode":"SEK","numericCode":"752","name":"Swedish Krona","rate":11.950074440679,"date":"Sun, 27 Jun 2021 23:55:01 GMT","inverseRate":0.083681487087303},"npr":{"code":"NPR","alphaCode":"NPR","numericCode":"524","name":"Nepalese Rupee","rate":167.36455065316,"date":"Sun, 27 Jun 2021 23:55:01 GMT","inverseRate":0.005974980938899},"isk":{"code":"ISK","alphaCode":"ISK","numericCode":"352","name":"Icelandic Krona","rate":173.69922524265,"date":"Sun, 27 Jun 2021 23:55:01 GMT","inverseRate":0.0057570780675794},"gip":{"code":"GIP","alphaCode":"GIP","numericCode":"292","name":"Gibraltar pound","rate":1.0102970437517,"date":"Sun, 27 Jun 2021 23:55:01 GMT","inverseRate":0.9898079046995},"gel":{"code":"GEL","alphaCode":"GEL","numericCode":"981","name":"Georgian lari","rate":4.5717604715391,"date":"Sun, 27 Jun 2021 23:55:01 GMT","inverseRate":0.21873411921411},"mkd":{"code":"MKD","alphaCode":"MKD","numericCode":"807","name":"Macedonian denar","rate":72.889835044053,"date":"Sun, 27 Jun 2021 23:55:01 GMT","inverseRate":0.013719334107364},"bif":{"code":"BIF","alphaCode":"BIF","numericCode":"108","name":"Burundian franc","rate":2785.2070894147,"date":"Sun, 27 Jun 2021 23:55:01 GMT","inverseRate":0.00035903972950541},"mmk":{"code":"MMK","alphaCode":"MMK","numericCode":"104","name":"Myanma Kyat","rate":2316.5657226305,"date":"Sun, 27 Jun 2021 23:55:01 GMT","inverseRate":0.00043167348555277},"mvr":{"code":"MVR","alphaCode":"MVR","numericCode":"462","name":"Maldivian rufiyaa","rate":21.756231776441,"date":"Sun, 27 Jun 2021 23:55:01 GMT","inverseRate":0.045963842005162},"kes":{"code":"KES","alphaCode":"KES","numericCode":"404","name":"Kenyan shilling","rate":151.63359218085,"date":"Sun, 27 Jun 2021 23:55:01 GMT","inverseRate":0.006594844754501},"aed":{"code":"AED","alphaCode":"AED","numericCode":"784","name":"U.A.E Dirham","rate":5.1743656934374,"date":"Sun, 27 Jun 2021 23:55:01 GMT","inverseRate":0.19326040315788},"php":{"code":"PHP","alphaCode":"PHP","numericCode":"608","name":"Philippine Peso","rate":68.458391793292,"date":"Sun, 27 Jun 2021 23:55:01 GMT","inverseRate":0.014607412967273},"ils":{"code":"ILS","alphaCode":"ILS","numericCode":"376","name":"Israeli New Sheqel","rate":4.5836322270884,"date":"Sun, 27 Jun 2021 23:55:01 GMT","inverseRate":0.21816759077881},"mro":{"code":"MRO","alphaCode":"MRO","numericCode":"478","name":"Mauritanian Ouguiya","rate":51.108799738808,"date":"Sun, 27 Jun 2021 23:55:01 GMT","inverseRate":0.019566102219393},"cop":{"code":"COP","alphaCode":"COP","numericCode":"170","name":"Colombian Peso","rate":5306.9030506063,"date":"Sun, 27 Jun 2021 23:55:01 GMT","inverseRate":0.00018843381732511},"bzd":{"code":"BZD","alphaCode":"BZD","numericCode":"084","name":"Belize dollar","rate":2.8368124598288,"date":"Sun, 27 Jun 2021 23:55:01 GMT","inverseRate":0.35250832198486},"gnf":{"code":"GNF","alphaCode":"GNF","numericCode":"324","name":"Guinean franc","rate":13803.370886141,"date":"Sun, 27 Jun 2021 23:55:01 GMT","inverseRate":7.2446071923203e-5},"sll":{"code":"SLL","alphaCode":"SLL","numericCode":"694","name":"Sierra Leonean leone","rate":14439.298542142,"date":"Sun, 27 Jun 2021 23:55:01 GMT","inverseRate":6.9255441812596e-5},"ugx":{"code":"UGX","alphaCode":"UGX","numericCode":"800","name":"Ugandan shilling","rate":5031.2569991033,"date":"Sun, 27 Jun 2021 23:55:01 GMT","inverseRate":0.00019875748747842},"cny":{"code":"CNY","alphaCode":"CNY","numericCode":"156","name":"Chinese Yuan","rate":9.1119015398792,"date":"Sun, 27 Jun 2021 23:55:01 GMT","inverseRate":0.1097465765651},"sar":{"code":"SAR","alphaCode":"SAR","numericCode":"682","name":"Saudi Riyal","rate":5.2928048599748,"date":"Sun, 27 Jun 2021 23:55:01 GMT","inverseRate":0.18893573945304},"myr":{"code":"MYR","alphaCode":"MYR","numericCode":"458","name":"Malaysian Ringgit","rate":5.8487043209071,"date":"Sun, 27 Jun 2021 23:55:01 GMT","inverseRate":0.1709780397729},"kzt":{"code":"KZT","alphaCode":"KZT","numericCode":"398","name":"Kazakhstani Tenge","rate":601.6517461444,"date":"Sun, 27 Jun 2021 23:55:01 GMT","inverseRate":0.001662091079114},"bob":{"code":"BOB","alphaCode":"BOB","numericCode":"068","name":"Bolivian Boliviano","rate":9.7000366337141,"date":"Sun, 27 Jun 2021 23:55:01 GMT","inverseRate":0.10309239415904},"gyd":{"code":"GYD","alphaCode":"GYD","numericCode":"328","name":"Guyanese dollar","rate":293.93176819387,"date":"Sun, 27 Jun 2021 23:55:01 GMT","inverseRate":0.0034021501185283},"rwf":{"code":"RWF","alphaCode":"RWF","numericCode":"646","name":"Rwandan franc","rate":1415.1663113015,"date":"Sun, 27 Jun 2021 23:55:01 GMT","inverseRate":0.00070663072743747},"mzn":{"code":"MZN","alphaCode":"MZN","numericCode":"943","name":"Mozambican metical","rate":89.698672761793,"date":"Sun, 27 Jun 2021 23:55:01 GMT","inverseRate":0.01114843697471},"vuv":{"code":"VUV","alphaCode":"VUV","numericCode":"548","name":"Vanuatu vatu","rate":154.61698090686,"date":"Sun, 27 Jun 2021 23:55:01 GMT","inverseRate":0.0064675949183254},"idr":{"code":"IDR","alphaCode":"IDR","numericCode":"360","name":"Indonesian Rupiah","rate":20382.467215917,"date":"Sun, 27 Jun 2021 23:55:01 GMT","inverseRate":4.9061773994616e-5},"tnd":{"code":"TND","alphaCode":"TND","numericCode":"788","name":"Tunisian Dinar","rate":3.85972890296,"date":"Sun, 27 Jun 2021 23:55:01 GMT","inverseRate":0.25908555371158},"xof":{"code":"XOF","alphaCode":"XOF","numericCode":"952","name":"West African CFA Franc","rate":775.82438484771,"date":"Sun, 27 Jun 2021 23:55:01 GMT","inverseRate":0.0012889514940888},"tjs":{"code":"TJS","alphaCode":"TJS","numericCode":"972","name":"Tajikistan Ruble","rate":15.959420461093,"date":"Sun, 27 Jun 2021 23:55:01 GMT","inverseRate":0.062658916872191},"afn":{"code":"AFN","alphaCode":"AFN","numericCode":"971","name":"Afghan afghani","rate":111.3175071463,"date":"Sun, 27 Jun 2021 23:55:01 GMT","inverseRate":0.0089833129184769},"nad":{"code":"NAD","alphaCode":"NAD","numericCode":"516","name":"Namibian dollar","rate":20.007890206724,"date":"Sun, 27 Jun 2021 23:55:01 GMT","inverseRate":0.049980282262043},"syp":{"code":"SYP","alphaCode":"SYP","numericCode":"760","name":"Syrian pound","rate":3552.0674413669,"date":"Sun, 27 Jun 2021 23:55:01 GMT","inverseRate":0.00028152618623006},"top":{"code":"TOP","alphaCode":"TOP","numericCode":"776","name":"Tongan pa\u02bbanga","rate":3.1178542700278,"date":"Sun, 27 Jun 2021 23:55:01 GMT","inverseRate":0.3207333997657},"kwd":{"code":"KWD","alphaCode":"KWD","numericCode":"414","name":"Kuwaiti Dinar","rate":0.42450963132395,"date":"Sun, 27 Jun 2021 23:55:01 GMT","inverseRate":2.3556591563806},"czk":{"code":"CZK","alphaCode":"CZK","numericCode":"203","name":"Czech Koruna","rate":30.102150784577,"date":"Sun, 27 Jun 2021 23:55:01 GMT","inverseRate":0.033220217623531},"pgk":{"code":"PGK","alphaCode":"PGK","numericCode":"598","name":"Papua New Guinean kina","rate":4.9536488545408,"date":"Sun, 27 Jun 2021 23:55:01 GMT","inverseRate":0.20187139407012},"uah":{"code":"UAH","alphaCode":"UAH","numericCode":"980","name":"Ukrainian Hryvnia","rate":38.667036593228,"date":"Sun, 27 Jun 2021 23:55:01 GMT","inverseRate":0.025861821543757},"etb":{"code":"ETB","alphaCode":"ETB","numericCode":"230","name":"Ethiopian birr","rate":61.596545226013,"date":"Sun, 27 Jun 2021 23:55:01 GMT","inverseRate":0.016234676739268},"xcd":{"code":"XCD","alphaCode":"XCD","numericCode":"951","name":"East Caribbean Dollar","rate":3.8134133710639,"date":"Sun, 27 Jun 2021 23:55:01 GMT","inverseRate":0.26223225826709},"lak":{"code":"LAK","alphaCode":"LAK","numericCode":"418","name":"Lao kip","rate":13353.63699762,"date":"Sun, 27 Jun 2021 23:55:01 GMT","inverseRate":7.4885965537196e-5},"bwp":{"code":"BWP","alphaCode":"BWP","numericCode":"072","name":"Botswana Pula","rate":15.297448067903,"date":"Sun, 27 Jun 2021 23:55:01 GMT","inverseRate":0.065370380442617},"nok":{"code":"NOK","alphaCode":"NOK","numericCode":"578","name":"Norwegian Krone","rate":11.974961510109,"date":"Sun, 27 Jun 2021 23:55:01 GMT","inverseRate":0.083507575298327},"mad":{"code":"MAD","alphaCode":"MAD","numericCode":"504","name":"Moroccan Dirham","rate":12.468165957266,"date":"Sun, 27 Jun 2021 23:55:01 GMT","inverseRate":0.080204258062289},"ron":{"code":"RON","alphaCode":"RON","numericCode":"946","name":"Romanian New Leu","rate":5.8191872585321,"date":"Sun, 27 Jun 2021 23:55:01 GMT","inverseRate":0.17184530340277},"byn":{"code":"BYN","alphaCode":"BYN","numericCode":"933","name":"Belarussian Ruble","rate":3.5656689652465,"date":"Sun, 27 Jun 2021 23:55:01 GMT","inverseRate":0.28045228251604},"rsd":{"code":"RSD","alphaCode":"RSD","numericCode":"941","name":"Serbian Dinar","rate":136.23424591169,"date":"Sun, 27 Jun 2021 23:55:01 GMT","inverseRate":0.0073402982730803},"gmd":{"code":"GMD","alphaCode":"GMD","numericCode":"270","name":"Gambian dalasi","rate":73.087807435536,"date":"Sun, 27 Jun 2021 23:55:01 GMT","inverseRate":0.01368217265078},"awg":{"code":"AWG","alphaCode":"AWG","numericCode":"533","name":"Aruban florin","rate":2.5473805517548,"date":"Sun, 27 Jun 2021 23:55:01 GMT","inverseRate":0.3925601140792},"aoa":{"code":"AOA","alphaCode":"AOA","numericCode":"973","name":"Angolan kwanza","rate":918.638131388,"date":"Sun, 27 Jun 2021 23:55:01 GMT","inverseRate":0.0010885679200896},"khr":{"code":"KHR","alphaCode":"KHR","numericCode":"116","name":"Cambodian riel","rate":5735.3080323473,"date":"Sun, 27 Jun 2021 23:55:01 GMT","inverseRate":0.00017435855133848},"scr":{"code":"SCR","alphaCode":"SCR","numericCode":"690","name":"Seychelles rupee","rate":21.09303706275,"date":"Sun, 27 Jun 2021 23:55:01 GMT","inverseRate":0.047409009761141},"bhd":{"code":"BHD","alphaCode":"BHD","numericCode":"048","name":"Bahrain Dinar","rate":0.53116987001106,"date":"Sun, 27 Jun 2021 23:55:01 GMT","inverseRate":1.8826369047988},"omr":{"code":"OMR","alphaCode":"OMR","numericCode":"512","name":"Omani Rial","rate":0.5428796893258,"date":"Sun, 27 Jun 2021 23:55:01 GMT","inverseRate":1.8420287582354},"rub":{"code":"RUB","alphaCode":"RUB","numericCode":"643","name":"Russian Rouble","rate":101.85960419293,"date":"Sun, 27 Jun 2021 23:55:01 GMT","inverseRate":0.0098174345750054},"lyd":{"code":"LYD","alphaCode":"LYD","numericCode":"434","name":"Libyan Dinar","rate":6.2820262573742,"date":"Sun, 27 Jun 2021 23:55:01 GMT","inverseRate":0.15918430758326},"clp":{"code":"CLP","alphaCode":"CLP","numericCode":"152","name":"Chilean Peso","rate":1035.7805118438,"date":"Sun, 27 Jun 2021 23:55:01 GMT","inverseRate":0.00096545550776956},"bsd":{"code":"BSD","alphaCode":"BSD","numericCode":"044","name":"Bahamian Dollar","rate":1.406647965059,"date":"Sun, 27 Jun 2021 23:55:01 GMT","inverseRate":0.71090992546815},"djf":{"code":"DJF","alphaCode":"DJF","numericCode":"262","name":"Djiboutian franc","rate":250.53374533551,"date":"Sun, 27 Jun 2021 23:55:01 GMT","inverseRate":0.0039914782683698},"hnl":{"code":"HNL","alphaCode":"HNL","numericCode":"340","name":"Honduran Lempira","rate":33.722159253483,"date":"Sun, 27 Jun 2021 23:55:01 GMT","inverseRate":0.029654091616233},"tzs":{"code":"TZS","alphaCode":"TZS","numericCode":"834","name":"Tanzanian shilling","rate":3262.7686234234,"date":"Sun, 27 Jun 2021 23:55:01 GMT","inverseRate":0.00030648817474246},"bbd":{"code":"BBD","alphaCode":"BBD","numericCode":"052","name":"Barbadian Dollar","rate":2.8246000658547,"date":"Sun, 27 Jun 2021 23:55:01 GMT","inverseRate":0.35403242111637},"bdt":{"code":"BDT","alphaCode":"BDT","numericCode":"050","name":"Bangladeshi taka","rate":119.40748682177,"date":"Sun, 27 Jun 2021 23:55:01 GMT","inverseRate":0.0083746842565461},"qar":{"code":"QAR","alphaCode":"QAR","numericCode":"634","name":"Qatari Rial","rate":5.1628502068457,"date":"Sun, 27 Jun 2021 23:55:01 GMT","inverseRate":0.19369146109915},"mxn":{"code":"MXN","alphaCode":"MXN","numericCode":"484","name":"Mexican Peso","rate":27.940419723853,"date":"Sun, 27 Jun 2021 23:55:01 GMT","inverseRate":0.035790443017086},"amd":{"code":"AMD","alphaCode":"AMD","numericCode":"051","name":"Armenia Dram","rate":730.66892554019,"date":"Sun, 27 Jun 2021 23:55:01 GMT","inverseRate":0.0013686089075989},"uyu":{"code":"UYU","alphaCode":"UYU","numericCode":"858","name":"Uruguayan Peso","rate":61.430961426581,"date":"Sun, 27 Jun 2021 23:55:01 GMT","inverseRate":0.016278436423222},"fjd":{"code":"FJD","alphaCode":"FJD","numericCode":"242","name":"Fiji Dollar","rate":2.9028064080907,"date":"Sun, 27 Jun 2021 23:55:01 GMT","inverseRate":0.34449420988351},"cdf":{"code":"CDF","alphaCode":"CDF","numericCode":"976","name":"Congolese franc","rate":2798.3724590601,"date":"Sun, 27 Jun 2021 23:55:01 GMT","inverseRate":0.00035735057238803},"lsl":{"code":"LSL","alphaCode":"LSL","numericCode":"426","name":"Lesotho loti","rate":20.015406318747,"date":"Sun, 27 Jun 2021 23:55:01 GMT","inverseRate":0.049961513849628},"mnt":{"code":"MNT","alphaCode":"MNT","numericCode":"496","name":"Mongolian togrog","rate":4012.1243690138,"date":"Sun, 27 Jun 2021 23:55:01 GMT","inverseRate":0.00024924451687568},"brl":{"code":"BRL","alphaCode":"BRL","numericCode":"986","name":"Brazilian Real","rate":7.0540345972805,"date":"Sun, 27 Jun 2021 23:55:01 GMT","inverseRate":0.14176284312321},"hkd":{"code":"HKD","alphaCode":"HKD","numericCode":"344","name":"Hong Kong Dollar","rate":10.955160334357,"date":"Sun, 27 Jun 2021 23:55:01 GMT","inverseRate":0.091281183431326},"thb":{"code":"THB","alphaCode":"THB","numericCode":"764","name":"Thai Baht","rate":44.604719705519,"date":"Sun, 27 Jun 2021 23:55:01 GMT","inverseRate":0.022419152201875},"xaf":{"code":"XAF","alphaCode":"XAF","numericCode":"950","name":"Central African CFA Franc","rate":776.48211362118,"date":"Sun, 27 Jun 2021 23:55:01 GMT","inverseRate":0.0012878596717913},"mdl":{"code":"MDL","alphaCode":"MDL","numericCode":"498","name":"Moldova Lei","rate":25.393332343312,"date":"Sun, 27 Jun 2021 23:55:01 GMT","inverseRate":0.039380416342377},"nio":{"code":"NIO","alphaCode":"NIO","numericCode":"558","name":"Nicaraguan C\u00f3rdoba","rate":49.365636204615,"date":"Sun, 27 Jun 2021 23:55:01 GMT","inverseRate":0.020257006227067},"lrd":{"code":"LRD","alphaCode":"LRD","numericCode":"430","name":"Liberian dollar","rate":241.09055031903,"date":"Sun, 27 Jun 2021 23:55:01 GMT","inverseRate":0.0041478191437894},"sdg":{"code":"SDG","alphaCode":"SDG","numericCode":"938","name":"Sudanese pound","rate":619.54664675004,"date":"Sun, 27 Jun 2021 23:55:01 GMT","inverseRate":0.001614083467719},"mru":{"code":"MRU","alphaCode":"MRU","numericCode":"929","name":"Mauritanian ouguiya","rate":50.840659943228,"date":"Sun, 27 Jun 2021 23:55:01 GMT","inverseRate":0.019669296211274},"dkk":{"code":"DKK","alphaCode":"DKK","numericCode":"208","name":"Danish Krone","rate":8.7849971152305,"date":"Sun, 27 Jun 2021 23:55:01 GMT","inverseRate":0.11383043009386},"bgn":{"code":"BGN","alphaCode":"BGN","numericCode":"975","name":"Bulgarian Lev","rate":2.3105512764071,"date":"Sun, 27 Jun 2021 23:55:01 GMT","inverseRate":0.43279714681554},"vnd":{"code":"VND","alphaCode":"VND","numericCode":"704","name":"Vietnamese Dong","rate":32464.471169633,"date":"Sun, 27 Jun 2021 23:55:01 GMT","inverseRate":3.0802904343484e-5},"uzs":{"code":"UZS","alphaCode":"UZS","numericCode":"860","name":"Uzbekistan Sum","rate":14881.044157762,"date":"Sun, 27 Jun 2021 23:55:01 GMT","inverseRate":6.7199585553167e-5},"pab":{"code":"PAB","alphaCode":"PAB","numericCode":"590","name":"Panamanian Balboa","rate":1.406647965059,"date":"Sun, 27 Jun 2021 23:55:01 GMT","inverseRate":0.71090992546815},"ttd":{"code":"TTD","alphaCode":"TTD","numericCode":"780","name":"Trinidad Tobago Dollar","rate":9.5657112424601,"date":"Sun, 27 Jun 2021 23:55:01 GMT","inverseRate":0.10454005715343},"htg":{"code":"HTG","alphaCode":"HTG","numericCode":"332","name":"Haitian gourde","rate":132.21094694914,"date":"Sun, 27 Jun 2021 23:55:01 GMT","inverseRate":0.0075636702033808},"cup":{"code":"CUP","alphaCode":"CUP","numericCode":"192","name":"Cuban peso","rate":1.406647965059,"date":"Sun, 27 Jun 2021 23:55:01 GMT","inverseRate":0.71090992546815}}