{"usd":{"code":"USD","alphaCode":"USD","numericCode":"840","name":"U.S. Dollar","rate":0.0090307444851159,"date":"Sun, 27 Jun 2021 23:55:01 GMT","inverseRate":110.73284175498},"eur":{"code":"EUR","alphaCode":"EUR","numericCode":"978","name":"Euro","rate":0.0075600760660044,"date":"Sun, 27 Jun 2021 23:55:01 GMT","inverseRate":132.27380138366},"gbp":{"code":"GBP","alphaCode":"GBP","numericCode":"826","name":"U.K. Pound Sterling","rate":0.0064938500596336,"date":"Sun, 27 Jun 2021 23:55:01 GMT","inverseRate":153.99185241681},"aud":{"code":"AUD","alphaCode":"AUD","numericCode":"036","name":"Australian Dollar","rate":0.011887301859865,"date":"Sun, 27 Jun 2021 23:55:01 GMT","inverseRate":84.123379029879},"chf":{"code":"CHF","alphaCode":"CHF","numericCode":"756","name":"Swiss Franc","rate":0.008281325740773,"date":"Sun, 27 Jun 2021 23:55:01 GMT","inverseRate":120.75361256188},"cad":{"code":"CAD","alphaCode":"CAD","numericCode":"124","name":"Canadian Dollar","rate":0.011107764331102,"date":"Sun, 27 Jun 2021 23:55:01 GMT","inverseRate":90.027117086019},"lkr":{"code":"LKR","alphaCode":"LKR","numericCode":"144","name":"Sri Lanka Rupee","rate":1.7944203409232,"date":"Sun, 27 Jun 2021 23:55:01 GMT","inverseRate":0.55728302739006},"pln":{"code":"PLN","alphaCode":"PLN","numericCode":"985","name":"Polish Zloty","rate":0.034098121731615,"date":"Sun, 27 Jun 2021 23:55:01 GMT","inverseRate":29.327128569455},"pen":{"code":"PEN","alphaCode":"PEN","numericCode":"604","name":"Peruvian Nuevo Sol","rate":0.03594417929744,"date":"Sun, 27 Jun 2021 23:55:01 GMT","inverseRate":27.820916196889},"iqd":{"code":"IQD","alphaCode":"IQD","numericCode":"368","name":"Iraqi dinar","rate":13.149720794184,"date":"Sun, 27 Jun 2021 23:55:01 GMT","inverseRate":0.076047242040474},"svc":{"code":"SVC","alphaCode":"SVC","numericCode":"222","name":"Salvadoran colon","rate":0.078821173079456,"date":"Sun, 27 Jun 2021 23:55:01 GMT","inverseRate":12.686946424813},"cve":{"code":"CVE","alphaCode":"CVE","numericCode":"132","name":"Cape Verde escudo","rate":0.84173228041639,"date":"Sun, 27 Jun 2021 23:55:01 GMT","inverseRate":1.1880261970057},"zmw":{"code":"ZMW","alphaCode":"ZMW","numericCode":"967","name":"Zambian kwacha","rate":0.20340189353738,"date":"Sun, 27 Jun 2021 23:55:01 GMT","inverseRate":4.9163750769912},"yer":{"code":"YER","alphaCode":"YER","numericCode":"886","name":"Yemeni rial","rate":2.2645248676009,"date":"Sun, 27 Jun 2021 23:55:01 GMT","inverseRate":0.44159373752403},"dop":{"code":"DOP","alphaCode":"DOP","numericCode":"214","name":"Dominican Peso","rate":0.51271139790412,"date":"Sun, 27 Jun 2021 23:55:01 GMT","inverseRate":1.9504149977704},"nzd":{"code":"NZD","alphaCode":"NZD","numericCode":"554","name":"New Zealand Dollar","rate":0.012758962050634,"date":"Sun, 27 Jun 2021 23:55:01 GMT","inverseRate":78.376281395895},"hrk":{"code":"HRK","alphaCode":"HRK","numericCode":"191","name":"Croatian Kuna","rate":0.056663624784665,"date":"Sun, 27 Jun 2021 23:55:01 GMT","inverseRate":17.648006173277},"dzd":{"code":"DZD","alphaCode":"DZD","numericCode":"012","name":"Algerian Dinar","rate":1.2025776250354,"date":"Sun, 27 Jun 2021 23:55:01 GMT","inverseRate":0.83154715270093},"ars":{"code":"ARS","alphaCode":"ARS","numericCode":"032","name":"Argentine Peso","rate":0.86106070878634,"date":"Sun, 27 Jun 2021 23:55:01 GMT","inverseRate":1.1613582988933},"stn":{"code":"STN","alphaCode":"STN","numericCode":"930","name":"S\u00e3o Tom\u00e9 and Pr\u00edncipe Dobra","rate":0.18700031462899,"date":"Sun, 27 Jun 2021 23:55:01 GMT","inverseRate":5.3475845855341},"xpf":{"code":"XPF","alphaCode":"XPF","numericCode":"953","name":"CFP Franc","rate":0.90083125959529,"date":"Sun, 27 Jun 2021 23:55:01 GMT","inverseRate":1.110085811686},"all":{"code":"ALL","alphaCode":"ALL","numericCode":"008","name":"Albanian lek","rate":0.92488014750442,"date":"Sun, 27 Jun 2021 23:55:01 GMT","inverseRate":1.0812211751958},"mur":{"code":"MUR","alphaCode":"MUR","numericCode":"480","name":"Mauritian Rupee","rate":0.36974140300288,"date":"Sun, 27 Jun 2021 23:55:01 GMT","inverseRate":2.7045929719486},"sos":{"code":"SOS","alphaCode":"SOS","numericCode":"706","name":"Somali shilling","rate":5.2085801920345,"date":"Sun, 27 Jun 2021 23:55:01 GMT","inverseRate":0.19199090023214},"ang":{"code":"ANG","alphaCode":"ANG","numericCode":"532","name":"Neth. Antillean Guilder","rate":0.016060341759033,"date":"Sun, 27 Jun 2021 23:55:01 GMT","inverseRate":62.265175611071},"pkr":{"code":"PKR","alphaCode":"PKR","numericCode":"586","name":"Pakistani Rupee","rate":1.3965971295246,"date":"Sun, 27 Jun 2021 23:55:01 GMT","inverseRate":0.71602610291801},"krw":{"code":"KRW","alphaCode":"KRW","numericCode":"410","name":"South Korean Won","rate":10.179481487994,"date":"Sun, 27 Jun 2021 23:55:01 GMT","inverseRate":0.09823683074422},"azn":{"code":"AZN","alphaCode":"AZN","numericCode":"944","name":"Azerbaijan Manat","rate":0.015307919819787,"date":"Sun, 27 Jun 2021 23:55:01 GMT","inverseRate":65.325662256697},"pyg":{"code":"PYG","alphaCode":"PYG","numericCode":"600","name":"Paraguayan Guaran\u00ed","rate":61.215501907554,"date":"Sun, 27 Jun 2021 23:55:01 GMT","inverseRate":0.016335731454268},"bnd":{"code":"BND","alphaCode":"BND","numericCode":"096","name":"Brunei Dollar","rate":0.012119652075108,"date":"Sun, 27 Jun 2021 23:55:01 GMT","inverseRate":82.510619430554},"kmf":{"code":"KMF","alphaCode":"KMF","numericCode":"174","name":"\tComoro franc","rate":3.7322265553826,"date":"Sun, 27 Jun 2021 23:55:01 GMT","inverseRate":0.26793657489999},"szl":{"code":"SZL","alphaCode":"SZL","numericCode":"748","name":"Swazi lilangeni","rate":0.12801410948879,"date":"Sun, 27 Jun 2021 23:55:01 GMT","inverseRate":7.8116389200642},"wst":{"code":"WST","alphaCode":"WST","numericCode":"882","name":"Samoan tala","rate":0.02289005395613,"date":"Sun, 27 Jun 2021 23:55:01 GMT","inverseRate":43.687096671618},"egp":{"code":"EGP","alphaCode":"EGP","numericCode":"818","name":"Egyptian Pound","rate":0.14157353332648,"date":"Sun, 27 Jun 2021 23:55:01 GMT","inverseRate":7.0634671361482},"sgd":{"code":"SGD","alphaCode":"SGD","numericCode":"702","name":"Singapore Dollar","rate":0.012117750668423,"date":"Sun, 27 Jun 2021 23:55:01 GMT","inverseRate":82.523566242854},"zar":{"code":"ZAR","alphaCode":"ZAR","numericCode":"710","name":"South African Rand","rate":0.12731245595295,"date":"Sun, 27 Jun 2021 23:55:01 GMT","inverseRate":7.8546909845927},"kgs":{"code":"KGS","alphaCode":"KGS","numericCode":"417","name":"Kyrgyzstan Som","rate":0.75479037258707,"date":"Sun, 27 Jun 2021 23:55:01 GMT","inverseRate":1.3248711646553},"crc":{"code":"CRC","alphaCode":"CRC","numericCode":"188","name":"Costa Rican Col\u00f3n","rate":5.5777185025311,"date":"Sun, 27 Jun 2021 23:55:01 GMT","inverseRate":0.17928477379169},"jmd":{"code":"JMD","alphaCode":"JMD","numericCode":"388","name":"Jamaican Dollar","rate":1.3474370496784,"date":"Sun, 27 Jun 2021 23:55:01 GMT","inverseRate":0.74214969837637},"ssp":{"code":"SSP","alphaCode":"SSP","numericCode":"728","name":"South Sudanese pound","rate":1.6015295197249,"date":"Sun, 27 Jun 2021 23:55:01 GMT","inverseRate":0.62440310196203},"ern":{"code":"ERN","alphaCode":"ERN","numericCode":"232","name":"Eritrean nakfa","rate":0.13576327103491,"date":"Sun, 27 Jun 2021 23:55:01 GMT","inverseRate":7.3657624214348},"bam":{"code":"BAM","alphaCode":"BAM","numericCode":"977","name":"Bosnia and Herzegovina convertible mark","rate":0.014908014762262,"date":"Sun, 27 Jun 2021 23:55:01 GMT","inverseRate":67.07801246155},"inr":{"code":"INR","alphaCode":"INR","numericCode":"356","name":"Indian Rupee","rate":0.66996763427177,"date":"Sun, 27 Jun 2021 23:55:01 GMT","inverseRate":1.4926094170011},"try":{"code":"TRY","alphaCode":"TRY","numericCode":"949","name":"Turkish Lira","rate":0.078668065695452,"date":"Sun, 27 Jun 2021 23:55:01 GMT","inverseRate":12.711638339645},"twd":{"code":"TWD","alphaCode":"TWD","numericCode":"901","name":"New Taiwan Dollar ","rate":0.25194303476706,"date":"Sun, 27 Jun 2021 23:55:01 GMT","inverseRate":3.969151204853},"tmt":{"code":"TMT","alphaCode":"TMT","numericCode":"934","name":"New Turkmenistan Manat","rate":0.031525986063632,"date":"Sun, 27 Jun 2021 23:55:01 GMT","inverseRate":31.719864304374},"mga":{"code":"MGA","alphaCode":"MGA","numericCode":"969","name":"Malagasy ariary","rate":34.090157356865,"date":"Sun, 27 Jun 2021 23:55:01 GMT","inverseRate":0.029333980172979},"srd":{"code":"SRD","alphaCode":"SRD","numericCode":"968","name":"Surinamese dollar","rate":0.18741153027413,"date":"Sun, 27 Jun 2021 23:55:01 GMT","inverseRate":5.3358509934649},"ghs":{"code":"GHS","alphaCode":"GHS","numericCode":"936","name":"Ghanaian Cedi","rate":0.052494852720766,"date":"Sun, 27 Jun 2021 23:55:01 GMT","inverseRate":19.049486724332},"mop":{"code":"MOP","alphaCode":"MOP","numericCode":"446","name":"Macanese pataca","rate":0.072072214285126,"date":"Sun, 27 Jun 2021 23:55:01 GMT","inverseRate":13.874972621819},"lbp":{"code":"LBP","alphaCode":"LBP","numericCode":"422","name":"Lebanese Pound","rate":13.598834642888,"date":"Sun, 27 Jun 2021 23:55:01 GMT","inverseRate":0.073535712894557},"huf":{"code":"HUF","alphaCode":"HUF","numericCode":"348","name":"Hungarian Forint","rate":2.6573386449387,"date":"Sun, 27 Jun 2021 23:55:01 GMT","inverseRate":0.3763163576854},"ngn":{"code":"NGN","alphaCode":"NGN","numericCode":"566","name":"Nigerian Naira","rate":3.7019345370935,"date":"Sun, 27 Jun 2021 23:55:01 GMT","inverseRate":0.27012903388214},"irr":{"code":"IRR","alphaCode":"IRR","numericCode":"364","name":"Iranian rial","rate":378.35119864935,"date":"Sun, 27 Jun 2021 23:55:01 GMT","inverseRate":0.0026430469985819},"ves":{"code":"VES","alphaCode":"VES","numericCode":"928","name":"Venezuelan Bolivar","rate":28647.191056189,"date":"Sun, 27 Jun 2021 23:55:01 GMT","inverseRate":3.4907436405845e-5},"sbd":{"code":"SBD","alphaCode":"SBD","numericCode":"090","name":"Solomon Islands dollar","rate":0.073422695147243,"date":"Sun, 27 Jun 2021 23:55:01 GMT","inverseRate":13.619766994314},"mwk":{"code":"MWK","alphaCode":"MWK","numericCode":"454","name":"Malawian kwacha","rate":7.2532249695457,"date":"Sun, 27 Jun 2021 23:55:01 GMT","inverseRate":0.137869706813},"gtq":{"code":"GTQ","alphaCode":"GTQ","numericCode":"320","name":"Guatemalan Quetzal","rate":0.069642813803605,"date":"Sun, 27 Jun 2021 23:55:01 GMT","inverseRate":14.358983294673},"sek":{"code":"SEK","alphaCode":"SEK","numericCode":"752","name":"Swedish Krona","rate":0.07645874312796,"date":"Sun, 27 Jun 2021 23:55:01 GMT","inverseRate":13.078948974173},"npr":{"code":"NPR","alphaCode":"NPR","numericCode":"524","name":"Nepalese Rupee","rate":1.0708287425856,"date":"Sun, 27 Jun 2021 23:55:01 GMT","inverseRate":0.93385614359348},"isk":{"code":"ISK","alphaCode":"ISK","numericCode":"352","name":"Icelandic Krona","rate":1.1113591392489,"date":"Sun, 27 Jun 2021 23:55:01 GMT","inverseRate":0.89979914204497},"gip":{"code":"GIP","alphaCode":"GIP","numericCode":"292","name":"Gibraltar pound","rate":0.0064640636788168,"date":"Sun, 27 Jun 2021 23:55:01 GMT","inverseRate":154.70144628635},"gel":{"code":"GEL","alphaCode":"GEL","numericCode":"981","name":"Georgian lari","rate":0.029250952474912,"date":"Sun, 27 Jun 2021 23:55:01 GMT","inverseRate":34.186920950956},"mkd":{"code":"MKD","alphaCode":"MKD","numericCode":"807","name":"Macedonian denar","rate":0.46636238141759,"date":"Sun, 27 Jun 2021 23:55:01 GMT","inverseRate":2.1442552826845},"bif":{"code":"BIF","alphaCode":"BIF","numericCode":"108","name":"Burundian franc","rate":17.820259987906,"date":"Sun, 27 Jun 2021 23:55:01 GMT","inverseRate":0.056115904070909},"mmk":{"code":"MMK","alphaCode":"MMK","numericCode":"104","name":"Myanma Kyat","rate":14.821807546462,"date":"Sun, 27 Jun 2021 23:55:01 GMT","inverseRate":0.067468154397853},"mvr":{"code":"MVR","alphaCode":"MVR","numericCode":"462","name":"Maldivian rufiyaa","rate":0.13920031587123,"date":"Sun, 27 Jun 2021 23:55:01 GMT","inverseRate":7.1838917443627},"kes":{"code":"KES","alphaCode":"KES","numericCode":"404","name":"Kenyan shilling","rate":0.9701792178515,"date":"Sun, 27 Jun 2021 23:55:01 GMT","inverseRate":1.0307373953181},"aed":{"code":"AED","alphaCode":"AED","numericCode":"784","name":"U.A.E Dirham","rate":0.033106529952476,"date":"Sun, 27 Jun 2021 23:55:01 GMT","inverseRate":30.205521431437},"php":{"code":"PHP","alphaCode":"PHP","numericCode":"608","name":"Philippine Peso","rate":0.43800920396435,"date":"Sun, 27 Jun 2021 23:55:01 GMT","inverseRate":2.2830570475441},"ils":{"code":"ILS","alphaCode":"ILS","numericCode":"376","name":"Israeli New Sheqel","rate":0.029326910119572,"date":"Sun, 27 Jun 2021 23:55:01 GMT","inverseRate":34.098375721233},"mro":{"code":"MRO","alphaCode":"MRO","numericCode":"478","name":"Mauritanian Ouguiya","rate":0.32700336807156,"date":"Sun, 27 Jun 2021 23:55:01 GMT","inverseRate":3.0580724776547},"cop":{"code":"COP","alphaCode":"COP","numericCode":"170","name":"Colombian Peso","rate":33.954527996081,"date":"Sun, 27 Jun 2021 23:55:01 GMT","inverseRate":0.02945115302782},"bzd":{"code":"BZD","alphaCode":"BZD","numericCode":"084","name":"Belize dollar","rate":0.018150440505199,"date":"Sun, 27 Jun 2021 23:55:01 GMT","inverseRate":55.095081560888},"gnf":{"code":"GNF","alphaCode":"GNF","numericCode":"324","name":"Guinean franc","rate":88.316469836436,"date":"Sun, 27 Jun 2021 23:55:01 GMT","inverseRate":0.01132291634677},"sll":{"code":"SLL","alphaCode":"SLL","numericCode":"694","name":"Sierra Leonean leone","rate":92.385250289605,"date":"Sun, 27 Jun 2021 23:55:01 GMT","inverseRate":0.010824238683829},"ugx":{"code":"UGX","alphaCode":"UGX","numericCode":"800","name":"Ugandan shilling","rate":32.190894576831,"date":"Sun, 27 Jun 2021 23:55:01 GMT","inverseRate":0.031064685003185},"cny":{"code":"CNY","alphaCode":"CNY","numericCode":"156","name":"Chinese Yuan","rate":0.058299598274745,"date":"Sun, 27 Jun 2021 23:55:01 GMT","inverseRate":17.15277685598},"sar":{"code":"SAR","alphaCode":"SAR","numericCode":"682","name":"Saudi Riyal","rate":0.033864325216056,"date":"Sun, 27 Jun 2021 23:55:01 GMT","inverseRate":29.529600652603},"myr":{"code":"MYR","alphaCode":"MYR","numericCode":"458","name":"Malaysian Ringgit","rate":0.037421070766,"date":"Sun, 27 Jun 2021 23:55:01 GMT","inverseRate":26.722912507051},"kzt":{"code":"KZT","alphaCode":"KZT","numericCode":"398","name":"Kazakhstani Tenge","rate":3.8494769668003,"date":"Sun, 27 Jun 2021 23:55:01 GMT","inverseRate":0.25977555097081},"bob":{"code":"BOB","alphaCode":"BOB","numericCode":"068","name":"Bolivian Boliviano","rate":0.062062593249152,"date":"Sun, 27 Jun 2021 23:55:01 GMT","inverseRate":16.112765317193},"gyd":{"code":"GYD","alphaCode":"GYD","numericCode":"328","name":"Guyanese dollar","rate":1.8806287503097,"date":"Sun, 27 Jun 2021 23:55:01 GMT","inverseRate":0.5317370585956},"rwf":{"code":"RWF","alphaCode":"RWF","numericCode":"646","name":"Rwandan franc","rate":9.0544906658336,"date":"Sun, 27 Jun 2021 23:55:01 GMT","inverseRate":0.11044243535127},"mzn":{"code":"MZN","alphaCode":"MZN","numericCode":"943","name":"Mozambican metical","rate":0.5739083730112,"date":"Sun, 27 Jun 2021 23:55:01 GMT","inverseRate":1.7424384222749},"vuv":{"code":"VUV","alphaCode":"VUV","numericCode":"548","name":"Vanuatu vatu","rate":0.98926747988578,"date":"Sun, 27 Jun 2021 23:55:01 GMT","inverseRate":1.0108489567609},"idr":{"code":"IDR","alphaCode":"IDR","numericCode":"360","name":"Indonesian Rupiah","rate":130.41072111408,"date":"Sun, 27 Jun 2021 23:55:01 GMT","inverseRate":0.007668081208793},"tnd":{"code":"TND","alphaCode":"TND","numericCode":"788","name":"Tunisian Dinar","rate":0.024695245389468,"date":"Sun, 27 Jun 2021 23:55:01 GMT","inverseRate":40.493624753632},"xof":{"code":"XOF","alphaCode":"XOF","numericCode":"952","name":"West African CFA Franc","rate":4.9638650912126,"date":"Sun, 27 Jun 2021 23:55:01 GMT","inverseRate":0.2014559182461},"tjs":{"code":"TJS","alphaCode":"TJS","numericCode":"972","name":"Tajikistan Ruble","rate":0.10211126596434,"date":"Sun, 27 Jun 2021 23:55:01 GMT","inverseRate":9.7932386848403},"afn":{"code":"AFN","alphaCode":"AFN","numericCode":"971","name":"Afghan afghani","rate":0.71222959545514,"date":"Sun, 27 Jun 2021 23:55:01 GMT","inverseRate":1.4040416269994},"nad":{"code":"NAD","alphaCode":"NAD","numericCode":"516","name":"Namibian dollar","rate":0.12801410948879,"date":"Sun, 27 Jun 2021 23:55:01 GMT","inverseRate":7.8116389200642},"syp":{"code":"SYP","alphaCode":"SYP","numericCode":"760","name":"Syrian pound","rate":22.726771571243,"date":"Sun, 27 Jun 2021 23:55:01 GMT","inverseRate":0.044000970259469},"top":{"code":"TOP","alphaCode":"TOP","numericCode":"776","name":"Tongan pa\u02bbanga","rate":0.019948596966976,"date":"Sun, 27 Jun 2021 23:55:01 GMT","inverseRate":50.128838717603},"kwd":{"code":"KWD","alphaCode":"KWD","numericCode":"414","name":"Kuwaiti Dinar","rate":0.002716089595748,"date":"Sun, 27 Jun 2021 23:55:01 GMT","inverseRate":368.17636707032},"czk":{"code":"CZK","alphaCode":"CZK","numericCode":"203","name":"Czech Koruna","rate":0.19259901901551,"date":"Sun, 27 Jun 2021 23:55:01 GMT","inverseRate":5.1921344413466},"pgk":{"code":"PGK","alphaCode":"PGK","numericCode":"598","name":"Papua New Guinean kina","rate":0.031694343595564,"date":"Sun, 27 Jun 2021 23:55:01 GMT","inverseRate":31.551371208709},"uah":{"code":"UAH","alphaCode":"UAH","numericCode":"980","name":"Ukrainian Hryvnia","rate":0.2473987114538,"date":"Sun, 27 Jun 2021 23:55:01 GMT","inverseRate":4.0420582392028},"etb":{"code":"ETB","alphaCode":"ETB","numericCode":"230","name":"Ethiopian birr","rate":0.39410586539726,"date":"Sun, 27 Jun 2021 23:55:01 GMT","inverseRate":2.5373892849628},"xcd":{"code":"XCD","alphaCode":"XCD","numericCode":"951","name":"East Caribbean Dollar","rate":0.024398910218197,"date":"Sun, 27 Jun 2021 23:55:01 GMT","inverseRate":40.985437097686},"lak":{"code":"LAK","alphaCode":"LAK","numericCode":"418","name":"Lao kip","rate":85.438990869335,"date":"Sun, 27 Jun 2021 23:55:01 GMT","inverseRate":0.011704258089019},"bwp":{"code":"BWP","alphaCode":"BWP","numericCode":"072","name":"Botswana Pula","rate":0.097875846560053,"date":"Sun, 27 Jun 2021 23:55:01 GMT","inverseRate":10.217025294248},"nok":{"code":"NOK","alphaCode":"NOK","numericCode":"578","name":"Norwegian Krone","rate":0.07661797511084,"date":"Sun, 27 Jun 2021 23:55:01 GMT","inverseRate":13.051767533054},"mad":{"code":"MAD","alphaCode":"MAD","numericCode":"504","name":"Moroccan Dirham","rate":0.079773586594427,"date":"Sun, 27 Jun 2021 23:55:01 GMT","inverseRate":12.535477501896},"ron":{"code":"RON","alphaCode":"RON","numericCode":"946","name":"Romanian New Leu","rate":0.037232215248721,"date":"Sun, 27 Jun 2021 23:55:01 GMT","inverseRate":26.858460967733},"byn":{"code":"BYN","alphaCode":"BYN","numericCode":"933","name":"Belarussian Ruble","rate":0.022813796587332,"date":"Sun, 27 Jun 2021 23:55:01 GMT","inverseRate":43.833125107957},"rsd":{"code":"RSD","alphaCode":"RSD","numericCode":"941","name":"Serbian Dinar","rate":0.87165140812308,"date":"Sun, 27 Jun 2021 23:55:01 GMT","inverseRate":1.1472476160548},"gmd":{"code":"GMD","alphaCode":"GMD","numericCode":"270","name":"Gambian dalasi","rate":0.4676290446758,"date":"Sun, 27 Jun 2021 23:55:01 GMT","inverseRate":2.1384471546101},"awg":{"code":"AWG","alphaCode":"AWG","numericCode":"533","name":"Aruban florin","rate":0.016298602675877,"date":"Sun, 27 Jun 2021 23:55:01 GMT","inverseRate":61.354952929803},"aoa":{"code":"AOA","alphaCode":"AOA","numericCode":"973","name":"Angolan kwanza","rate":5.8776133373905,"date":"Sun, 27 Jun 2021 23:55:01 GMT","inverseRate":0.17013708500328},"khr":{"code":"KHR","alphaCode":"KHR","numericCode":"116","name":"Cambodian riel","rate":36.695540750125,"date":"Sun, 27 Jun 2021 23:55:01 GMT","inverseRate":0.027251267580696},"scr":{"code":"SCR","alphaCode":"SCR","numericCode":"690","name":"Seychelles rupee","rate":0.13495707583874,"date":"Sun, 27 Jun 2021 23:55:01 GMT","inverseRate":7.4097633916943},"bhd":{"code":"BHD","alphaCode":"BHD","numericCode":"048","name":"Bahrain Dinar","rate":0.0033985211431185,"date":"Sun, 27 Jun 2021 23:55:01 GMT","inverseRate":294.24563152266},"omr":{"code":"OMR","alphaCode":"OMR","numericCode":"512","name":"Omani Rial","rate":0.0034734426903862,"date":"Sun, 27 Jun 2021 23:55:01 GMT","inverseRate":287.8988050581},"rub":{"code":"RUB","alphaCode":"RUB","numericCode":"643","name":"Russian Rouble","rate":0.65171621739789,"date":"Sun, 27 Jun 2021 23:55:01 GMT","inverseRate":1.5344101823838},"lyd":{"code":"LYD","alphaCode":"LYD","numericCode":"434","name":"Libyan Dinar","rate":0.040193543087952,"date":"Sun, 27 Jun 2021 23:55:01 GMT","inverseRate":24.879618047401},"clp":{"code":"CLP","alphaCode":"CLP","numericCode":"152","name":"Chilean Peso","rate":6.6271115284796,"date":"Sun, 27 Jun 2021 23:55:01 GMT","inverseRate":0.15089530268241},"bsd":{"code":"BSD","alphaCode":"BSD","numericCode":"044","name":"Bahamian Dollar","rate":0.0089999887419781,"date":"Sun, 27 Jun 2021 23:55:01 GMT","inverseRate":111.11125009921},"djf":{"code":"DJF","alphaCode":"DJF","numericCode":"262","name":"Djiboutian franc","rate":1.6029603308818,"date":"Sun, 27 Jun 2021 23:55:01 GMT","inverseRate":0.62384575633875},"hnl":{"code":"HNL","alphaCode":"HNL","numericCode":"340","name":"Honduran Lempira","rate":0.21576048960041,"date":"Sun, 27 Jun 2021 23:55:01 GMT","inverseRate":4.6347688673307},"tzs":{"code":"TZS","alphaCode":"TZS","numericCode":"834","name":"Tanzanian shilling","rate":20.875785276708,"date":"Sun, 27 Jun 2021 23:55:01 GMT","inverseRate":0.047902389622474},"bbd":{"code":"BBD","alphaCode":"BBD","numericCode":"052","name":"Barbadian Dollar","rate":0.018072303394131,"date":"Sun, 27 Jun 2021 23:55:01 GMT","inverseRate":55.333289741293},"bdt":{"code":"BDT","alphaCode":"BDT","numericCode":"050","name":"Bangladeshi taka","rate":0.76399075234062,"date":"Sun, 27 Jun 2021 23:55:01 GMT","inverseRate":1.3089163670324},"qar":{"code":"QAR","alphaCode":"QAR","numericCode":"634","name":"Qatari Rial","rate":0.033032851781208,"date":"Sun, 27 Jun 2021 23:55:01 GMT","inverseRate":30.272893379702},"mxn":{"code":"MXN","alphaCode":"MXN","numericCode":"484","name":"Mexican Peso","rate":0.17876787171144,"date":"Sun, 27 Jun 2021 23:55:01 GMT","inverseRate":5.5938463126875},"amd":{"code":"AMD","alphaCode":"AMD","numericCode":"051","name":"Armenia Dram","rate":4.6749522747145,"date":"Sun, 27 Jun 2021 23:55:01 GMT","inverseRate":0.21390592699924},"uyu":{"code":"UYU","alphaCode":"UYU","numericCode":"858","name":"Uruguayan Peso","rate":0.39304643022388,"date":"Sun, 27 Jun 2021 23:55:01 GMT","inverseRate":2.5442286791166},"fjd":{"code":"FJD","alphaCode":"FJD","numericCode":"242","name":"Fiji Dollar","rate":0.018572681752582,"date":"Sun, 27 Jun 2021 23:55:01 GMT","inverseRate":53.842520607503},"cdf":{"code":"CDF","alphaCode":"CDF","numericCode":"976","name":"Congolese franc","rate":17.904494410118,"date":"Sun, 27 Jun 2021 23:55:01 GMT","inverseRate":0.055851898249352},"lsl":{"code":"LSL","alphaCode":"LSL","numericCode":"426","name":"Lesotho loti","rate":0.12806219893638,"date":"Sun, 27 Jun 2021 23:55:01 GMT","inverseRate":7.808705522047},"mnt":{"code":"MNT","alphaCode":"MNT","numericCode":"496","name":"Mongolian togrog","rate":25.670299214506,"date":"Sun, 27 Jun 2021 23:55:01 GMT","inverseRate":0.038955525669717},"brl":{"code":"BRL","alphaCode":"BRL","numericCode":"986","name":"Brazilian Real","rate":0.045132992431682,"date":"Sun, 27 Jun 2021 23:55:01 GMT","inverseRate":22.156740471257},"hkd":{"code":"HKD","alphaCode":"HKD","numericCode":"344","name":"Hong Kong Dollar","rate":0.070093102272139,"date":"Sun, 27 Jun 2021 23:55:01 GMT","inverseRate":14.266739059679},"thb":{"code":"THB","alphaCode":"THB","numericCode":"764","name":"Thai Baht","rate":0.28538908466122,"date":"Sun, 27 Jun 2021 23:55:01 GMT","inverseRate":3.5039882523435},"xaf":{"code":"XAF","alphaCode":"XAF","numericCode":"950","name":"Central African CFA Franc","rate":4.9680733591684,"date":"Sun, 27 Jun 2021 23:55:01 GMT","inverseRate":0.20128527252009},"mdl":{"code":"MDL","alphaCode":"MDL","numericCode":"498","name":"Moldova Lei","rate":0.16247114479815,"date":"Sun, 27 Jun 2021 23:55:01 GMT","inverseRate":6.154939089291},"nio":{"code":"NIO","alphaCode":"NIO","numericCode":"558","name":"Nicaraguan C\u00f3rdoba","rate":0.31585029169931,"date":"Sun, 27 Jun 2021 23:55:01 GMT","inverseRate":3.1660569145588},"lrd":{"code":"LRD","alphaCode":"LRD","numericCode":"430","name":"Liberian dollar","rate":1.5425410568718,"date":"Sun, 27 Jun 2021 23:55:01 GMT","inverseRate":0.64828096182281},"sdg":{"code":"SDG","alphaCode":"SDG","numericCode":"938","name":"Sudanese pound","rate":3.9639717856819,"date":"Sun, 27 Jun 2021 23:55:01 GMT","inverseRate":0.25227222948762},"mru":{"code":"MRU","alphaCode":"MRU","numericCode":"929","name":"Mauritanian ouguiya","rate":0.32528776103878,"date":"Sun, 27 Jun 2021 23:55:01 GMT","inverseRate":3.0742011221282},"dkk":{"code":"DKK","alphaCode":"DKK","numericCode":"208","name":"Danish Krone","rate":0.056208004489644,"date":"Sun, 27 Jun 2021 23:55:01 GMT","inverseRate":17.791060349496},"jod":{"code":"JOD","alphaCode":"JOD","numericCode":"400","name":"Jordanian Dinar","rate":0.0063981813257738,"date":"Sun, 27 Jun 2021 23:55:01 GMT","inverseRate":156.29441384721},"bgn":{"code":"BGN","alphaCode":"BGN","numericCode":"975","name":"Bulgarian Lev","rate":0.014783326028951,"date":"Sun, 27 Jun 2021 23:55:01 GMT","inverseRate":67.64377637628},"vnd":{"code":"VND","alphaCode":"VND","numericCode":"704","name":"Vietnamese Dong","rate":207.71357318867,"date":"Sun, 27 Jun 2021 23:55:01 GMT","inverseRate":0.0048143218791566},"uzs":{"code":"UZS","alphaCode":"UZS","numericCode":"860","name":"Uzbekistan Sum","rate":95.21161883821,"date":"Sun, 27 Jun 2021 23:55:01 GMT","inverseRate":0.010502919834808},"pab":{"code":"PAB","alphaCode":"PAB","numericCode":"590","name":"Panamanian Balboa","rate":0.0089999887419781,"date":"Sun, 27 Jun 2021 23:55:01 GMT","inverseRate":111.11125009921},"ttd":{"code":"TTD","alphaCode":"TTD","numericCode":"780","name":"Trinidad Tobago Dollar","rate":0.061203155039253,"date":"Sun, 27 Jun 2021 23:55:01 GMT","inverseRate":16.33902695635},"htg":{"code":"HTG","alphaCode":"HTG","numericCode":"332","name":"Haitian gourde","rate":0.84590961183288,"date":"Sun, 27 Jun 2021 23:55:01 GMT","inverseRate":1.182159400971},"cup":{"code":"CUP","alphaCode":"CUP","numericCode":"192","name":"Cuban peso","rate":0.0089999887419781,"date":"Sun, 27 Jun 2021 23:55:01 GMT","inverseRate":111.11125009921}}