{"usd":{"code":"USD","alphaCode":"USD","numericCode":"840","name":"U.S. Dollar","rate":0.0093083260483717,"date":"Sun, 27 Jun 2021 23:55:01 GMT","inverseRate":107.43070180432},"eur":{"code":"EUR","alphaCode":"EUR","numericCode":"978","name":"Euro","rate":0.0077924531126801,"date":"Sun, 27 Jun 2021 23:55:01 GMT","inverseRate":128.32929316864},"gbp":{"code":"GBP","alphaCode":"GBP","numericCode":"826","name":"U.K. Pound Sterling","rate":0.0066934540960531,"date":"Sun, 27 Jun 2021 23:55:01 GMT","inverseRate":149.39969493324},"jpy":{"code":"JPY","alphaCode":"JPY","numericCode":"392","name":"Japanese Yen","rate":1.0307373953181,"date":"Sun, 27 Jun 2021 23:55:01 GMT","inverseRate":0.9701792178515},"aud":{"code":"AUD","alphaCode":"AUD","numericCode":"036","name":"Australian Dollar","rate":0.012252686556397,"date":"Sun, 27 Jun 2021 23:55:01 GMT","inverseRate":81.614754070233},"chf":{"code":"CHF","alphaCode":"CHF","numericCode":"756","name":"Swiss Franc","rate":0.0085358721238251,"date":"Sun, 27 Jun 2021 23:55:01 GMT","inverseRate":117.15264538802},"cad":{"code":"CAD","alphaCode":"CAD","numericCode":"124","name":"Canadian Dollar","rate":0.011449188074447,"date":"Sun, 27 Jun 2021 23:55:01 GMT","inverseRate":87.342438039939},"lkr":{"code":"LKR","alphaCode":"LKR","numericCode":"144","name":"Sri Lanka Rupee","rate":1.849576148309,"date":"Sun, 27 Jun 2021 23:55:01 GMT","inverseRate":0.5406644116352},"pln":{"code":"PLN","alphaCode":"PLN","numericCode":"985","name":"Polish Zloty","rate":0.035146209178885,"date":"Sun, 27 Jun 2021 23:55:01 GMT","inverseRate":28.452570657344},"pen":{"code":"PEN","alphaCode":"PEN","numericCode":"604","name":"Peruvian Nuevo Sol","rate":0.037049009745889,"date":"Sun, 27 Jun 2021 23:55:01 GMT","inverseRate":26.991274715809},"iqd":{"code":"IQD","alphaCode":"IQD","numericCode":"368","name":"Iraqi dinar","rate":13.553908960558,"date":"Sun, 27 Jun 2021 23:55:01 GMT","inverseRate":0.07377945380259},"svc":{"code":"SVC","alphaCode":"SVC","numericCode":"222","name":"Salvadoran colon","rate":0.081243930635835,"date":"Sun, 27 Jun 2021 23:55:01 GMT","inverseRate":12.308611759349},"cve":{"code":"CVE","alphaCode":"CVE","numericCode":"132","name":"Cape Verde escudo","rate":0.86760493827156,"date":"Sun, 27 Jun 2021 23:55:01 GMT","inverseRate":1.152598326598},"zmw":{"code":"ZMW","alphaCode":"ZMW","numericCode":"967","name":"Zambian kwacha","rate":0.20965393794749,"date":"Sun, 27 Jun 2021 23:55:01 GMT","inverseRate":4.7697649268599},"yer":{"code":"YER","alphaCode":"YER","numericCode":"886","name":"Yemeni rial","rate":2.334130463664,"date":"Sun, 27 Jun 2021 23:55:01 GMT","inverseRate":0.42842506687918},"dop":{"code":"DOP","alphaCode":"DOP","numericCode":"214","name":"Dominican Peso","rate":0.52847081082559,"date":"Sun, 27 Jun 2021 23:55:01 GMT","inverseRate":1.8922520970227},"nzd":{"code":"NZD","alphaCode":"NZD","numericCode":"554","name":"New Zealand Dollar","rate":0.013151139311032,"date":"Sun, 27 Jun 2021 23:55:01 GMT","inverseRate":76.039039382778},"hrk":{"code":"HRK","alphaCode":"HRK","numericCode":"191","name":"Croatian Kuna","rate":0.058405317019828,"date":"Sun, 27 Jun 2021 23:55:01 GMT","inverseRate":17.121728825828},"dzd":{"code":"DZD","alphaCode":"DZD","numericCode":"012","name":"Algerian Dinar","rate":1.2395417288968,"date":"Sun, 27 Jun 2021 23:55:01 GMT","inverseRate":0.80674976621403},"ars":{"code":"ARS","alphaCode":"ARS","numericCode":"032","name":"Argentine Peso","rate":0.88752747218519,"date":"Sun, 27 Jun 2021 23:55:01 GMT","inverseRate":1.1267256860657},"stn":{"code":"STN","alphaCode":"STN","numericCode":"930","name":"S\u00e3o Tom\u00e9 and Pr\u00edncipe Dobra","rate":0.19274821722435,"date":"Sun, 27 Jun 2021 23:55:01 GMT","inverseRate":5.1881154305882},"xpf":{"code":"XPF","alphaCode":"XPF","numericCode":"953","name":"CFP Franc","rate":0.92852046613637,"date":"Sun, 27 Jun 2021 23:55:01 GMT","inverseRate":1.0769821845296},"all":{"code":"ALL","alphaCode":"ALL","numericCode":"008","name":"Albanian lek","rate":0.95330855422013,"date":"Sun, 27 Jun 2021 23:55:01 GMT","inverseRate":1.0489783140759},"mur":{"code":"MUR","alphaCode":"MUR","numericCode":"480","name":"Mauritian Rupee","rate":0.38110629067245,"date":"Sun, 27 Jun 2021 23:55:01 GMT","inverseRate":2.6239398941317},"sos":{"code":"SOS","alphaCode":"SOS","numericCode":"706","name":"Somali shilling","rate":5.3686783804431,"date":"Sun, 27 Jun 2021 23:55:01 GMT","inverseRate":0.18626558142182},"ang":{"code":"ANG","alphaCode":"ANG","numericCode":"532","name":"Neth. Antillean Guilder","rate":0.016553994832624,"date":"Sun, 27 Jun 2021 23:55:01 GMT","inverseRate":60.408379373734},"pkr":{"code":"PKR","alphaCode":"PKR","numericCode":"586","name":"Pakistani Rupee","rate":1.4395248875949,"date":"Sun, 27 Jun 2021 23:55:01 GMT","inverseRate":0.69467364449025},"krw":{"code":"KRW","alphaCode":"KRW","numericCode":"410","name":"South Korean Won","rate":10.492372234624,"date":"Sun, 27 Jun 2021 23:55:01 GMT","inverseRate":0.095307331615637},"azn":{"code":"AZN","alphaCode":"AZN","numericCode":"944","name":"Azerbaijan Manat","rate":0.015778445402786,"date":"Sun, 27 Jun 2021 23:55:01 GMT","inverseRate":63.377599913833},"pyg":{"code":"PYG","alphaCode":"PYG","numericCode":"600","name":"Paraguayan Guaran\u00ed","rate":63.097106989282,"date":"Sun, 27 Jun 2021 23:55:01 GMT","inverseRate":0.015848587165333},"bnd":{"code":"BND","alphaCode":"BND","numericCode":"096","name":"Brunei Dollar","rate":0.012492178612059,"date":"Sun, 27 Jun 2021 23:55:01 GMT","inverseRate":80.050088223577},"kmf":{"code":"KMF","alphaCode":"KMF","numericCode":"174","name":"\tComoro franc","rate":3.8469454784321,"date":"Sun, 27 Jun 2021 23:55:01 GMT","inverseRate":0.25994649667028},"szl":{"code":"SZL","alphaCode":"SZL","numericCode":"748","name":"Swazi lilangeni","rate":0.13194892977844,"date":"Sun, 27 Jun 2021 23:55:01 GMT","inverseRate":7.5786897376062},"wst":{"code":"WST","alphaCode":"WST","numericCode":"882","name":"Samoan tala","rate":0.023593634593432,"date":"Sun, 27 Jun 2021 23:55:01 GMT","inverseRate":42.384313279073},"egp":{"code":"EGP","alphaCode":"EGP","numericCode":"818","name":"Egyptian Pound","rate":0.14592513498692,"date":"Sun, 27 Jun 2021 23:55:01 GMT","inverseRate":6.852829021468},"sgd":{"code":"SGD","alphaCode":"SGD","numericCode":"702","name":"Singapore Dollar","rate":0.012490218761085,"date":"Sun, 27 Jun 2021 23:55:01 GMT","inverseRate":80.062648951808},"zar":{"code":"ZAR","alphaCode":"ZAR","numericCode":"710","name":"South African Rand","rate":0.13122570924049,"date":"Sun, 27 Jun 2021 23:55:01 GMT","inverseRate":7.6204579558973},"kgs":{"code":"KGS","alphaCode":"KGS","numericCode":"417","name":"Kyrgyzstan Som","rate":0.77799066265157,"date":"Sun, 27 Jun 2021 23:55:01 GMT","inverseRate":1.2853624702792},"crc":{"code":"CRC","alphaCode":"CRC","numericCode":"188","name":"Costa Rican Col\u00f3n","rate":5.7491630411165,"date":"Sun, 27 Jun 2021 23:55:01 GMT","inverseRate":0.1739383616099},"jmd":{"code":"JMD","alphaCode":"JMD","numericCode":"388","name":"Jamaican Dollar","rate":1.3888537549407,"date":"Sun, 27 Jun 2021 23:55:01 GMT","inverseRate":0.72001821389951},"ssp":{"code":"SSP","alphaCode":"SSP","numericCode":"728","name":"South Sudanese pound","rate":1.6507563656863,"date":"Sun, 27 Jun 2021 23:55:01 GMT","inverseRate":0.60578291308557},"ern":{"code":"ERN","alphaCode":"ERN","numericCode":"232","name":"Eritrean nakfa","rate":0.13993628036639,"date":"Sun, 27 Jun 2021 23:55:01 GMT","inverseRate":7.1461096249076},"bam":{"code":"BAM","alphaCode":"BAM","numericCode":"977","name":"Bosnia and Herzegovina convertible mark","rate":0.015366248305418,"date":"Sun, 27 Jun 2021 23:55:01 GMT","inverseRate":65.077693664979},"inr":{"code":"INR","alphaCode":"INR","numericCode":"356","name":"Indian Rupee","rate":0.69056069429671,"date":"Sun, 27 Jun 2021 23:55:01 GMT","inverseRate":1.4480986367439},"try":{"code":"TRY","alphaCode":"TRY","numericCode":"949","name":"Turkish Lira","rate":0.081086117129644,"date":"Sun, 27 Jun 2021 23:55:01 GMT","inverseRate":12.332567341968},"twd":{"code":"TWD","alphaCode":"TWD","numericCode":"901","name":"New Taiwan Dollar ","rate":0.25968710742433,"date":"Sun, 27 Jun 2021 23:55:01 GMT","inverseRate":3.8507880114587},"tmt":{"code":"TMT","alphaCode":"TMT","numericCode":"934","name":"New Turkmenistan Manat","rate":0.032495012760063,"date":"Sun, 27 Jun 2021 23:55:01 GMT","inverseRate":30.773953141173},"mga":{"code":"MGA","alphaCode":"MGA","numericCode":"969","name":"Malagasy ariary","rate":35.137999999999,"date":"Sun, 27 Jun 2021 23:55:01 GMT","inverseRate":0.028459217940692},"srd":{"code":"SRD","alphaCode":"SRD","numericCode":"968","name":"Surinamese dollar","rate":0.19317207256734,"date":"Sun, 27 Jun 2021 23:55:01 GMT","inverseRate":5.1767317434119},"ghs":{"code":"GHS","alphaCode":"GHS","numericCode":"936","name":"Ghanaian Cedi","rate":0.05410840776101,"date":"Sun, 27 Jun 2021 23:55:01 GMT","inverseRate":18.481416130685},"mop":{"code":"MOP","alphaCode":"MOP","numericCode":"446","name":"Macanese pataca","rate":0.074287526427059,"date":"Sun, 27 Jun 2021 23:55:01 GMT","inverseRate":13.461210085947},"lbp":{"code":"LBP","alphaCode":"LBP","numericCode":"422","name":"Lebanese Pound","rate":14.016827399172,"date":"Sun, 27 Jun 2021 23:55:01 GMT","inverseRate":0.071342820420194},"huf":{"code":"HUF","alphaCode":"HUF","numericCode":"348","name":"Hungarian Forint","rate":2.7390183133622,"date":"Sun, 27 Jun 2021 23:55:01 GMT","inverseRate":0.36509430956395},"ngn":{"code":"NGN","alphaCode":"NGN","numericCode":"566","name":"Nigerian Naira","rate":3.8157223624019,"date":"Sun, 27 Jun 2021 23:55:01 GMT","inverseRate":0.26207357481076},"irr":{"code":"IRR","alphaCode":"IRR","numericCode":"364","name":"Iranian rial","rate":389.98072901131,"date":"Sun, 27 Jun 2021 23:55:01 GMT","inverseRate":0.0025642292698289},"ves":{"code":"VES","alphaCode":"VES","numericCode":"928","name":"Venezuelan Bolivar","rate":29527.731092436,"date":"Sun, 27 Jun 2021 23:55:01 GMT","inverseRate":3.3866469349424e-5},"sbd":{"code":"SBD","alphaCode":"SBD","numericCode":"090","name":"Solomon Islands dollar","rate":0.075679517553304,"date":"Sun, 27 Jun 2021 23:55:01 GMT","inverseRate":13.213614889863},"mwk":{"code":"MWK","alphaCode":"MWK","numericCode":"454","name":"Malawian kwacha","rate":7.4761702127657,"date":"Sun, 27 Jun 2021 23:55:01 GMT","inverseRate":0.13375832432125},"gtq":{"code":"GTQ","alphaCode":"GTQ","numericCode":"320","name":"Guatemalan Quetzal","rate":0.071783452502551,"date":"Sun, 27 Jun 2021 23:55:01 GMT","inverseRate":13.930787181969},"sek":{"code":"SEK","alphaCode":"SEK","numericCode":"752","name":"Swedish Krona","rate":0.078808885741009,"date":"Sun, 27 Jun 2021 23:55:01 GMT","inverseRate":12.688924486083},"npr":{"code":"NPR","alphaCode":"NPR","numericCode":"524","name":"Nepalese Rupee","rate":1.1037432289644,"date":"Sun, 27 Jun 2021 23:55:01 GMT","inverseRate":0.90600782297734},"isk":{"code":"ISK","alphaCode":"ISK","numericCode":"352","name":"Icelandic Krona","rate":1.1455194244524,"date":"Sun, 27 Jun 2021 23:55:01 GMT","inverseRate":0.87296642785263},"gip":{"code":"GIP","alphaCode":"GIP","numericCode":"292","name":"Gibraltar pound","rate":0.006662752159474,"date":"Sun, 27 Jun 2021 23:55:01 GMT","inverseRate":150.08812815858},"gel":{"code":"GEL","alphaCode":"GEL","numericCode":"981","name":"Georgian lari","rate":0.030150050564565,"date":"Sun, 27 Jun 2021 23:55:01 GMT","inverseRate":33.16744022895},"mkd":{"code":"MKD","alphaCode":"MKD","numericCode":"807","name":"Macedonian denar","rate":0.48069714629672,"date":"Sun, 27 Jun 2021 23:55:01 GMT","inverseRate":2.0803119130288},"bif":{"code":"BIF","alphaCode":"BIF","numericCode":"108","name":"Burundian franc","rate":18.368008363826,"date":"Sun, 27 Jun 2021 23:55:01 GMT","inverseRate":0.054442483920544},"mmk":{"code":"MMK","alphaCode":"MMK","numericCode":"104","name":"Myanma Kyat","rate":15.277391304347,"date":"Sun, 27 Jun 2021 23:55:01 GMT","inverseRate":0.065456201263593},"mvr":{"code":"MVR","alphaCode":"MVR","numericCode":"462","name":"Maldivian rufiyaa","rate":0.14347897100857,"date":"Sun, 27 Jun 2021 23:55:01 GMT","inverseRate":6.9696624736756},"aed":{"code":"AED","alphaCode":"AED","numericCode":"784","name":"U.A.E Dirham","rate":0.034124138451235,"date":"Sun, 27 Jun 2021 23:55:01 GMT","inverseRate":29.304769157148},"php":{"code":"PHP","alphaCode":"PHP","numericCode":"608","name":"Philippine Peso","rate":0.45147246601957,"date":"Sun, 27 Jun 2021 23:55:01 GMT","inverseRate":2.2149745006967},"ils":{"code":"ILS","alphaCode":"ILS","numericCode":"376","name":"Israeli New Sheqel","rate":0.030228342949376,"date":"Sun, 27 Jun 2021 23:55:01 GMT","inverseRate":33.081535487232},"mro":{"code":"MRO","alphaCode":"MRO","numericCode":"478","name":"Mauritanian Ouguiya","rate":0.33705459986632,"date":"Sun, 27 Jun 2021 23:55:01 GMT","inverseRate":2.9668783645042},"cop":{"code":"COP","alphaCode":"COP","numericCode":"170","name":"Colombian Peso","rate":34.998201745936,"date":"Sun, 27 Jun 2021 23:55:01 GMT","inverseRate":0.028572896609356},"bzd":{"code":"BZD","alphaCode":"BZD","numericCode":"084","name":"Belize dollar","rate":0.018708337770205,"date":"Sun, 27 Jun 2021 23:55:01 GMT","inverseRate":53.452103136207},"gnf":{"code":"GNF","alphaCode":"GNF","numericCode":"324","name":"Guinean franc","rate":91.031088082897,"date":"Sun, 27 Jun 2021 23:55:01 GMT","inverseRate":0.010985258125107},"sll":{"code":"SLL","alphaCode":"SLL","numericCode":"694","name":"Sierra Leonean leone","rate":95.224932249317,"date":"Sun, 27 Jun 2021 23:55:01 GMT","inverseRate":0.010501451420116},"ugx":{"code":"UGX","alphaCode":"UGX","numericCode":"800","name":"Ugandan shilling","rate":33.180358829083,"date":"Sun, 27 Jun 2021 23:55:01 GMT","inverseRate":0.030138311799193},"cny":{"code":"CNY","alphaCode":"CNY","numericCode":"156","name":"Chinese Yuan","rate":0.060091576073802,"date":"Sun, 27 Jun 2021 23:55:01 GMT","inverseRate":16.641267634116},"sar":{"code":"SAR","alphaCode":"SAR","numericCode":"682","name":"Saudi Riyal","rate":0.034905226367402,"date":"Sun, 27 Jun 2021 23:55:01 GMT","inverseRate":28.649004864609},"myr":{"code":"MYR","alphaCode":"MYR","numericCode":"458","name":"Malaysian Ringgit","rate":0.038571297011361,"date":"Sun, 27 Jun 2021 23:55:01 GMT","inverseRate":25.926014354805},"kzt":{"code":"KZT","alphaCode":"KZT","numericCode":"398","name":"Kazakhstani Tenge","rate":3.9677998620968,"date":"Sun, 27 Jun 2021 23:55:01 GMT","inverseRate":0.2520288408578},"bob":{"code":"BOB","alphaCode":"BOB","numericCode":"068","name":"Bolivian Boliviano","rate":0.063970235712317,"date":"Sun, 27 Jun 2021 23:55:01 GMT","inverseRate":15.632270052859},"gyd":{"code":"GYD","alphaCode":"GYD","numericCode":"328","name":"Guyanese dollar","rate":1.9384343796546,"date":"Sun, 27 Jun 2021 23:55:01 GMT","inverseRate":0.51588024361093},"rwf":{"code":"RWF","alphaCode":"RWF","numericCode":"646","name":"Rwandan franc","rate":9.3328021248334,"date":"Sun, 27 Jun 2021 23:55:01 GMT","inverseRate":0.10714895554671},"mzn":{"code":"MZN","alphaCode":"MZN","numericCode":"943","name":"Mozambican metical","rate":0.59154882154881,"date":"Sun, 27 Jun 2021 23:55:01 GMT","inverseRate":1.6904775456771},"vuv":{"code":"VUV","alphaCode":"VUV","numericCode":"548","name":"Vanuatu vatu","rate":1.0196749854904,"date":"Sun, 27 Jun 2021 23:55:01 GMT","inverseRate":0.98070465023627},"idr":{"code":"IDR","alphaCode":"IDR","numericCode":"360","name":"Indonesian Rupiah","rate":134.41920700268,"date":"Sun, 27 Jun 2021 23:55:01 GMT","inverseRate":0.0074394130295685},"tnd":{"code":"TND","alphaCode":"TND","numericCode":"788","name":"Tunisian Dinar","rate":0.025454312909482,"date":"Sun, 27 Jun 2021 23:55:01 GMT","inverseRate":39.286073191451},"xof":{"code":"XOF","alphaCode":"XOF","numericCode":"952","name":"West African CFA Franc","rate":5.1164413748269,"date":"Sun, 27 Jun 2021 23:55:01 GMT","inverseRate":0.19544834519556},"tjs":{"code":"TJS","alphaCode":"TJS","numericCode":"972","name":"Tajikistan Ruble","rate":0.10524990031272,"date":"Sun, 27 Jun 2021 23:55:01 GMT","inverseRate":9.5011966474914},"afn":{"code":"AFN","alphaCode":"AFN","numericCode":"971","name":"Afghan afghani","rate":0.7341216780879,"date":"Sun, 27 Jun 2021 23:55:01 GMT","inverseRate":1.3621720075133},"nad":{"code":"NAD","alphaCode":"NAD","numericCode":"516","name":"Namibian dollar","rate":0.13194892977844,"date":"Sun, 27 Jun 2021 23:55:01 GMT","inverseRate":7.5786897376062},"syp":{"code":"SYP","alphaCode":"SYP","numericCode":"760","name":"Syrian pound","rate":23.425333333332,"date":"Sun, 27 Jun 2021 23:55:01 GMT","inverseRate":0.042688826911039},"top":{"code":"TOP","alphaCode":"TOP","numericCode":"776","name":"Tongan pa\u02bbanga","rate":0.020561764877991,"date":"Sun, 27 Jun 2021 23:55:01 GMT","inverseRate":48.633957538848},"kwd":{"code":"KWD","alphaCode":"KWD","numericCode":"414","name":"Kuwaiti Dinar","rate":0.0027995751153719,"date":"Sun, 27 Jun 2021 23:55:01 GMT","inverseRate":357.19705983569},"czk":{"code":"CZK","alphaCode":"CZK","numericCode":"203","name":"Czech Koruna","rate":0.19851901120087,"date":"Sun, 27 Jun 2021 23:55:01 GMT","inverseRate":5.0373009312854},"pgk":{"code":"PGK","alphaCode":"PGK","numericCode":"598","name":"Papua New Guinean kina","rate":0.032668545164008,"date":"Sun, 27 Jun 2021 23:55:01 GMT","inverseRate":30.610484641408},"uah":{"code":"UAH","alphaCode":"UAH","numericCode":"980","name":"Ukrainian Hryvnia","rate":0.25500310344895,"date":"Sun, 27 Jun 2021 23:55:01 GMT","inverseRate":3.92152090102},"etb":{"code":"ETB","alphaCode":"ETB","numericCode":"230","name":"Ethiopian birr","rate":0.40621965317915,"date":"Sun, 27 Jun 2021 23:55:01 GMT","inverseRate":2.46172235187},"xcd":{"code":"XCD","alphaCode":"XCD","numericCode":"951","name":"East Caribbean Dollar","rate":0.025148869166905,"date":"Sun, 27 Jun 2021 23:55:01 GMT","inverseRate":39.763219306734},"lak":{"code":"LAK","alphaCode":"LAK","numericCode":"418","name":"Lao kip","rate":88.065162907265,"date":"Sun, 27 Jun 2021 23:55:01 GMT","inverseRate":0.011355227958336},"bwp":{"code":"BWP","alphaCode":"BWP","numericCode":"072","name":"Botswana Pula","rate":0.10088429514786,"date":"Sun, 27 Jun 2021 23:55:01 GMT","inverseRate":9.9123456087425},"nok":{"code":"NOK","alphaCode":"NOK","numericCode":"578","name":"Norwegian Krone","rate":0.078973012100294,"date":"Sun, 27 Jun 2021 23:55:01 GMT","inverseRate":12.662553616798},"mad":{"code":"MAD","alphaCode":"MAD","numericCode":"504","name":"Moroccan Dirham","rate":0.082225618861523,"date":"Sun, 27 Jun 2021 23:55:01 GMT","inverseRate":12.161659758185},"ron":{"code":"RON","alphaCode":"RON","numericCode":"946","name":"Romanian New Leu","rate":0.03837663656739,"date":"Sun, 27 Jun 2021 23:55:01 GMT","inverseRate":26.05752065437},"byn":{"code":"BYN","alphaCode":"BYN","numericCode":"933","name":"Belarussian Ruble","rate":0.023515033271743,"date":"Sun, 27 Jun 2021 23:55:01 GMT","inverseRate":42.525987033225},"rsd":{"code":"RSD","alphaCode":"RSD","numericCode":"941","name":"Serbian Dinar","rate":0.89844370203413,"date":"Sun, 27 Jun 2021 23:55:01 GMT","inverseRate":1.113035794826},"gmd":{"code":"GMD","alphaCode":"GMD","numericCode":"270","name":"Gambian dalasi","rate":0.48200274348423,"date":"Sun, 27 Jun 2021 23:55:01 GMT","inverseRate":2.0746769878764},"awg":{"code":"AWG","alphaCode":"AWG","numericCode":"533","name":"Aruban florin","rate":0.016799579269458,"date":"Sun, 27 Jun 2021 23:55:01 GMT","inverseRate":59.525300244751},"aoa":{"code":"AOA","alphaCode":"AOA","numericCode":"973","name":"Angolan kwanza","rate":6.0582758620688,"date":"Sun, 27 Jun 2021 23:55:01 GMT","inverseRate":0.16506346405601},"khr":{"code":"KHR","alphaCode":"KHR","numericCode":"116","name":"Cambodian riel","rate":37.823466092573,"date":"Sun, 27 Jun 2021 23:55:01 GMT","inverseRate":0.026438613466902},"scr":{"code":"SCR","alphaCode":"SCR","numericCode":"690","name":"Seychelles rupee","rate":0.13910530482977,"date":"Sun, 27 Jun 2021 23:55:01 GMT","inverseRate":7.1887984518186},"bhd":{"code":"BHD","alphaCode":"BHD","numericCode":"048","name":"Bahrain Dinar","rate":0.0035029828309914,"date":"Sun, 27 Jun 2021 23:55:01 GMT","inverseRate":285.47099664687},"omr":{"code":"OMR","alphaCode":"OMR","numericCode":"512","name":"Omani Rial","rate":0.0035802072714754,"date":"Sun, 27 Jun 2021 23:55:01 GMT","inverseRate":279.31343751165},"rub":{"code":"RUB","alphaCode":"RUB","numericCode":"643","name":"Russian Rouble","rate":0.67174827640727,"date":"Sun, 27 Jun 2021 23:55:01 GMT","inverseRate":1.4886528706085},"lyd":{"code":"LYD","alphaCode":"LYD","numericCode":"434","name":"Libyan Dinar","rate":0.041428987911082,"date":"Sun, 27 Jun 2021 23:55:01 GMT","inverseRate":24.137688377671},"clp":{"code":"CLP","alphaCode":"CLP","numericCode":"152","name":"Chilean Peso","rate":6.8308116753476,"date":"Sun, 27 Jun 2021 23:55:01 GMT","inverseRate":0.14639548673388},"bsd":{"code":"BSD","alphaCode":"BSD","numericCode":"044","name":"Bahamian Dollar","rate":0.0092766249537987,"date":"Sun, 27 Jun 2021 23:55:01 GMT","inverseRate":107.79782571575},"djf":{"code":"DJF","alphaCode":"DJF","numericCode":"262","name":"Djiboutian franc","rate":1.6522311562514,"date":"Sun, 27 Jun 2021 23:55:01 GMT","inverseRate":0.6052421879447},"hnl":{"code":"HNL","alphaCode":"HNL","numericCode":"340","name":"Honduran Lempira","rate":0.22239240506328,"date":"Sun, 27 Jun 2021 23:55:01 GMT","inverseRate":4.4965564346294},"tzs":{"code":"TZS","alphaCode":"TZS","numericCode":"834","name":"Tanzanian shilling","rate":21.517452541334,"date":"Sun, 27 Jun 2021 23:55:01 GMT","inverseRate":0.04647390289715},"bbd":{"code":"BBD","alphaCode":"BBD","numericCode":"052","name":"Barbadian Dollar","rate":0.018627798927865,"date":"Sun, 27 Jun 2021 23:55:01 GMT","inverseRate":53.683207762358},"bdt":{"code":"BDT","alphaCode":"BDT","numericCode":"050","name":"Bangladeshi taka","rate":0.78747383811468,"date":"Sun, 27 Jun 2021 23:55:01 GMT","inverseRate":1.2698834572005},"qar":{"code":"QAR","alphaCode":"QAR","numericCode":"634","name":"Qatari Rial","rate":0.034048195604891,"date":"Sun, 27 Jun 2021 23:55:01 GMT","inverseRate":29.370132021221},"mxn":{"code":"MXN","alphaCode":"MXN","numericCode":"484","name":"Mexican Peso","rate":0.18426273045441,"date":"Sun, 27 Jun 2021 23:55:01 GMT","inverseRate":5.4270334404246},"amd":{"code":"AMD","alphaCode":"AMD","numericCode":"051","name":"Armenia Dram","rate":4.8186481308756,"date":"Sun, 27 Jun 2021 23:55:01 GMT","inverseRate":0.20752708494992},"uyu":{"code":"UYU","alphaCode":"UYU","numericCode":"858","name":"Uruguayan Peso","rate":0.40512765372804,"date":"Sun, 27 Jun 2021 23:55:01 GMT","inverseRate":2.4683577899407},"fjd":{"code":"FJD","alphaCode":"FJD","numericCode":"242","name":"Fiji Dollar","rate":0.019143557613729,"date":"Sun, 27 Jun 2021 23:55:01 GMT","inverseRate":52.23689453014},"cdf":{"code":"CDF","alphaCode":"CDF","numericCode":"976","name":"Congolese franc","rate":18.454831932772,"date":"Sun, 27 Jun 2021 23:55:01 GMT","inverseRate":0.054186350959078},"lsl":{"code":"LSL","alphaCode":"LSL","numericCode":"426","name":"Lesotho loti","rate":0.13199849737039,"date":"Sun, 27 Jun 2021 23:55:01 GMT","inverseRate":7.5758438158122},"mnt":{"code":"MNT","alphaCode":"MNT","numericCode":"496","name":"Mongolian togrog","rate":26.459337349396,"date":"Sun, 27 Jun 2021 23:55:01 GMT","inverseRate":0.037793841425239},"brl":{"code":"BRL","alphaCode":"BRL","numericCode":"986","name":"Brazilian Real","rate":0.046520263061944,"date":"Sun, 27 Jun 2021 23:55:01 GMT","inverseRate":21.496009140543},"hkd":{"code":"HKD","alphaCode":"HKD","numericCode":"344","name":"Hong Kong Dollar","rate":0.07224758166575,"date":"Sun, 27 Jun 2021 23:55:01 GMT","inverseRate":13.841293742211},"thb":{"code":"THB","alphaCode":"THB","numericCode":"764","name":"Thai Baht","rate":0.29416120177593,"date":"Sun, 27 Jun 2021 23:55:01 GMT","inverseRate":3.3994965820195},"xaf":{"code":"XAF","alphaCode":"XAF","numericCode":"950","name":"Central African CFA Franc","rate":5.1207789939785,"date":"Sun, 27 Jun 2021 23:55:01 GMT","inverseRate":0.19528278825856},"mdl":{"code":"MDL","alphaCode":"MDL","numericCode":"498","name":"Moldova Lei","rate":0.16746508460359,"date":"Sun, 27 Jun 2021 23:55:01 GMT","inverseRate":5.971393991572},"nio":{"code":"NIO","alphaCode":"NIO","numericCode":"558","name":"Nicaraguan C\u00f3rdoba","rate":0.32555870697661,"date":"Sun, 27 Jun 2021 23:55:01 GMT","inverseRate":3.0716426210399},"lrd":{"code":"LRD","alphaCode":"LRD","numericCode":"430","name":"Liberian dollar","rate":1.5899547511312,"date":"Sun, 27 Jun 2021 23:55:01 GMT","inverseRate":0.62894871648927},"sdg":{"code":"SDG","alphaCode":"SDG","numericCode":"938","name":"Sudanese pound","rate":4.0858139534882,"date":"Sun, 27 Jun 2021 23:55:01 GMT","inverseRate":0.24474927428995},"mru":{"code":"MRU","alphaCode":"MRU","numericCode":"929","name":"Mauritanian ouguiya","rate":0.33528625954197,"date":"Sun, 27 Jun 2021 23:55:01 GMT","inverseRate":2.9825260401846},"dkk":{"code":"DKK","alphaCode":"DKK","numericCode":"208","name":"Danish Krone","rate":0.057935692143684,"date":"Sun, 27 Jun 2021 23:55:01 GMT","inverseRate":17.260517014623},"jod":{"code":"JOD","alphaCode":"JOD","numericCode":"400","name":"Jordanian Dinar","rate":0.006594844754501,"date":"Sun, 27 Jun 2021 23:55:01 GMT","inverseRate":151.63359218085},"bgn":{"code":"BGN","alphaCode":"BGN","numericCode":"975","name":"Bulgarian Lev","rate":0.015237726965219,"date":"Sun, 27 Jun 2021 23:55:01 GMT","inverseRate":65.626586057261},"vnd":{"code":"VND","alphaCode":"VND","numericCode":"704","name":"Vietnamese Dong","rate":214.0981474007,"date":"Sun, 27 Jun 2021 23:55:01 GMT","inverseRate":0.0046707550352055},"uzs":{"code":"UZS","alphaCode":"UZS","numericCode":"860","name":"Uzbekistan Sum","rate":98.138176005316,"date":"Sun, 27 Jun 2021 23:55:01 GMT","inverseRate":0.010189714550491},"pab":{"code":"PAB","alphaCode":"PAB","numericCode":"590","name":"Panamanian Balboa","rate":0.0092766249537987,"date":"Sun, 27 Jun 2021 23:55:01 GMT","inverseRate":107.79782571575},"ttd":{"code":"TTD","alphaCode":"TTD","numericCode":"780","name":"Trinidad Tobago Dollar","rate":0.063084380610409,"date":"Sun, 27 Jun 2021 23:55:01 GMT","inverseRate":15.851784392966},"htg":{"code":"HTG","alphaCode":"HTG","numericCode":"332","name":"Haitian gourde","rate":0.87191066997517,"date":"Sun, 27 Jun 2021 23:55:01 GMT","inverseRate":1.1469064830099},"cup":{"code":"CUP","alphaCode":"CUP","numericCode":"192","name":"Cuban peso","rate":0.0092766249537987,"date":"Sun, 27 Jun 2021 23:55:01 GMT","inverseRate":107.79782571575}}