{"usd":{"code":"USD","alphaCode":"USD","numericCode":"840","name":"U.S. Dollar","rate":0.00024609923441679,"date":"Sun, 27 Jun 2021 23:55:01 GMT","inverseRate":4063.401506997},"eur":{"code":"EUR","alphaCode":"EUR","numericCode":"978","name":"Euro","rate":0.0002060216558051,"date":"Sun, 27 Jun 2021 23:55:01 GMT","inverseRate":4853.8586688479},"gbp":{"code":"GBP","alphaCode":"GBP","numericCode":"826","name":"U.K. Pound Sterling","rate":0.000176965645604,"date":"Sun, 27 Jun 2021 23:55:01 GMT","inverseRate":5650.8142955483},"jpy":{"code":"JPY","alphaCode":"JPY","numericCode":"392","name":"Japanese Yen","rate":0.027251267580696,"date":"Sun, 27 Jun 2021 23:55:01 GMT","inverseRate":36.695540750125},"aud":{"code":"AUD","alphaCode":"AUD","numericCode":"036","name":"Australian Dollar","rate":0.00032394404379569,"date":"Sun, 27 Jun 2021 23:55:01 GMT","inverseRate":3086.9528832291},"chf":{"code":"CHF","alphaCode":"CHF","numericCode":"756","name":"Swiss Franc","rate":0.00022567662368471,"date":"Sun, 27 Jun 2021 23:55:01 GMT","inverseRate":4431.1191104891},"cad":{"code":"CAD","alphaCode":"CAD","numericCode":"124","name":"Canadian Dollar","rate":0.00030270065801017,"date":"Sun, 27 Jun 2021 23:55:01 GMT","inverseRate":3303.5937436463},"lkr":{"code":"LKR","alphaCode":"LKR","numericCode":"144","name":"Sri Lanka Rupee","rate":0.048900228862743,"date":"Sun, 27 Jun 2021 23:55:01 GMT","inverseRate":20.449802040945},"pln":{"code":"PLN","alphaCode":"PLN","numericCode":"985","name":"Polish Zloty","rate":0.0009292170393074,"date":"Sun, 27 Jun 2021 23:55:01 GMT","inverseRate":1076.1748415046},"pen":{"code":"PEN","alphaCode":"PEN","numericCode":"604","name":"Peruvian Nuevo Sol","rate":0.00097952444800305,"date":"Sun, 27 Jun 2021 23:55:01 GMT","inverseRate":1020.9035640087},"iqd":{"code":"IQD","alphaCode":"IQD","numericCode":"368","name":"Iraqi dinar","rate":0.35834655997377,"date":"Sun, 27 Jun 2021 23:55:01 GMT","inverseRate":2.7905946692308},"svc":{"code":"SVC","alphaCode":"SVC","numericCode":"222","name":"Salvadoran colon","rate":0.0021479768786126,"date":"Sun, 27 Jun 2021 23:55:01 GMT","inverseRate":465.55435952639},"cve":{"code":"CVE","alphaCode":"CVE","numericCode":"132","name":"Cape Verde escudo","rate":0.022938271604937,"date":"Sun, 27 Jun 2021 23:55:01 GMT","inverseRate":43.595263724438},"zmw":{"code":"ZMW","alphaCode":"ZMW","numericCode":"967","name":"Zambian kwacha","rate":0.0055429594272075,"date":"Sun, 27 Jun 2021 23:55:01 GMT","inverseRate":180.40904198063},"yer":{"code":"YER","alphaCode":"YER","numericCode":"886","name":"Yemeni rial","rate":0.061711173110134,"date":"Sun, 27 Jun 2021 23:55:01 GMT","inverseRate":16.204520990313},"dop":{"code":"DOP","alphaCode":"DOP","numericCode":"214","name":"Dominican Peso","rate":0.013972035495958,"date":"Sun, 27 Jun 2021 23:55:01 GMT","inverseRate":71.571533030337},"nzd":{"code":"NZD","alphaCode":"NZD","numericCode":"554","name":"New Zealand Dollar","rate":0.00034769788889376,"date":"Sun, 27 Jun 2021 23:55:01 GMT","inverseRate":2876.0600278063},"hrk":{"code":"HRK","alphaCode":"HRK","numericCode":"191","name":"Croatian Kuna","rate":0.0015441556010991,"date":"Sun, 27 Jun 2021 23:55:01 GMT","inverseRate":647.60312968993},"dzd":{"code":"DZD","alphaCode":"DZD","numericCode":"012","name":"Algerian Dinar","rate":0.032771764646397,"date":"Sun, 27 Jun 2021 23:55:01 GMT","inverseRate":30.514072427587},"ars":{"code":"ARS","alphaCode":"ARS","numericCode":"032","name":"Argentine Peso","rate":0.023464995778361,"date":"Sun, 27 Jun 2021 23:55:01 GMT","inverseRate":42.616670782536},"stn":{"code":"STN","alphaCode":"STN","numericCode":"930","name":"S\u00e3o Tom\u00e9 and Pr\u00edncipe Dobra","rate":0.0050959956116289,"date":"Sun, 27 Jun 2021 23:55:01 GMT","inverseRate":196.23250807321},"xpf":{"code":"XPF","alphaCode":"XPF","numericCode":"953","name":"CFP Franc","rate":0.024548793700287,"date":"Sun, 27 Jun 2021 23:55:01 GMT","inverseRate":40.735199138861},"all":{"code":"ALL","alphaCode":"ALL","numericCode":"008","name":"Albanian lek","rate":0.025204156379717,"date":"Sun, 27 Jun 2021 23:55:01 GMT","inverseRate":39.675995694295},"mur":{"code":"MUR","alphaCode":"MUR","numericCode":"480","name":"Mauritian Rupee","rate":0.010075921908894,"date":"Sun, 27 Jun 2021 23:55:01 GMT","inverseRate":99.246501614641},"sos":{"code":"SOS","alphaCode":"SOS","numericCode":"706","name":"Somali shilling","rate":0.14194041252865,"date":"Sun, 27 Jun 2021 23:55:01 GMT","inverseRate":7.0452099031217},"ang":{"code":"ANG","alphaCode":"ANG","numericCode":"532","name":"Neth. Antillean Guilder","rate":0.00043766467071284,"date":"Sun, 27 Jun 2021 23:55:01 GMT","inverseRate":2284.8542889497},"pkr":{"code":"PKR","alphaCode":"PKR","numericCode":"586","name":"Pakistani Rupee","rate":0.038059042079108,"date":"Sun, 27 Jun 2021 23:55:01 GMT","inverseRate":26.274965037781},"krw":{"code":"KRW","alphaCode":"KRW","numericCode":"410","name":"South Korean Won","rate":0.27740377386207,"date":"Sun, 27 Jun 2021 23:55:01 GMT","inverseRate":3.6048536257377},"azn":{"code":"AZN","alphaCode":"AZN","numericCode":"944","name":"Azerbaijan Manat","rate":0.00041716021911286,"date":"Sun, 27 Jun 2021 23:55:01 GMT","inverseRate":2397.1605013695},"pyg":{"code":"PYG","alphaCode":"PYG","numericCode":"600","name":"Paraguayan Guaran\u00ed","rate":1.6682000225694,"date":"Sun, 27 Jun 2021 23:55:01 GMT","inverseRate":0.59944849926317},"bnd":{"code":"BND","alphaCode":"BND","numericCode":"096","name":"Brunei Dollar","rate":0.00033027588168372,"date":"Sun, 27 Jun 2021 23:55:01 GMT","inverseRate":3027.7717976319},"kmf":{"code":"KMF","alphaCode":"KMF","numericCode":"174","name":"\tComoro franc","rate":0.10170790453251,"date":"Sun, 27 Jun 2021 23:55:01 GMT","inverseRate":9.8320775026914},"szl":{"code":"SZL","alphaCode":"SZL","numericCode":"748","name":"Swazi lilangeni","rate":0.0034885467517836,"date":"Sun, 27 Jun 2021 23:55:01 GMT","inverseRate":286.65231431648},"wst":{"code":"WST","alphaCode":"WST","numericCode":"882","name":"Samoan tala","rate":0.00062378298529508,"date":"Sun, 27 Jun 2021 23:55:01 GMT","inverseRate":1603.121636168},"egp":{"code":"EGP","alphaCode":"EGP","numericCode":"818","name":"Egyptian Pound","rate":0.0038580582390247,"date":"Sun, 27 Jun 2021 23:55:01 GMT","inverseRate":259.19774613169},"sgd":{"code":"SGD","alphaCode":"SGD","numericCode":"702","name":"Singapore Dollar","rate":0.00033022406594136,"date":"Sun, 27 Jun 2021 23:55:01 GMT","inverseRate":3028.2468879103},"zar":{"code":"ZAR","alphaCode":"ZAR","numericCode":"710","name":"South African Rand","rate":0.0034694258035295,"date":"Sun, 27 Jun 2021 23:55:01 GMT","inverseRate":288.23213310476},"kgs":{"code":"KGS","alphaCode":"KGS","numericCode":"417","name":"Kyrgyzstan Som","rate":0.020568994410704,"date":"Sun, 27 Jun 2021 23:55:01 GMT","inverseRate":48.616863811272},"crc":{"code":"CRC","alphaCode":"CRC","numericCode":"188","name":"Costa Rican Col\u00f3n","rate":0.15199989940228,"date":"Sun, 27 Jun 2021 23:55:01 GMT","inverseRate":6.5789517225498},"jmd":{"code":"JMD","alphaCode":"JMD","numericCode":"388","name":"Jamaican Dollar","rate":0.036719367588931,"date":"Sun, 27 Jun 2021 23:55:01 GMT","inverseRate":27.233584499463},"ssp":{"code":"SSP","alphaCode":"SSP","numericCode":"728","name":"South Sudanese pound","rate":0.043643709480408,"date":"Sun, 27 Jun 2021 23:55:01 GMT","inverseRate":22.912809472552},"ern":{"code":"ERN","alphaCode":"ERN","numericCode":"232","name":"Eritrean nakfa","rate":0.0036997212266029,"date":"Sun, 27 Jun 2021 23:55:01 GMT","inverseRate":270.2906350915},"bam":{"code":"BAM","alphaCode":"BAM","numericCode":"977","name":"Bosnia and Herzegovina convertible mark","rate":0.00040626229938338,"date":"Sun, 27 Jun 2021 23:55:01 GMT","inverseRate":2461.4639397202},"inr":{"code":"INR","alphaCode":"INR","numericCode":"356","name":"Indian Rupee","rate":0.018257467271946,"date":"Sun, 27 Jun 2021 23:55:01 GMT","inverseRate":54.772109685585},"try":{"code":"TRY","alphaCode":"TRY","numericCode":"949","name":"Turkish Lira","rate":0.0021438045083226,"date":"Sun, 27 Jun 2021 23:55:01 GMT","inverseRate":466.46044269328},"twd":{"code":"TWD","alphaCode":"TWD","numericCode":"901","name":"New Taiwan Dollar ","rate":0.0068657670555298,"date":"Sun, 27 Jun 2021 23:55:01 GMT","inverseRate":145.65014978109},"tmt":{"code":"TMT","alphaCode":"TMT","numericCode":"934","name":"New Turkmenistan Manat","rate":0.00085912308196535,"date":"Sun, 27 Jun 2021 23:55:01 GMT","inverseRate":1163.9775731696},"mga":{"code":"MGA","alphaCode":"MGA","numericCode":"969","name":"Malagasy ariary","rate":0.92899999999997,"date":"Sun, 27 Jun 2021 23:55:01 GMT","inverseRate":1.0764262648009},"srd":{"code":"SRD","alphaCode":"SRD","numericCode":"968","name":"Surinamese dollar","rate":0.0051072017592081,"date":"Sun, 27 Jun 2021 23:55:01 GMT","inverseRate":195.80193756729},"ghs":{"code":"GHS","alphaCode":"GHS","numericCode":"936","name":"Ghanaian Cedi","rate":0.0014305512781028,"date":"Sun, 27 Jun 2021 23:55:01 GMT","inverseRate":699.03121636169},"mop":{"code":"MOP","alphaCode":"MOP","numericCode":"446","name":"Macanese pataca","rate":0.0019640591966173,"date":"Sun, 27 Jun 2021 23:55:01 GMT","inverseRate":509.14962325083},"lbp":{"code":"LBP","alphaCode":"LBP","numericCode":"422","name":"Lebanese Pound","rate":0.37058548163899,"date":"Sun, 27 Jun 2021 23:55:01 GMT","inverseRate":2.6984327491117},"huf":{"code":"HUF","alphaCode":"HUF","numericCode":"348","name":"Hungarian Forint","rate":0.07241584646575,"date":"Sun, 27 Jun 2021 23:55:01 GMT","inverseRate":13.809132238383},"ngn":{"code":"NGN","alphaCode":"NGN","numericCode":"566","name":"Nigerian Naira","rate":0.10088240863656,"date":"Sun, 27 Jun 2021 23:55:01 GMT","inverseRate":9.912530970614},"irr":{"code":"IRR","alphaCode":"IRR","numericCode":"364","name":"Iranian rial","rate":10.310549753871,"date":"Sun, 27 Jun 2021 23:55:01 GMT","inverseRate":0.096988038840956},"ves":{"code":"VES","alphaCode":"VES","numericCode":"928","name":"Venezuelan Bolivar","rate":780.67226890752,"date":"Sun, 27 Jun 2021 23:55:01 GMT","inverseRate":0.0012809472551131},"sbd":{"code":"SBD","alphaCode":"SBD","numericCode":"090","name":"Solomon Islands dollar","rate":0.0020008615119534,"date":"Sun, 27 Jun 2021 23:55:01 GMT","inverseRate":499.78471474706},"mwk":{"code":"MWK","alphaCode":"MWK","numericCode":"454","name":"Malawian kwacha","rate":0.19765957446808,"date":"Sun, 27 Jun 2021 23:55:01 GMT","inverseRate":5.0592034445643},"gtq":{"code":"GTQ","alphaCode":"GTQ","numericCode":"320","name":"Guatemalan Quetzal","rate":0.0018978549540346,"date":"Sun, 27 Jun 2021 23:55:01 GMT","inverseRate":526.91065662004},"sek":{"code":"SEK","alphaCode":"SEK","numericCode":"752","name":"Swedish Krona","rate":0.0020835976678638,"date":"Sun, 27 Jun 2021 23:55:01 GMT","inverseRate":479.93910505057},"npr":{"code":"NPR","alphaCode":"NPR","numericCode":"524","name":"Nepalese Rupee","rate":0.029181440597299,"date":"Sun, 27 Jun 2021 23:55:01 GMT","inverseRate":34.268356171989},"isk":{"code":"ISK","alphaCode":"ISK","numericCode":"352","name":"Icelandic Krona","rate":0.030285945281924,"date":"Sun, 27 Jun 2021 23:55:01 GMT","inverseRate":33.018616083839},"gip":{"code":"GIP","alphaCode":"GIP","numericCode":"292","name":"Gibraltar pound","rate":0.0001761539289701,"date":"Sun, 27 Jun 2021 23:55:01 GMT","inverseRate":5676.8532263038},"gel":{"code":"GEL","alphaCode":"GEL","numericCode":"981","name":"Georgian lari","rate":0.00079712553288407,"date":"Sun, 27 Jun 2021 23:55:01 GMT","inverseRate":1254.5075508771},"mkd":{"code":"MKD","alphaCode":"MKD","numericCode":"807","name":"Macedonian denar","rate":0.012708966045582,"date":"Sun, 27 Jun 2021 23:55:01 GMT","inverseRate":78.68460710442},"bif":{"code":"BIF","alphaCode":"BIF","numericCode":"108","name":"Burundian franc","rate":0.485624673288,"date":"Sun, 27 Jun 2021 23:55:01 GMT","inverseRate":2.0592034445642},"mmk":{"code":"MMK","alphaCode":"MMK","numericCode":"104","name":"Myanma Kyat","rate":0.40391304347823,"date":"Sun, 27 Jun 2021 23:55:01 GMT","inverseRate":2.4757804090421},"mvr":{"code":"MVR","alphaCode":"MVR","numericCode":"462","name":"Maldivian rufiyaa","rate":0.0037933850551243,"date":"Sun, 27 Jun 2021 23:55:01 GMT","inverseRate":263.61679224975},"kes":{"code":"KES","alphaCode":"KES","numericCode":"404","name":"Kenyan shilling","rate":0.026438613466902,"date":"Sun, 27 Jun 2021 23:55:01 GMT","inverseRate":37.823466092573},"aed":{"code":"AED","alphaCode":"AED","numericCode":"784","name":"U.A.E Dirham","rate":0.00090219490640325,"date":"Sun, 27 Jun 2021 23:55:01 GMT","inverseRate":1108.407942566},"php":{"code":"PHP","alphaCode":"PHP","numericCode":"608","name":"Philippine Peso","rate":0.01193630602004,"date":"Sun, 27 Jun 2021 23:55:01 GMT","inverseRate":83.778012923015},"ils":{"code":"ILS","alphaCode":"ILS","numericCode":"376","name":"Israeli New Sheqel","rate":0.00079919547498349,"date":"Sun, 27 Jun 2021 23:55:01 GMT","inverseRate":1251.2583357916},"mro":{"code":"MRO","alphaCode":"MRO","numericCode":"478","name":"Mauritanian Ouguiya","rate":0.0089112562831069,"date":"Sun, 27 Jun 2021 23:55:01 GMT","inverseRate":112.21762322061},"cop":{"code":"COP","alphaCode":"COP","numericCode":"170","name":"Colombian Peso","rate":0.92530392799745,"date":"Sun, 27 Jun 2021 23:55:01 GMT","inverseRate":1.0807259860705},"bzd":{"code":"BZD","alphaCode":"BZD","numericCode":"084","name":"Belize dollar","rate":0.00049462251091469,"date":"Sun, 27 Jun 2021 23:55:01 GMT","inverseRate":2021.743810549},"gnf":{"code":"GNF","alphaCode":"GNF","numericCode":"324","name":"Guinean franc","rate":2.4067357512952,"date":"Sun, 27 Jun 2021 23:55:01 GMT","inverseRate":0.41550053821315},"sll":{"code":"SLL","alphaCode":"SLL","numericCode":"694","name":"Sierra Leonean leone","rate":2.5176151761516,"date":"Sun, 27 Jun 2021 23:55:01 GMT","inverseRate":0.39720129171154},"ugx":{"code":"UGX","alphaCode":"UGX","numericCode":"800","name":"Ugandan shilling","rate":0.87724268177522,"date":"Sun, 27 Jun 2021 23:55:01 GMT","inverseRate":1.1399354144242},"cny":{"code":"CNY","alphaCode":"CNY","numericCode":"156","name":"Chinese Yuan","rate":0.0015887379524322,"date":"Sun, 27 Jun 2021 23:55:01 GMT","inverseRate":629.43042209643},"sar":{"code":"SAR","alphaCode":"SAR","numericCode":"682","name":"Saudi Riyal","rate":0.00092284578790246,"date":"Sun, 27 Jun 2021 23:55:01 GMT","inverseRate":1083.6046640825},"myr":{"code":"MYR","alphaCode":"MYR","numericCode":"458","name":"Malaysian Ringgit","rate":0.0010197716126004,"date":"Sun, 27 Jun 2021 23:55:01 GMT","inverseRate":980.61172486453},"kzt":{"code":"KZT","alphaCode":"KZT","numericCode":"398","name":"Kazakhstani Tenge","rate":0.104903126868,"date":"Sun, 27 Jun 2021 23:55:01 GMT","inverseRate":9.5326043165356},"bob":{"code":"BOB","alphaCode":"BOB","numericCode":"068","name":"Bolivian Boliviano","rate":0.0016912843353846,"date":"Sun, 27 Jun 2021 23:55:01 GMT","inverseRate":591.26663629426},"gyd":{"code":"GYD","alphaCode":"GYD","numericCode":"328","name":"Guyanese dollar","rate":0.05124951729464,"date":"Sun, 27 Jun 2021 23:55:01 GMT","inverseRate":19.512378902046},"rwf":{"code":"RWF","alphaCode":"RWF","numericCode":"646","name":"Rwandan franc","rate":0.24674634794155,"date":"Sun, 27 Jun 2021 23:55:01 GMT","inverseRate":4.0527448869755},"mzn":{"code":"MZN","alphaCode":"MZN","numericCode":"943","name":"Mozambican metical","rate":0.01563973063973,"date":"Sun, 27 Jun 2021 23:55:01 GMT","inverseRate":63.939720129173},"vuv":{"code":"VUV","alphaCode":"VUV","numericCode":"548","name":"Vanuatu vatu","rate":0.026958792803249,"date":"Sun, 27 Jun 2021 23:55:01 GMT","inverseRate":37.09364908504},"idr":{"code":"IDR","alphaCode":"IDR","numericCode":"360","name":"Indonesian Rupiah","rate":3.5538574564713,"date":"Sun, 27 Jun 2021 23:55:01 GMT","inverseRate":0.28138438647253},"tnd":{"code":"TND","alphaCode":"TND","numericCode":"788","name":"Tunisian Dinar","rate":0.00067297674007936,"date":"Sun, 27 Jun 2021 23:55:01 GMT","inverseRate":1485.9354572672},"xof":{"code":"XOF","alphaCode":"XOF","numericCode":"952","name":"West African CFA Franc","rate":0.13527161583511,"date":"Sun, 27 Jun 2021 23:55:01 GMT","inverseRate":7.3925338573537},"tjs":{"code":"TJS","alphaCode":"TJS","numericCode":"972","name":"Tajikistan Ruble","rate":0.0027826614317979,"date":"Sun, 27 Jun 2021 23:55:01 GMT","inverseRate":359.36818923526},"afn":{"code":"AFN","alphaCode":"AFN","numericCode":"971","name":"Afghan afghani","rate":0.019409159284639,"date":"Sun, 27 Jun 2021 23:55:01 GMT","inverseRate":51.52206673843},"nad":{"code":"NAD","alphaCode":"NAD","numericCode":"516","name":"Namibian dollar","rate":0.0034885467517836,"date":"Sun, 27 Jun 2021 23:55:01 GMT","inverseRate":286.65231431648},"syp":{"code":"SYP","alphaCode":"SYP","numericCode":"760","name":"Syrian pound","rate":0.6193333333333,"date":"Sun, 27 Jun 2021 23:55:01 GMT","inverseRate":1.6146393972014},"top":{"code":"TOP","alphaCode":"TOP","numericCode":"776","name":"Tongan pa\u02bbanga","rate":0.00054362455380652,"date":"Sun, 27 Jun 2021 23:55:01 GMT","inverseRate":1839.5048439183},"kwd":{"code":"KWD","alphaCode":"KWD","numericCode":"414","name":"Kuwaiti Dinar","rate":7.4016884346874e-5,"date":"Sun, 27 Jun 2021 23:55:01 GMT","inverseRate":13510.430881062},"czk":{"code":"CZK","alphaCode":"CZK","numericCode":"203","name":"Czech Koruna","rate":0.0052485674029713,"date":"Sun, 27 Jun 2021 23:55:01 GMT","inverseRate":190.52818097256},"pgk":{"code":"PGK","alphaCode":"PGK","numericCode":"598","name":"Papua New Guinean kina","rate":0.00086371103811723,"date":"Sun, 27 Jun 2021 23:55:01 GMT","inverseRate":1157.7946279115},"uah":{"code":"UAH","alphaCode":"UAH","numericCode":"980","name":"Ukrainian Hryvnia","rate":0.0067419284849471,"date":"Sun, 27 Jun 2021 23:55:01 GMT","inverseRate":148.32551283104},"etb":{"code":"ETB","alphaCode":"ETB","numericCode":"230","name":"Ethiopian birr","rate":0.010739884393063,"date":"Sun, 27 Jun 2021 23:55:01 GMT","inverseRate":93.110871905283},"xcd":{"code":"XCD","alphaCode":"XCD","numericCode":"951","name":"East Caribbean Dollar","rate":0.00066490123103348,"date":"Sun, 27 Jun 2021 23:55:01 GMT","inverseRate":1503.9827771798},"lak":{"code":"LAK","alphaCode":"LAK","numericCode":"418","name":"Lao kip","rate":2.3283208020049,"date":"Sun, 27 Jun 2021 23:55:01 GMT","inverseRate":0.42949407965556},"bwp":{"code":"BWP","alphaCode":"BWP","numericCode":"072","name":"Botswana Pula","rate":0.0026672408842952,"date":"Sun, 27 Jun 2021 23:55:01 GMT","inverseRate":374.91926803014},"nok":{"code":"NOK","alphaCode":"NOK","numericCode":"578","name":"Norwegian Krone","rate":0.0020879369412366,"date":"Sun, 27 Jun 2021 23:55:01 GMT","inverseRate":478.94166737034},"mad":{"code":"MAD","alphaCode":"MAD","numericCode":"504","name":"Moroccan Dirham","rate":0.0021739313541566,"date":"Sun, 27 Jun 2021 23:55:01 GMT","inverseRate":459.9961254931},"ron":{"code":"RON","alphaCode":"RON","numericCode":"946","name":"Romanian New Leu","rate":0.001014625060365,"date":"Sun, 27 Jun 2021 23:55:01 GMT","inverseRate":985.58574892707},"byn":{"code":"BYN","alphaCode":"BYN","numericCode":"933","name":"Belarussian Ruble","rate":0.00062170487533295,"date":"Sun, 27 Jun 2021 23:55:01 GMT","inverseRate":1608.4802286044},"rsd":{"code":"RSD","alphaCode":"RSD","numericCode":"941","name":"Serbian Dinar","rate":0.023753605759853,"date":"Sun, 27 Jun 2021 23:55:01 GMT","inverseRate":42.098871645422},"gmd":{"code":"GMD","alphaCode":"GMD","numericCode":"270","name":"Gambian dalasi","rate":0.012743484224966,"date":"Sun, 27 Jun 2021 23:55:01 GMT","inverseRate":78.471474703983},"awg":{"code":"AWG","alphaCode":"AWG","numericCode":"533","name":"Aruban florin","rate":0.00044415758271178,"date":"Sun, 27 Jun 2021 23:55:01 GMT","inverseRate":2251.4531754576},"aoa":{"code":"AOA","alphaCode":"AOA","numericCode":"973","name":"Angolan kwanza","rate":0.1601724137931,"date":"Sun, 27 Jun 2021 23:55:01 GMT","inverseRate":6.2432723358452},"scr":{"code":"SCR","alphaCode":"SCR","numericCode":"690","name":"Seychelles rupee","rate":0.0036777513855898,"date":"Sun, 27 Jun 2021 23:55:01 GMT","inverseRate":271.9052744887},"bhd":{"code":"BHD","alphaCode":"BHD","numericCode":"048","name":"Bahrain Dinar","rate":9.2614009049775e-5,"date":"Sun, 27 Jun 2021 23:55:01 GMT","inverseRate":10797.502562086},"omr":{"code":"OMR","alphaCode":"OMR","numericCode":"512","name":"Omani Rial","rate":9.4655716181929e-5,"date":"Sun, 27 Jun 2021 23:55:01 GMT","inverseRate":10564.602332922},"rub":{"code":"RUB","alphaCode":"RUB","numericCode":"643","name":"Russian Rouble","rate":0.017760093026989,"date":"Sun, 27 Jun 2021 23:55:01 GMT","inverseRate":56.306011375072},"lyd":{"code":"LYD","alphaCode":"LYD","numericCode":"434","name":"Libyan Dinar","rate":0.001095324997706,"date":"Sun, 27 Jun 2021 23:55:01 GMT","inverseRate":912.97103790594},"clp":{"code":"CLP","alphaCode":"CLP","numericCode":"152","name":"Chilean Peso","rate":0.18059718954972,"date":"Sun, 27 Jun 2021 23:55:01 GMT","inverseRate":5.5371847285847},"bsd":{"code":"BSD","alphaCode":"BSD","numericCode":"044","name":"Bahamian Dollar","rate":0.0002452611014309,"date":"Sun, 27 Jun 2021 23:55:01 GMT","inverseRate":4077.2874058129},"djf":{"code":"DJF","alphaCode":"DJF","numericCode":"262","name":"Djiboutian franc","rate":0.043682700898103,"date":"Sun, 27 Jun 2021 23:55:01 GMT","inverseRate":22.892357373521},"hnl":{"code":"HNL","alphaCode":"HNL","numericCode":"340","name":"Honduran Lempira","rate":0.0058797468354428,"date":"Sun, 27 Jun 2021 23:55:01 GMT","inverseRate":170.07534983854},"tzs":{"code":"TZS","alphaCode":"TZS","numericCode":"834","name":"Tanzanian shilling","rate":0.56889161053274,"date":"Sun, 27 Jun 2021 23:55:01 GMT","inverseRate":1.7578040904199},"bbd":{"code":"BBD","alphaCode":"BBD","numericCode":"052","name":"Barbadian Dollar","rate":0.00049249317559299,"date":"Sun, 27 Jun 2021 23:55:01 GMT","inverseRate":2030.4849885401},"bdt":{"code":"BDT","alphaCode":"BDT","numericCode":"050","name":"Bangladeshi taka","rate":0.020819716421212,"date":"Sun, 27 Jun 2021 23:55:01 GMT","inverseRate":48.031393884941},"qar":{"code":"QAR","alphaCode":"QAR","numericCode":"634","name":"Qatari Rial","rate":0.00090018708284318,"date":"Sun, 27 Jun 2021 23:55:01 GMT","inverseRate":1110.880192639},"mxn":{"code":"MXN","alphaCode":"MXN","numericCode":"484","name":"Mexican Peso","rate":0.0048716511068399,"date":"Sun, 27 Jun 2021 23:55:01 GMT","inverseRate":205.26921531716},"amd":{"code":"AMD","alphaCode":"AMD","numericCode":"051","name":"Armenia Dram","rate":0.12739837536523,"date":"Sun, 27 Jun 2021 23:55:01 GMT","inverseRate":7.8493936608938},"uyu":{"code":"UYU","alphaCode":"UYU","numericCode":"858","name":"Uruguayan Peso","rate":0.010711013441669,"date":"Sun, 27 Jun 2021 23:55:01 GMT","inverseRate":93.361847172159},"fjd":{"code":"FJD","alphaCode":"FJD","numericCode":"242","name":"Fiji Dollar","rate":0.00050612912013074,"date":"Sun, 27 Jun 2021 23:55:01 GMT","inverseRate":1975.7804090421},"cdf":{"code":"CDF","alphaCode":"CDF","numericCode":"976","name":"Congolese franc","rate":0.4879201680672,"date":"Sun, 27 Jun 2021 23:55:01 GMT","inverseRate":2.0495156081809},"lsl":{"code":"LSL","alphaCode":"LSL","numericCode":"426","name":"Lesotho loti","rate":0.0034898572501877,"date":"Sun, 27 Jun 2021 23:55:01 GMT","inverseRate":286.54467169},"mnt":{"code":"MNT","alphaCode":"MNT","numericCode":"496","name":"Mongolian togrog","rate":0.69954819277105,"date":"Sun, 27 Jun 2021 23:55:01 GMT","inverseRate":1.4294940796556},"brl":{"code":"BRL","alphaCode":"BRL","numericCode":"986","name":"Brazilian Real","rate":0.0012299312534733,"date":"Sun, 27 Jun 2021 23:55:01 GMT","inverseRate":813.05357285296},"hkd":{"code":"HKD","alphaCode":"HKD","numericCode":"344","name":"Hong Kong Dollar","rate":0.0019101258855792,"date":"Sun, 27 Jun 2021 23:55:01 GMT","inverseRate":523.52570453585},"thb":{"code":"THB","alphaCode":"THB","numericCode":"764","name":"Thai Baht","rate":0.007777214310713,"date":"Sun, 27 Jun 2021 23:55:01 GMT","inverseRate":128.58074370183},"xaf":{"code":"XAF","alphaCode":"XAF","numericCode":"950","name":"Central African CFA Franc","rate":0.13538629647123,"date":"Sun, 27 Jun 2021 23:55:01 GMT","inverseRate":7.3862719201608},"mdl":{"code":"MDL","alphaCode":"MDL","numericCode":"498","name":"Moldova Lei","rate":0.0044275446410364,"date":"Sun, 27 Jun 2021 23:55:01 GMT","inverseRate":225.85881816562},"nio":{"code":"NIO","alphaCode":"NIO","numericCode":"558","name":"Nicaraguan C\u00f3rdoba","rate":0.0086073208145389,"date":"Sun, 27 Jun 2021 23:55:01 GMT","inverseRate":116.18017052541},"lrd":{"code":"LRD","alphaCode":"LRD","numericCode":"430","name":"Liberian dollar","rate":0.042036199095022,"date":"Sun, 27 Jun 2021 23:55:01 GMT","inverseRate":23.789020452099},"sdg":{"code":"SDG","alphaCode":"SDG","numericCode":"938","name":"Sudanese pound","rate":0.10802325581395,"date":"Sun, 27 Jun 2021 23:55:01 GMT","inverseRate":9.2572658772878},"mru":{"code":"MRU","alphaCode":"MRU","numericCode":"929","name":"Mauritanian ouguiya","rate":0.0088645038167934,"date":"Sun, 27 Jun 2021 23:55:01 GMT","inverseRate":112.80947255114},"dkk":{"code":"DKK","alphaCode":"DKK","numericCode":"208","name":"Danish Krone","rate":0.0015317393705243,"date":"Sun, 27 Jun 2021 23:55:01 GMT","inverseRate":652.85258004286},"jod":{"code":"JOD","alphaCode":"JOD","numericCode":"400","name":"Jordanian Dinar","rate":0.00017435855133848,"date":"Sun, 27 Jun 2021 23:55:01 GMT","inverseRate":5735.3080323473},"bgn":{"code":"BGN","alphaCode":"BGN","numericCode":"975","name":"Bulgarian Lev","rate":0.00040286437334761,"date":"Sun, 27 Jun 2021 23:55:01 GMT","inverseRate":2482.2249525081},"vnd":{"code":"VND","alphaCode":"VND","numericCode":"704","name":"Vietnamese Dong","rate":5.6604581631069,"date":"Sun, 27 Jun 2021 23:55:01 GMT","inverseRate":0.17666414470081},"uzs":{"code":"UZS","alphaCode":"UZS","numericCode":"860","name":"Uzbekistan Sum","rate":2.5946373017513,"date":"Sun, 27 Jun 2021 23:55:01 GMT","inverseRate":0.38541032279349},"pab":{"code":"PAB","alphaCode":"PAB","numericCode":"590","name":"Panamanian Balboa","rate":0.0002452611014309,"date":"Sun, 27 Jun 2021 23:55:01 GMT","inverseRate":4077.2874058129},"ttd":{"code":"TTD","alphaCode":"TTD","numericCode":"780","name":"Trinidad Tobago Dollar","rate":0.0016678635547575,"date":"Sun, 27 Jun 2021 23:55:01 GMT","inverseRate":599.56942949412},"htg":{"code":"HTG","alphaCode":"HTG","numericCode":"332","name":"Haitian gourde","rate":0.023052109181141,"date":"Sun, 27 Jun 2021 23:55:01 GMT","inverseRate":43.379978471476},"cup":{"code":"CUP","alphaCode":"CUP","numericCode":"192","name":"Cuban peso","rate":0.0002452611014309,"date":"Sun, 27 Jun 2021 23:55:01 GMT","inverseRate":4077.2874058129}}