{"usd":{"code":"USD","alphaCode":"USD","numericCode":"840","name":"U.S. Dollar","rate":0.0024196667461389,"date":"Sun, 27 Jun 2021 23:55:01 GMT","inverseRate":413.28005255092},"eur":{"code":"EUR","alphaCode":"EUR","numericCode":"978","name":"Euro","rate":0.0020256208871086,"date":"Sun, 27 Jun 2021 23:55:01 GMT","inverseRate":493.67579410549},"gbp":{"code":"GBP","alphaCode":"GBP","numericCode":"826","name":"U.K. Pound Sterling","rate":0.0017399399428923,"date":"Sun, 27 Jun 2021 23:55:01 GMT","inverseRate":574.73248090258},"jpy":{"code":"JPY","alphaCode":"JPY","numericCode":"392","name":"Japanese Yen","rate":0.26793657489999,"date":"Sun, 27 Jun 2021 23:55:01 GMT","inverseRate":3.7322265553826},"aud":{"code":"AUD","alphaCode":"AUD","numericCode":"036","name":"Australian Dollar","rate":0.0031850429451344,"date":"Sun, 27 Jun 2021 23:55:01 GMT","inverseRate":313.96750914383},"chf":{"code":"CHF","alphaCode":"CHF","numericCode":"756","name":"Swiss Franc","rate":0.0022188700546138,"date":"Sun, 27 Jun 2021 23:55:01 GMT","inverseRate":450.67983946182},"cad":{"code":"CAD","alphaCode":"CAD","numericCode":"124","name":"Canadian Dollar","rate":0.0029761763296716,"date":"Sun, 27 Jun 2021 23:55:01 GMT","inverseRate":336.00159709298},"lkr":{"code":"LKR","alphaCode":"LKR","numericCode":"144","name":"Sri Lanka Rupee","rate":0.48079084007784,"date":"Sun, 27 Jun 2021 23:55:01 GMT","inverseRate":2.0799065136892},"pln":{"code":"PLN","alphaCode":"PLN","numericCode":"985","name":"Polish Zloty","rate":0.0091361339472918,"date":"Sun, 27 Jun 2021 23:55:01 GMT","inverseRate":109.45548804004},"pen":{"code":"PEN","alphaCode":"PEN","numericCode":"604","name":"Peruvian Nuevo Sol","rate":0.009630760288547,"date":"Sun, 27 Jun 2021 23:55:01 GMT","inverseRate":103.8339622251},"iqd":{"code":"IQD","alphaCode":"IQD","numericCode":"368","name":"Iraqi dinar","rate":3.5232911504849,"date":"Sun, 27 Jun 2021 23:55:01 GMT","inverseRate":0.28382553620707},"svc":{"code":"SVC","alphaCode":"SVC","numericCode":"222","name":"Salvadoran colon","rate":0.021119075144508,"date":"Sun, 27 Jun 2021 23:55:01 GMT","inverseRate":47.350558353405},"cve":{"code":"CVE","alphaCode":"CVE","numericCode":"132","name":"Cape Verde escudo","rate":0.22553086419752,"date":"Sun, 27 Jun 2021 23:55:01 GMT","inverseRate":4.4339829209548},"zmw":{"code":"ZMW","alphaCode":"ZMW","numericCode":"967","name":"Zambian kwacha","rate":0.054498806682577,"date":"Sun, 27 Jun 2021 23:55:01 GMT","inverseRate":18.349025618568},"yer":{"code":"YER","alphaCode":"YER","numericCode":"886","name":"Yemeni rial","rate":0.60674903680084,"date":"Sun, 27 Jun 2021 23:55:01 GMT","inverseRate":1.6481278738779},"dop":{"code":"DOP","alphaCode":"DOP","numericCode":"214","name":"Dominican Peso","rate":0.13737413586661,"date":"Sun, 27 Jun 2021 23:55:01 GMT","inverseRate":7.2793906486952},"nzd":{"code":"NZD","alphaCode":"NZD","numericCode":"554","name":"New Zealand Dollar","rate":0.0034185925911257,"date":"Sun, 27 Jun 2021 23:55:01 GMT","inverseRate":292.5180387379},"hrk":{"code":"HRK","alphaCode":"HRK","numericCode":"191","name":"Croatian Kuna","rate":0.015182257546221,"date":"Sun, 27 Jun 2021 23:55:01 GMT","inverseRate":65.86635728946},"dzd":{"code":"DZD","alphaCode":"DZD","numericCode":"012","name":"Algerian Dinar","rate":0.32221452990333,"date":"Sun, 27 Jun 2021 23:55:01 GMT","inverseRate":3.1035223653632},"ars":{"code":"ARS","alphaCode":"ARS","numericCode":"032","name":"Argentine Peso","rate":0.23070965709317,"date":"Sun, 27 Jun 2021 23:55:01 GMT","inverseRate":4.3344522834437},"stn":{"code":"STN","alphaCode":"STN","numericCode":"930","name":"S\u00e3o Tom\u00e9 and Pr\u00edncipe Dobra","rate":0.05010422380691,"date":"Sun, 27 Jun 2021 23:55:01 GMT","inverseRate":19.958397197285},"xpf":{"code":"XPF","alphaCode":"XPF","numericCode":"953","name":"CFP Franc","rate":0.2413656422588,"date":"Sun, 27 Jun 2021 23:55:01 GMT","inverseRate":4.1430917451281},"all":{"code":"ALL","alphaCode":"ALL","numericCode":"008","name":"Albanian lek","rate":0.24780921891533,"date":"Sun, 27 Jun 2021 23:55:01 GMT","inverseRate":4.0353623823078},"mur":{"code":"MUR","alphaCode":"MUR","numericCode":"480","name":"Mauritian Rupee","rate":0.099067245119307,"date":"Sun, 27 Jun 2021 23:55:01 GMT","inverseRate":10.094153711408},"sos":{"code":"SOS","alphaCode":"SOS","numericCode":"706","name":"Somali shilling","rate":1.3955691367456,"date":"Sun, 27 Jun 2021 23:55:01 GMT","inverseRate":0.71655353623821},"ang":{"code":"ANG","alphaCode":"ANG","numericCode":"532","name":"Neth. Antillean Guilder","rate":0.0043031529626385,"date":"Sun, 27 Jun 2021 23:55:01 GMT","inverseRate":232.3877418912},"pkr":{"code":"PKR","alphaCode":"PKR","numericCode":"586","name":"Pakistani Rupee","rate":0.37419945139998,"date":"Sun, 27 Jun 2021 23:55:01 GMT","inverseRate":2.6723716356577},"krw":{"code":"KRW","alphaCode":"KRW","numericCode":"410","name":"South Korean Won","rate":2.727455404151,"date":"Sun, 27 Jun 2021 23:55:01 GMT","inverseRate":0.36664210842021},"azn":{"code":"AZN","alphaCode":"AZN","numericCode":"944","name":"Azerbaijan Manat","rate":0.0041015516053574,"date":"Sun, 27 Jun 2021 23:55:01 GMT","inverseRate":243.8101714224},"pyg":{"code":"PYG","alphaCode":"PYG","numericCode":"600","name":"Paraguayan Guaran\u00ed","rate":16.401871911893,"date":"Sun, 27 Jun 2021 23:55:01 GMT","inverseRate":0.060968650735217},"bnd":{"code":"BND","alphaCode":"BND","numericCode":"096","name":"Brunei Dollar","rate":0.0032472980659841,"date":"Sun, 27 Jun 2021 23:55:01 GMT","inverseRate":307.94832493979},"szl":{"code":"SZL","alphaCode":"SZL","numericCode":"748","name":"Swazi lilangeni","rate":0.034299662035299,"date":"Sun, 27 Jun 2021 23:55:01 GMT","inverseRate":29.154806218524},"wst":{"code":"WST","alphaCode":"WST","numericCode":"882","name":"Samoan tala","rate":0.0061330826562814,"date":"Sun, 27 Jun 2021 23:55:01 GMT","inverseRate":163.05014232538},"egp":{"code":"EGP","alphaCode":"EGP","numericCode":"818","name":"Egyptian Pound","rate":0.037932727615987,"date":"Sun, 27 Jun 2021 23:55:01 GMT","inverseRate":26.362459618605},"sgd":{"code":"SGD","alphaCode":"SGD","numericCode":"702","name":"Singapore Dollar","rate":0.0032467886095893,"date":"Sun, 27 Jun 2021 23:55:01 GMT","inverseRate":307.99664537646},"zar":{"code":"ZAR","alphaCode":"ZAR","numericCode":"710","name":"South African Rand","rate":0.034111663390139,"date":"Sun, 27 Jun 2021 23:55:01 GMT","inverseRate":29.315486277021},"kgs":{"code":"KGS","alphaCode":"KGS","numericCode":"417","name":"Kyrgyzstan Som","rate":0.20223594719846,"date":"Sun, 27 Jun 2021 23:55:01 GMT","inverseRate":4.9447193431871},"crc":{"code":"CRC","alphaCode":"CRC","numericCode":"188","name":"Costa Rican Col\u00f3n","rate":1.4944747913245,"date":"Sun, 27 Jun 2021 23:55:01 GMT","inverseRate":0.66913139372111},"jmd":{"code":"JMD","alphaCode":"JMD","numericCode":"388","name":"Jamaican Dollar","rate":0.36102766798418,"date":"Sun, 27 Jun 2021 23:55:01 GMT","inverseRate":2.7698708123495},"ssp":{"code":"SSP","alphaCode":"SSP","numericCode":"728","name":"South Sudanese pound","rate":0.42910833411632,"date":"Sun, 27 Jun 2021 23:55:01 GMT","inverseRate":2.330413838406},"ern":{"code":"ERN","alphaCode":"ERN","numericCode":"232","name":"Eritrean nakfa","rate":0.036375945838312,"date":"Sun, 27 Jun 2021 23:55:01 GMT","inverseRate":27.490694109919},"bam":{"code":"BAM","alphaCode":"BAM","numericCode":"977","name":"Bosnia and Herzegovina convertible mark","rate":0.003994402413959,"date":"Sun, 27 Jun 2021 23:55:01 GMT","inverseRate":250.35033939128},"inr":{"code":"INR","alphaCode":"INR","numericCode":"356","name":"Indian Rupee","rate":0.17950883322062,"date":"Sun, 27 Jun 2021 23:55:01 GMT","inverseRate":5.5707565029458},"try":{"code":"TRY","alphaCode":"TRY","numericCode":"949","name":"Turkish Lira","rate":0.021078052076447,"date":"Sun, 27 Jun 2021 23:55:01 GMT","inverseRate":47.442714173642},"twd":{"code":"TWD","alphaCode":"TWD","numericCode":"901","name":"New Taiwan Dollar ","rate":0.067504753805394,"date":"Sun, 27 Jun 2021 23:55:01 GMT","inverseRate":14.813771529082},"tmt":{"code":"TMT","alphaCode":"TMT","numericCode":"934","name":"New Turkmenistan Manat","rate":0.0084469647262343,"date":"Sun, 27 Jun 2021 23:55:01 GMT","inverseRate":118.38571988992},"mga":{"code":"MGA","alphaCode":"MGA","numericCode":"969","name":"Malagasy ariary","rate":9.134,"date":"Sun, 27 Jun 2021 23:55:01 GMT","inverseRate":0.10948105977666},"srd":{"code":"SRD","alphaCode":"SRD","numericCode":"968","name":"Surinamese dollar","rate":0.050214403518416,"date":"Sun, 27 Jun 2021 23:55:01 GMT","inverseRate":19.914604773375},"ghs":{"code":"GHS","alphaCode":"GHS","numericCode":"936","name":"Ghanaian Cedi","rate":0.014065291037881,"date":"Sun, 27 Jun 2021 23:55:01 GMT","inverseRate":71.097000218961},"mop":{"code":"MOP","alphaCode":"MOP","numericCode":"446","name":"Macanese pataca","rate":0.019310782241015,"date":"Sun, 27 Jun 2021 23:55:01 GMT","inverseRate":51.78454127436},"lbp":{"code":"LBP","alphaCode":"LBP","numericCode":"422","name":"Lebanese Pound","rate":3.6436251768468,"date":"Sun, 27 Jun 2021 23:55:01 GMT","inverseRate":0.27445194043406},"huf":{"code":"HUF","alphaCode":"HUF","numericCode":"348","name":"Hungarian Forint","rate":0.71199821487425,"date":"Sun, 27 Jun 2021 23:55:01 GMT","inverseRate":1.4044979033783},"ngn":{"code":"NGN","alphaCode":"NGN","numericCode":"566","name":"Nigerian Naira","rate":0.9918836603728,"date":"Sun, 27 Jun 2021 23:55:01 GMT","inverseRate":1.0081827536348},"irr":{"code":"IRR","alphaCode":"IRR","numericCode":"364","name":"Iranian rial","rate":101.37412427541,"date":"Sun, 27 Jun 2021 23:55:01 GMT","inverseRate":0.0098644501952316},"ves":{"code":"VES","alphaCode":"VES","numericCode":"928","name":"Venezuelan Bolivar","rate":7675.6302521007,"date":"Sun, 27 Jun 2021 23:55:01 GMT","inverseRate":0.00013028246113423},"sbd":{"code":"SBD","alphaCode":"SBD","numericCode":"090","name":"Solomon Islands dollar","rate":0.019672625457678,"date":"Sun, 27 Jun 2021 23:55:01 GMT","inverseRate":50.832056054303},"mwk":{"code":"MWK","alphaCode":"MWK","numericCode":"454","name":"Malawian kwacha","rate":1.9434042553191,"date":"Sun, 27 Jun 2021 23:55:01 GMT","inverseRate":0.5145609809503},"gtq":{"code":"GTQ","alphaCode":"GTQ","numericCode":"320","name":"Guatemalan Quetzal","rate":0.018659856996935,"date":"Sun, 27 Jun 2021 23:55:01 GMT","inverseRate":53.590978760675},"sek":{"code":"SEK","alphaCode":"SEK","numericCode":"752","name":"Swedish Krona","rate":0.020486093754864,"date":"Sun, 27 Jun 2021 23:55:01 GMT","inverseRate":48.813600677903},"npr":{"code":"NPR","alphaCode":"NPR","numericCode":"524","name":"Nepalese Rupee","rate":0.28691418559283,"date":"Sun, 27 Jun 2021 23:55:01 GMT","inverseRate":3.4853626980268},"isk":{"code":"ISK","alphaCode":"ISK","numericCode":"352","name":"Icelandic Krona","rate":0.29777376125415,"date":"Sun, 27 Jun 2021 23:55:01 GMT","inverseRate":3.3582542524507},"gip":{"code":"GIP","alphaCode":"GIP","numericCode":"292","name":"Gibraltar pound","rate":0.0017319590820376,"date":"Sun, 27 Jun 2021 23:55:01 GMT","inverseRate":577.380845986},"gel":{"code":"GEL","alphaCode":"GEL","numericCode":"981","name":"Georgian lari","rate":0.0078374000186903,"date":"Sun, 27 Jun 2021 23:55:01 GMT","inverseRate":127.59333421993},"mkd":{"code":"MKD","alphaCode":"MKD","numericCode":"807","name":"Macedonian denar","rate":0.12495553913923,"date":"Sun, 27 Jun 2021 23:55:01 GMT","inverseRate":8.0028465075546},"bif":{"code":"BIF","alphaCode":"BIF","numericCode":"108","name":"Burundian franc","rate":4.7746994249868,"date":"Sun, 27 Jun 2021 23:55:01 GMT","inverseRate":0.20943726735275},"mmk":{"code":"MMK","alphaCode":"MMK","numericCode":"104","name":"Myanma Kyat","rate":3.9713043478259,"date":"Sun, 27 Jun 2021 23:55:01 GMT","inverseRate":0.25180643748632},"mvr":{"code":"MVR","alphaCode":"MVR","numericCode":"462","name":"Maldivian rufiyaa","rate":0.037296855859533,"date":"Sun, 27 Jun 2021 23:55:01 GMT","inverseRate":26.811911539305},"kes":{"code":"KES","alphaCode":"KES","numericCode":"404","name":"Kenyan shilling","rate":0.25994649667028,"date":"Sun, 27 Jun 2021 23:55:01 GMT","inverseRate":3.8469454784321},"aed":{"code":"AED","alphaCode":"AED","numericCode":"784","name":"U.A.E Dirham","rate":0.0088704502422902,"date":"Sun, 27 Jun 2021 23:55:01 GMT","inverseRate":112.73384920559},"php":{"code":"PHP","alphaCode":"PHP","numericCode":"608","name":"Philippine Peso","rate":0.11735868588488,"date":"Sun, 27 Jun 2021 23:55:01 GMT","inverseRate":8.5208861402977},"ils":{"code":"ILS","alphaCode":"ILS","numericCode":"376","name":"Israeli New Sheqel","rate":0.0078577518498379,"date":"Sun, 27 Jun 2021 23:55:01 GMT","inverseRate":127.2628633622},"mro":{"code":"MRO","alphaCode":"MRO","numericCode":"478","name":"Mauritanian Ouguiya","rate":0.087616162421852,"date":"Sun, 27 Jun 2021 23:55:01 GMT","inverseRate":11.413419309388},"cop":{"code":"COP","alphaCode":"COP","numericCode":"170","name":"Colombian Peso","rate":9.0976599336157,"date":"Sun, 27 Jun 2021 23:55:01 GMT","inverseRate":0.10991837541707},"bzd":{"code":"BZD","alphaCode":"BZD","numericCode":"084","name":"Belize dollar","rate":0.0048631668618891,"date":"Sun, 27 Jun 2021 23:55:01 GMT","inverseRate":205.62732647252},"gnf":{"code":"GNF","alphaCode":"GNF","numericCode":"324","name":"Guinean franc","rate":23.663212435233,"date":"Sun, 27 Jun 2021 23:55:01 GMT","inverseRate":0.042259689073791},"sll":{"code":"SLL","alphaCode":"SLL","numericCode":"694","name":"Sierra Leonean leone","rate":24.753387533875,"date":"Sun, 27 Jun 2021 23:55:01 GMT","inverseRate":0.040398511057588},"ugx":{"code":"UGX","alphaCode":"UGX","numericCode":"800","name":"Ugandan shilling","rate":8.6251180358827,"date":"Sun, 27 Jun 2021 23:55:01 GMT","inverseRate":0.11594044230348},"cny":{"code":"CNY","alphaCode":"CNY","numericCode":"156","name":"Chinese Yuan","rate":0.01562059467978,"date":"Sun, 27 Jun 2021 23:55:01 GMT","inverseRate":64.018049280443},"sar":{"code":"SAR","alphaCode":"SAR","numericCode":"682","name":"Saudi Riyal","rate":0.0090734913096893,"date":"Sun, 27 Jun 2021 23:55:01 GMT","inverseRate":110.21115972549},"myr":{"code":"MYR","alphaCode":"MYR","numericCode":"458","name":"Malaysian Ringgit","rate":0.010026473530132,"date":"Sun, 27 Jun 2021 23:55:01 GMT","inverseRate":99.735963695984},"kzt":{"code":"KZT","alphaCode":"KZT","numericCode":"398","name":"Kazakhstani Tenge","rate":1.0314156736409,"date":"Sun, 27 Jun 2021 23:55:01 GMT","inverseRate":0.96954120977242},"bob":{"code":"BOB","alphaCode":"BOB","numericCode":"068","name":"Bolivian Boliviano","rate":0.016628838664589,"date":"Sun, 27 Jun 2021 23:55:01 GMT","inverseRate":60.136490597477},"gyd":{"code":"GYD","alphaCode":"GYD","numericCode":"328","name":"Guyanese dollar","rate":0.50388922601642,"date":"Sun, 27 Jun 2021 23:55:01 GMT","inverseRate":1.9845631705716},"rwf":{"code":"RWF","alphaCode":"RWF","numericCode":"646","name":"Rwandan franc","rate":2.4260292164674,"date":"Sun, 27 Jun 2021 23:55:01 GMT","inverseRate":0.41219619005914},"mzn":{"code":"MZN","alphaCode":"MZN","numericCode":"943","name":"Mozambican metical","rate":0.15377104377104,"date":"Sun, 27 Jun 2021 23:55:01 GMT","inverseRate":6.5031749507335},"vuv":{"code":"VUV","alphaCode":"VUV","numericCode":"548","name":"Vanuatu vatu","rate":0.26506094022054,"date":"Sun, 27 Jun 2021 23:55:01 GMT","inverseRate":3.7727173199038},"idr":{"code":"IDR","alphaCode":"IDR","numericCode":"360","name":"Indonesian Rupiah","rate":34.941801945543,"date":"Sun, 27 Jun 2021 23:55:01 GMT","inverseRate":0.028619016316288},"tnd":{"code":"TND","alphaCode":"TND","numericCode":"788","name":"Tunisian Dinar","rate":0.0066167594659688,"date":"Sun, 27 Jun 2021 23:55:01 GMT","inverseRate":151.13138162921},"xof":{"code":"XOF","alphaCode":"XOF","numericCode":"952","name":"West African CFA Franc","rate":1.3300010108051,"date":"Sun, 27 Jun 2021 23:55:01 GMT","inverseRate":0.7518791278171},"tjs":{"code":"TJS","alphaCode":"TJS","numericCode":"972","name":"Tajikistan Ruble","rate":0.027359342861187,"date":"Sun, 27 Jun 2021 23:55:01 GMT","inverseRate":36.550585482762},"afn":{"code":"AFN","alphaCode":"AFN","numericCode":"971","name":"Afghan afghani","rate":0.19083235834865,"date":"Sun, 27 Jun 2021 23:55:01 GMT","inverseRate":5.24020144515},"nad":{"code":"NAD","alphaCode":"NAD","numericCode":"516","name":"Namibian dollar","rate":0.034299662035299,"date":"Sun, 27 Jun 2021 23:55:01 GMT","inverseRate":29.154806218524},"syp":{"code":"SYP","alphaCode":"SYP","numericCode":"760","name":"Syrian pound","rate":6.0893333333332,"date":"Sun, 27 Jun 2021 23:55:01 GMT","inverseRate":0.16422158966499},"top":{"code":"TOP","alphaCode":"TOP","numericCode":"776","name":"Tongan pa\u02bbanga","rate":0.0053449587453917,"date":"Sun, 27 Jun 2021 23:55:01 GMT","inverseRate":187.09218305233},"kwd":{"code":"KWD","alphaCode":"KWD","numericCode":"414","name":"Kuwaiti Dinar","rate":0.00072773974340621,"date":"Sun, 27 Jun 2021 23:55:01 GMT","inverseRate":1374.1176142442},"czk":{"code":"CZK","alphaCode":"CZK","numericCode":"203","name":"Czech Koruna","rate":0.051604321484114,"date":"Sun, 27 Jun 2021 23:55:01 GMT","inverseRate":19.37822204111},"pgk":{"code":"PGK","alphaCode":"PGK","numericCode":"598","name":"Papua New Guinean kina","rate":0.0084920738666986,"date":"Sun, 27 Jun 2021 23:55:01 GMT","inverseRate":117.75686548388},"uah":{"code":"UAH","alphaCode":"UAH","numericCode":"980","name":"Ukrainian Hryvnia","rate":0.066287163381602,"date":"Sun, 27 Jun 2021 23:55:01 GMT","inverseRate":15.085877098756},"etb":{"code":"ETB","alphaCode":"ETB","numericCode":"230","name":"Ethiopian birr","rate":0.10559537572254,"date":"Sun, 27 Jun 2021 23:55:01 GMT","inverseRate":9.4701116706816},"xcd":{"code":"XCD","alphaCode":"XCD","numericCode":"951","name":"East Caribbean Dollar","rate":0.0065373604351561,"date":"Sun, 27 Jun 2021 23:55:01 GMT","inverseRate":152.96693671995},"lak":{"code":"LAK","alphaCode":"LAK","numericCode":"418","name":"Lao kip","rate":22.892230576441,"date":"Sun, 27 Jun 2021 23:55:01 GMT","inverseRate":0.043682942850888},"bwp":{"code":"BWP","alphaCode":"BWP","numericCode":"072","name":"Botswana Pula","rate":0.026224519092737,"date":"Sun, 27 Jun 2021 23:55:01 GMT","inverseRate":38.132253120209},"nok":{"code":"NOK","alphaCode":"NOK","numericCode":"578","name":"Norwegian Krone","rate":0.020528757826971,"date":"Sun, 27 Jun 2021 23:55:01 GMT","inverseRate":48.712153381545},"mad":{"code":"MAD","alphaCode":"MAD","numericCode":"504","name":"Moroccan Dirham","rate":0.021374261559598,"date":"Sun, 27 Jun 2021 23:55:01 GMT","inverseRate":46.785242016978},"ron":{"code":"RON","alphaCode":"RON","numericCode":"946","name":"Romanian New Leu","rate":0.0099758722296814,"date":"Sun, 27 Jun 2021 23:55:01 GMT","inverseRate":100.24186126048},"byn":{"code":"BYN","alphaCode":"BYN","numericCode":"933","name":"Belarussian Ruble","rate":0.0061126505180746,"date":"Sun, 27 Jun 2021 23:55:01 GMT","inverseRate":163.59515353333},"rsd":{"code":"RSD","alphaCode":"RSD","numericCode":"941","name":"Serbian Dinar","rate":0.23354729279925,"date":"Sun, 27 Jun 2021 23:55:01 GMT","inverseRate":4.2817880182391},"gmd":{"code":"GMD","alphaCode":"GMD","numericCode":"270","name":"Gambian dalasi","rate":0.12529492455419,"date":"Sun, 27 Jun 2021 23:55:01 GMT","inverseRate":7.9811692577182},"awg":{"code":"AWG","alphaCode":"AWG","numericCode":"533","name":"Aruban florin","rate":0.0043669917766303,"date":"Sun, 27 Jun 2021 23:55:01 GMT","inverseRate":228.99058462886},"aoa":{"code":"AOA","alphaCode":"AOA","numericCode":"973","name":"Angolan kwanza","rate":1.5748275862069,"date":"Sun, 27 Jun 2021 23:55:01 GMT","inverseRate":0.63499014670462},"khr":{"code":"KHR","alphaCode":"KHR","numericCode":"116","name":"Cambodian riel","rate":9.8320775026914,"date":"Sun, 27 Jun 2021 23:55:01 GMT","inverseRate":0.10170790453251},"scr":{"code":"SCR","alphaCode":"SCR","numericCode":"690","name":"Seychelles rupee","rate":0.03615993665875,"date":"Sun, 27 Jun 2021 23:55:01 GMT","inverseRate":27.654915699583},"bhd":{"code":"BHD","alphaCode":"BHD","numericCode":"048","name":"Bahrain Dinar","rate":0.00091058811481235,"date":"Sun, 27 Jun 2021 23:55:01 GMT","inverseRate":1098.1913597742},"omr":{"code":"OMR","alphaCode":"OMR","numericCode":"512","name":"Omani Rial","rate":0.00093066233757348,"date":"Sun, 27 Jun 2021 23:55:01 GMT","inverseRate":1074.5035655008},"rub":{"code":"RUB","alphaCode":"RUB","numericCode":"643","name":"Russian Rouble","rate":0.17461861109637,"date":"Sun, 27 Jun 2021 23:55:01 GMT","inverseRate":5.7267664295424},"lyd":{"code":"LYD","alphaCode":"LYD","numericCode":"434","name":"Libyan Dinar","rate":0.010769320268081,"date":"Sun, 27 Jun 2021 23:55:01 GMT","inverseRate":92.856371164286},"clp":{"code":"CLP","alphaCode":"CLP","numericCode":"152","name":"Chilean Peso","rate":1.7756455644211,"date":"Sun, 27 Jun 2021 23:55:01 GMT","inverseRate":0.56317545575378},"bsd":{"code":"BSD","alphaCode":"BSD","numericCode":"044","name":"Bahamian Dollar","rate":0.002411426157664,"date":"Sun, 27 Jun 2021 23:55:01 GMT","inverseRate":414.69235822203},"djf":{"code":"DJF","alphaCode":"DJF","numericCode":"262","name":"Djiboutian franc","rate":0.42949170075703,"date":"Sun, 27 Jun 2021 23:55:01 GMT","inverseRate":2.3283336982703},"hnl":{"code":"HNL","alphaCode":"HNL","numericCode":"340","name":"Honduran Lempira","rate":0.057810126582278,"date":"Sun, 27 Jun 2021 23:55:01 GMT","inverseRate":17.298007444712},"tzs":{"code":"TZS","alphaCode":"TZS","numericCode":"834","name":"Tanzanian shilling","rate":5.5933864053888,"date":"Sun, 27 Jun 2021 23:55:01 GMT","inverseRate":0.17878257061528},"bbd":{"code":"BBD","alphaCode":"BBD","numericCode":"052","name":"Barbadian Dollar","rate":0.0048422310719769,"date":"Sun, 27 Jun 2021 23:55:01 GMT","inverseRate":206.51637336913},"bdt":{"code":"BDT","alphaCode":"BDT","numericCode":"050","name":"Bangladeshi taka","rate":0.20470106543741,"date":"Sun, 27 Jun 2021 23:55:01 GMT","inverseRate":4.8851724238131},"qar":{"code":"QAR","alphaCode":"QAR","numericCode":"634","name":"Qatari Rial","rate":0.0088507091654358,"date":"Sun, 27 Jun 2021 23:55:01 GMT","inverseRate":112.98529657999},"mxn":{"code":"MXN","alphaCode":"MXN","numericCode":"484","name":"Mexican Peso","rate":0.047898451248522,"date":"Sun, 27 Jun 2021 23:55:01 GMT","inverseRate":20.877501754941},"amd":{"code":"AMD","alphaCode":"AMD","numericCode":"051","name":"Armenia Dram","rate":1.2525907003079,"date":"Sun, 27 Jun 2021 23:55:01 GMT","inverseRate":0.7983453811003},"uyu":{"code":"UYU","alphaCode":"UYU","numericCode":"858","name":"Uruguayan Peso","rate":0.10531151429085,"date":"Sun, 27 Jun 2021 23:55:01 GMT","inverseRate":9.495637839165},"fjd":{"code":"FJD","alphaCode":"FJD","numericCode":"242","name":"Fiji Dollar","rate":0.0049763007354944,"date":"Sun, 27 Jun 2021 23:55:01 GMT","inverseRate":200.95248522006},"cdf":{"code":"CDF","alphaCode":"CDF","numericCode":"976","name":"Congolese franc","rate":4.7972689075629,"date":"Sun, 27 Jun 2021 23:55:01 GMT","inverseRate":0.20845193781476},"lsl":{"code":"LSL","alphaCode":"LSL","numericCode":"426","name":"Lesotho loti","rate":0.034312546957175,"date":"Sun, 27 Jun 2021 23:55:01 GMT","inverseRate":29.143858112547},"mnt":{"code":"MNT","alphaCode":"MNT","numericCode":"496","name":"Mongolian togrog","rate":6.8780120481926,"date":"Sun, 27 Jun 2021 23:55:01 GMT","inverseRate":0.14539084738341},"brl":{"code":"BRL","alphaCode":"BRL","numericCode":"986","name":"Brazilian Real","rate":0.012092779407132,"date":"Sun, 27 Jun 2021 23:55:01 GMT","inverseRate":82.693975167547},"hkd":{"code":"HKD","alphaCode":"HKD","numericCode":"344","name":"Hong Kong Dollar","rate":0.018780505746911,"date":"Sun, 27 Jun 2021 23:55:01 GMT","inverseRate":53.246702377249},"thb":{"code":"THB","alphaCode":"THB","numericCode":"764","name":"Thai Baht","rate":0.076466173857971,"date":"Sun, 27 Jun 2021 23:55:01 GMT","inverseRate":13.077678005145},"xaf":{"code":"XAF","alphaCode":"XAF","numericCode":"950","name":"Central African CFA Franc","rate":1.3311285597075,"date":"Sun, 27 Jun 2021 23:55:01 GMT","inverseRate":0.7512422393069},"mdl":{"code":"MDL","alphaCode":"MDL","numericCode":"498","name":"Moldova Lei","rate":0.043531962057296,"date":"Sun, 27 Jun 2021 23:55:01 GMT","inverseRate":22.971627115815},"nio":{"code":"NIO","alphaCode":"NIO","numericCode":"558","name":"Nicaraguan C\u00f3rdoba","rate":0.084627845339075,"date":"Sun, 27 Jun 2021 23:55:01 GMT","inverseRate":11.816441692369},"lrd":{"code":"LRD","alphaCode":"LRD","numericCode":"430","name":"Liberian dollar","rate":0.41330316742082,"date":"Sun, 27 Jun 2021 23:55:01 GMT","inverseRate":2.4195314210641},"sdg":{"code":"SDG","alphaCode":"SDG","numericCode":"938","name":"Sudanese pound","rate":1.0620930232558,"date":"Sun, 27 Jun 2021 23:55:01 GMT","inverseRate":0.94153711407928},"mru":{"code":"MRU","alphaCode":"MRU","numericCode":"929","name":"Mauritanian ouguiya","rate":0.087156488549616,"date":"Sun, 27 Jun 2021 23:55:01 GMT","inverseRate":11.473615064594},"dkk":{"code":"DKK","alphaCode":"DKK","numericCode":"208","name":"Danish Krone","rate":0.015060180204918,"date":"Sun, 27 Jun 2021 23:55:01 GMT","inverseRate":66.400267884804},"jod":{"code":"JOD","alphaCode":"JOD","numericCode":"400","name":"Jordanian Dinar","rate":0.0017143067900169,"date":"Sun, 27 Jun 2021 23:55:01 GMT","inverseRate":583.32616181853},"bgn":{"code":"BGN","alphaCode":"BGN","numericCode":"975","name":"Bulgarian Lev","rate":0.0039609937418269,"date":"Sun, 27 Jun 2021 23:55:01 GMT","inverseRate":252.46189849792},"vnd":{"code":"VND","alphaCode":"VND","numericCode":"704","name":"Vietnamese Dong","rate":55.654063360409,"date":"Sun, 27 Jun 2021 23:55:01 GMT","inverseRate":0.017968139963548},"uzs":{"code":"UZS","alphaCode":"UZS","numericCode":"860","name":"Uzbekistan Sum","rate":25.510675042193,"date":"Sun, 27 Jun 2021 23:55:01 GMT","inverseRate":0.039199276316525},"pab":{"code":"PAB","alphaCode":"PAB","numericCode":"590","name":"Panamanian Balboa","rate":0.002411426157664,"date":"Sun, 27 Jun 2021 23:55:01 GMT","inverseRate":414.69235822203},"ttd":{"code":"TTD","alphaCode":"TTD","numericCode":"780","name":"Trinidad Tobago Dollar","rate":0.01639856373429,"date":"Sun, 27 Jun 2021 23:55:01 GMT","inverseRate":60.980950295601},"htg":{"code":"HTG","alphaCode":"HTG","numericCode":"332","name":"Haitian gourde","rate":0.22665012406948,"date":"Sun, 27 Jun 2021 23:55:01 GMT","inverseRate":4.4120867089993},"cup":{"code":"CUP","alphaCode":"CUP","numericCode":"192","name":"Cuban peso","rate":0.002411426157664,"date":"Sun, 27 Jun 2021 23:55:01 GMT","inverseRate":414.69235822203}}