{"usd":{"code":"USD","alphaCode":"USD","numericCode":"840","name":"U.S. Dollar","rate":0.00088715171747863,"date":"Sun, 27 Jun 2021 23:55:01 GMT","inverseRate":1127.2029127578},"eur":{"code":"EUR","alphaCode":"EUR","numericCode":"978","name":"Euro","rate":0.00074267791290951,"date":"Sun, 27 Jun 2021 23:55:01 GMT","inverseRate":1346.4787125315},"gbp":{"code":"GBP","alphaCode":"GBP","numericCode":"826","name":"U.K. Pound Sterling","rate":0.00063793524918657,"date":"Sun, 27 Jun 2021 23:55:01 GMT","inverseRate":1567.5572109788},"jpy":{"code":"JPY","alphaCode":"JPY","numericCode":"392","name":"Japanese Yen","rate":0.09823683074422,"date":"Sun, 27 Jun 2021 23:55:01 GMT","inverseRate":10.179481487994},"aud":{"code":"AUD","alphaCode":"AUD","numericCode":"036","name":"Australian Dollar","rate":0.001167770860813,"date":"Sun, 27 Jun 2021 23:55:01 GMT","inverseRate":856.33237954216},"chf":{"code":"CHF","alphaCode":"CHF","numericCode":"756","name":"Swiss Franc","rate":0.00081353119513407,"date":"Sun, 27 Jun 2021 23:55:01 GMT","inverseRate":1229.209163682},"cad":{"code":"CAD","alphaCode":"CAD","numericCode":"124","name":"Canadian Dollar","rate":0.0010911915645411,"date":"Sun, 27 Jun 2021 23:55:01 GMT","inverseRate":916.42937179461},"lkr":{"code":"LKR","alphaCode":"LKR","numericCode":"144","name":"Sri Lanka Rupee","rate":0.17627816731526,"date":"Sun, 27 Jun 2021 23:55:01 GMT","inverseRate":5.6728522608904},"pln":{"code":"PLN","alphaCode":"PLN","numericCode":"985","name":"Polish Zloty","rate":0.0033496914132445,"date":"Sun, 27 Jun 2021 23:55:01 GMT","inverseRate":298.53496236879},"pen":{"code":"PEN","alphaCode":"PEN","numericCode":"604","name":"Peruvian Nuevo Sol","rate":0.0035310422578825,"date":"Sun, 27 Jun 2021 23:55:01 GMT","inverseRate":283.20250140526},"iqd":{"code":"IQD","alphaCode":"IQD","numericCode":"368","name":"Iraqi dinar","rate":1.2917868959921,"date":"Sun, 27 Jun 2021 23:55:01 GMT","inverseRate":0.77412149256401},"svc":{"code":"SVC","alphaCode":"SVC","numericCode":"222","name":"Salvadoran colon","rate":0.0077431422388674,"date":"Sun, 27 Jun 2021 23:55:01 GMT","inverseRate":129.14653627056},"cve":{"code":"CVE","alphaCode":"CVE","numericCode":"132","name":"Cape Verde escudo","rate":0.082689111563212,"date":"Sun, 27 Jun 2021 23:55:01 GMT","inverseRate":12.093490679671},"zmw":{"code":"ZMW","alphaCode":"ZMW","numericCode":"967","name":"Zambian kwacha","rate":0.019981557388486,"date":"Sun, 27 Jun 2021 23:55:01 GMT","inverseRate":50.046149084268},"yer":{"code":"YER","alphaCode":"YER","numericCode":"886","name":"Yemeni rial","rate":0.22245974613459,"date":"Sun, 27 Jun 2021 23:55:01 GMT","inverseRate":4.49519527634},"dop":{"code":"DOP","alphaCode":"DOP","numericCode":"214","name":"Dominican Peso","rate":0.050367142816539,"date":"Sun, 27 Jun 2021 23:55:01 GMT","inverseRate":19.85421336371},"nzd":{"code":"NZD","alphaCode":"NZD","numericCode":"554","name":"New Zealand Dollar","rate":0.00125339999544,"date":"Sun, 27 Jun 2021 23:55:01 GMT","inverseRate":797.82990556733},"hrk":{"code":"HRK","alphaCode":"HRK","numericCode":"191","name":"Croatian Kuna","rate":0.0055664549173252,"date":"Sun, 27 Jun 2021 23:55:01 GMT","inverseRate":179.64755214087},"dzd":{"code":"DZD","alphaCode":"DZD","numericCode":"012","name":"Algerian Dinar","rate":0.11813741460738,"date":"Sun, 27 Jun 2021 23:55:01 GMT","inverseRate":8.4647188473133},"ars":{"code":"ARS","alphaCode":"ARS","numericCode":"032","name":"Argentine Peso","rate":0.084587875109542,"date":"Sun, 27 Jun 2021 23:55:01 GMT","inverseRate":11.822025304513},"stn":{"code":"STN","alphaCode":"STN","numericCode":"930","name":"S\u00e3o Tom\u00e9 and Pr\u00edncipe Dobra","rate":0.018370318257324,"date":"Sun, 27 Jun 2021 23:55:01 GMT","inverseRate":54.435638293927},"xpf":{"code":"XPF","alphaCode":"XPF","numericCode":"953","name":"CFP Franc","rate":0.088494807977966,"date":"Sun, 27 Jun 2021 23:55:01 GMT","inverseRate":11.300097970143},"all":{"code":"ALL","alphaCode":"ALL","numericCode":"008","name":"Albanian lek","rate":0.090857294509082,"date":"Sun, 27 Jun 2021 23:55:01 GMT","inverseRate":11.006270937333},"mur":{"code":"MUR","alphaCode":"MUR","numericCode":"480","name":"Mauritian Rupee","rate":0.036322223625924,"date":"Sun, 27 Jun 2021 23:55:01 GMT","inverseRate":27.53135409051},"sos":{"code":"SOS","alphaCode":"SOS","numericCode":"706","name":"Somali shilling","rate":0.51167441074259,"date":"Sun, 27 Jun 2021 23:55:01 GMT","inverseRate":1.9543678147764},"ang":{"code":"ANG","alphaCode":"ANG","numericCode":"532","name":"Neth. Antillean Guilder","rate":0.0015777170750765,"date":"Sun, 27 Jun 2021 23:55:01 GMT","inverseRate":633.82720247959},"pkr":{"code":"PKR","alphaCode":"PKR","numericCode":"586","name":"Pakistani Rupee","rate":0.13719727583097,"date":"Sun, 27 Jun 2021 23:55:01 GMT","inverseRate":7.2887744595745},"azn":{"code":"AZN","alphaCode":"AZN","numericCode":"944","name":"Azerbaijan Manat","rate":0.0015038015283825,"date":"Sun, 27 Jun 2021 23:55:01 GMT","inverseRate":664.981369633},"pyg":{"code":"PYG","alphaCode":"PYG","numericCode":"600","name":"Paraguayan Guaran\u00ed","rate":6.0136168998148,"date":"Sun, 27 Jun 2021 23:55:01 GMT","inverseRate":0.16628927593156},"bnd":{"code":"BND","alphaCode":"BND","numericCode":"096","name":"Brunei Dollar","rate":0.0011905962095813,"date":"Sun, 27 Jun 2021 23:55:01 GMT","inverseRate":839.91532305625},"kmf":{"code":"KMF","alphaCode":"KMF","numericCode":"174","name":"\tComoro franc","rate":0.36664210842021,"date":"Sun, 27 Jun 2021 23:55:01 GMT","inverseRate":2.727455404151},"szl":{"code":"SZL","alphaCode":"SZL","numericCode":"748","name":"Swazi lilangeni","rate":0.012575700406722,"date":"Sun, 27 Jun 2021 23:55:01 GMT","inverseRate":79.518433777688},"wst":{"code":"WST","alphaCode":"WST","numericCode":"882","name":"Samoan tala","rate":0.0022486463562144,"date":"Sun, 27 Jun 2021 23:55:01 GMT","inverseRate":444.71199183294},"egp":{"code":"EGP","alphaCode":"EGP","numericCode":"818","name":"Egyptian Pound","rate":0.013907735231255,"date":"Sun, 27 Jun 2021 23:55:01 GMT","inverseRate":71.902432953475},"sgd":{"code":"SGD","alphaCode":"SGD","numericCode":"702","name":"Singapore Dollar","rate":0.0011904094214145,"date":"Sun, 27 Jun 2021 23:55:01 GMT","inverseRate":840.04711489239},"zar":{"code":"ZAR","alphaCode":"ZAR","numericCode":"710","name":"South African Rand","rate":0.012506772187081,"date":"Sun, 27 Jun 2021 23:55:01 GMT","inverseRate":79.956681471576},"kgs":{"code":"KGS","alphaCode":"KGS","numericCode":"417","name":"Kyrgyzstan Som","rate":0.074148214079203,"date":"Sun, 27 Jun 2021 23:55:01 GMT","inverseRate":13.486501494585},"crc":{"code":"CRC","alphaCode":"CRC","numericCode":"188","name":"Costa Rican Col\u00f3n","rate":0.54793738847205,"date":"Sun, 27 Jun 2021 23:55:01 GMT","inverseRate":1.8250260358917},"jmd":{"code":"JMD","alphaCode":"JMD","numericCode":"388","name":"Jamaican Dollar","rate":0.13236794538775,"date":"Sun, 27 Jun 2021 23:55:01 GMT","inverseRate":7.5546991159427},"ssp":{"code":"SSP","alphaCode":"SSP","numericCode":"728","name":"South Sudanese pound","rate":0.15732918436109,"date":"Sun, 27 Jun 2021 23:55:01 GMT","inverseRate":6.3560998174685},"ern":{"code":"ERN","alphaCode":"ERN","numericCode":"232","name":"Eritrean nakfa","rate":0.013336953477938,"date":"Sun, 27 Jun 2021 23:55:01 GMT","inverseRate":74.979642213958},"bam":{"code":"BAM","alphaCode":"BAM","numericCode":"977","name":"Bosnia and Herzegovina convertible mark","rate":0.0014645161229327,"date":"Sun, 27 Jun 2021 23:55:01 GMT","inverseRate":682.81938610378},"inr":{"code":"INR","alphaCode":"INR","numericCode":"356","name":"Indian Rupee","rate":0.065815497092061,"date":"Sun, 27 Jun 2021 23:55:01 GMT","inverseRate":15.193989929169},"try":{"code":"TRY","alphaCode":"TRY","numericCode":"949","name":"Turkish Lira","rate":0.0077281014546994,"date":"Sun, 27 Jun 2021 23:55:01 GMT","inverseRate":129.39788716049},"twd":{"code":"TWD","alphaCode":"TWD","numericCode":"901","name":"New Taiwan Dollar ","rate":0.024750085263597,"date":"Sun, 27 Jun 2021 23:55:01 GMT","inverseRate":40.403901212851},"tmt":{"code":"TMT","alphaCode":"TMT","numericCode":"934","name":"New Turkmenistan Manat","rate":0.0030970129569777,"date":"Sun, 27 Jun 2021 23:55:01 GMT","inverseRate":322.89177148806},"mga":{"code":"MGA","alphaCode":"MGA","numericCode":"969","name":"Malagasy ariary","rate":3.3489090183102,"date":"Sun, 27 Jun 2021 23:55:01 GMT","inverseRate":0.29860470814002},"srd":{"code":"SRD","alphaCode":"SRD","numericCode":"968","name":"Surinamese dollar","rate":0.018410714779055,"date":"Sun, 27 Jun 2021 23:55:01 GMT","inverseRate":54.316196410671},"ghs":{"code":"GHS","alphaCode":"GHS","numericCode":"936","name":"Ghanaian Cedi","rate":0.0051569279616727,"date":"Sun, 27 Jun 2021 23:55:01 GMT","inverseRate":193.91389746613},"mop":{"code":"MOP","alphaCode":"MOP","numericCode":"446","name":"Macanese pataca","rate":0.0070801459160891,"date":"Sun, 27 Jun 2021 23:55:01 GMT","inverseRate":141.24002695023},"lbp":{"code":"LBP","alphaCode":"LBP","numericCode":"422","name":"Lebanese Pound","rate":1.3359064171321,"date":"Sun, 27 Jun 2021 23:55:01 GMT","inverseRate":0.7485554281166},"huf":{"code":"HUF","alphaCode":"HUF","numericCode":"348","name":"Hungarian Forint","rate":0.26104852669292,"date":"Sun, 27 Jun 2021 23:55:01 GMT","inverseRate":3.8307053966879},"ngn":{"code":"NGN","alphaCode":"NGN","numericCode":"566","name":"Nigerian Naira","rate":0.36366631654664,"date":"Sun, 27 Jun 2021 23:55:01 GMT","inverseRate":2.749773499773},"irr":{"code":"IRR","alphaCode":"IRR","numericCode":"364","name":"Iranian rial","rate":37.168022663589,"date":"Sun, 27 Jun 2021 23:55:01 GMT","inverseRate":0.026904847993962},"ves":{"code":"VES","alphaCode":"VES","numericCode":"928","name":"Venezuelan Bolivar","rate":2814.2092590841,"date":"Sun, 27 Jun 2021 23:55:01 GMT","inverseRate":0.00035533960268663},"sbd":{"code":"SBD","alphaCode":"SBD","numericCode":"090","name":"Solomon Islands dollar","rate":0.0072128128759642,"date":"Sun, 27 Jun 2021 23:55:01 GMT","inverseRate":138.64216598941},"mwk":{"code":"MWK","alphaCode":"MWK","numericCode":"454","name":"Malawian kwacha","rate":0.71253383368301,"date":"Sun, 27 Jun 2021 23:55:01 GMT","inverseRate":1.4034421282581},"gtq":{"code":"GTQ","alphaCode":"GTQ","numericCode":"320","name":"Guatemalan Quetzal","rate":0.006841489312176,"date":"Sun, 27 Jun 2021 23:55:01 GMT","inverseRate":146.16700463454},"sek":{"code":"SEK","alphaCode":"SEK","numericCode":"752","name":"Swedish Krona","rate":0.0075110646075773,"date":"Sun, 27 Jun 2021 23:55:01 GMT","inverseRate":133.13691896501},"npr":{"code":"NPR","alphaCode":"NPR","numericCode":"524","name":"Nepalese Rupee","rate":0.10519482194142,"date":"Sun, 27 Jun 2021 23:55:01 GMT","inverseRate":9.5061713261594},"isk":{"code":"ISK","alphaCode":"ISK","numericCode":"352","name":"Icelandic Krona","rate":0.10917639965844,"date":"Sun, 27 Jun 2021 23:55:01 GMT","inverseRate":9.1594887093597},"gip":{"code":"GIP","alphaCode":"GIP","numericCode":"292","name":"Gibraltar pound","rate":0.00063500912953579,"date":"Sun, 27 Jun 2021 23:55:01 GMT","inverseRate":1574.7805086378},"gel":{"code":"GEL","alphaCode":"GEL","numericCode":"981","name":"Georgian lari","rate":0.0028735208673852,"date":"Sun, 27 Jun 2021 23:55:01 GMT","inverseRate":348.00512895178},"mkd":{"code":"MKD","alphaCode":"MKD","numericCode":"807","name":"Macedonian denar","rate":0.045813962328792,"date":"Sun, 27 Jun 2021 23:55:01 GMT","inverseRate":21.82740695562},"bif":{"code":"BIF","alphaCode":"BIF","numericCode":"108","name":"Burundian franc","rate":1.7506058642499,"date":"Sun, 27 Jun 2021 23:55:01 GMT","inverseRate":0.57123080667188},"mmk":{"code":"MMK","alphaCode":"MMK","numericCode":"104","name":"Myanma Kyat","rate":1.4560473992652,"date":"Sun, 27 Jun 2021 23:55:01 GMT","inverseRate":0.68679082872208},"mvr":{"code":"MVR","alphaCode":"MVR","numericCode":"462","name":"Maldivian rufiyaa","rate":0.013674597869784,"date":"Sun, 27 Jun 2021 23:55:01 GMT","inverseRate":73.128293023494},"kes":{"code":"KES","alphaCode":"KES","numericCode":"404","name":"Kenyan shilling","rate":0.095307331615637,"date":"Sun, 27 Jun 2021 23:55:01 GMT","inverseRate":10.492372234624},"aed":{"code":"AED","alphaCode":"AED","numericCode":"784","name":"U.A.E Dirham","rate":0.0032522805794698,"date":"Sun, 27 Jun 2021 23:55:01 GMT","inverseRate":307.47654624652},"php":{"code":"PHP","alphaCode":"PHP","numericCode":"608","name":"Philippine Peso","rate":0.043028636034256,"date":"Sun, 27 Jun 2021 23:55:01 GMT","inverseRate":23.24033695151},"ils":{"code":"ILS","alphaCode":"ILS","numericCode":"376","name":"Israeli New Sheqel","rate":0.0028809827056674,"date":"Sun, 27 Jun 2021 23:55:01 GMT","inverseRate":347.10378442496},"mro":{"code":"MRO","alphaCode":"MRO","numericCode":"478","name":"Mauritanian Ouguiya","rate":0.032123774522035,"date":"Sun, 27 Jun 2021 23:55:01 GMT","inverseRate":31.12959217523},"cop":{"code":"COP","alphaCode":"COP","numericCode":"170","name":"Colombian Peso","rate":3.3355852197509,"date":"Sun, 27 Jun 2021 23:55:01 GMT","inverseRate":0.29979746704678},"bzd":{"code":"BZD","alphaCode":"BZD","numericCode":"084","name":"Belize dollar","rate":0.0017830417518423,"date":"Sun, 27 Jun 2021 23:55:01 GMT","inverseRate":560.83936282859},"gnf":{"code":"GNF","alphaCode":"GNF","numericCode":"324","name":"Guinean franc","rate":8.675930099249,"date":"Sun, 27 Jun 2021 23:55:01 GMT","inverseRate":0.11526141734205},"sll":{"code":"SLL","alphaCode":"SLL","numericCode":"694","name":"Sierra Leonean leone","rate":9.0756341959623,"date":"Sun, 27 Jun 2021 23:55:01 GMT","inverseRate":0.11018513730367},"ugx":{"code":"UGX","alphaCode":"UGX","numericCode":"800","name":"Ugandan shilling","rate":3.1623314620492,"date":"Sun, 27 Jun 2021 23:55:01 GMT","inverseRate":0.31622238592029},"cny":{"code":"CNY","alphaCode":"CNY","numericCode":"156","name":"Chinese Yuan","rate":0.0057271677681721,"date":"Sun, 27 Jun 2021 23:55:01 GMT","inverseRate":174.60637447315},"sar":{"code":"SAR","alphaCode":"SAR","numericCode":"682","name":"Saudi Riyal","rate":0.0033267239845169,"date":"Sun, 27 Jun 2021 23:55:01 GMT","inverseRate":300.59602319103},"myr":{"code":"MYR","alphaCode":"MYR","numericCode":"458","name":"Malaysian Ringgit","rate":0.003676127395107,"date":"Sun, 27 Jun 2021 23:55:01 GMT","inverseRate":272.02539317082},"kzt":{"code":"KZT","alphaCode":"KZT","numericCode":"398","name":"Kazakhstani Tenge","rate":0.37816041724134,"date":"Sun, 27 Jun 2021 23:55:01 GMT","inverseRate":2.6443804121408},"bob":{"code":"BOB","alphaCode":"BOB","numericCode":"068","name":"Bolivian Boliviano","rate":0.0060968324685643,"date":"Sun, 27 Jun 2021 23:55:01 GMT","inverseRate":164.01959626676},"gyd":{"code":"GYD","alphaCode":"GYD","numericCode":"328","name":"Guyanese dollar","rate":0.18474700823689,"date":"Sun, 27 Jun 2021 23:55:01 GMT","inverseRate":5.4128075444543},"rwf":{"code":"RWF","alphaCode":"RWF","numericCode":"646","name":"Rwandan franc","rate":0.88948446701462,"date":"Sun, 27 Jun 2021 23:55:01 GMT","inverseRate":1.1242467261472},"mzn":{"code":"MZN","alphaCode":"MZN","numericCode":"943","name":"Mozambican metical","rate":0.056378939702192,"date":"Sun, 27 Jun 2021 23:55:01 GMT","inverseRate":17.737119663517},"vuv":{"code":"VUV","alphaCode":"VUV","numericCode":"548","name":"Vanuatu vatu","rate":0.097182501982301,"date":"Sun, 27 Jun 2021 23:55:01 GMT","inverseRate":10.289918242505},"idr":{"code":"IDR","alphaCode":"IDR","numericCode":"360","name":"Indonesian Rupiah","rate":12.811135937315,"date":"Sun, 27 Jun 2021 23:55:01 GMT","inverseRate":0.078057090713344},"tnd":{"code":"TND","alphaCode":"TND","numericCode":"788","name":"Tunisian Dinar","rate":0.0024259826415122,"date":"Sun, 27 Jun 2021 23:55:01 GMT","inverseRate":412.20410356138},"xof":{"code":"XOF","alphaCode":"XOF","numericCode":"952","name":"West African CFA Franc","rate":0.48763437480259,"date":"Sun, 27 Jun 2021 23:55:01 GMT","inverseRate":2.0507167904331},"tjs":{"code":"TJS","alphaCode":"TJS","numericCode":"972","name":"Tajikistan Ruble","rate":0.010031087151617,"date":"Sun, 27 Jun 2021 23:55:01 GMT","inverseRate":99.69009189984},"afn":{"code":"AFN","alphaCode":"AFN","numericCode":"971","name":"Afghan afghani","rate":0.069967178219751,"date":"Sun, 27 Jun 2021 23:55:01 GMT","inverseRate":14.292415750414},"nad":{"code":"NAD","alphaCode":"NAD","numericCode":"516","name":"Namibian dollar","rate":0.012575700406722,"date":"Sun, 27 Jun 2021 23:55:01 GMT","inverseRate":79.518433777688},"syp":{"code":"SYP","alphaCode":"SYP","numericCode":"760","name":"Syrian pound","rate":2.2326060122067,"date":"Sun, 27 Jun 2021 23:55:01 GMT","inverseRate":0.44790706221005},"top":{"code":"TOP","alphaCode":"TOP","numericCode":"776","name":"Tongan pa\u02bbanga","rate":0.0019596869438295,"date":"Sun, 27 Jun 2021 23:55:01 GMT","inverseRate":510.28558574049},"kwd":{"code":"KWD","alphaCode":"KWD","numericCode":"414","name":"Kuwaiti Dinar","rate":0.00026682003390363,"date":"Sun, 27 Jun 2021 23:55:01 GMT","inverseRate":3747.8445129093},"czk":{"code":"CZK","alphaCode":"CZK","numericCode":"203","name":"Czech Koruna","rate":0.01892031723253,"date":"Sun, 27 Jun 2021 23:55:01 GMT","inverseRate":52.853236428864},"pgk":{"code":"PGK","alphaCode":"PGK","numericCode":"598","name":"Papua New Guinean kina","rate":0.0031135518673465,"date":"Sun, 27 Jun 2021 23:55:01 GMT","inverseRate":321.17659913989},"uah":{"code":"UAH","alphaCode":"UAH","numericCode":"980","name":"Ukrainian Hryvnia","rate":0.024303665343425,"date":"Sun, 27 Jun 2021 23:55:01 GMT","inverseRate":41.146057019359},"etb":{"code":"ETB","alphaCode":"ETB","numericCode":"230","name":"Ethiopian birr","rate":0.038715711194335,"date":"Sun, 27 Jun 2021 23:55:01 GMT","inverseRate":25.829307254114},"xcd":{"code":"XCD","alphaCode":"XCD","numericCode":"951","name":"East Caribbean Dollar","rate":0.0023968716134485,"date":"Sun, 27 Jun 2021 23:55:01 GMT","inverseRate":417.21049821324},"lak":{"code":"LAK","alphaCode":"LAK","numericCode":"418","name":"Lao kip","rate":8.3932556849878,"date":"Sun, 27 Jun 2021 23:55:01 GMT","inverseRate":0.11914327854787},"bwp":{"code":"BWP","alphaCode":"BWP","numericCode":"072","name":"Botswana Pula","rate":0.0096150129724671,"date":"Sun, 27 Jun 2021 23:55:01 GMT","inverseRate":104.00401984517},"nok":{"code":"NOK","alphaCode":"NOK","numericCode":"578","name":"Norwegian Krone","rate":0.0075267070529284,"date":"Sun, 27 Jun 2021 23:55:01 GMT","inverseRate":132.86022598833},"mad":{"code":"MAD","alphaCode":"MAD","numericCode":"504","name":"Moroccan Dirham","rate":0.0078367043241361,"date":"Sun, 27 Jun 2021 23:55:01 GMT","inverseRate":127.60466117372},"ron":{"code":"RON","alphaCode":"RON","numericCode":"946","name":"Romanian New Leu","rate":0.003657574827621,"date":"Sun, 27 Jun 2021 23:55:01 GMT","inverseRate":273.40520621705},"byn":{"code":"BYN","alphaCode":"BYN","numericCode":"933","name":"Belarussian Ruble","rate":0.0022411550739828,"date":"Sun, 27 Jun 2021 23:55:01 GMT","inverseRate":446.19848559738},"rsd":{"code":"RSD","alphaCode":"RSD","numericCode":"941","name":"Serbian Dinar","rate":0.085628271847748,"date":"Sun, 27 Jun 2021 23:55:01 GMT","inverseRate":11.678385869775},"gmd":{"code":"GMD","alphaCode":"GMD","numericCode":"270","name":"Gambian dalasi","rate":0.045938395312898,"date":"Sun, 27 Jun 2021 23:55:01 GMT","inverseRate":21.768283223407},"awg":{"code":"AWG","alphaCode":"AWG","numericCode":"533","name":"Aruban florin","rate":0.0016011230724374,"date":"Sun, 27 Jun 2021 23:55:01 GMT","inverseRate":624.56160754568},"aoa":{"code":"AOA","alphaCode":"AOA","numericCode":"973","name":"Angolan kwanza","rate":0.5773981066052,"date":"Sun, 27 Jun 2021 23:55:01 GMT","inverseRate":1.7319073072121},"khr":{"code":"KHR","alphaCode":"KHR","numericCode":"116","name":"Cambodian riel","rate":3.6048536257377,"date":"Sun, 27 Jun 2021 23:55:01 GMT","inverseRate":0.27740377386207},"scr":{"code":"SCR","alphaCode":"SCR","numericCode":"690","name":"Seychelles rupee","rate":0.013257755416905,"date":"Sun, 27 Jun 2021 23:55:01 GMT","inverseRate":75.427549276168},"bhd":{"code":"BHD","alphaCode":"BHD","numericCode":"048","name":"Bahrain Dinar","rate":0.00033385994631718,"date":"Sun, 27 Jun 2021 23:55:01 GMT","inverseRate":2995.267959008},"omr":{"code":"OMR","alphaCode":"OMR","numericCode":"512","name":"Omani Rial","rate":0.00034122000167522,"date":"Sun, 27 Jun 2021 23:55:01 GMT","inverseRate":2930.6605565046},"rub":{"code":"RUB","alphaCode":"RUB","numericCode":"643","name":"Russian Rouble","rate":0.06402253574178,"date":"Sun, 27 Jun 2021 23:55:01 GMT","inverseRate":15.619500046566},"lyd":{"code":"LYD","alphaCode":"LYD","numericCode":"434","name":"Libyan Dinar","rate":0.0039484862893417,"date":"Sun, 27 Jun 2021 23:55:01 GMT","inverseRate":253.26161134188},"clp":{"code":"CLP","alphaCode":"CLP","numericCode":"152","name":"Chilean Peso","rate":0.65102643354633,"date":"Sun, 27 Jun 2021 23:55:01 GMT","inverseRate":1.5360359402808},"bsd":{"code":"BSD","alphaCode":"BSD","numericCode":"044","name":"Bahamian Dollar","rate":0.00088413037074559,"date":"Sun, 27 Jun 2021 23:55:01 GMT","inverseRate":1131.0549134928},"djf":{"code":"DJF","alphaCode":"DJF","numericCode":"262","name":"Djiboutian franc","rate":0.15746974271454,"date":"Sun, 27 Jun 2021 23:55:01 GMT","inverseRate":6.350426328014},"hnl":{"code":"HNL","alphaCode":"HNL","numericCode":"340","name":"Honduran Lempira","rate":0.021195626698165,"date":"Sun, 27 Jun 2021 23:55:01 GMT","inverseRate":47.179543886124},"tzs":{"code":"TZS","alphaCode":"TZS","numericCode":"834","name":"Tanzanian shilling","rate":2.0507709848807,"date":"Sun, 27 Jun 2021 23:55:01 GMT","inverseRate":0.48762148839266},"bbd":{"code":"BBD","alphaCode":"BBD","numericCode":"052","name":"Barbadian Dollar","rate":0.0017753658096874,"date":"Sun, 27 Jun 2021 23:55:01 GMT","inverseRate":563.2641985913},"bdt":{"code":"BDT","alphaCode":"BDT","numericCode":"050","name":"Bangladeshi taka","rate":0.075052030227835,"date":"Sun, 27 Jun 2021 23:55:01 GMT","inverseRate":13.324089927538},"qar":{"code":"QAR","alphaCode":"QAR","numericCode":"634","name":"Qatari Rial","rate":0.0032450426694294,"date":"Sun, 27 Jun 2021 23:55:01 GMT","inverseRate":308.16235774669},"mxn":{"code":"MXN","alphaCode":"MXN","numericCode":"484","name":"Mexican Peso","rate":0.017561589155821,"date":"Sun, 27 Jun 2021 23:55:01 GMT","inverseRate":56.942454986686},"amd":{"code":"AMD","alphaCode":"AMD","numericCode":"051","name":"Armenia Dram","rate":0.45925249534843,"date":"Sun, 27 Jun 2021 23:55:01 GMT","inverseRate":2.177451424061},"uyu":{"code":"UYU","alphaCode":"UYU","numericCode":"858","name":"Uruguayan Peso","rate":0.038611635640524,"date":"Sun, 27 Jun 2021 23:55:01 GMT","inverseRate":25.898928740291},"fjd":{"code":"FJD","alphaCode":"FJD","numericCode":"242","name":"Fiji Dollar","rate":0.0018245213937947,"date":"Sun, 27 Jun 2021 23:55:01 GMT","inverseRate":548.08894179101},"cdf":{"code":"CDF","alphaCode":"CDF","numericCode":"976","name":"Congolese franc","rate":1.7588807869276,"date":"Sun, 27 Jun 2021 23:55:01 GMT","inverseRate":0.56854336429861},"lsl":{"code":"LSL","alphaCode":"LSL","numericCode":"426","name":"Lesotho loti","rate":0.012580424561646,"date":"Sun, 27 Jun 2021 23:55:01 GMT","inverseRate":79.488573306875},"mnt":{"code":"MNT","alphaCode":"MNT","numericCode":"496","name":"Mongolian togrog","rate":2.5217688390889,"date":"Sun, 27 Jun 2021 23:55:01 GMT","inverseRate":0.39654705240996},"brl":{"code":"BRL","alphaCode":"BRL","numericCode":"986","name":"Brazilian Real","rate":0.0044337221384914,"date":"Sun, 27 Jun 2021 23:55:01 GMT","inverseRate":225.54412946145},"hkd":{"code":"HKD","alphaCode":"HKD","numericCode":"344","name":"Hong Kong Dollar","rate":0.0068857242242454,"date":"Sun, 27 Jun 2021 23:55:01 GMT","inverseRate":145.22800615204},"thb":{"code":"THB","alphaCode":"THB","numericCode":"764","name":"Thai Baht","rate":0.028035719206113,"date":"Sun, 27 Jun 2021 23:55:01 GMT","inverseRate":35.66878354888},"xaf":{"code":"XAF","alphaCode":"XAF","numericCode":"950","name":"Central African CFA Franc","rate":0.4880477817095,"date":"Sun, 27 Jun 2021 23:55:01 GMT","inverseRate":2.0489797054241},"mdl":{"code":"MDL","alphaCode":"MDL","numericCode":"498","name":"Moldova Lei","rate":0.015960650352356,"date":"Sun, 27 Jun 2021 23:55:01 GMT","inverseRate":62.65408851917},"nio":{"code":"NIO","alphaCode":"NIO","numericCode":"558","name":"Nicaraguan C\u00f3rdoba","rate":0.031028131646178,"date":"Sun, 27 Jun 2021 23:55:01 GMT","inverseRate":32.228817751687},"lrd":{"code":"LRD","alphaCode":"LRD","numericCode":"430","name":"Liberian dollar","rate":0.15153434471992,"date":"Sun, 27 Jun 2021 23:55:01 GMT","inverseRate":6.5991640498943},"sdg":{"code":"SDG","alphaCode":"SDG","numericCode":"938","name":"Sudanese pound","rate":0.3894080253849,"date":"Sun, 27 Jun 2021 23:55:01 GMT","inverseRate":2.5680004900042},"mru":{"code":"MRU","alphaCode":"MRU","numericCode":"929","name":"Mauritanian ouguiya","rate":0.031955238724333,"date":"Sun, 27 Jun 2021 23:55:01 GMT","inverseRate":31.293773413075},"dkk":{"code":"DKK","alphaCode":"DKK","numericCode":"208","name":"Danish Krone","rate":0.0055216962235196,"date":"Sun, 27 Jun 2021 23:55:01 GMT","inverseRate":181.10376947948},"jod":{"code":"JOD","alphaCode":"JOD","numericCode":"400","name":"Jordanian Dinar","rate":0.00062853705597087,"date":"Sun, 27 Jun 2021 23:55:01 GMT","inverseRate":1590.9960924346},"bgn":{"code":"BGN","alphaCode":"BGN","numericCode":"975","name":"Bulgarian Lev","rate":0.0014522670969427,"date":"Sun, 27 Jun 2021 23:55:01 GMT","inverseRate":688.57856940036},"vnd":{"code":"VND","alphaCode":"VND","numericCode":"704","name":"Vietnamese Dong","rate":20.405123132612,"date":"Sun, 27 Jun 2021 23:55:01 GMT","inverseRate":0.04900730044612},"uzs":{"code":"UZS","alphaCode":"UZS","numericCode":"860","name":"Uzbekistan Sum","rate":9.3532876846925,"date":"Sun, 27 Jun 2021 23:55:01 GMT","inverseRate":0.10691427802831},"pab":{"code":"PAB","alphaCode":"PAB","numericCode":"590","name":"Panamanian Balboa","rate":0.00088413037074559,"date":"Sun, 27 Jun 2021 23:55:01 GMT","inverseRate":1131.0549134928},"ttd":{"code":"TTD","alphaCode":"TTD","numericCode":"780","name":"Trinidad Tobago Dollar","rate":0.0060124039826034,"date":"Sun, 27 Jun 2021 23:55:01 GMT","inverseRate":166.322822434},"htg":{"code":"HTG","alphaCode":"HTG","numericCode":"332","name":"Haitian gourde","rate":0.083099479362536,"date":"Sun, 27 Jun 2021 23:55:01 GMT","inverseRate":12.033769738043},"cup":{"code":"CUP","alphaCode":"CUP","numericCode":"192","name":"Cuban peso","rate":0.00088413037074559,"date":"Sun, 27 Jun 2021 23:55:01 GMT","inverseRate":1131.0549134928}}