{"usd":{"code":"USD","alphaCode":"USD","numericCode":"840","name":"U.S. Dollar","rate":3.3249066964703,"date":"Sun, 27 Jun 2021 23:55:01 GMT","inverseRate":0.30076031939831},"eur":{"code":"EUR","alphaCode":"EUR","numericCode":"978","name":"Euro","rate":2.7834413407568,"date":"Sun, 27 Jun 2021 23:55:01 GMT","inverseRate":0.35926749572818},"gbp":{"code":"GBP","alphaCode":"GBP","numericCode":"826","name":"U.K. Pound Sterling","rate":2.3908821232553,"date":"Sun, 27 Jun 2021 23:55:01 GMT","inverseRate":0.41825566817926},"jpy":{"code":"JPY","alphaCode":"JPY","numericCode":"392","name":"Japanese Yen","rate":368.17636707032,"date":"Sun, 27 Jun 2021 23:55:01 GMT","inverseRate":0.002716089595748},"aud":{"code":"AUD","alphaCode":"AUD","numericCode":"036","name":"Australian Dollar","rate":4.3766236130334,"date":"Sun, 27 Jun 2021 23:55:01 GMT","inverseRate":0.22848663454222},"chf":{"code":"CHF","alphaCode":"CHF","numericCode":"756","name":"Swiss Franc","rate":3.0489884257638,"date":"Sun, 27 Jun 2021 23:55:01 GMT","inverseRate":0.3279776307283},"cad":{"code":"CAD","alphaCode":"CAD","numericCode":"124","name":"Canadian Dollar","rate":4.0896163176984,"date":"Sun, 27 Jun 2021 23:55:01 GMT","inverseRate":0.24452171605252},"lkr":{"code":"LKR","alphaCode":"LKR","numericCode":"144","name":"Sri Lanka Rupee","rate":660.66316211821,"date":"Sun, 27 Jun 2021 23:55:01 GMT","inverseRate":0.0015136306325811},"pln":{"code":"PLN","alphaCode":"PLN","numericCode":"985","name":"Polish Zloty","rate":12.554122583068,"date":"Sun, 27 Jun 2021 23:55:01 GMT","inverseRate":0.07965510878066},"pen":{"code":"PEN","alphaCode":"PEN","numericCode":"604","name":"Peruvian Nuevo Sol","rate":13.233797351056,"date":"Sun, 27 Jun 2021 23:55:01 GMT","inverseRate":0.075564101026546},"iqd":{"code":"IQD","alphaCode":"IQD","numericCode":"368","name":"Iraqi dinar","rate":4841.4164299919,"date":"Sun, 27 Jun 2021 23:55:01 GMT","inverseRate":0.00020655112289146},"svc":{"code":"SVC","alphaCode":"SVC","numericCode":"222","name":"Salvadoran colon","rate":29.020093152615,"date":"Sun, 27 Jun 2021 23:55:01 GMT","inverseRate":0.034458883186248},"cve":{"code":"CVE","alphaCode":"CVE","numericCode":"132","name":"Cape Verde escudo","rate":309.90593304953,"date":"Sun, 27 Jun 2021 23:55:01 GMT","inverseRate":0.0032267855931632},"zmw":{"code":"ZMW","alphaCode":"ZMW","numericCode":"967","name":"Zambian kwacha","rate":74.887770217817,"date":"Sun, 27 Jun 2021 23:55:01 GMT","inverseRate":0.013353315195411},"yer":{"code":"YER","alphaCode":"YER","numericCode":"886","name":"Yemeni rial","rate":833.74453889371,"date":"Sun, 27 Jun 2021 23:55:01 GMT","inverseRate":0.0011994081560365},"dop":{"code":"DOP","alphaCode":"DOP","numericCode":"214","name":"Dominican Peso","rate":188.76821983588,"date":"Sun, 27 Jun 2021 23:55:01 GMT","inverseRate":0.005297501882835},"nzd":{"code":"NZD","alphaCode":"NZD","numericCode":"554","name":"New Zealand Dollar","rate":4.6975482953904,"date":"Sun, 27 Jun 2021 23:55:01 GMT","inverseRate":0.21287700245281},"hrk":{"code":"HRK","alphaCode":"HRK","numericCode":"191","name":"Croatian Kuna","rate":20.862207518254,"date":"Sun, 27 Jun 2021 23:55:01 GMT","inverseRate":0.047933565952933},"dzd":{"code":"DZD","alphaCode":"DZD","numericCode":"012","name":"Algerian Dinar","rate":442.76066110558,"date":"Sun, 27 Jun 2021 23:55:01 GMT","inverseRate":0.0022585565698249},"ars":{"code":"ARS","alphaCode":"ARS","numericCode":"032","name":"Argentine Peso","rate":317.02220358795,"date":"Sun, 27 Jun 2021 23:55:01 GMT","inverseRate":0.0031543531925598},"stn":{"code":"STN","alphaCode":"STN","numericCode":"930","name":"S\u00e3o Tom\u00e9 and Pr\u00edncipe Dobra","rate":68.849096481108,"date":"Sun, 27 Jun 2021 23:55:01 GMT","inverseRate":0.014524518855152},"xpf":{"code":"XPF","alphaCode":"XPF","numericCode":"953","name":"CFP Franc","rate":331.66478050118,"date":"Sun, 27 Jun 2021 23:55:01 GMT","inverseRate":0.0030150925235079},"all":{"code":"ALL","alphaCode":"ALL","numericCode":"008","name":"Albanian lek","rate":340.51901268364,"date":"Sun, 27 Jun 2021 23:55:01 GMT","inverseRate":0.0029366935846517},"mur":{"code":"MUR","alphaCode":"MUR","numericCode":"480","name":"Mauritian Rupee","rate":136.13004651308,"date":"Sun, 27 Jun 2021 23:55:01 GMT","inverseRate":0.0073459168318427},"sos":{"code":"SOS","alphaCode":"SOS","numericCode":"706","name":"Somali shilling","rate":1917.6761326977,"date":"Sun, 27 Jun 2021 23:55:01 GMT","inverseRate":0.00052146448659881},"ang":{"code":"ANG","alphaCode":"ANG","numericCode":"532","name":"Neth. Antillean Guilder","rate":5.9130382827486,"date":"Sun, 27 Jun 2021 23:55:01 GMT","inverseRate":0.16911779565465},"pkr":{"code":"PKR","alphaCode":"PKR","numericCode":"586","name":"Pakistani Rupee","rate":514.19405740922,"date":"Sun, 27 Jun 2021 23:55:01 GMT","inverseRate":0.0019447910484196},"krw":{"code":"KRW","alphaCode":"KRW","numericCode":"410","name":"South Korean Won","rate":3747.8445129093,"date":"Sun, 27 Jun 2021 23:55:01 GMT","inverseRate":0.00026682003390363},"azn":{"code":"AZN","alphaCode":"AZN","numericCode":"944","name":"Azerbaijan Manat","rate":5.636014306653,"date":"Sun, 27 Jun 2021 23:55:01 GMT","inverseRate":0.17743035159076},"pyg":{"code":"PYG","alphaCode":"PYG","numericCode":"600","name":"Paraguayan Guaran\u00ed","rate":22538.10110071,"date":"Sun, 27 Jun 2021 23:55:01 GMT","inverseRate":4.4369310241869e-5},"bnd":{"code":"BND","alphaCode":"BND","numericCode":"096","name":"Brunei Dollar","rate":4.4621694711697,"date":"Sun, 27 Jun 2021 23:55:01 GMT","inverseRate":0.22410623497405},"kmf":{"code":"KMF","alphaCode":"KMF","numericCode":"174","name":"\tComoro franc","rate":1374.1176142442,"date":"Sun, 27 Jun 2021 23:55:01 GMT","inverseRate":0.00072773974340621},"szl":{"code":"SZL","alphaCode":"SZL","numericCode":"748","name":"Swazi lilangeni","rate":47.131769765326,"date":"Sun, 27 Jun 2021 23:55:01 GMT","inverseRate":0.021217111196526},"wst":{"code":"WST","alphaCode":"WST","numericCode":"882","name":"Samoan tala","rate":8.4275769076116,"date":"Sun, 27 Jun 2021 23:55:01 GMT","inverseRate":0.11865806873822},"egp":{"code":"EGP","alphaCode":"EGP","numericCode":"818","name":"Egyptian Pound","rate":52.124029173454,"date":"Sun, 27 Jun 2021 23:55:01 GMT","inverseRate":0.0191850095984},"sgd":{"code":"SGD","alphaCode":"SGD","numericCode":"702","name":"Singapore Dollar","rate":4.461469418164,"date":"Sun, 27 Jun 2021 23:55:01 GMT","inverseRate":0.22414139967624},"zar":{"code":"ZAR","alphaCode":"ZAR","numericCode":"710","name":"South African Rand","rate":46.873437515558,"date":"Sun, 27 Jun 2021 23:55:01 GMT","inverseRate":0.021334044461068},"kgs":{"code":"KGS","alphaCode":"KGS","numericCode":"417","name":"Kyrgyzstan Som","rate":277.89597727876,"date":"Sun, 27 Jun 2021 23:55:01 GMT","inverseRate":0.0035984687860267},"crc":{"code":"CRC","alphaCode":"CRC","numericCode":"188","name":"Costa Rican Col\u00f3n","rate":2053.5841348028,"date":"Sun, 27 Jun 2021 23:55:01 GMT","inverseRate":0.00048695350877164},"jmd":{"code":"JMD","alphaCode":"JMD","numericCode":"388","name":"Jamaican Dollar","rate":496.09447780656,"date":"Sun, 27 Jun 2021 23:55:01 GMT","inverseRate":0.0020157450742476},"ssp":{"code":"SSP","alphaCode":"SSP","numericCode":"728","name":"South Sudanese pound","rate":589.64532032821,"date":"Sun, 27 Jun 2021 23:55:01 GMT","inverseRate":0.0016959347687918},"ern":{"code":"ERN","alphaCode":"ERN","numericCode":"232","name":"Eritrean nakfa","rate":49.984827911216,"date":"Sun, 27 Jun 2021 23:55:01 GMT","inverseRate":0.020006070677611},"bam":{"code":"BAM","alphaCode":"BAM","numericCode":"977","name":"Bosnia and Herzegovina convertible mark","rate":5.4887787154005,"date":"Sun, 27 Jun 2021 23:55:01 GMT","inverseRate":0.18218989175027},"inr":{"code":"INR","alphaCode":"INR","numericCode":"356","name":"Indian Rupee","rate":246.66624964088,"date":"Sun, 27 Jun 2021 23:55:01 GMT","inverseRate":0.0040540609080322},"try":{"code":"TRY","alphaCode":"TRY","numericCode":"949","name":"Turkish Lira","rate":28.963722632201,"date":"Sun, 27 Jun 2021 23:55:01 GMT","inverseRate":0.03452594863922},"twd":{"code":"TWD","alphaCode":"TWD","numericCode":"901","name":"New Taiwan Dollar ","rate":92.759471249208,"date":"Sun, 27 Jun 2021 23:55:01 GMT","inverseRate":0.010780570291452},"tmt":{"code":"TMT","alphaCode":"TMT","numericCode":"934","name":"New Turkmenistan Manat","rate":11.607123017218,"date":"Sun, 27 Jun 2021 23:55:01 GMT","inverseRate":0.086153993415648},"mga":{"code":"MGA","alphaCode":"MGA","numericCode":"969","name":"Malagasy ariary","rate":12551.190288506,"date":"Sun, 27 Jun 2021 23:55:01 GMT","inverseRate":7.9673718349705e-5},"srd":{"code":"SRD","alphaCode":"SRD","numericCode":"968","name":"Surinamese dollar","rate":69.00049636342,"date":"Sun, 27 Jun 2021 23:55:01 GMT","inverseRate":0.014492649367812},"ghs":{"code":"GHS","alphaCode":"GHS","numericCode":"936","name":"Ghanaian Cedi","rate":19.327364164623,"date":"Sun, 27 Jun 2021 23:55:01 GMT","inverseRate":0.051740112696298},"mop":{"code":"MOP","alphaCode":"MOP","numericCode":"446","name":"Macanese pataca","rate":26.535286022212,"date":"Sun, 27 Jun 2021 23:55:01 GMT","inverseRate":0.037685668779411},"lbp":{"code":"LBP","alphaCode":"LBP","numericCode":"422","name":"Lebanese Pound","rate":5006.7695352087,"date":"Sun, 27 Jun 2021 23:55:01 GMT","inverseRate":0.00019972958470882},"huf":{"code":"HUF","alphaCode":"HUF","numericCode":"348","name":"Hungarian Forint","rate":978.36928836911,"date":"Sun, 27 Jun 2021 23:55:01 GMT","inverseRate":0.0010221089438191},"ngn":{"code":"NGN","alphaCode":"NGN","numericCode":"566","name":"Nigerian Naira","rate":1362.9648089992,"date":"Sun, 27 Jun 2021 23:55:01 GMT","inverseRate":0.00073369465843674},"irr":{"code":"IRR","alphaCode":"IRR","numericCode":"364","name":"Iranian rial","rate":139299.96979542,"date":"Sun, 27 Jun 2021 23:55:01 GMT","inverseRate":7.1787524539211e-6},"ves":{"code":"VES","alphaCode":"VES","numericCode":"928","name":"Venezuelan Bolivar","rate":10547218.729837,"date":"Sun, 27 Jun 2021 23:55:01 GMT","inverseRate":9.4811724836151e-8},"sbd":{"code":"SBD","alphaCode":"SBD","numericCode":"090","name":"Solomon Islands dollar","rate":27.032501159824,"date":"Sun, 27 Jun 2021 23:55:01 GMT","inverseRate":0.036992507429768},"mwk":{"code":"MWK","alphaCode":"MWK","numericCode":"454","name":"Malawian kwacha","rate":2670.4660188311,"date":"Sun, 27 Jun 2021 23:55:01 GMT","inverseRate":0.00037446647624362},"gtq":{"code":"GTQ","alphaCode":"GTQ","numericCode":"320","name":"Guatemalan Quetzal","rate":25.640838178766,"date":"Sun, 27 Jun 2021 23:55:01 GMT","inverseRate":0.039000285132181},"sek":{"code":"SEK","alphaCode":"SEK","numericCode":"752","name":"Swedish Krona","rate":28.150302275616,"date":"Sun, 27 Jun 2021 23:55:01 GMT","inverseRate":0.03552359723207},"npr":{"code":"NPR","alphaCode":"NPR","numericCode":"524","name":"Nepalese Rupee","rate":394.25383619963,"date":"Sun, 27 Jun 2021 23:55:01 GMT","inverseRate":0.0025364369555396},"isk":{"code":"ISK","alphaCode":"ISK","numericCode":"352","name":"Icelandic Krona","rate":409.17617039906,"date":"Sun, 27 Jun 2021 23:55:01 GMT","inverseRate":0.0024439350879713},"gip":{"code":"GIP","alphaCode":"GIP","numericCode":"292","name":"Gibraltar pound","rate":2.379915481778,"date":"Sun, 27 Jun 2021 23:55:01 GMT","inverseRate":0.42018298870551},"gel":{"code":"GEL","alphaCode":"GEL","numericCode":"981","name":"Georgian lari","rate":10.76950941556,"date":"Sun, 27 Jun 2021 23:55:01 GMT","inverseRate":0.092854740305551},"mkd":{"code":"MKD","alphaCode":"MKD","numericCode":"807","name":"Macedonian denar","rate":171.70360732859,"date":"Sun, 27 Jun 2021 23:55:01 GMT","inverseRate":0.005823989463927},"bif":{"code":"BIF","alphaCode":"BIF","numericCode":"108","name":"Burundian franc","rate":6560.9985825959,"date":"Sun, 27 Jun 2021 23:55:01 GMT","inverseRate":0.00015241582320299},"mmk":{"code":"MMK","alphaCode":"MMK","numericCode":"104","name":"Myanma Kyat","rate":5457.0392558721,"date":"Sun, 27 Jun 2021 23:55:01 GMT","inverseRate":0.00018324955220433},"mvr":{"code":"MVR","alphaCode":"MVR","numericCode":"462","name":"Maldivian rufiyaa","rate":51.250266592511,"date":"Sun, 27 Jun 2021 23:55:01 GMT","inverseRate":0.019512093623843},"kes":{"code":"KES","alphaCode":"KES","numericCode":"404","name":"Kenyan shilling","rate":357.19705983569,"date":"Sun, 27 Jun 2021 23:55:01 GMT","inverseRate":0.0027995751153719},"aed":{"code":"AED","alphaCode":"AED","numericCode":"784","name":"U.A.E Dirham","rate":12.189041924207,"date":"Sun, 27 Jun 2021 23:55:01 GMT","inverseRate":0.082040902494068},"php":{"code":"PHP","alphaCode":"PHP","numericCode":"608","name":"Philippine Peso","rate":161.26463745896,"date":"Sun, 27 Jun 2021 23:55:01 GMT","inverseRate":0.0062009874933337},"ils":{"code":"ILS","alphaCode":"ILS","numericCode":"376","name":"Israeli New Sheqel","rate":10.797475225222,"date":"Sun, 27 Jun 2021 23:55:01 GMT","inverseRate":0.092614243528347},"mro":{"code":"MRO","alphaCode":"MRO","numericCode":"478","name":"Mauritanian Ouguiya","rate":120.39491207635,"date":"Sun, 27 Jun 2021 23:55:01 GMT","inverseRate":0.0083059988396011},"cop":{"code":"COP","alphaCode":"COP","numericCode":"170","name":"Colombian Peso","rate":12501.254763185,"date":"Sun, 27 Jun 2021 23:55:01 GMT","inverseRate":7.9991970321645e-5},"bzd":{"code":"BZD","alphaCode":"BZD","numericCode":"084","name":"Belize dollar","rate":6.6825632459303,"date":"Sun, 27 Jun 2021 23:55:01 GMT","inverseRate":0.14964317780442},"gnf":{"code":"GNF","alphaCode":"GNF","numericCode":"324","name":"Guinean franc","rate":32516.037016855,"date":"Sun, 27 Jun 2021 23:55:01 GMT","inverseRate":3.0754055282987e-5},"sll":{"code":"SLL","alphaCode":"SLL","numericCode":"694","name":"Sierra Leonean leone","rate":34014.065822509,"date":"Sun, 27 Jun 2021 23:55:01 GMT","inverseRate":2.9399602071042e-5},"ugx":{"code":"UGX","alphaCode":"UGX","numericCode":"800","name":"Ugandan shilling","rate":11851.926618042,"date":"Sun, 27 Jun 2021 23:55:01 GMT","inverseRate":8.437446773234e-5},"cny":{"code":"CNY","alphaCode":"CNY","numericCode":"156","name":"Chinese Yuan","rate":21.464534294455,"date":"Sun, 27 Jun 2021 23:55:01 GMT","inverseRate":0.046588478756716},"sar":{"code":"SAR","alphaCode":"SAR","numericCode":"682","name":"Saudi Riyal","rate":12.468044231335,"date":"Sun, 27 Jun 2021 23:55:01 GMT","inverseRate":0.080205041099128},"myr":{"code":"MYR","alphaCode":"MYR","numericCode":"458","name":"Malaysian Ringgit","rate":13.777553886507,"date":"Sun, 27 Jun 2021 23:55:01 GMT","inverseRate":0.072581824628486},"kzt":{"code":"KZT","alphaCode":"KZT","numericCode":"398","name":"Kazakhstani Tenge","rate":1417.2864447574,"date":"Sun, 27 Jun 2021 23:55:01 GMT","inverseRate":0.00070557367122152},"bob":{"code":"BOB","alphaCode":"BOB","numericCode":"068","name":"Bolivian Boliviano","rate":22.849980113436,"date":"Sun, 27 Jun 2021 23:55:01 GMT","inverseRate":0.043763714236758},"gyd":{"code":"GYD","alphaCode":"GYD","numericCode":"328","name":"Guyanese dollar","rate":692.40306109703,"date":"Sun, 27 Jun 2021 23:55:01 GMT","inverseRate":0.0014442454925251},"rwf":{"code":"RWF","alphaCode":"RWF","numericCode":"646","name":"Rwandan franc","rate":3333.6494790188,"date":"Sun, 27 Jun 2021 23:55:01 GMT","inverseRate":0.00029997154958665},"mzn":{"code":"MZN","alphaCode":"MZN","numericCode":"943","name":"Mozambican metical","rate":211.2994998065,"date":"Sun, 27 Jun 2021 23:55:01 GMT","inverseRate":0.0047326188699725},"vuv":{"code":"VUV","alphaCode":"VUV","numericCode":"548","name":"Vanuatu vatu","rate":364.22490680516,"date":"Sun, 27 Jun 2021 23:55:01 GMT","inverseRate":0.0027455563343309},"idr":{"code":"IDR","alphaCode":"IDR","numericCode":"360","name":"Indonesian Rupiah","rate":48014.145526802,"date":"Sun, 27 Jun 2021 23:55:01 GMT","inverseRate":2.0827195590553e-5},"tnd":{"code":"TND","alphaCode":"TND","numericCode":"788","name":"Tunisian Dinar","rate":9.0922057314046,"date":"Sun, 27 Jun 2021 23:55:01 GMT","inverseRate":0.10998431288746},"xof":{"code":"XOF","alphaCode":"XOF","numericCode":"952","name":"West African CFA Franc","rate":1827.5778159098,"date":"Sun, 27 Jun 2021 23:55:01 GMT","inverseRate":0.0005471723235501},"tjs":{"code":"TJS","alphaCode":"TJS","numericCode":"972","name":"Tajikistan Ruble","rate":37.594954939703,"date":"Sun, 27 Jun 2021 23:55:01 GMT","inverseRate":0.026599313700572},"afn":{"code":"AFN","alphaCode":"AFN","numericCode":"971","name":"Afghan afghani","rate":262.22610497464,"date":"Sun, 27 Jun 2021 23:55:01 GMT","inverseRate":0.0038135028550903},"nad":{"code":"NAD","alphaCode":"NAD","numericCode":"516","name":"Namibian dollar","rate":47.131769765326,"date":"Sun, 27 Jun 2021 23:55:01 GMT","inverseRate":0.021217111196526},"syp":{"code":"SYP","alphaCode":"SYP","numericCode":"760","name":"Syrian pound","rate":8367.4601923373,"date":"Sun, 27 Jun 2021 23:55:01 GMT","inverseRate":0.00011951057752456},"top":{"code":"TOP","alphaCode":"TOP","numericCode":"776","name":"Tongan pa\u02bbanga","rate":7.3446019594512,"date":"Sun, 27 Jun 2021 23:55:01 GMT","inverseRate":0.13615441728781},"czk":{"code":"CZK","alphaCode":"CZK","numericCode":"203","name":"Czech Koruna","rate":70.910407122439,"date":"Sun, 27 Jun 2021 23:55:01 GMT","inverseRate":0.014102302335866},"pgk":{"code":"PGK","alphaCode":"PGK","numericCode":"598","name":"Papua New Guinean kina","rate":11.669108281693,"date":"Sun, 27 Jun 2021 23:55:01 GMT","inverseRate":0.085696351071558},"uah":{"code":"UAH","alphaCode":"UAH","numericCode":"980","name":"Ukrainian Hryvnia","rate":91.086358800941,"date":"Sun, 27 Jun 2021 23:55:01 GMT","inverseRate":0.010978592328906},"etb":{"code":"ETB","alphaCode":"ETB","numericCode":"230","name":"Ethiopian birr","rate":145.10046576307,"date":"Sun, 27 Jun 2021 23:55:01 GMT","inverseRate":0.0068917766372499},"xcd":{"code":"XCD","alphaCode":"XCD","numericCode":"951","name":"East Caribbean Dollar","rate":8.9831021246109,"date":"Sun, 27 Jun 2021 23:55:01 GMT","inverseRate":0.11132011927821},"lak":{"code":"LAK","alphaCode":"LAK","numericCode":"418","name":"Lao kip","rate":31456.617264426,"date":"Sun, 27 Jun 2021 23:55:01 GMT","inverseRate":3.1789813621533e-5},"bwp":{"code":"BWP","alphaCode":"BWP","numericCode":"072","name":"Botswana Pula","rate":36.035573610413,"date":"Sun, 27 Jun 2021 23:55:01 GMT","inverseRate":0.027750356101201},"nok":{"code":"NOK","alphaCode":"NOK","numericCode":"578","name":"Norwegian Krone","rate":28.208927728593,"date":"Sun, 27 Jun 2021 23:55:01 GMT","inverseRate":0.03544977000265},"mad":{"code":"MAD","alphaCode":"MAD","numericCode":"504","name":"Moroccan Dirham","rate":29.370749300506,"date":"Sun, 27 Jun 2021 23:55:01 GMT","inverseRate":0.034047480020633},"ron":{"code":"RON","alphaCode":"RON","numericCode":"946","name":"Romanian New Leu","rate":13.708021748254,"date":"Sun, 27 Jun 2021 23:55:01 GMT","inverseRate":0.072949986392262},"byn":{"code":"BYN","alphaCode":"BYN","numericCode":"933","name":"Belarussian Ruble","rate":8.3995007466051,"date":"Sun, 27 Jun 2021 23:55:01 GMT","inverseRate":0.11905469505484},"rsd":{"code":"RSD","alphaCode":"RSD","numericCode":"941","name":"Serbian Dinar","rate":320.92144879449,"date":"Sun, 27 Jun 2021 23:55:01 GMT","inverseRate":0.0031160273137131},"gmd":{"code":"GMD","alphaCode":"GMD","numericCode":"270","name":"Gambian dalasi","rate":172.1699628053,"date":"Sun, 27 Jun 2021 23:55:01 GMT","inverseRate":0.0058082140676933},"awg":{"code":"AWG","alphaCode":"AWG","numericCode":"533","name":"Aruban florin","rate":6.0007603215271,"date":"Sun, 27 Jun 2021 23:55:01 GMT","inverseRate":0.16664554930024},"aoa":{"code":"AOA","alphaCode":"AOA","numericCode":"973","name":"Angolan kwanza","rate":2163.9983256045,"date":"Sun, 27 Jun 2021 23:55:01 GMT","inverseRate":0.00046210756642829},"khr":{"code":"KHR","alphaCode":"KHR","numericCode":"116","name":"Cambodian riel","rate":13510.430881062,"date":"Sun, 27 Jun 2021 23:55:01 GMT","inverseRate":7.4016884346874e-5},"scr":{"code":"SCR","alphaCode":"SCR","numericCode":"690","name":"Seychelles rupee","rate":49.688005892741,"date":"Sun, 27 Jun 2021 23:55:01 GMT","inverseRate":0.020125581255135},"bhd":{"code":"BHD","alphaCode":"BHD","numericCode":"048","name":"Bahrain Dinar","rate":1.251255167885,"date":"Sun, 27 Jun 2021 23:55:01 GMT","inverseRate":0.79919749837299},"omr":{"code":"OMR","alphaCode":"OMR","numericCode":"512","name":"Omani Rial","rate":1.2788395109734,"date":"Sun, 27 Jun 2021 23:55:01 GMT","inverseRate":0.7819589490466},"rub":{"code":"RUB","alphaCode":"RUB","numericCode":"643","name":"Russian Rouble","rate":239.94650928237,"date":"Sun, 27 Jun 2021 23:55:01 GMT","inverseRate":0.0041675955319825},"lyd":{"code":"LYD","alphaCode":"LYD","numericCode":"434","name":"Libyan Dinar","rate":14.798312673807,"date":"Sun, 27 Jun 2021 23:55:01 GMT","inverseRate":0.067575271724729},"clp":{"code":"CLP","alphaCode":"CLP","numericCode":"152","name":"Chilean Peso","rate":2439.9458467255,"date":"Sun, 27 Jun 2021 23:55:01 GMT","inverseRate":0.00040984516166293},"bsd":{"code":"BSD","alphaCode":"BSD","numericCode":"044","name":"Bahamian Dollar","rate":3.3135831586953,"date":"Sun, 27 Jun 2021 23:55:01 GMT","inverseRate":0.30178811036502},"djf":{"code":"DJF","alphaCode":"DJF","numericCode":"262","name":"Djiboutian franc","rate":590.17211118192,"date":"Sun, 27 Jun 2021 23:55:01 GMT","inverseRate":0.0016944209681432},"hnl":{"code":"HNL","alphaCode":"HNL","numericCode":"340","name":"Honduran Lempira","rate":79.437913218393,"date":"Sun, 27 Jun 2021 23:55:01 GMT","inverseRate":0.012588447499254},"tzs":{"code":"TZS","alphaCode":"TZS","numericCode":"834","name":"Tanzanian shilling","rate":7685.9707829187,"date":"Sun, 27 Jun 2021 23:55:01 GMT","inverseRate":0.00013010718206507},"bbd":{"code":"BBD","alphaCode":"BBD","numericCode":"052","name":"Barbadian Dollar","rate":6.6537950082438,"date":"Sun, 27 Jun 2021 23:55:01 GMT","inverseRate":0.15029017256483},"bdt":{"code":"BDT","alphaCode":"BDT","numericCode":"050","name":"Bangladeshi taka","rate":281.28333967209,"date":"Sun, 27 Jun 2021 23:55:01 GMT","inverseRate":0.0035551341262008},"qar":{"code":"QAR","alphaCode":"QAR","numericCode":"634","name":"Qatari Rial","rate":12.161915362778,"date":"Sun, 27 Jun 2021 23:55:01 GMT","inverseRate":0.082223890741796},"mxn":{"code":"MXN","alphaCode":"MXN","numericCode":"484","name":"Mexican Peso","rate":65.81810555561,"date":"Sun, 27 Jun 2021 23:55:01 GMT","inverseRate":0.015193387770104},"amd":{"code":"AMD","alphaCode":"AMD","numericCode":"051","name":"Armenia Dram","rate":1721.2069447315,"date":"Sun, 27 Jun 2021 23:55:01 GMT","inverseRate":0.00058098766279146},"uyu":{"code":"UYU","alphaCode":"UYU","numericCode":"858","name":"Uruguayan Peso","rate":144.71040676979,"date":"Sun, 27 Jun 2021 23:55:01 GMT","inverseRate":0.0069103530445522},"fjd":{"code":"FJD","alphaCode":"FJD","numericCode":"242","name":"Fiji Dollar","rate":6.838022494419,"date":"Sun, 27 Jun 2021 23:55:01 GMT","inverseRate":0.14624111003088},"cdf":{"code":"CDF","alphaCode":"CDF","numericCode":"976","name":"Congolese franc","rate":6592.0117061481,"date":"Sun, 27 Jun 2021 23:55:01 GMT","inverseRate":0.00015169875973784},"lsl":{"code":"LSL","alphaCode":"LSL","numericCode":"426","name":"Lesotho loti","rate":47.149475163434,"date":"Sun, 27 Jun 2021 23:55:01 GMT","inverseRate":0.021209143824692},"mnt":{"code":"MNT","alphaCode":"MNT","numericCode":"496","name":"Mongolian togrog","rate":9451.1975064051,"date":"Sun, 27 Jun 2021 23:55:01 GMT","inverseRate":0.00010580669796841},"brl":{"code":"BRL","alphaCode":"BRL","numericCode":"986","name":"Brazilian Real","rate":16.616901188509,"date":"Sun, 27 Jun 2021 23:55:01 GMT","inverseRate":0.06017969226967},"hkd":{"code":"HKD","alphaCode":"HKD","numericCode":"344","name":"Hong Kong Dollar","rate":25.806623751245,"date":"Sun, 27 Jun 2021 23:55:01 GMT","inverseRate":0.038749741525246},"thb":{"code":"THB","alphaCode":"THB","numericCode":"764","name":"Thai Baht","rate":105.07351639209,"date":"Sun, 27 Jun 2021 23:55:01 GMT","inverseRate":0.0095171460358134},"xaf":{"code":"XAF","alphaCode":"XAF","numericCode":"950","name":"Central African CFA Franc","rate":1829.1272007175,"date":"Sun, 27 Jun 2021 23:55:01 GMT","inverseRate":0.00054670883446911},"mdl":{"code":"MDL","alphaCode":"MDL","numericCode":"498","name":"Moldova Lei","rate":59.818035845539,"date":"Sun, 27 Jun 2021 23:55:01 GMT","inverseRate":0.016717366022886},"nio":{"code":"NIO","alphaCode":"NIO","numericCode":"558","name":"Nicaraguan C\u00f3rdoba","rate":116.28861293595,"date":"Sun, 27 Jun 2021 23:55:01 GMT","inverseRate":0.008599294245179},"lrd":{"code":"LRD","alphaCode":"LRD","numericCode":"430","name":"Liberian dollar","rate":567.92716237586,"date":"Sun, 27 Jun 2021 23:55:01 GMT","inverseRate":0.0017607891755284},"sdg":{"code":"SDG","alphaCode":"SDG","numericCode":"938","name":"Sudanese pound","rate":1459.4407312216,"date":"Sun, 27 Jun 2021 23:55:01 GMT","inverseRate":0.00068519397780748},"mru":{"code":"MRU","alphaCode":"MRU","numericCode":"929","name":"Mauritanian ouguiya","rate":119.7632661117,"date":"Sun, 27 Jun 2021 23:55:01 GMT","inverseRate":0.0083498056830493},"dkk":{"code":"DKK","alphaCode":"DKK","numericCode":"208","name":"Danish Krone","rate":20.69445889327,"date":"Sun, 27 Jun 2021 23:55:01 GMT","inverseRate":0.04832211391259},"jod":{"code":"JOD","alphaCode":"JOD","numericCode":"400","name":"Jordanian Dinar","rate":2.3556591563806,"date":"Sun, 27 Jun 2021 23:55:01 GMT","inverseRate":0.42450963132395},"bgn":{"code":"BGN","alphaCode":"BGN","numericCode":"975","name":"Bulgarian Lev","rate":5.4428712705553,"date":"Sun, 27 Jun 2021 23:55:01 GMT","inverseRate":0.18372655723272},"vnd":{"code":"VND","alphaCode":"VND","numericCode":"704","name":"Vietnamese Dong","rate":76475.228767799,"date":"Sun, 27 Jun 2021 23:55:01 GMT","inverseRate":1.3076129566559e-5},"uzs":{"code":"UZS","alphaCode":"UZS","numericCode":"860","name":"Uzbekistan Sum","rate":35054.667926737,"date":"Sun, 27 Jun 2021 23:55:01 GMT","inverseRate":2.8526871288297e-5},"pab":{"code":"PAB","alphaCode":"PAB","numericCode":"590","name":"Panamanian Balboa","rate":3.3135831586953,"date":"Sun, 27 Jun 2021 23:55:01 GMT","inverseRate":0.30178811036502},"ttd":{"code":"TTD","alphaCode":"TTD","numericCode":"780","name":"Trinidad Tobago Dollar","rate":22.533555275594,"date":"Sun, 27 Jun 2021 23:55:01 GMT","inverseRate":0.044378261120787},"htg":{"code":"HTG","alphaCode":"HTG","numericCode":"332","name":"Haitian gourde","rate":311.4439277545,"date":"Sun, 27 Jun 2021 23:55:01 GMT","inverseRate":0.0032108508494931},"cup":{"code":"CUP","alphaCode":"CUP","numericCode":"192","name":"Cuban peso","rate":3.3135831586953,"date":"Sun, 27 Jun 2021 23:55:01 GMT","inverseRate":0.30178811036502}}