{"usd":{"code":"USD","alphaCode":"USD","numericCode":"840","name":"U.S. Dollar","rate":0.0023459666242976,"date":"Sun, 27 Jun 2021 23:55:01 GMT","inverseRate":426.26352380414},"eur":{"code":"EUR","alphaCode":"EUR","numericCode":"978","name":"Euro","rate":0.0019639229254275,"date":"Sun, 27 Jun 2021 23:55:01 GMT","inverseRate":509.1849517375},"gbp":{"code":"GBP","alphaCode":"GBP","numericCode":"826","name":"U.K. Pound Sterling","rate":0.0016869434771632,"date":"Sun, 27 Jun 2021 23:55:01 GMT","inverseRate":592.78808895343},"jpy":{"code":"JPY","alphaCode":"JPY","numericCode":"392","name":"Japanese Yen","rate":0.25977555097081,"date":"Sun, 27 Jun 2021 23:55:01 GMT","inverseRate":3.8494769668003},"aud":{"code":"AUD","alphaCode":"AUD","numericCode":"036","name":"Australian Dollar","rate":0.0030880303902028,"date":"Sun, 27 Jun 2021 23:55:01 GMT","inverseRate":323.83100994493},"chf":{"code":"CHF","alphaCode":"CHF","numericCode":"756","name":"Swiss Franc","rate":0.0021512859570781,"date":"Sun, 27 Jun 2021 23:55:01 GMT","inverseRate":464.83825021487},"cad":{"code":"CAD","alphaCode":"CAD","numericCode":"124","name":"Canadian Dollar","rate":0.0028855255991659,"date":"Sun, 27 Jun 2021 23:55:01 GMT","inverseRate":346.55731361006},"lkr":{"code":"LKR","alphaCode":"LKR","numericCode":"144","name":"Sri Lanka Rupee","rate":0.46614653273656,"date":"Sun, 27 Jun 2021 23:55:01 GMT","inverseRate":2.1452481779268},"pln":{"code":"PLN","alphaCode":"PLN","numericCode":"985","name":"Polish Zloty","rate":0.0088578583599002,"date":"Sun, 27 Jun 2021 23:55:01 GMT","inverseRate":112.89410593051},"pen":{"code":"PEN","alphaCode":"PEN","numericCode":"604","name":"Peruvian Nuevo Sol","rate":0.009337418981186,"date":"Sun, 27 Jun 2021 23:55:01 GMT","inverseRate":107.0959760952},"iqd":{"code":"IQD","alphaCode":"IQD","numericCode":"368","name":"Iraqi dinar","rate":3.4159759644216,"date":"Sun, 27 Jun 2021 23:55:01 GMT","inverseRate":0.29274210662349},"svc":{"code":"SVC","alphaCode":"SVC","numericCode":"222","name":"Salvadoran colon","rate":0.020475813664881,"date":"Sun, 27 Jun 2021 23:55:01 GMT","inverseRate":48.838108041349},"cve":{"code":"CVE","alphaCode":"CVE","numericCode":"132","name":"Cape Verde escudo","rate":0.21866146691509,"date":"Sun, 27 Jun 2021 23:55:01 GMT","inverseRate":4.5732794813287},"zmw":{"code":"ZMW","alphaCode":"ZMW","numericCode":"967","name":"Zambian kwacha","rate":0.052838838962179,"date":"Sun, 27 Jun 2021 23:55:01 GMT","inverseRate":18.925472619029},"yer":{"code":"YER","alphaCode":"YER","numericCode":"886","name":"Yemeni rial","rate":0.58826819516813,"date":"Sun, 27 Jun 2021 23:55:01 GMT","inverseRate":1.699904921282},"dop":{"code":"DOP","alphaCode":"DOP","numericCode":"214","name":"Dominican Peso","rate":0.13318988587956,"date":"Sun, 27 Jun 2021 23:55:01 GMT","inverseRate":7.5080776096189},"nzd":{"code":"NZD","alphaCode":"NZD","numericCode":"554","name":"New Zealand Dollar","rate":0.003314466396519,"date":"Sun, 27 Jun 2021 23:55:01 GMT","inverseRate":301.70768997696},"hrk":{"code":"HRK","alphaCode":"HRK","numericCode":"191","name":"Croatian Kuna","rate":0.01471982434844,"date":"Sun, 27 Jun 2021 23:55:01 GMT","inverseRate":67.935593273978},"dzd":{"code":"DZD","alphaCode":"DZD","numericCode":"012","name":"Algerian Dinar","rate":0.31240026512873,"date":"Sun, 27 Jun 2021 23:55:01 GMT","inverseRate":3.2010216111306},"ars":{"code":"ARS","alphaCode":"ARS","numericCode":"032","name":"Argentine Peso","rate":0.22368252004429,"date":"Sun, 27 Jun 2021 23:55:01 GMT","inverseRate":4.4706220217923},"stn":{"code":"STN","alphaCode":"STN","numericCode":"930","name":"S\u00e3o Tom\u00e9 and Pr\u00edncipe Dobra","rate":0.04857810976446,"date":"Sun, 27 Jun 2021 23:55:01 GMT","inverseRate":20.58540369003},"xpf":{"code":"XPF","alphaCode":"XPF","numericCode":"953","name":"CFP Franc","rate":0.2340139367931,"date":"Sun, 27 Jun 2021 23:55:01 GMT","inverseRate":4.2732497632572},"all":{"code":"ALL","alphaCode":"ALL","numericCode":"008","name":"Albanian lek","rate":0.24026124989993,"date":"Sun, 27 Jun 2021 23:55:01 GMT","inverseRate":4.162136009933},"mur":{"code":"MUR","alphaCode":"MUR","numericCode":"480","name":"Mauritian Rupee","rate":0.096049776681793,"date":"Sun, 27 Jun 2021 23:55:01 GMT","inverseRate":10.411268350086},"sos":{"code":"SOS","alphaCode":"SOS","numericCode":"706","name":"Somali shilling","rate":1.3530617891614,"date":"Sun, 27 Jun 2021 23:55:01 GMT","inverseRate":0.73906454827888},"ang":{"code":"ANG","alphaCode":"ANG","numericCode":"532","name":"Neth. Antillean Guilder","rate":0.0041720841292323,"date":"Sun, 27 Jun 2021 23:55:01 GMT","inverseRate":239.68835934859},"pkr":{"code":"PKR","alphaCode":"PKR","numericCode":"586","name":"Pakistani Rupee","rate":0.36280178880651,"date":"Sun, 27 Jun 2021 23:55:01 GMT","inverseRate":2.7563259908107},"krw":{"code":"KRW","alphaCode":"KRW","numericCode":"410","name":"South Korean Won","rate":2.6443804121408,"date":"Sun, 27 Jun 2021 23:55:01 GMT","inverseRate":0.37816041724134},"azn":{"code":"AZN","alphaCode":"AZN","numericCode":"944","name":"Azerbaijan Manat","rate":0.0039766233054022,"date":"Sun, 27 Jun 2021 23:55:01 GMT","inverseRate":251.46963219813},"pyg":{"code":"PYG","alphaCode":"PYG","numericCode":"600","name":"Paraguayan Guaran\u00ed","rate":15.902290735989,"date":"Sun, 27 Jun 2021 23:55:01 GMT","inverseRate":0.062884021969039},"bnd":{"code":"BND","alphaCode":"BND","numericCode":"096","name":"Brunei Dollar","rate":0.0031483892953858,"date":"Sun, 27 Jun 2021 23:55:01 GMT","inverseRate":317.62272901434},"kmf":{"code":"KMF","alphaCode":"KMF","numericCode":"174","name":"\tComoro franc","rate":0.96954120977242,"date":"Sun, 27 Jun 2021 23:55:01 GMT","inverseRate":1.0314156736409},"szl":{"code":"SZL","alphaCode":"SZL","numericCode":"748","name":"Swazi lilangeni","rate":0.033254935824488,"date":"Sun, 27 Jun 2021 23:55:01 GMT","inverseRate":30.070724095748},"wst":{"code":"WST","alphaCode":"WST","numericCode":"882","name":"Samoan tala","rate":0.0059462763782053,"date":"Sun, 27 Jun 2021 23:55:01 GMT","inverseRate":168.17247238377},"egp":{"code":"EGP","alphaCode":"EGP","numericCode":"818","name":"Egyptian Pound","rate":0.036777342622772,"date":"Sun, 27 Jun 2021 23:55:01 GMT","inverseRate":27.190654046353},"sgd":{"code":"SGD","alphaCode":"SGD","numericCode":"702","name":"Singapore Dollar","rate":0.0031478953564165,"date":"Sun, 27 Jun 2021 23:55:01 GMT","inverseRate":317.67256747009},"zar":{"code":"ZAR","alphaCode":"ZAR","numericCode":"710","name":"South African Rand","rate":0.033072663390625,"date":"Sun, 27 Jun 2021 23:55:01 GMT","inverseRate":30.236452026524},"kgs":{"code":"KGS","alphaCode":"KGS","numericCode":"417","name":"Kyrgyzstan Som","rate":0.19607608490627,"date":"Sun, 27 Jun 2021 23:55:01 GMT","inverseRate":5.1000610323183},"crc":{"code":"CRC","alphaCode":"CRC","numericCode":"188","name":"Costa Rican Col\u00f3n","rate":1.4489548971551,"date":"Sun, 27 Jun 2021 23:55:01 GMT","inverseRate":0.69015260720911},"jmd":{"code":"JMD","alphaCode":"JMD","numericCode":"388","name":"Jamaican Dollar","rate":0.3500312019787,"date":"Sun, 27 Jun 2021 23:55:01 GMT","inverseRate":2.8568881698176},"ssp":{"code":"SSP","alphaCode":"SSP","numericCode":"728","name":"South Sudanese pound","rate":0.41603821338256,"date":"Sun, 27 Jun 2021 23:55:01 GMT","inverseRate":2.4036253590015},"ern":{"code":"ERN","alphaCode":"ERN","numericCode":"232","name":"Eritrean nakfa","rate":0.035267978534693,"date":"Sun, 27 Jun 2021 23:55:01 GMT","inverseRate":28.354332784237},"bam":{"code":"BAM","alphaCode":"BAM","numericCode":"977","name":"Bosnia and Herzegovina convertible mark","rate":0.0038727377487477,"date":"Sun, 27 Jun 2021 23:55:01 GMT","inverseRate":258.21526394948},"inr":{"code":"INR","alphaCode":"INR","numericCode":"356","name":"Indian Rupee","rate":0.17404121132556,"date":"Sun, 27 Jun 2021 23:55:01 GMT","inverseRate":5.745765571175},"try":{"code":"TRY","alphaCode":"TRY","numericCode":"949","name":"Turkish Lira","rate":0.020436040109844,"date":"Sun, 27 Jun 2021 23:55:01 GMT","inverseRate":48.933158998758},"twd":{"code":"TWD","alphaCode":"TWD","numericCode":"901","name":"New Taiwan Dollar ","rate":0.065448640669871,"date":"Sun, 27 Jun 2021 23:55:01 GMT","inverseRate":15.27915614083},"tmt":{"code":"TMT","alphaCode":"TMT","numericCode":"934","name":"New Turkmenistan Manat","rate":0.0081896803995782,"date":"Sun, 27 Jun 2021 23:55:01 GMT","inverseRate":122.10488702972},"mga":{"code":"MGA","alphaCode":"MGA","numericCode":"969","name":"Malagasy ariary","rate":8.8557894100613,"date":"Sun, 27 Jun 2021 23:55:01 GMT","inverseRate":0.11292048102046},"srd":{"code":"SRD","alphaCode":"SRD","numericCode":"968","name":"Surinamese dollar","rate":0.048684933535245,"date":"Sun, 27 Jun 2021 23:55:01 GMT","inverseRate":20.540235497622},"ghs":{"code":"GHS","alphaCode":"GHS","numericCode":"936","name":"Ghanaian Cedi","rate":0.013636879288669,"date":"Sun, 27 Jun 2021 23:55:01 GMT","inverseRate":73.330560374684},"mop":{"code":"MOP","alphaCode":"MOP","numericCode":"446","name":"Macanese pataca","rate":0.018722599175605,"date":"Sun, 27 Jun 2021 23:55:01 GMT","inverseRate":53.411387522677},"lbp":{"code":"LBP","alphaCode":"LBP","numericCode":"422","name":"Lebanese Pound","rate":3.5326447619173,"date":"Sun, 27 Jun 2021 23:55:01 GMT","inverseRate":0.28307403302484},"huf":{"code":"HUF","alphaCode":"HUF","numericCode":"348","name":"Hungarian Forint","rate":0.69031161060498,"date":"Sun, 27 Jun 2021 23:55:01 GMT","inverseRate":1.4486211511402},"ngn":{"code":"NGN","alphaCode":"NGN","numericCode":"566","name":"Nigerian Naira","rate":0.96167208403134,"date":"Sun, 27 Jun 2021 23:55:01 GMT","inverseRate":1.0398554939933},"irr":{"code":"IRR","alphaCode":"IRR","numericCode":"364","name":"Iranian rial","rate":98.286391089601,"date":"Sun, 27 Jun 2021 23:55:01 GMT","inverseRate":0.010174348543212},"ves":{"code":"VES","alphaCode":"VES","numericCode":"928","name":"Venezuelan Bolivar","rate":7441.8398403875,"date":"Sun, 27 Jun 2021 23:55:01 GMT","inverseRate":0.00013437537241435},"sbd":{"code":"SBD","alphaCode":"SBD","numericCode":"090","name":"Solomon Islands dollar","rate":0.019073421085637,"date":"Sun, 27 Jun 2021 23:55:01 GMT","inverseRate":52.428979337799},"mwk":{"code":"MWK","alphaCode":"MWK","numericCode":"454","name":"Malawian kwacha","rate":1.884210512779,"date":"Sun, 27 Jun 2021 23:55:01 GMT","inverseRate":0.53072626079616},"gtq":{"code":"GTQ","alphaCode":"GTQ","numericCode":"320","name":"Guatemalan Quetzal","rate":0.018091500326989,"date":"Sun, 27 Jun 2021 23:55:01 GMT","inverseRate":55.274575459515},"sek":{"code":"SEK","alphaCode":"SEK","numericCode":"752","name":"Swedish Krona","rate":0.019862112122602,"date":"Sun, 27 Jun 2021 23:55:01 GMT","inverseRate":50.347112826036},"npr":{"code":"NPR","alphaCode":"NPR","numericCode":"524","name":"Nepalese Rupee","rate":0.27817512660054,"date":"Sun, 27 Jun 2021 23:55:01 GMT","inverseRate":3.5948577150681},"isk":{"code":"ISK","alphaCode":"ISK","numericCode":"352","name":"Icelandic Krona","rate":0.28870393272483,"date":"Sun, 27 Jun 2021 23:55:01 GMT","inverseRate":3.4637560720488},"gip":{"code":"GIP","alphaCode":"GIP","numericCode":"292","name":"Gibraltar pound","rate":0.0016792057036751,"date":"Sun, 27 Jun 2021 23:55:01 GMT","inverseRate":595.51965420998},"gel":{"code":"GEL","alphaCode":"GEL","numericCode":"981","name":"Georgian lari","rate":0.0075986822955913,"date":"Sun, 27 Jun 2021 23:55:01 GMT","inverseRate":131.60176476653},"mkd":{"code":"MKD","alphaCode":"MKD","numericCode":"807","name":"Macedonian denar","rate":0.12114954458481,"date":"Sun, 27 Jun 2021 23:55:01 GMT","inverseRate":8.2542613216339},"bif":{"code":"BIF","alphaCode":"BIF","numericCode":"108","name":"Burundian franc","rate":4.6292678568014,"date":"Sun, 27 Jun 2021 23:55:01 GMT","inverseRate":0.21601688019214},"mmk":{"code":"MMK","alphaCode":"MMK","numericCode":"104","name":"Myanma Kyat","rate":3.8503432217656,"date":"Sun, 27 Jun 2021 23:55:01 GMT","inverseRate":0.25971710634706},"mvr":{"code":"MVR","alphaCode":"MVR","numericCode":"462","name":"Maldivian rufiyaa","rate":0.036160838750759,"date":"Sun, 27 Jun 2021 23:55:01 GMT","inverseRate":27.654225801911},"kes":{"code":"KES","alphaCode":"KES","numericCode":"404","name":"Kenyan shilling","rate":0.2520288408578,"date":"Sun, 27 Jun 2021 23:55:01 GMT","inverseRate":3.9677998620968},"aed":{"code":"AED","alphaCode":"AED","numericCode":"784","name":"U.A.E Dirham","rate":0.008600267059136,"date":"Sun, 27 Jun 2021 23:55:01 GMT","inverseRate":116.27545902051},"php":{"code":"PHP","alphaCode":"PHP","numericCode":"608","name":"Philippine Peso","rate":0.11378408229013,"date":"Sun, 27 Jun 2021 23:55:01 GMT","inverseRate":8.7885755184123},"ils":{"code":"ILS","alphaCode":"ILS","numericCode":"376","name":"Israeli New Sheqel","rate":0.0076184142345833,"date":"Sun, 27 Jun 2021 23:55:01 GMT","inverseRate":131.26091194419},"mro":{"code":"MRO","alphaCode":"MRO","numericCode":"478","name":"Mauritanian Ouguiya","rate":0.084947480110099,"date":"Sun, 27 Jun 2021 23:55:01 GMT","inverseRate":11.771979565538},"cop":{"code":"COP","alphaCode":"COP","numericCode":"170","name":"Colombian Peso","rate":8.8205562181358,"date":"Sun, 27 Jun 2021 23:55:01 GMT","inverseRate":0.11337153522631},"bzd":{"code":"BZD","alphaCode":"BZD","numericCode":"084","name":"Belize dollar","rate":0.004715040682601,"date":"Sun, 27 Jun 2021 23:55:01 GMT","inverseRate":212.08724745262},"gnf":{"code":"GNF","alphaCode":"GNF","numericCode":"324","name":"Guinean franc","rate":22.942459611557,"date":"Sun, 27 Jun 2021 23:55:01 GMT","inverseRate":0.043587305673898},"sll":{"code":"SLL","alphaCode":"SLL","numericCode":"694","name":"Sierra Leonean leone","rate":23.999429295558,"date":"Sun, 27 Jun 2021 23:55:01 GMT","inverseRate":0.04166765749655},"ugx":{"code":"UGX","alphaCode":"UGX","numericCode":"800","name":"Ugandan shilling","rate":8.3624073749396,"date":"Sun, 27 Jun 2021 23:55:01 GMT","inverseRate":0.11958278940067},"cny":{"code":"CNY","alphaCode":"CNY","numericCode":"156","name":"Chinese Yuan","rate":0.015144810263199,"date":"Sun, 27 Jun 2021 23:55:01 GMT","inverseRate":66.029219423762},"sar":{"code":"SAR","alphaCode":"SAR","numericCode":"682","name":"Saudi Riyal","rate":0.0087971237412557,"date":"Sun, 27 Jun 2021 23:55:01 GMT","inverseRate":113.67351755101},"myr":{"code":"MYR","alphaCode":"MYR","numericCode":"458","name":"Malaysian Ringgit","rate":0.0097210792761554,"date":"Sun, 27 Jun 2021 23:55:01 GMT","inverseRate":102.86923618171},"bob":{"code":"BOB","alphaCode":"BOB","numericCode":"068","name":"Bolivian Boliviano","rate":0.016122344355976,"date":"Sun, 27 Jun 2021 23:55:01 GMT","inverseRate":62.025718959994},"gyd":{"code":"GYD","alphaCode":"GYD","numericCode":"328","name":"Guyanese dollar","rate":0.48854136978325,"date":"Sun, 27 Jun 2021 23:55:01 GMT","inverseRate":2.0469095594579},"rwf":{"code":"RWF","alphaCode":"RWF","numericCode":"646","name":"Rwandan franc","rate":2.352135301477,"date":"Sun, 27 Jun 2021 23:55:01 GMT","inverseRate":0.42514561104204},"mzn":{"code":"MZN","alphaCode":"MZN","numericCode":"943","name":"Mozambican metical","rate":0.14908736380575,"date":"Sun, 27 Jun 2021 23:55:01 GMT","inverseRate":6.7074765726152},"vuv":{"code":"VUV","alphaCode":"VUV","numericCode":"548","name":"Vanuatu vatu","rate":0.25698750464483,"date":"Sun, 27 Jun 2021 23:55:01 GMT","inverseRate":3.8912397759651},"idr":{"code":"IDR","alphaCode":"IDR","numericCode":"360","name":"Indonesian Rupiah","rate":33.87751692991,"date":"Sun, 27 Jun 2021 23:55:01 GMT","inverseRate":0.029518101992803},"tnd":{"code":"TND","alphaCode":"TND","numericCode":"788","name":"Tunisian Dinar","rate":0.0064152209774085,"date":"Sun, 27 Jun 2021 23:55:01 GMT","inverseRate":155.87927579136},"xof":{"code":"XOF","alphaCode":"XOF","numericCode":"952","name":"West African CFA Franc","rate":1.2894907890145,"date":"Sun, 27 Jun 2021 23:55:01 GMT","inverseRate":0.77549991711398},"tjs":{"code":"TJS","alphaCode":"TJS","numericCode":"972","name":"Tajikistan Ruble","rate":0.026526010376214,"date":"Sun, 27 Jun 2021 23:55:01 GMT","inverseRate":37.698846747671},"afn":{"code":"AFN","alphaCode":"AFN","numericCode":"971","name":"Afghan afghani","rate":0.18501983557708,"date":"Sun, 27 Jun 2021 23:55:01 GMT","inverseRate":5.4048259035632},"nad":{"code":"NAD","alphaCode":"NAD","numericCode":"516","name":"Namibian dollar","rate":0.033254935824488,"date":"Sun, 27 Jun 2021 23:55:01 GMT","inverseRate":30.070724095748},"syp":{"code":"SYP","alphaCode":"SYP","numericCode":"760","name":"Syrian pound","rate":5.9038596067074,"date":"Sun, 27 Jun 2021 23:55:01 GMT","inverseRate":0.16938072153069},"top":{"code":"TOP","alphaCode":"TOP","numericCode":"776","name":"Tongan pa\u02bbanga","rate":0.0051821577681908,"date":"Sun, 27 Jun 2021 23:55:01 GMT","inverseRate":192.96981001586},"kwd":{"code":"KWD","alphaCode":"KWD","numericCode":"414","name":"Kuwaiti Dinar","rate":0.00070557367122152,"date":"Sun, 27 Jun 2021 23:55:01 GMT","inverseRate":1417.2864447574},"czk":{"code":"CZK","alphaCode":"CZK","numericCode":"203","name":"Czech Koruna","rate":0.050032516281192,"date":"Sun, 27 Jun 2021 23:55:01 GMT","inverseRate":19.987001940494},"pgk":{"code":"PGK","alphaCode":"PGK","numericCode":"598","name":"Papua New Guinean kina","rate":0.0082334155701957,"date":"Sun, 27 Jun 2021 23:55:01 GMT","inverseRate":121.45627673889},"uah":{"code":"UAH","alphaCode":"UAH","numericCode":"980","name":"Ukrainian Hryvnia","rate":0.064268136577381,"date":"Sun, 27 Jun 2021 23:55:01 GMT","inverseRate":15.559810090277},"etb":{"code":"ETB","alphaCode":"ETB","numericCode":"230","name":"Ethiopian birr","rate":0.1023790683244,"date":"Sun, 27 Jun 2021 23:55:01 GMT","inverseRate":9.7676216082703},"xcd":{"code":"XCD","alphaCode":"XCD","numericCode":"951","name":"East Caribbean Dollar","rate":0.0063382403450195,"date":"Sun, 27 Jun 2021 23:55:01 GMT","inverseRate":157.77249608178},"lak":{"code":"LAK","alphaCode":"LAK","numericCode":"418","name":"Lao kip","rate":22.194960927471,"date":"Sun, 27 Jun 2021 23:55:01 GMT","inverseRate":0.045055271927164},"bwp":{"code":"BWP","alphaCode":"BWP","numericCode":"072","name":"Botswana Pula","rate":0.025425751966872,"date":"Sun, 27 Jun 2021 23:55:01 GMT","inverseRate":39.330203539424},"nok":{"code":"NOK","alphaCode":"NOK","numericCode":"578","name":"Norwegian Krone","rate":0.019903476698686,"date":"Sun, 27 Jun 2021 23:55:01 GMT","inverseRate":50.242478494524},"mad":{"code":"MAD","alphaCode":"MAD","numericCode":"504","name":"Moroccan Dirham","rate":0.020723227410485,"date":"Sun, 27 Jun 2021 23:55:01 GMT","inverseRate":48.255031911393},"ron":{"code":"RON","alphaCode":"RON","numericCode":"946","name":"Romanian New Leu","rate":0.0096720192301004,"date":"Sun, 27 Jun 2021 23:55:01 GMT","inverseRate":103.39102685899},"byn":{"code":"BYN","alphaCode":"BYN","numericCode":"933","name":"Belarussian Ruble","rate":0.0059264665782101,"date":"Sun, 27 Jun 2021 23:55:01 GMT","inverseRate":168.73460548596},"rsd":{"code":"RSD","alphaCode":"RSD","numericCode":"941","name":"Serbian Dinar","rate":0.22643372479966,"date":"Sun, 27 Jun 2021 23:55:01 GMT","inverseRate":4.4163032732195},"gmd":{"code":"GMD","alphaCode":"GMD","numericCode":"270","name":"Gambian dalasi","rate":0.12147859273061,"date":"Sun, 27 Jun 2021 23:55:01 GMT","inverseRate":8.2319030663912},"awg":{"code":"AWG","alphaCode":"AWG","numericCode":"533","name":"Aruban florin","rate":0.0042339784901803,"date":"Sun, 27 Jun 2021 23:55:01 GMT","inverseRate":236.18447810239},"aoa":{"code":"AOA","alphaCode":"AOA","numericCode":"973","name":"Angolan kwanza","rate":1.526860243114,"date":"Sun, 27 Jun 2021 23:55:01 GMT","inverseRate":0.65493878991866},"khr":{"code":"KHR","alphaCode":"KHR","numericCode":"116","name":"Cambodian riel","rate":9.5326043165356,"date":"Sun, 27 Jun 2021 23:55:01 GMT","inverseRate":0.104903126868},"scr":{"code":"SCR","alphaCode":"SCR","numericCode":"690","name":"Seychelles rupee","rate":0.035058548733418,"date":"Sun, 27 Jun 2021 23:55:01 GMT","inverseRate":28.523713505767},"bhd":{"code":"BHD","alphaCode":"BHD","numericCode":"048","name":"Bahrain Dinar","rate":0.00088285270243955,"date":"Sun, 27 Jun 2021 23:55:01 GMT","inverseRate":1132.6917811281},"omr":{"code":"OMR","alphaCode":"OMR","numericCode":"512","name":"Omani Rial","rate":0.00090231548866062,"date":"Sun, 27 Jun 2021 23:55:01 GMT","inverseRate":1108.2598188405},"rub":{"code":"RUB","alphaCode":"RUB","numericCode":"643","name":"Russian Rouble","rate":0.16929993945115,"date":"Sun, 27 Jun 2021 23:55:01 GMT","inverseRate":5.9066766547104},"lyd":{"code":"LYD","alphaCode":"LYD","numericCode":"434","name":"Libyan Dinar","rate":0.010441299801142,"date":"Sun, 27 Jun 2021 23:55:01 GMT","inverseRate":95.773516616259},"clp":{"code":"CLP","alphaCode":"CLP","numericCode":"152","name":"Chilean Peso","rate":1.7215615486558,"date":"Sun, 27 Jun 2021 23:55:01 GMT","inverseRate":0.58086799207429},"bsd":{"code":"BSD","alphaCode":"BSD","numericCode":"044","name":"Bahamian Dollar","rate":0.0023379770341785,"date":"Sun, 27 Jun 2021 23:55:01 GMT","inverseRate":427.7201980093},"djf":{"code":"DJF","alphaCode":"DJF","numericCode":"262","name":"Djiboutian franc","rate":0.41640990313919,"date":"Sun, 27 Jun 2021 23:55:01 GMT","inverseRate":2.4014798698621},"hnl":{"code":"HNL","alphaCode":"HNL","numericCode":"340","name":"Honduran Lempira","rate":0.056049300063678,"date":"Sun, 27 Jun 2021 23:55:01 GMT","inverseRate":17.841436001233},"tzs":{"code":"TZS","alphaCode":"TZS","numericCode":"834","name":"Tanzanian shilling","rate":5.4230186222053,"date":"Sun, 27 Jun 2021 23:55:01 GMT","inverseRate":0.18439914550641},"bbd":{"code":"BBD","alphaCode":"BBD","numericCode":"052","name":"Barbadian Dollar","rate":0.0046947425715221,"date":"Sun, 27 Jun 2021 23:55:01 GMT","inverseRate":213.00422435639},"bdt":{"code":"BDT","alphaCode":"BDT","numericCode":"050","name":"Bangladeshi taka","rate":0.19846611862589,"date":"Sun, 27 Jun 2021 23:55:01 GMT","inverseRate":5.038643406359},"qar":{"code":"QAR","alphaCode":"QAR","numericCode":"634","name":"Qatari Rial","rate":0.0085811272716004,"date":"Sun, 27 Jun 2021 23:55:01 GMT","inverseRate":116.53480578356},"mxn":{"code":"MXN","alphaCode":"MXN","numericCode":"484","name":"Mexican Peso","rate":0.046439522369718,"date":"Sun, 27 Jun 2021 23:55:01 GMT","inverseRate":21.533382536511},"amd":{"code":"AMD","alphaCode":"AMD","numericCode":"051","name":"Armenia Dram","rate":1.2144383029262,"date":"Sun, 27 Jun 2021 23:55:01 GMT","inverseRate":0.82342593904564},"uyu":{"code":"UYU","alphaCode":"UYU","numericCode":"858","name":"Uruguayan Peso","rate":0.10210385296852,"date":"Sun, 27 Jun 2021 23:55:01 GMT","inverseRate":9.7939496985321},"fjd":{"code":"FJD","alphaCode":"FJD","numericCode":"242","name":"Fiji Dollar","rate":0.0048247286352826,"date":"Sun, 27 Jun 2021 23:55:01 GMT","inverseRate":207.26554291305},"cdf":{"code":"CDF","alphaCode":"CDF","numericCode":"976","name":"Congolese franc","rate":4.6511499002422,"date":"Sun, 27 Jun 2021 23:55:01 GMT","inverseRate":0.21500059586296},"lsl":{"code":"LSL","alphaCode":"LSL","numericCode":"426","name":"Lesotho loti","rate":0.033267428287232,"date":"Sun, 27 Jun 2021 23:55:01 GMT","inverseRate":30.059432047646},"mnt":{"code":"MNT","alphaCode":"MNT","numericCode":"496","name":"Mongolian togrog","rate":6.6685161220339,"date":"Sun, 27 Jun 2021 23:55:01 GMT","inverseRate":0.14995839879517},"brl":{"code":"BRL","alphaCode":"BRL","numericCode":"986","name":"Brazilian Real","rate":0.011724447975902,"date":"Sun, 27 Jun 2021 23:55:01 GMT","inverseRate":85.291862103477},"hkd":{"code":"HKD","alphaCode":"HKD","numericCode":"344","name":"Hong Kong Dollar","rate":0.018208474261998,"date":"Sun, 27 Jun 2021 23:55:01 GMT","inverseRate":54.919483401585},"thb":{"code":"THB","alphaCode":"THB","numericCode":"764","name":"Thai Baht","rate":0.074137106708925,"date":"Sun, 27 Jun 2021 23:55:01 GMT","inverseRate":13.488522069335},"xaf":{"code":"XAF","alphaCode":"XAF","numericCode":"950","name":"Central African CFA Franc","rate":1.2905839941414,"date":"Sun, 27 Jun 2021 23:55:01 GMT","inverseRate":0.7748430203222},"mdl":{"code":"MDL","alphaCode":"MDL","numericCode":"498","name":"Moldova Lei","rate":0.042206031156798,"date":"Sun, 27 Jun 2021 23:55:01 GMT","inverseRate":23.693296256285},"nio":{"code":"NIO","alphaCode":"NIO","numericCode":"558","name":"Nicaraguan C\u00f3rdoba","rate":0.08205018355048,"date":"Sun, 27 Jun 2021 23:55:01 GMT","inverseRate":12.187663168173},"lrd":{"code":"LRD","alphaCode":"LRD","numericCode":"430","name":"Liberian dollar","rate":0.40071445294396,"date":"Sun, 27 Jun 2021 23:55:01 GMT","inverseRate":2.4955426305521},"sdg":{"code":"SDG","alphaCode":"SDG","numericCode":"938","name":"Sudanese pound","rate":1.0297429546583,"date":"Sun, 27 Jun 2021 23:55:01 GMT","inverseRate":0.97111613677596},"mru":{"code":"MRU","alphaCode":"MRU","numericCode":"929","name":"Mauritanian ouguiya","rate":0.084501807347911,"date":"Sun, 27 Jun 2021 23:55:01 GMT","inverseRate":11.834066410944},"dkk":{"code":"DKK","alphaCode":"DKK","numericCode":"208","name":"Danish Krone","rate":0.014601465335267,"date":"Sun, 27 Jun 2021 23:55:01 GMT","inverseRate":68.486277030339},"jod":{"code":"JOD","alphaCode":"JOD","numericCode":"400","name":"Jordanian Dinar","rate":0.001662091079114,"date":"Sun, 27 Jun 2021 23:55:01 GMT","inverseRate":601.6517461444},"bgn":{"code":"BGN","alphaCode":"BGN","numericCode":"975","name":"Bulgarian Lev","rate":0.0038403466643519,"date":"Sun, 27 Jun 2021 23:55:01 GMT","inverseRate":260.39315910788},"vnd":{"code":"VND","alphaCode":"VND","numericCode":"704","name":"Vietnamese Dong","rate":53.958907919202,"date":"Sun, 27 Jun 2021 23:55:01 GMT","inverseRate":0.018532621184576},"uzs":{"code":"UZS","alphaCode":"UZS","numericCode":"860","name":"Uzbekistan Sum","rate":24.733650742519,"date":"Sun, 27 Jun 2021 23:55:01 GMT","inverseRate":0.040430747988243},"pab":{"code":"PAB","alphaCode":"PAB","numericCode":"590","name":"Panamanian Balboa","rate":0.0023379770341785,"date":"Sun, 27 Jun 2021 23:55:01 GMT","inverseRate":427.7201980093},"ttd":{"code":"TTD","alphaCode":"TTD","numericCode":"780","name":"Trinidad Tobago Dollar","rate":0.015899083321474,"date":"Sun, 27 Jun 2021 23:55:01 GMT","inverseRate":62.896707928397},"htg":{"code":"HTG","alphaCode":"HTG","numericCode":"332","name":"Haitian gourde","rate":0.21974663548539,"date":"Sun, 27 Jun 2021 23:55:01 GMT","inverseRate":4.5506953851245},"cup":{"code":"CUP","alphaCode":"CUP","numericCode":"192","name":"Cuban peso","rate":0.0023379770341785,"date":"Sun, 27 Jun 2021 23:55:01 GMT","inverseRate":427.7201980093}}