{"usd":{"code":"USD","alphaCode":"USD","numericCode":"840","name":"U.S. Dollar","rate":0.00066408223368159,"date":"Sun, 27 Jun 2021 23:55:01 GMT","inverseRate":1505.8376045631},"eur":{"code":"EUR","alphaCode":"EUR","numericCode":"978","name":"Euro","rate":0.00055593558305072,"date":"Sun, 27 Jun 2021 23:55:01 GMT","inverseRate":1798.7695526026},"gbp":{"code":"GBP","alphaCode":"GBP","numericCode":"826","name":"U.K. Pound Sterling","rate":0.00047752989356552,"date":"Sun, 27 Jun 2021 23:55:01 GMT","inverseRate":2094.1097373683},"jpy":{"code":"JPY","alphaCode":"JPY","numericCode":"392","name":"Japanese Yen","rate":0.073535712894557,"date":"Sun, 27 Jun 2021 23:55:01 GMT","inverseRate":13.598834642888},"aud":{"code":"AUD","alphaCode":"AUD","numericCode":"036","name":"Australian Dollar","rate":0.00087414121665796,"date":"Sun, 27 Jun 2021 23:55:01 GMT","inverseRate":1143.9799210283},"chf":{"code":"CHF","alphaCode":"CHF","numericCode":"756","name":"Swiss Franc","rate":0.00060897319205979,"date":"Sun, 27 Jun 2021 23:55:01 GMT","inverseRate":1642.1084097604},"cad":{"code":"CAD","alphaCode":"CAD","numericCode":"124","name":"Canadian Dollar","rate":0.0008168173687523,"date":"Sun, 27 Jun 2021 23:55:01 GMT","inverseRate":1224.2638786287},"lkr":{"code":"LKR","alphaCode":"LKR","numericCode":"144","name":"Sri Lanka Rupee","rate":0.13195397900228,"date":"Sun, 27 Jun 2021 23:55:01 GMT","inverseRate":7.5783997387656},"pln":{"code":"PLN","alphaCode":"PLN","numericCode":"985","name":"Polish Zloty","rate":0.0025074296898997,"date":"Sun, 27 Jun 2021 23:55:01 GMT","inverseRate":398.81477196674},"pen":{"code":"PEN","alphaCode":"PEN","numericCode":"604","name":"Peruvian Nuevo Sol","rate":0.002643180849047,"date":"Sun, 27 Jun 2021 23:55:01 GMT","inverseRate":378.33203897514},"iqd":{"code":"IQD","alphaCode":"IQD","numericCode":"368","name":"Iraqi dinar","rate":0.96697409296474,"date":"Sun, 27 Jun 2021 23:55:01 GMT","inverseRate":1.0341538695561},"svc":{"code":"SVC","alphaCode":"SVC","numericCode":"222","name":"Salvadoran colon","rate":0.0057961711535831,"date":"Sun, 27 Jun 2021 23:55:01 GMT","inverseRate":172.52768655422},"cve":{"code":"CVE","alphaCode":"CVE","numericCode":"132","name":"Cape Verde escudo","rate":0.061897383306781,"date":"Sun, 27 Jun 2021 23:55:01 GMT","inverseRate":16.1557718045},"zmw":{"code":"ZMW","alphaCode":"ZMW","numericCode":"967","name":"Zambian kwacha","rate":0.014957303245374,"date":"Sun, 27 Jun 2021 23:55:01 GMT","inverseRate":66.856971714421},"yer":{"code":"YER","alphaCode":"YER","numericCode":"886","name":"Yemeni rial","rate":0.16652345050649,"date":"Sun, 27 Jun 2021 23:55:01 GMT","inverseRate":6.0051602159243},"dop":{"code":"DOP","alphaCode":"DOP","numericCode":"214","name":"Dominican Peso","rate":0.037702598154044,"date":"Sun, 27 Jun 2021 23:55:01 GMT","inverseRate":26.523371039689},"nzd":{"code":"NZD","alphaCode":"NZD","numericCode":"554","name":"New Zealand Dollar","rate":0.00093823937018794,"date":"Sun, 27 Jun 2021 23:55:01 GMT","inverseRate":1065.8260906273},"hrk":{"code":"HRK","alphaCode":"HRK","numericCode":"191","name":"Croatian Kuna","rate":0.0041668000437301,"date":"Sun, 27 Jun 2021 23:55:01 GMT","inverseRate":239.99231772706},"dzd":{"code":"DZD","alphaCode":"DZD","numericCode":"012","name":"Algerian Dinar","rate":0.088432402968019,"date":"Sun, 27 Jun 2021 23:55:01 GMT","inverseRate":11.308072227345},"ars":{"code":"ARS","alphaCode":"ARS","numericCode":"032","name":"Argentine Peso","rate":0.063318713066096,"date":"Sun, 27 Jun 2021 23:55:01 GMT","inverseRate":15.793119467797},"stn":{"code":"STN","alphaCode":"STN","numericCode":"930","name":"S\u00e3o Tom\u00e9 and Pr\u00edncipe Dobra","rate":0.013751201447749,"date":"Sun, 27 Jun 2021 23:55:01 GMT","inverseRate":72.720918517538},"xpf":{"code":"XPF","alphaCode":"XPF","numericCode":"953","name":"CFP Franc","rate":0.066243268872042,"date":"Sun, 27 Jun 2021 23:55:01 GMT","inverseRate":15.095873392535},"all":{"code":"ALL","alphaCode":"ALL","numericCode":"008","name":"Albanian lek","rate":0.068011720988761,"date":"Sun, 27 Jun 2021 23:55:01 GMT","inverseRate":14.703347973877},"mur":{"code":"MUR","alphaCode":"MUR","numericCode":"480","name":"Mauritian Rupee","rate":0.02718919765645,"date":"Sun, 27 Jun 2021 23:55:01 GMT","inverseRate":36.779312601847},"sos":{"code":"SOS","alphaCode":"SOS","numericCode":"706","name":"Somali shilling","rate":0.38301665758973,"date":"Sun, 27 Jun 2021 23:55:01 GMT","inverseRate":2.6108525051962},"ang":{"code":"ANG","alphaCode":"ANG","numericCode":"532","name":"Neth. Antillean Guilder","rate":0.0011810086805807,"date":"Sun, 27 Jun 2021 23:55:01 GMT","inverseRate":846.73382714536},"pkr":{"code":"PKR","alphaCode":"PKR","numericCode":"586","name":"Pakistani Rupee","rate":0.10269976554609,"date":"Sun, 27 Jun 2021 23:55:01 GMT","inverseRate":9.7371205735738},"krw":{"code":"KRW","alphaCode":"KRW","numericCode":"410","name":"South Korean Won","rate":0.7485554281166,"date":"Sun, 27 Jun 2021 23:55:01 GMT","inverseRate":1.3359064171321},"azn":{"code":"AZN","alphaCode":"AZN","numericCode":"944","name":"Azerbaijan Manat","rate":0.0011256787968808,"date":"Sun, 27 Jun 2021 23:55:01 GMT","inverseRate":888.35287896599},"pyg":{"code":"PYG","alphaCode":"PYG","numericCode":"600","name":"Paraguayan Guaran\u00ed","rate":4.5015255729701,"date":"Sun, 27 Jun 2021 23:55:01 GMT","inverseRate":0.22214691081722},"bnd":{"code":"BND","alphaCode":"BND","numericCode":"096","name":"Brunei Dollar","rate":0.0008912272553771,"date":"Sun, 27 Jun 2021 23:55:01 GMT","inverseRate":1122.0482699184},"kmf":{"code":"KMF","alphaCode":"KMF","numericCode":"174","name":"\tComoro franc","rate":0.27445194043406,"date":"Sun, 27 Jun 2021 23:55:01 GMT","inverseRate":3.6436251768468},"szl":{"code":"SZL","alphaCode":"SZL","numericCode":"748","name":"Swazi lilangeni","rate":0.0094136088018202,"date":"Sun, 27 Jun 2021 23:55:01 GMT","inverseRate":106.2291859639},"wst":{"code":"WST","alphaCode":"WST","numericCode":"882","name":"Samoan tala","rate":0.0016832364358589,"date":"Sun, 27 Jun 2021 23:55:01 GMT","inverseRate":594.09360366521},"egp":{"code":"EGP","alphaCode":"EGP","numericCode":"818","name":"Egyptian Pound","rate":0.010410710700164,"date":"Sun, 27 Jun 2021 23:55:01 GMT","inverseRate":96.054921589955},"sgd":{"code":"SGD","alphaCode":"SGD","numericCode":"702","name":"Singapore Dollar","rate":0.00089108743408099,"date":"Sun, 27 Jun 2021 23:55:01 GMT","inverseRate":1122.224331478},"zar":{"code":"ZAR","alphaCode":"ZAR","numericCode":"710","name":"South African Rand","rate":0.0093620122088572,"date":"Sun, 27 Jun 2021 23:55:01 GMT","inverseRate":106.81464387046},"kgs":{"code":"KGS","alphaCode":"KGS","numericCode":"417","name":"Kyrgyzstan Som","rate":0.055504048134138,"date":"Sun, 27 Jun 2021 23:55:01 GMT","inverseRate":18.016703891278},"crc":{"code":"CRC","alphaCode":"CRC","numericCode":"188","name":"Costa Rican Col\u00f3n","rate":0.41016150640879,"date":"Sun, 27 Jun 2021 23:55:01 GMT","inverseRate":2.4380639927808},"jmd":{"code":"JMD","alphaCode":"JMD","numericCode":"388","name":"Jamaican Dollar","rate":0.099084744028643,"date":"Sun, 27 Jun 2021 23:55:01 GMT","inverseRate":10.09237102849},"ssp":{"code":"SSP","alphaCode":"SSP","numericCode":"728","name":"South Sudanese pound","rate":0.11776961495465,"date":"Sun, 27 Jun 2021 23:55:01 GMT","inverseRate":8.4911545340882},"ern":{"code":"ERN","alphaCode":"ERN","numericCode":"232","name":"Eritrean nakfa","rate":0.009983448920449,"date":"Sun, 27 Jun 2021 23:55:01 GMT","inverseRate":100.16578518789},"bam":{"code":"BAM","alphaCode":"BAM","numericCode":"977","name":"Bosnia and Herzegovina convertible mark","rate":0.0010962714933855,"date":"Sun, 27 Jun 2021 23:55:01 GMT","inverseRate":912.18279963822},"inr":{"code":"INR","alphaCode":"INR","numericCode":"356","name":"Indian Rupee","rate":0.049266547602454,"date":"Sun, 27 Jun 2021 23:55:01 GMT","inverseRate":20.297748648216},"try":{"code":"TRY","alphaCode":"TRY","numericCode":"949","name":"Turkish Lira","rate":0.005784912292951,"date":"Sun, 27 Jun 2021 23:55:01 GMT","inverseRate":172.86346782103},"twd":{"code":"TWD","alphaCode":"TWD","numericCode":"901","name":"New Taiwan Dollar ","rate":0.018526810670414,"date":"Sun, 27 Jun 2021 23:55:01 GMT","inverseRate":53.975830907418},"tmt":{"code":"TMT","alphaCode":"TMT","numericCode":"934","name":"New Turkmenistan Manat","rate":0.0023182858598931,"date":"Sun, 27 Jun 2021 23:55:01 GMT","inverseRate":431.35318957004},"mga":{"code":"MGA","alphaCode":"MGA","numericCode":"969","name":"Malagasy ariary","rate":2.5068440239247,"date":"Sun, 27 Jun 2021 23:55:01 GMT","inverseRate":0.3989079457901},"srd":{"code":"SRD","alphaCode":"SRD","numericCode":"968","name":"Surinamese dollar","rate":0.013781440483368,"date":"Sun, 27 Jun 2021 23:55:01 GMT","inverseRate":72.561355339221},"ghs":{"code":"GHS","alphaCode":"GHS","numericCode":"936","name":"Ghanaian Cedi","rate":0.0038602464181163,"date":"Sun, 27 Jun 2021 23:55:01 GMT","inverseRate":259.05081999609},"mop":{"code":"MOP","alphaCode":"MOP","numericCode":"446","name":"Macanese pataca","rate":0.0052998816573461,"date":"Sun, 27 Jun 2021 23:55:01 GMT","inverseRate":188.68345835872},"huf":{"code":"HUF","alphaCode":"HUF","numericCode":"348","name":"Hungarian Forint","rate":0.19540929165782,"date":"Sun, 27 Jun 2021 23:55:01 GMT","inverseRate":5.1174639215779},"ngn":{"code":"NGN","alphaCode":"NGN","numericCode":"566","name":"Nigerian Naira","rate":0.27222439527415,"date":"Sun, 27 Jun 2021 23:55:01 GMT","inverseRate":3.6734400640064},"irr":{"code":"IRR","alphaCode":"IRR","numericCode":"364","name":"Iranian rial","rate":27.82232511719,"date":"Sun, 27 Jun 2021 23:55:01 GMT","inverseRate":0.035942359087097},"ves":{"code":"VES","alphaCode":"VES","numericCode":"928","name":"Venezuelan Bolivar","rate":2106.5916167434,"date":"Sun, 27 Jun 2021 23:55:01 GMT","inverseRate":0.00047470045549023},"sbd":{"code":"SBD","alphaCode":"SBD","numericCode":"090","name":"Solomon Islands dollar","rate":0.0053991902302923,"date":"Sun, 27 Jun 2021 23:55:01 GMT","inverseRate":185.21295923035},"mwk":{"code":"MWK","alphaCode":"MWK","numericCode":"454","name":"Malawian kwacha","rate":0.53337106892014,"date":"Sun, 27 Jun 2021 23:55:01 GMT","inverseRate":1.8748673452135},"gtq":{"code":"GTQ","alphaCode":"GTQ","numericCode":"320","name":"Guatemalan Quetzal","rate":0.005121233961031,"date":"Sun, 27 Jun 2021 23:55:01 GMT","inverseRate":195.26543946426},"sek":{"code":"SEK","alphaCode":"SEK","numericCode":"752","name":"Swedish Krona","rate":0.0056224481829364,"date":"Sun, 27 Jun 2021 23:55:01 GMT","inverseRate":177.85846440255},"npr":{"code":"NPR","alphaCode":"NPR","numericCode":"524","name":"Nepalese Rupee","rate":0.078744154974011,"date":"Sun, 27 Jun 2021 23:55:01 GMT","inverseRate":12.699355276973},"isk":{"code":"ISK","alphaCode":"ISK","numericCode":"352","name":"Icelandic Krona","rate":0.08172458658655,"date":"Sun, 27 Jun 2021 23:55:01 GMT","inverseRate":12.236219744482},"gip":{"code":"GIP","alphaCode":"GIP","numericCode":"292","name":"Gibraltar pound","rate":0.00047533953081761,"date":"Sun, 27 Jun 2021 23:55:01 GMT","inverseRate":2103.7593870637},"gel":{"code":"GEL","alphaCode":"GEL","numericCode":"981","name":"Georgian lari","rate":0.0021509896430875,"date":"Sun, 27 Jun 2021 23:55:01 GMT","inverseRate":464.90228496155},"mkd":{"code":"MKD","alphaCode":"MKD","numericCode":"807","name":"Macedonian denar","rate":0.034294290184746,"date":"Sun, 27 Jun 2021 23:55:01 GMT","inverseRate":29.159373021366},"bif":{"code":"BIF","alphaCode":"BIF","numericCode":"108","name":"Burundian franc","rate":1.310425522177,"date":"Sun, 27 Jun 2021 23:55:01 GMT","inverseRate":0.76311090029648},"mmk":{"code":"MMK","alphaCode":"MMK","numericCode":"104","name":"Myanma Kyat","rate":1.089932184315,"date":"Sun, 27 Jun 2021 23:55:01 GMT","inverseRate":0.91748827531727},"mvr":{"code":"MVR","alphaCode":"MVR","numericCode":"462","name":"Maldivian rufiyaa","rate":0.010236194462738,"date":"Sun, 27 Jun 2021 23:55:01 GMT","inverseRate":97.692555923999},"kes":{"code":"KES","alphaCode":"KES","numericCode":"404","name":"Kenyan shilling","rate":0.071342820420194,"date":"Sun, 27 Jun 2021 23:55:01 GMT","inverseRate":14.016827399172},"aed":{"code":"AED","alphaCode":"AED","numericCode":"784","name":"U.A.E Dirham","rate":0.0024345122815203,"date":"Sun, 27 Jun 2021 23:55:01 GMT","inverseRate":410.75989124833},"php":{"code":"PHP","alphaCode":"PHP","numericCode":"608","name":"Philippine Peso","rate":0.032209319067896,"date":"Sun, 27 Jun 2021 23:55:01 GMT","inverseRate":31.046915269834},"ils":{"code":"ILS","alphaCode":"ILS","numericCode":"376","name":"Israeli New Sheqel","rate":0.0021565752426373,"date":"Sun, 27 Jun 2021 23:55:01 GMT","inverseRate":463.69817302413},"mro":{"code":"MRO","alphaCode":"MRO","numericCode":"478","name":"Mauritanian Ouguiya","rate":0.024046425790063,"date":"Sun, 27 Jun 2021 23:55:01 GMT","inverseRate":41.586221949594},"cop":{"code":"COP","alphaCode":"COP","numericCode":"170","name":"Colombian Peso","rate":2.49687042219,"date":"Sun, 27 Jun 2021 23:55:01 GMT","inverseRate":0.40050136006773},"bzd":{"code":"BZD","alphaCode":"BZD","numericCode":"084","name":"Belize dollar","rate":0.0013347055819001,"date":"Sun, 27 Jun 2021 23:55:01 GMT","inverseRate":749.22890378297},"gnf":{"code":"GNF","alphaCode":"GNF","numericCode":"324","name":"Guinean franc","rate":6.494414569753,"date":"Sun, 27 Jun 2021 23:55:01 GMT","inverseRate":0.15397846707498},"sll":{"code":"SLL","alphaCode":"SLL","numericCode":"694","name":"Sierra Leonean leone","rate":6.7936152409882,"date":"Sun, 27 Jun 2021 23:55:01 GMT","inverseRate":0.14719703199655},"ugx":{"code":"UGX","alphaCode":"UGX","numericCode":"800","name":"Ugandan shilling","rate":2.3671803814208,"date":"Sun, 27 Jun 2021 23:55:01 GMT","inverseRate":0.42244351459173},"cny":{"code":"CNY","alphaCode":"CNY","numericCode":"156","name":"Chinese Yuan","rate":0.0042871025205996,"date":"Sun, 27 Jun 2021 23:55:01 GMT","inverseRate":233.25777613084},"sar":{"code":"SAR","alphaCode":"SAR","numericCode":"682","name":"Saudi Riyal","rate":0.0024902372964558,"date":"Sun, 27 Jun 2021 23:55:01 GMT","inverseRate":401.56815634528},"myr":{"code":"MYR","alphaCode":"MYR","numericCode":"458","name":"Malaysian Ringgit","rate":0.0027517851160555,"date":"Sun, 27 Jun 2021 23:55:01 GMT","inverseRate":363.40046835977},"kzt":{"code":"KZT","alphaCode":"KZT","numericCode":"398","name":"Kazakhstani Tenge","rate":0.28307403302484,"date":"Sun, 27 Jun 2021 23:55:01 GMT","inverseRate":3.5326447619173},"bob":{"code":"BOB","alphaCode":"BOB","numericCode":"068","name":"Bolivian Boliviano","rate":0.0045638170386613,"date":"Sun, 27 Jun 2021 23:55:01 GMT","inverseRate":219.11483118818},"gyd":{"code":"GYD","alphaCode":"GYD","numericCode":"328","name":"Guyanese dollar","rate":0.13829337584402,"date":"Sun, 27 Jun 2021 23:55:01 GMT","inverseRate":7.2310043333374},"rwf":{"code":"RWF","alphaCode":"RWF","numericCode":"646","name":"Rwandan franc","rate":0.66582842600919,"date":"Sun, 27 Jun 2021 23:55:01 GMT","inverseRate":1.5018884158998},"mzn":{"code":"MZN","alphaCode":"MZN","numericCode":"943","name":"Mozambican metical","rate":0.042202761345534,"date":"Sun, 27 Jun 2021 23:55:01 GMT","inverseRate":23.695131979932},"vuv":{"code":"VUV","alphaCode":"VUV","numericCode":"548","name":"Vanuatu vatu","rate":0.072746489376803,"date":"Sun, 27 Jun 2021 23:55:01 GMT","inverseRate":13.746367811927},"idr":{"code":"IDR","alphaCode":"IDR","numericCode":"360","name":"Indonesian Rupiah","rate":9.589845346217,"date":"Sun, 27 Jun 2021 23:55:01 GMT","inverseRate":0.10427696838662},"tnd":{"code":"TND","alphaCode":"TND","numericCode":"788","name":"Tunisian Dinar","rate":0.0018159824748206,"date":"Sun, 27 Jun 2021 23:55:01 GMT","inverseRate":550.66610711582},"xof":{"code":"XOF","alphaCode":"XOF","numericCode":"952","name":"West African CFA Franc","rate":0.36502135819472,"date":"Sun, 27 Jun 2021 23:55:01 GMT","inverseRate":2.73956572006},"tjs":{"code":"TJS","alphaCode":"TJS","numericCode":"972","name":"Tajikistan Ruble","rate":0.0075088247372535,"date":"Sun, 27 Jun 2021 23:55:01 GMT","inverseRate":133.17663349348},"afn":{"code":"AFN","alphaCode":"AFN","numericCode":"971","name":"Afghan afghani","rate":0.052374311046396,"date":"Sun, 27 Jun 2021 23:55:01 GMT","inverseRate":19.093329917297},"nad":{"code":"NAD","alphaCode":"NAD","numericCode":"516","name":"Namibian dollar","rate":0.0094136088018202,"date":"Sun, 27 Jun 2021 23:55:01 GMT","inverseRate":106.2291859639},"syp":{"code":"SYP","alphaCode":"SYP","numericCode":"760","name":"Syrian pound","rate":1.6712293492831,"date":"Sun, 27 Jun 2021 23:55:01 GMT","inverseRate":0.59836191868517},"top":{"code":"TOP","alphaCode":"TOP","numericCode":"776","name":"Tongan pa\u02bbanga","rate":0.0014669342992128,"date":"Sun, 27 Jun 2021 23:55:01 GMT","inverseRate":681.69378856071},"kwd":{"code":"KWD","alphaCode":"KWD","numericCode":"414","name":"Kuwaiti Dinar","rate":0.00019972958470882,"date":"Sun, 27 Jun 2021 23:55:01 GMT","inverseRate":5006.7695352087},"czk":{"code":"CZK","alphaCode":"CZK","numericCode":"203","name":"Czech Koruna","rate":0.014162906166098,"date":"Sun, 27 Jun 2021 23:55:01 GMT","inverseRate":70.606977711518},"pgk":{"code":"PGK","alphaCode":"PGK","numericCode":"598","name":"Papua New Guinean kina","rate":0.0023306661510248,"date":"Sun, 27 Jun 2021 23:55:01 GMT","inverseRate":429.06187982363},"uah":{"code":"UAH","alphaCode":"UAH","numericCode":"980","name":"Ukrainian Hryvnia","rate":0.01819264061595,"date":"Sun, 27 Jun 2021 23:55:01 GMT","inverseRate":54.967281611843},"etb":{"code":"ETB","alphaCode":"ETB","numericCode":"230","name":"Ethiopian birr","rate":0.028980855767914,"date":"Sun, 27 Jun 2021 23:55:01 GMT","inverseRate":34.505537310846},"xcd":{"code":"XCD","alphaCode":"XCD","numericCode":"951","name":"East Caribbean Dollar","rate":0.0017941912567454,"date":"Sun, 27 Jun 2021 23:55:01 GMT","inverseRate":557.35418185793},"lak":{"code":"LAK","alphaCode":"LAK","numericCode":"418","name":"Lao kip","rate":6.2828171025681,"date":"Sun, 27 Jun 2021 23:55:01 GMT","inverseRate":0.15916427037025},"bwp":{"code":"BWP","alphaCode":"BWP","numericCode":"072","name":"Botswana Pula","rate":0.0071973701519518,"date":"Sun, 27 Jun 2021 23:55:01 GMT","inverseRate":138.93963751869},"nok":{"code":"NOK","alphaCode":"NOK","numericCode":"578","name":"Norwegian Krone","rate":0.005634157420313,"date":"Sun, 27 Jun 2021 23:55:01 GMT","inverseRate":177.48882847942},"mad":{"code":"MAD","alphaCode":"MAD","numericCode":"504","name":"Moroccan Dirham","rate":0.0058662075603769,"date":"Sun, 27 Jun 2021 23:55:01 GMT","inverseRate":170.46788571793},"ron":{"code":"RON","alphaCode":"RON","numericCode":"946","name":"Romanian New Leu","rate":0.0027378974909583,"date":"Sun, 27 Jun 2021 23:55:01 GMT","inverseRate":365.24376946267},"byn":{"code":"BYN","alphaCode":"BYN","numericCode":"933","name":"Belarussian Ruble","rate":0.0016776287958809,"date":"Sun, 27 Jun 2021 23:55:01 GMT","inverseRate":596.07942022415},"rsd":{"code":"RSD","alphaCode":"RSD","numericCode":"941","name":"Serbian Dinar","rate":0.064097507691875,"date":"Sun, 27 Jun 2021 23:55:01 GMT","inverseRate":15.601230625177},"gmd":{"code":"GMD","alphaCode":"GMD","numericCode":"270","name":"Gambian dalasi","rate":0.034387435170436,"date":"Sun, 27 Jun 2021 23:55:01 GMT","inverseRate":29.080389248098},"awg":{"code":"AWG","alphaCode":"AWG","numericCode":"533","name":"Aruban florin","rate":0.0011985293669558,"date":"Sun, 27 Jun 2021 23:55:01 GMT","inverseRate":834.35585941459},"aoa":{"code":"AOA","alphaCode":"AOA","numericCode":"973","name":"Angolan kwanza","rate":0.43221448688357,"date":"Sun, 27 Jun 2021 23:55:01 GMT","inverseRate":2.3136660855826},"khr":{"code":"KHR","alphaCode":"KHR","numericCode":"116","name":"Cambodian riel","rate":2.6984327491117,"date":"Sun, 27 Jun 2021 23:55:01 GMT","inverseRate":0.37058548163899},"scr":{"code":"SCR","alphaCode":"SCR","numericCode":"690","name":"Seychelles rupee","rate":0.0099241647819666,"date":"Sun, 27 Jun 2021 23:55:01 GMT","inverseRate":100.76414710658},"bhd":{"code":"BHD","alphaCode":"BHD","numericCode":"048","name":"Bahrain Dinar","rate":0.00024991267504644,"date":"Sun, 27 Jun 2021 23:55:01 GMT","inverseRate":4001.3976874689},"omr":{"code":"OMR","alphaCode":"OMR","numericCode":"512","name":"Omani Rial","rate":0.00025542208443594,"date":"Sun, 27 Jun 2021 23:55:01 GMT","inverseRate":3915.0882438703},"rub":{"code":"RUB","alphaCode":"RUB","numericCode":"643","name":"Russian Rouble","rate":0.047924416651298,"date":"Sun, 27 Jun 2021 23:55:01 GMT","inverseRate":20.866190344602},"lyd":{"code":"LYD","alphaCode":"LYD","numericCode":"434","name":"Libyan Dinar","rate":0.0029556608447307,"date":"Sun, 27 Jun 2021 23:55:01 GMT","inverseRate":338.33381180482},"clp":{"code":"CLP","alphaCode":"CLP","numericCode":"152","name":"Chilean Peso","rate":0.48732937067849,"date":"Sun, 27 Jun 2021 23:55:01 GMT","inverseRate":2.0520002695666},"bsd":{"code":"BSD","alphaCode":"BSD","numericCode":"044","name":"Bahamian Dollar","rate":0.00066182058818435,"date":"Sun, 27 Jun 2021 23:55:01 GMT","inverseRate":1510.9835170638},"djf":{"code":"DJF","alphaCode":"DJF","numericCode":"262","name":"Djiboutian franc","rate":0.11787483067309,"date":"Sun, 27 Jun 2021 23:55:01 GMT","inverseRate":8.4835752831183},"hnl":{"code":"HNL","alphaCode":"HNL","numericCode":"340","name":"Honduran Lempira","rate":0.015866101417245,"date":"Sun, 27 Jun 2021 23:55:01 GMT","inverseRate":63.027455434837},"tzs":{"code":"TZS","alphaCode":"TZS","numericCode":"834","name":"Tanzanian shilling","rate":1.5351157525565,"date":"Sun, 27 Jun 2021 23:55:01 GMT","inverseRate":0.65141667547524},"bbd":{"code":"BBD","alphaCode":"BBD","numericCode":"052","name":"Barbadian Dollar","rate":0.0013289597137342,"date":"Sun, 27 Jun 2021 23:55:01 GMT","inverseRate":752.46825743887},"bdt":{"code":"BDT","alphaCode":"BDT","numericCode":"050","name":"Bangladeshi taka","rate":0.056180604618217,"date":"Sun, 27 Jun 2021 23:55:01 GMT","inverseRate":17.799737236643},"qar":{"code":"QAR","alphaCode":"QAR","numericCode":"634","name":"Qatari Rial","rate":0.0024290943046714,"date":"Sun, 27 Jun 2021 23:55:01 GMT","inverseRate":411.67607123236},"mxn":{"code":"MXN","alphaCode":"MXN","numericCode":"484","name":"Mexican Peso","rate":0.013145822888943,"date":"Sun, 27 Jun 2021 23:55:01 GMT","inverseRate":76.069791023968},"amd":{"code":"AMD","alphaCode":"AMD","numericCode":"051","name":"Armenia Dram","rate":0.34377594826916,"date":"Sun, 27 Jun 2021 23:55:01 GMT","inverseRate":2.9088713303964},"uyu":{"code":"UYU","alphaCode":"UYU","numericCode":"858","name":"Uruguayan Peso","rate":0.028902949447174,"date":"Sun, 27 Jun 2021 23:55:01 GMT","inverseRate":34.598545101001},"fjd":{"code":"FJD","alphaCode":"FJD","numericCode":"242","name":"Fiji Dollar","rate":0.0013657553930399,"date":"Sun, 27 Jun 2021 23:55:01 GMT","inverseRate":732.19553449774},"cdf":{"code":"CDF","alphaCode":"CDF","numericCode":"976","name":"Congolese franc","rate":1.3166197604646,"date":"Sun, 27 Jun 2021 23:55:01 GMT","inverseRate":0.75952072878437},"lsl":{"code":"LSL","alphaCode":"LSL","numericCode":"426","name":"Lesotho loti","rate":0.0094171450936314,"date":"Sun, 27 Jun 2021 23:55:01 GMT","inverseRate":106.18929516933},"mnt":{"code":"MNT","alphaCode":"MNT","numericCode":"496","name":"Mongolian togrog","rate":1.8876837529553,"date":"Sun, 27 Jun 2021 23:55:01 GMT","inverseRate":0.52974975200927},"brl":{"code":"BRL","alphaCode":"BRL","numericCode":"986","name":"Brazilian Real","rate":0.0033188867735284,"date":"Sun, 27 Jun 2021 23:55:01 GMT","inverseRate":301.30584989402},"hkd":{"code":"HKD","alphaCode":"HKD","numericCode":"344","name":"Hong Kong Dollar","rate":0.0051543462445729,"date":"Sun, 27 Jun 2021 23:55:01 GMT","inverseRate":194.01102536581},"thb":{"code":"THB","alphaCode":"THB","numericCode":"764","name":"Thai Baht","rate":0.020986289792888,"date":"Sun, 27 Jun 2021 23:55:01 GMT","inverseRate":47.650156834243},"xaf":{"code":"XAF","alphaCode":"XAF","numericCode":"950","name":"Central African CFA Franc","rate":0.36533081617891,"date":"Sun, 27 Jun 2021 23:55:01 GMT","inverseRate":2.7372451370494},"mdl":{"code":"MDL","alphaCode":"MDL","numericCode":"498","name":"Moldova Lei","rate":0.011947431457527,"date":"Sun, 27 Jun 2021 23:55:01 GMT","inverseRate":83.699998912319},"nio":{"code":"NIO","alphaCode":"NIO","numericCode":"558","name":"Nicaraguan C\u00f3rdoba","rate":0.023226276368063,"date":"Sun, 27 Jun 2021 23:55:01 GMT","inverseRate":43.054684451058},"lrd":{"code":"LRD","alphaCode":"LRD","numericCode":"430","name":"Liberian dollar","rate":0.11343185628619,"date":"Sun, 27 Jun 2021 23:55:01 GMT","inverseRate":8.8158656019611},"sdg":{"code":"SDG","alphaCode":"SDG","numericCode":"938","name":"Sudanese pound","rate":0.29149349115403,"date":"Sun, 27 Jun 2021 23:55:01 GMT","inverseRate":3.4306083337949},"mru":{"code":"MRU","alphaCode":"MRU","numericCode":"929","name":"Mauritanian ouguiya","rate":0.023920267403861,"date":"Sun, 27 Jun 2021 23:55:01 GMT","inverseRate":41.805552718804},"dkk":{"code":"DKK","alphaCode":"DKK","numericCode":"208","name":"Danish Krone","rate":0.0041332956805265,"date":"Sun, 27 Jun 2021 23:55:01 GMT","inverseRate":241.93768781444},"jod":{"code":"JOD","alphaCode":"JOD","numericCode":"400","name":"Jordanian Dinar","rate":0.00047049482501942,"date":"Sun, 27 Jun 2021 23:55:01 GMT","inverseRate":2125.4218895154},"bgn":{"code":"BGN","alphaCode":"BGN","numericCode":"975","name":"Bulgarian Lev","rate":0.0010871024184916,"date":"Sun, 27 Jun 2021 23:55:01 GMT","inverseRate":919.87652956156},"vnd":{"code":"VND","alphaCode":"VND","numericCode":"704","name":"Vietnamese Dong","rate":15.274365682304,"date":"Sun, 27 Jun 2021 23:55:01 GMT","inverseRate":0.065469167152291},"uzs":{"code":"UZS","alphaCode":"UZS","numericCode":"860","name":"Uzbekistan Sum","rate":7.0014542671126,"date":"Sun, 27 Jun 2021 23:55:01 GMT","inverseRate":0.14282747010106},"pab":{"code":"PAB","alphaCode":"PAB","numericCode":"590","name":"Panamanian Balboa","rate":0.00066182058818435,"date":"Sun, 27 Jun 2021 23:55:01 GMT","inverseRate":1510.9835170638},"ttd":{"code":"TTD","alphaCode":"TTD","numericCode":"780","name":"Trinidad Tobago Dollar","rate":0.0045006176372076,"date":"Sun, 27 Jun 2021 23:55:01 GMT","inverseRate":222.19172580509},"htg":{"code":"HTG","alphaCode":"HTG","numericCode":"332","name":"Haitian gourde","rate":0.062204566350489,"date":"Sun, 27 Jun 2021 23:55:01 GMT","inverseRate":16.075990215341},"cup":{"code":"CUP","alphaCode":"CUP","numericCode":"192","name":"Cuban peso","rate":0.00066182058818435,"date":"Sun, 27 Jun 2021 23:55:01 GMT","inverseRate":1510.9835170638}}