{"usd":{"code":"USD","alphaCode":"USD","numericCode":"840","name":"U.S. Dollar","rate":0.0050326806262515,"date":"Sun, 27 Jun 2021 23:55:01 GMT","inverseRate":198.70126365337},"eur":{"code":"EUR","alphaCode":"EUR","numericCode":"978","name":"Euro","rate":0.0042131020773621,"date":"Sun, 27 Jun 2021 23:55:01 GMT","inverseRate":237.35479977407},"gbp":{"code":"GBP","alphaCode":"GBP","numericCode":"826","name":"U.K. Pound Sterling","rate":0.0036189124206497,"date":"Sun, 27 Jun 2021 23:55:01 GMT","inverseRate":276.32611231317},"jpy":{"code":"JPY","alphaCode":"JPY","numericCode":"392","name":"Japanese Yen","rate":0.55728302739006,"date":"Sun, 27 Jun 2021 23:55:01 GMT","inverseRate":1.7944203409232},"aud":{"code":"AUD","alphaCode":"AUD","numericCode":"036","name":"Australian Dollar","rate":0.006624591567965,"date":"Sun, 27 Jun 2021 23:55:01 GMT","inverseRate":150.95270247841},"chf":{"code":"CHF","alphaCode":"CHF","numericCode":"756","name":"Swiss Franc","rate":0.0046150422796212,"date":"Sun, 27 Jun 2021 23:55:01 GMT","inverseRate":216.682738621},"cad":{"code":"CAD","alphaCode":"CAD","numericCode":"124","name":"Canadian Dollar","rate":0.0061901685339717,"date":"Sun, 27 Jun 2021 23:55:01 GMT","inverseRate":161.54649013383},"pln":{"code":"PLN","alphaCode":"PLN","numericCode":"985","name":"Polish Zloty","rate":0.019002304506909,"date":"Sun, 27 Jun 2021 23:55:01 GMT","inverseRate":52.625196045901},"pen":{"code":"PEN","alphaCode":"PEN","numericCode":"604","name":"Peruvian Nuevo Sol","rate":0.020031081055928,"date":"Sun, 27 Jun 2021 23:55:01 GMT","inverseRate":49.922417926817},"iqd":{"code":"IQD","alphaCode":"IQD","numericCode":"368","name":"Iraqi dinar","rate":7.3281162135171,"date":"Sun, 27 Jun 2021 23:55:01 GMT","inverseRate":0.13646071798854},"svc":{"code":"SVC","alphaCode":"SVC","numericCode":"222","name":"Salvadoran colon","rate":0.043925701956155,"date":"Sun, 27 Jun 2021 23:55:01 GMT","inverseRate":22.765714728888},"cve":{"code":"CVE","alphaCode":"CVE","numericCode":"132","name":"Cape Verde escudo","rate":0.46908311348238,"date":"Sun, 27 Jun 2021 23:55:01 GMT","inverseRate":2.1318183734567},"zmw":{"code":"ZMW","alphaCode":"ZMW","numericCode":"967","name":"Zambian kwacha","rate":0.11335242300738,"date":"Sun, 27 Jun 2021 23:55:01 GMT","inverseRate":8.8220434417611},"yer":{"code":"YER","alphaCode":"YER","numericCode":"886","name":"Yemeni rial","rate":1.2619812738167,"date":"Sun, 27 Jun 2021 23:55:01 GMT","inverseRate":0.79240478503744},"dop":{"code":"DOP","alphaCode":"DOP","numericCode":"214","name":"Dominican Peso","rate":0.28572536000139,"date":"Sun, 27 Jun 2021 23:55:01 GMT","inverseRate":3.4998643452409},"nzd":{"code":"NZD","alphaCode":"NZD","numericCode":"554","name":"New Zealand Dollar","rate":0.0071103529979319,"date":"Sun, 27 Jun 2021 23:55:01 GMT","inverseRate":140.63999358272},"hrk":{"code":"HRK","alphaCode":"HRK","numericCode":"191","name":"Croatian Kuna","rate":0.031577676362893,"date":"Sun, 27 Jun 2021 23:55:01 GMT","inverseRate":31.667941254066},"dzd":{"code":"DZD","alphaCode":"DZD","numericCode":"012","name":"Algerian Dinar","rate":0.67017609955125,"date":"Sun, 27 Jun 2021 23:55:01 GMT","inverseRate":1.4921451252434},"ars":{"code":"ARS","alphaCode":"ARS","numericCode":"032","name":"Argentine Peso","rate":0.47985451855908,"date":"Sun, 27 Jun 2021 23:55:01 GMT","inverseRate":2.0839649546342},"stn":{"code":"STN","alphaCode":"STN","numericCode":"930","name":"S\u00e3o Tom\u00e9 and Pr\u00edncipe Dobra","rate":0.10421210145933,"date":"Sun, 27 Jun 2021 23:55:01 GMT","inverseRate":9.59581455509},"xpf":{"code":"XPF","alphaCode":"XPF","numericCode":"953","name":"CFP Franc","rate":0.50201797151486,"date":"Sun, 27 Jun 2021 23:55:01 GMT","inverseRate":1.9919605606597},"all":{"code":"ALL","alphaCode":"ALL","numericCode":"008","name":"Albanian lek","rate":0.51542000857423,"date":"Sun, 27 Jun 2021 23:55:01 GMT","inverseRate":1.9401652698083},"mur":{"code":"MUR","alphaCode":"MUR","numericCode":"480","name":"Mauritian Rupee","rate":0.20605060841689,"date":"Sun, 27 Jun 2021 23:55:01 GMT","inverseRate":4.8531766427826},"sos":{"code":"SOS","alphaCode":"SOS","numericCode":"706","name":"Somali shilling","rate":2.9026533378209,"date":"Sun, 27 Jun 2021 23:55:01 GMT","inverseRate":0.34451237664872},"ang":{"code":"ANG","alphaCode":"ANG","numericCode":"532","name":"Neth. Antillean Guilder","rate":0.0089501558763929,"date":"Sun, 27 Jun 2021 23:55:01 GMT","inverseRate":111.72989764766},"pkr":{"code":"PKR","alphaCode":"PKR","numericCode":"586","name":"Pakistani Rupee","rate":0.77829987638575,"date":"Sun, 27 Jun 2021 23:55:01 GMT","inverseRate":1.2848518037081},"krw":{"code":"KRW","alphaCode":"KRW","numericCode":"410","name":"South Korean Won","rate":5.6728522608904,"date":"Sun, 27 Jun 2021 23:55:01 GMT","inverseRate":0.17627816731526},"azn":{"code":"AZN","alphaCode":"AZN","numericCode":"944","name":"Azerbaijan Manat","rate":0.0085308439002152,"date":"Sun, 27 Jun 2021 23:55:01 GMT","inverseRate":117.2216971377},"pyg":{"code":"PYG","alphaCode":"PYG","numericCode":"600","name":"Paraguayan Guaran\u00ed","rate":34.114360226243,"date":"Sun, 27 Jun 2021 23:55:01 GMT","inverseRate":0.029313168805397},"bnd":{"code":"BND","alphaCode":"BND","numericCode":"096","name":"Brunei Dollar","rate":0.0067540763993306,"date":"Sun, 27 Jun 2021 23:55:01 GMT","inverseRate":148.05873384836},"kmf":{"code":"KMF","alphaCode":"KMF","numericCode":"174","name":"\tComoro franc","rate":2.0799065136892,"date":"Sun, 27 Jun 2021 23:55:01 GMT","inverseRate":0.48079084007784},"szl":{"code":"SZL","alphaCode":"SZL","numericCode":"748","name":"Swazi lilangeni","rate":0.071340090484556,"date":"Sun, 27 Jun 2021 23:55:01 GMT","inverseRate":14.017363774111},"wst":{"code":"WST","alphaCode":"WST","numericCode":"882","name":"Samoan tala","rate":0.012756238565794,"date":"Sun, 27 Jun 2021 23:55:01 GMT","inverseRate":78.393014903431},"egp":{"code":"EGP","alphaCode":"EGP","numericCode":"818","name":"Egyptian Pound","rate":0.07889652725049,"date":"Sun, 27 Jun 2021 23:55:01 GMT","inverseRate":12.674829106547},"sgd":{"code":"SGD","alphaCode":"SGD","numericCode":"702","name":"Singapore Dollar","rate":0.0067530167776567,"date":"Sun, 27 Jun 2021 23:55:01 GMT","inverseRate":148.0819658717},"zar":{"code":"ZAR","alphaCode":"ZAR","numericCode":"710","name":"South African Rand","rate":0.070949070877924,"date":"Sun, 27 Jun 2021 23:55:01 GMT","inverseRate":14.094617274419},"kgs":{"code":"KGS","alphaCode":"KGS","numericCode":"417","name":"Kyrgyzstan Som","rate":0.42063186388019,"date":"Sun, 27 Jun 2021 23:55:01 GMT","inverseRate":2.37737576696},"crc":{"code":"CRC","alphaCode":"CRC","numericCode":"188","name":"Costa Rican Col\u00f3n","rate":3.1083678530201,"date":"Sun, 27 Jun 2021 23:55:01 GMT","inverseRate":0.32171224490963},"jmd":{"code":"JMD","alphaCode":"JMD","numericCode":"388","name":"Jamaican Dollar","rate":0.75090379826233,"date":"Sun, 27 Jun 2021 23:55:01 GMT","inverseRate":1.3317285147766},"ssp":{"code":"SSP","alphaCode":"SSP","numericCode":"728","name":"South Sudanese pound","rate":0.89250521920685,"date":"Sun, 27 Jun 2021 23:55:01 GMT","inverseRate":1.1204416270962},"ern":{"code":"ERN","alphaCode":"ERN","numericCode":"232","name":"Eritrean nakfa","rate":0.075658566690711,"date":"Sun, 27 Jun 2021 23:55:01 GMT","inverseRate":13.217273915431},"bam":{"code":"BAM","alphaCode":"BAM","numericCode":"977","name":"Bosnia and Herzegovina convertible mark","rate":0.0083079835990892,"date":"Sun, 27 Jun 2021 23:55:01 GMT","inverseRate":120.36614998971},"inr":{"code":"INR","alphaCode":"INR","numericCode":"356","name":"Indian Rupee","rate":0.37336159148033,"date":"Sun, 27 Jun 2021 23:55:01 GMT","inverseRate":2.6783686989204},"try":{"code":"TRY","alphaCode":"TRY","numericCode":"949","name":"Turkish Lira","rate":0.043840377809682,"date":"Sun, 27 Jun 2021 23:55:01 GMT","inverseRate":22.810022403118},"twd":{"code":"TWD","alphaCode":"TWD","numericCode":"901","name":"New Taiwan Dollar ","rate":0.14040357714482,"date":"Sun, 27 Jun 2021 23:55:01 GMT","inverseRate":7.1223256581883},"tmt":{"code":"TMT","alphaCode":"TMT","numericCode":"934","name":"New Turkmenistan Manat","rate":0.017568896954998,"date":"Sun, 27 Jun 2021 23:55:01 GMT","inverseRate":56.918769719093},"mga":{"code":"MGA","alphaCode":"MGA","numericCode":"969","name":"Malagasy ariary","rate":18.997866096037,"date":"Sun, 27 Jun 2021 23:55:01 GMT","inverseRate":0.052637490702632},"srd":{"code":"SRD","alphaCode":"SRD","numericCode":"968","name":"Surinamese dollar","rate":0.10444126495897,"date":"Sun, 27 Jun 2021 23:55:01 GMT","inverseRate":9.5747595588089},"ghs":{"code":"GHS","alphaCode":"GHS","numericCode":"936","name":"Ghanaian Cedi","rate":0.029254490446624,"date":"Sun, 27 Jun 2021 23:55:01 GMT","inverseRate":34.182786462288},"mop":{"code":"MOP","alphaCode":"MOP","numericCode":"446","name":"Macanese pataca","rate":0.04016462176752,"date":"Sun, 27 Jun 2021 23:55:01 GMT","inverseRate":24.897533102345},"lbp":{"code":"LBP","alphaCode":"LBP","numericCode":"422","name":"Lebanese Pound","rate":7.5783997387656,"date":"Sun, 27 Jun 2021 23:55:01 GMT","inverseRate":0.13195397900228},"huf":{"code":"HUF","alphaCode":"HUF","numericCode":"348","name":"Hungarian Forint","rate":1.480889724852,"date":"Sun, 27 Jun 2021 23:55:01 GMT","inverseRate":0.67526972685283},"ngn":{"code":"NGN","alphaCode":"NGN","numericCode":"566","name":"Nigerian Naira","rate":2.0630252860313,"date":"Sun, 27 Jun 2021 23:55:01 GMT","inverseRate":0.48472503307206},"irr":{"code":"IRR","alphaCode":"IRR","numericCode":"364","name":"Iranian rial","rate":210.84870139996,"date":"Sun, 27 Jun 2021 23:55:01 GMT","inverseRate":0.0047427372962714},"ves":{"code":"VES","alphaCode":"VES","numericCode":"928","name":"Venezuelan Bolivar","rate":15964.593358014,"date":"Sun, 27 Jun 2021 23:55:01 GMT","inverseRate":6.2638613936133e-5},"sbd":{"code":"SBD","alphaCode":"SBD","numericCode":"090","name":"Solomon Islands dollar","rate":0.040917221830793,"date":"Sun, 27 Jun 2021 23:55:01 GMT","inverseRate":24.439586933232},"mwk":{"code":"MWK","alphaCode":"MWK","numericCode":"454","name":"Malawian kwacha","rate":4.0420991693696,"date":"Sun, 27 Jun 2021 23:55:01 GMT","inverseRate":0.24739620630237},"gtq":{"code":"GTQ","alphaCode":"GTQ","numericCode":"320","name":"Guatemalan Quetzal","rate":0.038810758112435,"date":"Sun, 27 Jun 2021 23:55:01 GMT","inverseRate":25.766051698939},"sek":{"code":"SEK","alphaCode":"SEK","numericCode":"752","name":"Swedish Krona","rate":0.042609159840789,"date":"Sun, 27 Jun 2021 23:55:01 GMT","inverseRate":23.469132077153},"npr":{"code":"NPR","alphaCode":"NPR","numericCode":"524","name":"Nepalese Rupee","rate":0.59675468348436,"date":"Sun, 27 Jun 2021 23:55:01 GMT","inverseRate":1.6757304595603},"isk":{"code":"ISK","alphaCode":"ISK","numericCode":"352","name":"Icelandic Krona","rate":0.61934158563824,"date":"Sun, 27 Jun 2021 23:55:01 GMT","inverseRate":1.6146178832308},"gip":{"code":"GIP","alphaCode":"GIP","numericCode":"292","name":"Gibraltar pound","rate":0.0036023129761732,"date":"Sun, 27 Jun 2021 23:55:01 GMT","inverseRate":277.59942198646},"gel":{"code":"GEL","alphaCode":"GEL","numericCode":"981","name":"Georgian lari","rate":0.016301059349262,"date":"Sun, 27 Jun 2021 23:55:01 GMT","inverseRate":61.34570634793},"mkd":{"code":"MKD","alphaCode":"MKD","numericCode":"807","name":"Macedonian denar","rate":0.25989583977723,"date":"Sun, 27 Jun 2021 23:55:01 GMT","inverseRate":3.8476952953812},"bif":{"code":"BIF","alphaCode":"BIF","numericCode":"108","name":"Burundian franc","rate":9.9309284349382,"date":"Sun, 27 Jun 2021 23:55:01 GMT","inverseRate":0.10069551971414},"mmk":{"code":"MMK","alphaCode":"MMK","numericCode":"104","name":"Myanma Kyat","rate":8.2599417808854,"date":"Sun, 27 Jun 2021 23:55:01 GMT","inverseRate":0.12106622861606},"mvr":{"code":"MVR","alphaCode":"MVR","numericCode":"462","name":"Maldivian rufiyaa","rate":0.077573973442371,"date":"Sun, 27 Jun 2021 23:55:01 GMT","inverseRate":12.890921473075},"kes":{"code":"KES","alphaCode":"KES","numericCode":"404","name":"Kenyan shilling","rate":0.5406644116352,"date":"Sun, 27 Jun 2021 23:55:01 GMT","inverseRate":1.849576148309},"aed":{"code":"AED","alphaCode":"AED","numericCode":"784","name":"U.A.E Dirham","rate":0.018449707238295,"date":"Sun, 27 Jun 2021 23:55:01 GMT","inverseRate":54.201402064762},"php":{"code":"PHP","alphaCode":"PHP","numericCode":"608","name":"Philippine Peso","rate":0.24409509520996,"date":"Sun, 27 Jun 2021 23:55:01 GMT","inverseRate":4.0967640056013},"ils":{"code":"ILS","alphaCode":"ILS","numericCode":"376","name":"Israeli New Sheqel","rate":0.016343389255431,"date":"Sun, 27 Jun 2021 23:55:01 GMT","inverseRate":61.186818986624},"mro":{"code":"MRO","alphaCode":"MRO","numericCode":"478","name":"Mauritanian Ouguiya","rate":0.18223342692566,"date":"Sun, 27 Jun 2021 23:55:01 GMT","inverseRate":5.487467457921},"cop":{"code":"COP","alphaCode":"COP","numericCode":"170","name":"Colombian Peso","rate":18.922282155257,"date":"Sun, 27 Jun 2021 23:55:01 GMT","inverseRate":0.052847748056764},"bzd":{"code":"BZD","alphaCode":"BZD","numericCode":"084","name":"Belize dollar","rate":0.010114932433201,"date":"Sun, 27 Jun 2021 23:55:01 GMT","inverseRate":98.863735037683},"gnf":{"code":"GNF","alphaCode":"GNF","numericCode":"324","name":"Guinean franc","rate":49.217269678852,"date":"Sun, 27 Jun 2021 23:55:01 GMT","inverseRate":0.020318071411216},"sll":{"code":"SLL","alphaCode":"SLL","numericCode":"694","name":"Sierra Leonean leone","rate":51.484731967579,"date":"Sun, 27 Jun 2021 23:55:01 GMT","inverseRate":0.019423234069272},"ugx":{"code":"UGX","alphaCode":"UGX","numericCode":"800","name":"Ugandan shilling","rate":17.939439184171,"date":"Sun, 27 Jun 2021 23:55:01 GMT","inverseRate":0.055743102654088},"cny":{"code":"CNY","alphaCode":"CNY","numericCode":"156","name":"Chinese Yuan","rate":0.032489376622174,"date":"Sun, 27 Jun 2021 23:55:01 GMT","inverseRate":30.779291693689},"sar":{"code":"SAR","alphaCode":"SAR","numericCode":"682","name":"Saudi Riyal","rate":0.018872013676925,"date":"Sun, 27 Jun 2021 23:55:01 GMT","inverseRate":52.988516070371},"myr":{"code":"MYR","alphaCode":"MYR","numericCode":"458","name":"Malaysian Ringgit","rate":0.020854127604654,"date":"Sun, 27 Jun 2021 23:55:01 GMT","inverseRate":47.952137771365},"kzt":{"code":"KZT","alphaCode":"KZT","numericCode":"398","name":"Kazakhstani Tenge","rate":2.1452481779268,"date":"Sun, 27 Jun 2021 23:55:01 GMT","inverseRate":0.46614653273656},"bob":{"code":"BOB","alphaCode":"BOB","numericCode":"068","name":"Bolivian Boliviano","rate":0.034586429853565,"date":"Sun, 27 Jun 2021 23:55:01 GMT","inverseRate":28.913073833694},"gyd":{"code":"GYD","alphaCode":"GYD","numericCode":"328","name":"Guyanese dollar","rate":1.0480424833694,"date":"Sun, 27 Jun 2021 23:55:01 GMT","inverseRate":0.95415979396664},"rwf":{"code":"RWF","alphaCode":"RWF","numericCode":"646","name":"Rwandan franc","rate":5.0459139697308,"date":"Sun, 27 Jun 2021 23:55:01 GMT","inverseRate":0.19818015249542},"mzn":{"code":"MZN","alphaCode":"MZN","numericCode":"943","name":"Mozambican metical","rate":0.31982939555618,"date":"Sun, 27 Jun 2021 23:55:01 GMT","inverseRate":3.1266669477363},"vuv":{"code":"VUV","alphaCode":"VUV","numericCode":"548","name":"Vanuatu vatu","rate":0.55130197608928,"date":"Sun, 27 Jun 2021 23:55:01 GMT","inverseRate":1.8138879296127},"idr":{"code":"IDR","alphaCode":"IDR","numericCode":"360","name":"Indonesian Rupiah","rate":72.675681466574,"date":"Sun, 27 Jun 2021 23:55:01 GMT","inverseRate":0.013759760896909},"tnd":{"code":"TND","alphaCode":"TND","numericCode":"788","name":"Tunisian Dinar","rate":0.013762241112783,"date":"Sun, 27 Jun 2021 23:55:01 GMT","inverseRate":72.66258393563},"xof":{"code":"XOF","alphaCode":"XOF","numericCode":"952","name":"West African CFA Franc","rate":2.7662777655868,"date":"Sun, 27 Jun 2021 23:55:01 GMT","inverseRate":0.36149659750017},"tjs":{"code":"TJS","alphaCode":"TJS","numericCode":"972","name":"Tajikistan Ruble","rate":0.056904875427239,"date":"Sun, 27 Jun 2021 23:55:01 GMT","inverseRate":17.573186699594},"afn":{"code":"AFN","alphaCode":"AFN","numericCode":"971","name":"Afghan afghani","rate":0.39691346515204,"date":"Sun, 27 Jun 2021 23:55:01 GMT","inverseRate":2.5194408549908},"nad":{"code":"NAD","alphaCode":"NAD","numericCode":"516","name":"Namibian dollar","rate":0.071340090484556,"date":"Sun, 27 Jun 2021 23:55:01 GMT","inverseRate":14.017363774111},"syp":{"code":"SYP","alphaCode":"SYP","numericCode":"760","name":"Syrian pound","rate":12.665244064024,"date":"Sun, 27 Jun 2021 23:55:01 GMT","inverseRate":0.07895623605395},"top":{"code":"TOP","alphaCode":"TOP","numericCode":"776","name":"Tongan pa\u02bbanga","rate":0.01111701450994,"date":"Sun, 27 Jun 2021 23:55:01 GMT","inverseRate":89.952207861728},"kwd":{"code":"KWD","alphaCode":"KWD","numericCode":"414","name":"Kuwaiti Dinar","rate":0.0015136306325811,"date":"Sun, 27 Jun 2021 23:55:01 GMT","inverseRate":660.66316211821},"czk":{"code":"CZK","alphaCode":"CZK","numericCode":"203","name":"Czech Koruna","rate":0.10733216438932,"date":"Sun, 27 Jun 2021 23:55:01 GMT","inverseRate":9.3168716543604},"pgk":{"code":"PGK","alphaCode":"PGK","numericCode":"598","name":"Papua New Guinean kina","rate":0.017662719750076,"date":"Sun, 27 Jun 2021 23:55:01 GMT","inverseRate":56.616422280928},"uah":{"code":"UAH","alphaCode":"UAH","numericCode":"980","name":"Ukrainian Hryvnia","rate":0.13787110289137,"date":"Sun, 27 Jun 2021 23:55:01 GMT","inverseRate":7.2531515236218},"etb":{"code":"ETB","alphaCode":"ETB","numericCode":"230","name":"Ethiopian birr","rate":0.21962850978076,"date":"Sun, 27 Jun 2021 23:55:01 GMT","inverseRate":4.5531429457779},"xcd":{"code":"XCD","alphaCode":"XCD","numericCode":"951","name":"East Caribbean Dollar","rate":0.013597098551415,"date":"Sun, 27 Jun 2021 23:55:01 GMT","inverseRate":73.545102009717},"lak":{"code":"LAK","alphaCode":"LAK","numericCode":"418","name":"Lao kip","rate":47.613699488814,"date":"Sun, 27 Jun 2021 23:55:01 GMT","inverseRate":0.02100235879035},"bwp":{"code":"BWP","alphaCode":"BWP","numericCode":"072","name":"Botswana Pula","rate":0.054544548079351,"date":"Sun, 27 Jun 2021 23:55:01 GMT","inverseRate":18.333638011726},"nok":{"code":"NOK","alphaCode":"NOK","numericCode":"578","name":"Norwegian Krone","rate":0.042697897122265,"date":"Sun, 27 Jun 2021 23:55:01 GMT","inverseRate":23.420357146314},"mad":{"code":"MAD","alphaCode":"MAD","numericCode":"504","name":"Moroccan Dirham","rate":0.044456465843105,"date":"Sun, 27 Jun 2021 23:55:01 GMT","inverseRate":22.493915812588},"ron":{"code":"RON","alphaCode":"RON","numericCode":"946","name":"Romanian New Leu","rate":0.020748881630246,"date":"Sun, 27 Jun 2021 23:55:01 GMT","inverseRate":48.195368686392},"byn":{"code":"BYN","alphaCode":"BYN","numericCode":"933","name":"Belarussian Ruble","rate":0.012713741628449,"date":"Sun, 27 Jun 2021 23:55:01 GMT","inverseRate":78.655051299952},"rsd":{"code":"RSD","alphaCode":"RSD","numericCode":"941","name":"Serbian Dinar","rate":0.48575653554763,"date":"Sun, 27 Jun 2021 23:55:01 GMT","inverseRate":2.0586444583244},"gmd":{"code":"GMD","alphaCode":"GMD","numericCode":"270","name":"Gambian dalasi","rate":0.26060172971245,"date":"Sun, 27 Jun 2021 23:55:01 GMT","inverseRate":3.8372730722218},"awg":{"code":"AWG","alphaCode":"AWG","numericCode":"533","name":"Aruban florin","rate":0.0090829346414405,"date":"Sun, 27 Jun 2021 23:55:01 GMT","inverseRate":110.09657555363},"aoa":{"code":"AOA","alphaCode":"AOA","numericCode":"973","name":"Angolan kwanza","rate":3.2754941544891,"date":"Sun, 27 Jun 2021 23:55:01 GMT","inverseRate":0.30529744607527},"khr":{"code":"KHR","alphaCode":"KHR","numericCode":"116","name":"Cambodian riel","rate":20.449802040945,"date":"Sun, 27 Jun 2021 23:55:01 GMT","inverseRate":0.048900228862743},"scr":{"code":"SCR","alphaCode":"SCR","numericCode":"690","name":"Seychelles rupee","rate":0.075209287791122,"date":"Sun, 27 Jun 2021 23:55:01 GMT","inverseRate":13.296230151485},"bhd":{"code":"BHD","alphaCode":"BHD","numericCode":"048","name":"Bahrain Dinar","rate":0.0018939381512862,"date":"Sun, 27 Jun 2021 23:55:01 GMT","inverseRate":528.00034643206},"omr":{"code":"OMR","alphaCode":"OMR","numericCode":"512","name":"Omani Rial","rate":0.0019356906579643,"date":"Sun, 27 Jun 2021 23:55:01 GMT","inverseRate":516.61147192376},"rub":{"code":"RUB","alphaCode":"RUB","numericCode":"643","name":"Russian Rouble","rate":0.36319038663069,"date":"Sun, 27 Jun 2021 23:55:01 GMT","inverseRate":2.7533768425893},"lyd":{"code":"LYD","alphaCode":"LYD","numericCode":"434","name":"Libyan Dinar","rate":0.022399179373587,"date":"Sun, 27 Jun 2021 23:55:01 GMT","inverseRate":44.644492698657},"clp":{"code":"CLP","alphaCode":"CLP","numericCode":"152","name":"Chilean Peso","rate":3.6931767754427,"date":"Sun, 27 Jun 2021 23:55:01 GMT","inverseRate":0.27076960048308},"bsd":{"code":"BSD","alphaCode":"BSD","numericCode":"044","name":"Bahamian Dollar","rate":0.005015540972606,"date":"Sun, 27 Jun 2021 23:55:01 GMT","inverseRate":199.38028728343},"djf":{"code":"DJF","alphaCode":"DJF","numericCode":"262","name":"Djiboutian franc","rate":0.89330258598,"date":"Sun, 27 Jun 2021 23:55:01 GMT","inverseRate":1.1194415147729},"hnl":{"code":"HNL","alphaCode":"HNL","numericCode":"340","name":"Honduran Lempira","rate":0.12023965883568,"date":"Sun, 27 Jun 2021 23:55:01 GMT","inverseRate":8.316723531016},"tzs":{"code":"TZS","alphaCode":"TZS","numericCode":"834","name":"Tanzanian shilling","rate":11.633720818149,"date":"Sun, 27 Jun 2021 23:55:01 GMT","inverseRate":0.085957022317398},"bbd":{"code":"BBD","alphaCode":"BBD","numericCode":"052","name":"Barbadian Dollar","rate":0.010071387947393,"date":"Sun, 27 Jun 2021 23:55:01 GMT","inverseRate":99.291180641975},"bdt":{"code":"BDT","alphaCode":"BDT","numericCode":"050","name":"Bangladeshi taka","rate":0.42575907936239,"date":"Sun, 27 Jun 2021 23:55:01 GMT","inverseRate":2.3487461535702},"qar":{"code":"QAR","alphaCode":"QAR","numericCode":"634","name":"Qatari Rial","rate":0.018408647643959,"date":"Sun, 27 Jun 2021 23:55:01 GMT","inverseRate":54.322295659137},"mxn":{"code":"MXN","alphaCode":"MXN","numericCode":"484","name":"Mexican Peso","rate":0.099624300747426,"date":"Sun, 27 Jun 2021 23:55:01 GMT","inverseRate":10.037711607485},"amd":{"code":"AMD","alphaCode":"AMD","numericCode":"051","name":"Armenia Dram","rate":2.6052715565569,"date":"Sun, 27 Jun 2021 23:55:01 GMT","inverseRate":0.38383714645148},"uyu":{"code":"UYU","alphaCode":"UYU","numericCode":"858","name":"Uruguayan Peso","rate":0.21903810454002,"date":"Sun, 27 Jun 2021 23:55:01 GMT","inverseRate":4.5654156937671},"fjd":{"code":"FJD","alphaCode":"FJD","numericCode":"242","name":"Fiji Dollar","rate":0.010350240313831,"date":"Sun, 27 Jun 2021 23:55:01 GMT","inverseRate":96.616114184681},"cdf":{"code":"CDF","alphaCode":"CDF","numericCode":"976","name":"Congolese franc","rate":9.9778708487588,"date":"Sun, 27 Jun 2021 23:55:01 GMT","inverseRate":0.10022178229781},"lsl":{"code":"LSL","alphaCode":"LSL","numericCode":"426","name":"Lesotho loti","rate":0.071366889917494,"date":"Sun, 27 Jun 2021 23:55:01 GMT","inverseRate":14.012100025041},"mnt":{"code":"MNT","alphaCode":"MNT","numericCode":"496","name":"Mongolian togrog","rate":14.305622060269,"date":"Sun, 27 Jun 2021 23:55:01 GMT","inverseRate":0.069902587653097},"brl":{"code":"BRL","alphaCode":"BRL","numericCode":"986","name":"Brazilian Real","rate":0.025151850657501,"date":"Sun, 27 Jun 2021 23:55:01 GMT","inverseRate":39.758505790181},"hkd":{"code":"HKD","alphaCode":"HKD","numericCode":"344","name":"Hong Kong Dollar","rate":0.039061696233379,"date":"Sun, 27 Jun 2021 23:55:01 GMT","inverseRate":25.600526767332},"thb":{"code":"THB","alphaCode":"THB","numericCode":"764","name":"Thai Baht","rate":0.15904249308408,"date":"Sun, 27 Jun 2021 23:55:01 GMT","inverseRate":6.2876277943613},"xaf":{"code":"XAF","alphaCode":"XAF","numericCode":"950","name":"Central African CFA Franc","rate":2.7686229618933,"date":"Sun, 27 Jun 2021 23:55:01 GMT","inverseRate":0.36119038733832},"mdl":{"code":"MDL","alphaCode":"MDL","numericCode":"498","name":"Moldova Lei","rate":0.090542411436641,"date":"Sun, 27 Jun 2021 23:55:01 GMT","inverseRate":11.044547898967},"nio":{"code":"NIO","alphaCode":"NIO","numericCode":"558","name":"Nicaraguan C\u00f3rdoba","rate":0.17601800676022,"date":"Sun, 27 Jun 2021 23:55:01 GMT","inverseRate":5.6812369280049},"lrd":{"code":"LRD","alphaCode":"LRD","numericCode":"430","name":"Liberian dollar","rate":0.85963195004695,"date":"Sun, 27 Jun 2021 23:55:01 GMT","inverseRate":1.1632885445281},"sdg":{"code":"SDG","alphaCode":"SDG","numericCode":"938","name":"Sudanese pound","rate":2.2090541972136,"date":"Sun, 27 Jun 2021 23:55:01 GMT","inverseRate":0.45268242004264},"mru":{"code":"MRU","alphaCode":"MRU","numericCode":"929","name":"Mauritanian ouguiya","rate":0.18127734824462,"date":"Sun, 27 Jun 2021 23:55:01 GMT","inverseRate":5.5164090256359},"dkk":{"code":"DKK","alphaCode":"DKK","numericCode":"208","name":"Danish Krone","rate":0.031323766905543,"date":"Sun, 27 Jun 2021 23:55:01 GMT","inverseRate":31.924640577728},"jod":{"code":"JOD","alphaCode":"JOD","numericCode":"400","name":"Jordanian Dinar","rate":0.0035655978590178,"date":"Sun, 27 Jun 2021 23:55:01 GMT","inverseRate":280.45787538011},"bgn":{"code":"BGN","alphaCode":"BGN","numericCode":"975","name":"Bulgarian Lev","rate":0.008238496684308,"date":"Sun, 27 Jun 2021 23:55:01 GMT","inverseRate":121.38136826646},"vnd":{"code":"VND","alphaCode":"VND","numericCode":"704","name":"Vietnamese Dong","rate":115.75524889659,"date":"Sun, 27 Jun 2021 23:55:01 GMT","inverseRate":0.0086389171077105},"uzs":{"code":"UZS","alphaCode":"UZS","numericCode":"860","name":"Uzbekistan Sum","rate":53.059819188866,"date":"Sun, 27 Jun 2021 23:55:01 GMT","inverseRate":0.018846652990665},"pab":{"code":"PAB","alphaCode":"PAB","numericCode":"590","name":"Panamanian Balboa","rate":0.005015540972606,"date":"Sun, 27 Jun 2021 23:55:01 GMT","inverseRate":199.38028728343},"ttd":{"code":"TTD","alphaCode":"TTD","numericCode":"780","name":"Trinidad Tobago Dollar","rate":0.034107479526098,"date":"Sun, 27 Jun 2021 23:55:01 GMT","inverseRate":29.319082321367},"htg":{"code":"HTG","alphaCode":"HTG","numericCode":"332","name":"Haitian gourde","rate":0.47141106938058,"date":"Sun, 27 Jun 2021 23:55:01 GMT","inverseRate":2.1212908753161},"cup":{"code":"CUP","alphaCode":"CUP","numericCode":"192","name":"Cuban peso","rate":0.005015540972606,"date":"Sun, 27 Jun 2021 23:55:01 GMT","inverseRate":199.38028728343}}