{"usd":{"code":"USD","alphaCode":"USD","numericCode":"840","name":"U.S. Dollar","rate":0.22468147347336,"date":"Sun, 27 Jun 2021 23:55:01 GMT","inverseRate":4.4507452463302},"eur":{"code":"EUR","alphaCode":"EUR","numericCode":"978","name":"Euro","rate":0.18809180493149,"date":"Sun, 27 Jun 2021 23:55:01 GMT","inverseRate":5.3165527353212},"gbp":{"code":"GBP","alphaCode":"GBP","numericCode":"826","name":"U.K. Pound Sterling","rate":0.16156450914078,"date":"Sun, 27 Jun 2021 23:55:01 GMT","inverseRate":6.1894781553087},"jpy":{"code":"JPY","alphaCode":"JPY","numericCode":"392","name":"Japanese Yen","rate":24.879618047401,"date":"Sun, 27 Jun 2021 23:55:01 GMT","inverseRate":0.040193543087952},"aud":{"code":"AUD","alphaCode":"AUD","numericCode":"036","name":"Australian Dollar","rate":0.2957515298876,"date":"Sun, 27 Jun 2021 23:55:01 GMT","inverseRate":3.3812166597416},"chf":{"code":"CHF","alphaCode":"CHF","numericCode":"756","name":"Swiss Franc","rate":0.20603622135654,"date":"Sun, 27 Jun 2021 23:55:01 GMT","inverseRate":4.8535155295317},"cad":{"code":"CAD","alphaCode":"CAD","numericCode":"124","name":"Canadian Dollar","rate":0.27635693391835,"date":"Sun, 27 Jun 2021 23:55:01 GMT","inverseRate":3.618508809681},"lkr":{"code":"LKR","alphaCode":"LKR","numericCode":"144","name":"Sri Lanka Rupee","rate":44.644492698657,"date":"Sun, 27 Jun 2021 23:55:01 GMT","inverseRate":0.022399179373587},"pln":{"code":"PLN","alphaCode":"PLN","numericCode":"985","name":"Polish Zloty","rate":0.84834824481636,"date":"Sun, 27 Jun 2021 23:55:01 GMT","inverseRate":1.1787612058023},"pen":{"code":"PEN","alphaCode":"PEN","numericCode":"604","name":"Peruvian Nuevo Sol","rate":0.89427745194759,"date":"Sun, 27 Jun 2021 23:55:01 GMT","inverseRate":1.118221193906},"iqd":{"code":"IQD","alphaCode":"IQD","numericCode":"368","name":"Iraqi dinar","rate":327.16003078927,"date":"Sun, 27 Jun 2021 23:55:01 GMT","inverseRate":0.0030566080996737},"svc":{"code":"SVC","alphaCode":"SVC","numericCode":"222","name":"Salvadoran colon","rate":1.9610406802649,"date":"Sun, 27 Jun 2021 23:55:01 GMT","inverseRate":0.50993332778028},"cve":{"code":"CVE","alphaCode":"CVE","numericCode":"132","name":"Cape Verde escudo","rate":20.941977634928,"date":"Sun, 27 Jun 2021 23:55:01 GMT","inverseRate":0.047750982138964},"zmw":{"code":"ZMW","alphaCode":"ZMW","numericCode":"967","name":"Zambian kwacha","rate":5.0605614213281,"date":"Sun, 27 Jun 2021 23:55:01 GMT","inverseRate":0.19760653349358},"yer":{"code":"YER","alphaCode":"YER","numericCode":"886","name":"Yemeni rial","rate":56.340513764752,"date":"Sun, 27 Jun 2021 23:55:01 GMT","inverseRate":0.017749216916542},"dop":{"code":"DOP","alphaCode":"DOP","numericCode":"214","name":"Dominican Peso","rate":12.756063748403,"date":"Sun, 27 Jun 2021 23:55:01 GMT","inverseRate":0.078394089252272},"nzd":{"code":"NZD","alphaCode":"NZD","numericCode":"554","name":"New Zealand Dollar","rate":0.31743810250104,"date":"Sun, 27 Jun 2021 23:55:01 GMT","inverseRate":3.1502204433594},"hrk":{"code":"HRK","alphaCode":"HRK","numericCode":"191","name":"Croatian Kuna","rate":1.4097693418237,"date":"Sun, 27 Jun 2021 23:55:01 GMT","inverseRate":0.70933589654204},"dzd":{"code":"DZD","alphaCode":"DZD","numericCode":"012","name":"Algerian Dinar","rate":29.91967198323,"date":"Sun, 27 Jun 2021 23:55:01 GMT","inverseRate":0.033422826311749},"ars":{"code":"ARS","alphaCode":"ARS","numericCode":"032","name":"Argentine Peso","rate":21.422861550228,"date":"Sun, 27 Jun 2021 23:55:01 GMT","inverseRate":0.046679104827121},"stn":{"code":"STN","alphaCode":"STN","numericCode":"930","name":"S\u00e3o Tom\u00e9 and Pr\u00edncipe Dobra","rate":4.6524964027129,"date":"Sun, 27 Jun 2021 23:55:01 GMT","inverseRate":0.21493837145514},"xpf":{"code":"XPF","alphaCode":"XPF","numericCode":"953","name":"CFP Franc","rate":22.41233766389,"date":"Sun, 27 Jun 2021 23:55:01 GMT","inverseRate":0.044618281903327},"all":{"code":"ALL","alphaCode":"ALL","numericCode":"008","name":"Albanian lek","rate":23.010664809534,"date":"Sun, 27 Jun 2021 23:55:01 GMT","inverseRate":0.043458109892839},"mur":{"code":"MUR","alphaCode":"MUR","numericCode":"480","name":"Mauritian Rupee","rate":9.1990248830217,"date":"Sun, 27 Jun 2021 23:55:01 GMT","inverseRate":0.10870717415339},"sos":{"code":"SOS","alphaCode":"SOS","numericCode":"706","name":"Somali shilling","rate":129.58748574708,"date":"Sun, 27 Jun 2021 23:55:01 GMT","inverseRate":0.0077167945209753},"ang":{"code":"ANG","alphaCode":"ANG","numericCode":"532","name":"Neth. Antillean Guilder","rate":0.39957516867546,"date":"Sun, 27 Jun 2021 23:55:01 GMT","inverseRate":2.5026580188025},"pkr":{"code":"PKR","alphaCode":"PKR","numericCode":"586","name":"Pakistani Rupee","rate":34.746803148669,"date":"Sun, 27 Jun 2021 23:55:01 GMT","inverseRate":0.028779626019734},"krw":{"code":"KRW","alphaCode":"KRW","numericCode":"410","name":"South Korean Won","rate":253.26161134188,"date":"Sun, 27 Jun 2021 23:55:01 GMT","inverseRate":0.0039484862893417},"azn":{"code":"AZN","alphaCode":"AZN","numericCode":"944","name":"Azerbaijan Manat","rate":0.38085519821654,"date":"Sun, 27 Jun 2021 23:55:01 GMT","inverseRate":2.6256698206636},"pyg":{"code":"PYG","alphaCode":"PYG","numericCode":"600","name":"Paraguayan Guaran\u00ed","rate":1523.0183060399,"date":"Sun, 27 Jun 2021 23:55:01 GMT","inverseRate":0.00065659092608032},"bnd":{"code":"BND","alphaCode":"BND","numericCode":"096","name":"Brunei Dollar","rate":0.30153231449609,"date":"Sun, 27 Jun 2021 23:55:01 GMT","inverseRate":3.3163941372956},"kmf":{"code":"KMF","alphaCode":"KMF","numericCode":"174","name":"\tComoro franc","rate":92.856371164286,"date":"Sun, 27 Jun 2021 23:55:01 GMT","inverseRate":0.010769320268081},"szl":{"code":"SZL","alphaCode":"SZL","numericCode":"748","name":"Swazi lilangeni","rate":3.1849421487593,"date":"Sun, 27 Jun 2021 23:55:01 GMT","inverseRate":0.31397744552113},"wst":{"code":"WST","alphaCode":"WST","numericCode":"882","name":"Samoan tala","rate":0.56949579951291,"date":"Sun, 27 Jun 2021 23:55:01 GMT","inverseRate":1.7559392024582},"egp":{"code":"EGP","alphaCode":"EGP","numericCode":"818","name":"Egyptian Pound","rate":3.5222954347839,"date":"Sun, 27 Jun 2021 23:55:01 GMT","inverseRate":0.28390577068711},"sgd":{"code":"SGD","alphaCode":"SGD","numericCode":"702","name":"Singapore Dollar","rate":0.301485008224,"date":"Sun, 27 Jun 2021 23:55:01 GMT","inverseRate":3.3169145155536},"zar":{"code":"ZAR","alphaCode":"ZAR","numericCode":"710","name":"South African Rand","rate":3.167485276786,"date":"Sun, 27 Jun 2021 23:55:01 GMT","inverseRate":0.31570786053178},"kgs":{"code":"KGS","alphaCode":"KGS","numericCode":"417","name":"Kyrgyzstan Som","rate":18.778896175822,"date":"Sun, 27 Jun 2021 23:55:01 GMT","inverseRate":0.053251266242557},"crc":{"code":"CRC","alphaCode":"CRC","numericCode":"188","name":"Costa Rican Col\u00f3n","rate":138.77150591889,"date":"Sun, 27 Jun 2021 23:55:01 GMT","inverseRate":0.00720609028041},"jmd":{"code":"JMD","alphaCode":"JMD","numericCode":"388","name":"Jamaican Dollar","rate":33.523719138916,"date":"Sun, 27 Jun 2021 23:55:01 GMT","inverseRate":0.029829625879401},"ssp":{"code":"SSP","alphaCode":"SSP","numericCode":"728","name":"South Sudanese pound","rate":39.845442742393,"date":"Sun, 27 Jun 2021 23:55:01 GMT","inverseRate":0.025096972982962},"ern":{"code":"ERN","alphaCode":"ERN","numericCode":"232","name":"Eritrean nakfa","rate":3.3777383282143,"date":"Sun, 27 Jun 2021 23:55:01 GMT","inverseRate":0.29605608926156},"bam":{"code":"BAM","alphaCode":"BAM","numericCode":"977","name":"Bosnia and Herzegovina convertible mark","rate":0.3709057131301,"date":"Sun, 27 Jun 2021 23:55:01 GMT","inverseRate":2.6961029841275},"inr":{"code":"INR","alphaCode":"INR","numericCode":"356","name":"Indian Rupee","rate":16.668538844802,"date":"Sun, 27 Jun 2021 23:55:01 GMT","inverseRate":0.059993260915718},"try":{"code":"TRY","alphaCode":"TRY","numericCode":"949","name":"Turkish Lira","rate":1.9572314270307,"date":"Sun, 27 Jun 2021 23:55:01 GMT","inverseRate":0.51092578332298},"twd":{"code":"TWD","alphaCode":"TWD","numericCode":"901","name":"New Taiwan Dollar ","rate":6.2682464747074,"date":"Sun, 27 Jun 2021 23:55:01 GMT","inverseRate":0.15953424997486},"tmt":{"code":"TMT","alphaCode":"TMT","numericCode":"934","name":"New Turkmenistan Manat","rate":0.78435449183085,"date":"Sun, 27 Jun 2021 23:55:01 GMT","inverseRate":1.2749337326619},"mga":{"code":"MGA","alphaCode":"MGA","numericCode":"969","name":"Malagasy ariary","rate":848.15009421459,"date":"Sun, 27 Jun 2021 23:55:01 GMT","inverseRate":0.0011790365960238},"srd":{"code":"SRD","alphaCode":"SRD","numericCode":"968","name":"Surinamese dollar","rate":4.6627272908993,"date":"Sun, 27 Jun 2021 23:55:01 GMT","inverseRate":0.21446675681673},"ghs":{"code":"GHS","alphaCode":"GHS","numericCode":"936","name":"Ghanaian Cedi","rate":1.3060518851472,"date":"Sun, 27 Jun 2021 23:55:01 GMT","inverseRate":0.76566636545781},"mop":{"code":"MOP","alphaCode":"MOP","numericCode":"446","name":"Macanese pataca","rate":1.7931291632444,"date":"Sun, 27 Jun 2021 23:55:01 GMT","inverseRate":0.55768430991924},"lbp":{"code":"LBP","alphaCode":"LBP","numericCode":"422","name":"Lebanese Pound","rate":338.33381180482,"date":"Sun, 27 Jun 2021 23:55:01 GMT","inverseRate":0.0029556608447307},"huf":{"code":"HUF","alphaCode":"HUF","numericCode":"348","name":"Hungarian Forint","rate":66.113570508672,"date":"Sun, 27 Jun 2021 23:55:01 GMT","inverseRate":0.01512548773733},"ngn":{"code":"NGN","alphaCode":"NGN","numericCode":"566","name":"Nigerian Naira","rate":92.102717319368,"date":"Sun, 27 Jun 2021 23:55:01 GMT","inverseRate":0.010857442962649},"irr":{"code":"IRR","alphaCode":"IRR","numericCode":"364","name":"Iranian rial","rate":9413.233310172,"date":"Sun, 27 Jun 2021 23:55:01 GMT","inverseRate":0.00010623342342098},"ves":{"code":"VES","alphaCode":"VES","numericCode":"928","name":"Venezuelan Bolivar","rate":712731.17160889,"date":"Sun, 27 Jun 2021 23:55:01 GMT","inverseRate":1.4030535492683e-6},"sbd":{"code":"SBD","alphaCode":"SBD","numericCode":"090","name":"Solomon Islands dollar","rate":1.8267286112742,"date":"Sun, 27 Jun 2021 23:55:01 GMT","inverseRate":0.54742669153383},"mwk":{"code":"MWK","alphaCode":"MWK","numericCode":"454","name":"Malawian kwacha","rate":180.45746685417,"date":"Sun, 27 Jun 2021 23:55:01 GMT","inverseRate":0.0055414720013117},"gtq":{"code":"GTQ","alphaCode":"GTQ","numericCode":"320","name":"Guatemalan Quetzal","rate":1.7326866071799,"date":"Sun, 27 Jun 2021 23:55:01 GMT","inverseRate":0.57713841375364},"sek":{"code":"SEK","alphaCode":"SEK","numericCode":"752","name":"Swedish Krona","rate":1.902264325408,"date":"Sun, 27 Jun 2021 23:55:01 GMT","inverseRate":0.52568929913856},"npr":{"code":"NPR","alphaCode":"NPR","numericCode":"524","name":"Nepalese Rupee","rate":26.641810109707,"date":"Sun, 27 Jun 2021 23:55:01 GMT","inverseRate":0.037534987145474},"isk":{"code":"ISK","alphaCode":"ISK","numericCode":"352","name":"Icelandic Krona","rate":27.650190898001,"date":"Sun, 27 Jun 2021 23:55:01 GMT","inverseRate":0.036166115586287},"gip":{"code":"GIP","alphaCode":"GIP","numericCode":"292","name":"Gibraltar pound","rate":0.16082343536304,"date":"Sun, 27 Jun 2021 23:55:01 GMT","inverseRate":6.2179992470788},"gel":{"code":"GEL","alphaCode":"GEL","numericCode":"981","name":"Georgian lari","rate":0.72775252509849,"date":"Sun, 27 Jun 2021 23:55:01 GMT","inverseRate":1.3740934802867},"mkd":{"code":"MKD","alphaCode":"MKD","numericCode":"807","name":"Macedonian denar","rate":11.602917921346,"date":"Sun, 27 Jun 2021 23:55:01 GMT","inverseRate":0.086185217096149},"bif":{"code":"BIF","alphaCode":"BIF","numericCode":"108","name":"Burundian franc","rate":443.36126200448,"date":"Sun, 27 Jun 2021 23:55:01 GMT","inverseRate":0.0022554970081935},"mmk":{"code":"MMK","alphaCode":"MMK","numericCode":"104","name":"Myanma Kyat","rate":368.76091052807,"date":"Sun, 27 Jun 2021 23:55:01 GMT","inverseRate":0.0027117841708547},"mvr":{"code":"MVR","alphaCode":"MVR","numericCode":"462","name":"Maldivian rufiyaa","rate":3.4632506909537,"date":"Sun, 27 Jun 2021 23:55:01 GMT","inverseRate":0.28874606236623},"kes":{"code":"KES","alphaCode":"KES","numericCode":"404","name":"Kenyan shilling","rate":24.137688377671,"date":"Sun, 27 Jun 2021 23:55:01 GMT","inverseRate":0.041428987911082},"aed":{"code":"AED","alphaCode":"AED","numericCode":"784","name":"U.A.E Dirham","rate":0.82367782009243,"date":"Sun, 27 Jun 2021 23:55:01 GMT","inverseRate":1.2140669271485},"php":{"code":"PHP","alphaCode":"PHP","numericCode":"608","name":"Philippine Peso","rate":10.897501695879,"date":"Sun, 27 Jun 2021 23:55:01 GMT","inverseRate":0.091764151812718},"ils":{"code":"ILS","alphaCode":"ILS","numericCode":"376","name":"Israeli New Sheqel","rate":0.72964232228541,"date":"Sun, 27 Jun 2021 23:55:01 GMT","inverseRate":1.3705345337806},"mro":{"code":"MRO","alphaCode":"MRO","numericCode":"478","name":"Mauritanian Ouguiya","rate":8.1357188978339,"date":"Sun, 27 Jun 2021 23:55:01 GMT","inverseRate":0.12291476789669},"cop":{"code":"COP","alphaCode":"COP","numericCode":"170","name":"Colombian Peso","rate":844.77568752228,"date":"Sun, 27 Jun 2021 23:55:01 GMT","inverseRate":0.0011837461882136},"bzd":{"code":"BZD","alphaCode":"BZD","numericCode":"084","name":"Belize dollar","rate":0.45157602716143,"date":"Sun, 27 Jun 2021 23:55:01 GMT","inverseRate":2.2144665346518},"gnf":{"code":"GNF","alphaCode":"GNF","numericCode":"324","name":"Guinean franc","rate":2197.2800368253,"date":"Sun, 27 Jun 2021 23:55:01 GMT","inverseRate":0.00045510812606518},"sll":{"code":"SLL","alphaCode":"SLL","numericCode":"694","name":"Sierra Leonean leone","rate":2298.5097404189,"date":"Sun, 27 Jun 2021 23:55:01 GMT","inverseRate":0.00043506450393278},"ugx":{"code":"UGX","alphaCode":"UGX","numericCode":"800","name":"Ugandan shilling","rate":800.89716167571,"date":"Sun, 27 Jun 2021 23:55:01 GMT","inverseRate":0.0012485997551892},"cny":{"code":"CNY","alphaCode":"CNY","numericCode":"156","name":"Chinese Yuan","rate":1.4504717373926,"date":"Sun, 27 Jun 2021 23:55:01 GMT","inverseRate":0.68943087563888},"sar":{"code":"SAR","alphaCode":"SAR","numericCode":"682","name":"Saudi Riyal","rate":0.84253147680843,"date":"Sun, 27 Jun 2021 23:55:01 GMT","inverseRate":1.1868992762004},"myr":{"code":"MYR","alphaCode":"MYR","numericCode":"458","name":"Malaysian Ringgit","rate":0.93102194758284,"date":"Sun, 27 Jun 2021 23:55:01 GMT","inverseRate":1.0740885352878},"kzt":{"code":"KZT","alphaCode":"KZT","numericCode":"398","name":"Kazakhstani Tenge","rate":95.773516616259,"date":"Sun, 27 Jun 2021 23:55:01 GMT","inverseRate":0.010441299801142},"bob":{"code":"BOB","alphaCode":"BOB","numericCode":"068","name":"Bolivian Boliviano","rate":1.5440936150701,"date":"Sun, 27 Jun 2021 23:55:01 GMT","inverseRate":0.64762912704267},"gyd":{"code":"GYD","alphaCode":"GYD","numericCode":"328","name":"Guyanese dollar","rate":46.789324996666,"date":"Sun, 27 Jun 2021 23:55:01 GMT","inverseRate":0.021372396376123},"rwf":{"code":"RWF","alphaCode":"RWF","numericCode":"646","name":"Rwandan franc","rate":225.2722693797,"date":"Sun, 27 Jun 2021 23:55:01 GMT","inverseRate":0.0044390727840296},"mzn":{"code":"MZN","alphaCode":"MZN","numericCode":"943","name":"Mozambican metical","rate":14.278621114724,"date":"Sun, 27 Jun 2021 23:55:01 GMT","inverseRate":0.070034773803811},"vuv":{"code":"VUV","alphaCode":"VUV","numericCode":"548","name":"Vanuatu vatu","rate":24.612597046273,"date":"Sun, 27 Jun 2021 23:55:01 GMT","inverseRate":0.04062960109898},"idr":{"code":"IDR","alphaCode":"IDR","numericCode":"360","name":"Indonesian Rupiah","rate":3244.5689306044,"date":"Sun, 27 Jun 2021 23:55:01 GMT","inverseRate":0.00030820735246754},"tnd":{"code":"TND","alphaCode":"TND","numericCode":"788","name":"Tunisian Dinar","rate":0.61440827287681,"date":"Sun, 27 Jun 2021 23:55:01 GMT","inverseRate":1.6275822513225},"xof":{"code":"XOF","alphaCode":"XOF","numericCode":"952","name":"West African CFA Franc","rate":123.49906750819,"date":"Sun, 27 Jun 2021 23:55:01 GMT","inverseRate":0.0080972271303477},"tjs":{"code":"TJS","alphaCode":"TJS","numericCode":"972","name":"Tajikistan Ruble","rate":2.5404892955293,"date":"Sun, 27 Jun 2021 23:55:01 GMT","inverseRate":0.39362496104973},"afn":{"code":"AFN","alphaCode":"AFN","numericCode":"971","name":"Afghan afghani","rate":17.720000296979,"date":"Sun, 27 Jun 2021 23:55:01 GMT","inverseRate":0.056433407632081},"nad":{"code":"NAD","alphaCode":"NAD","numericCode":"516","name":"Namibian dollar","rate":3.1849421487593,"date":"Sun, 27 Jun 2021 23:55:01 GMT","inverseRate":0.31397744552113},"syp":{"code":"SYP","alphaCode":"SYP","numericCode":"760","name":"Syrian pound","rate":565.43339614305,"date":"Sun, 27 Jun 2021 23:55:01 GMT","inverseRate":0.0017685548940357},"top":{"code":"TOP","alphaCode":"TOP","numericCode":"776","name":"Tongan pa\u02bbanga","rate":0.49631347311989,"date":"Sun, 27 Jun 2021 23:55:01 GMT","inverseRate":2.014855638945},"kwd":{"code":"KWD","alphaCode":"KWD","numericCode":"414","name":"Kuwaiti Dinar","rate":0.067575271724729,"date":"Sun, 27 Jun 2021 23:55:01 GMT","inverseRate":14.798312673807},"czk":{"code":"CZK","alphaCode":"CZK","numericCode":"203","name":"Czech Koruna","rate":4.79179002941,"date":"Sun, 27 Jun 2021 23:55:01 GMT","inverseRate":0.20869027938671},"pgk":{"code":"PGK","alphaCode":"PGK","numericCode":"598","name":"Papua New Guinean kina","rate":0.7885431629207,"date":"Sun, 27 Jun 2021 23:55:01 GMT","inverseRate":1.2681613981612},"uah":{"code":"UAH","alphaCode":"UAH","numericCode":"980","name":"Ukrainian Hryvnia","rate":6.1551854463897,"date":"Sun, 27 Jun 2021 23:55:01 GMT","inverseRate":0.16246464200141},"etb":{"code":"ETB","alphaCode":"ETB","numericCode":"230","name":"Ethiopian birr","rate":9.8052034013241,"date":"Sun, 27 Jun 2021 23:55:01 GMT","inverseRate":0.10198666555606},"xcd":{"code":"XCD","alphaCode":"XCD","numericCode":"951","name":"East Caribbean Dollar","rate":0.60703556700157,"date":"Sun, 27 Jun 2021 23:55:01 GMT","inverseRate":1.6473499319644},"lak":{"code":"LAK","alphaCode":"LAK","numericCode":"418","name":"Lao kip","rate":2125.6894591844,"date":"Sun, 27 Jun 2021 23:55:01 GMT","inverseRate":0.00047043560181349},"bwp":{"code":"BWP","alphaCode":"BWP","numericCode":"072","name":"Botswana Pula","rate":2.4351136784801,"date":"Sun, 27 Jun 2021 23:55:01 GMT","inverseRate":0.41065844639506},"nok":{"code":"NOK","alphaCode":"NOK","numericCode":"578","name":"Norwegian Krone","rate":1.9062259563229,"date":"Sun, 27 Jun 2021 23:55:01 GMT","inverseRate":0.52459678071375},"mad":{"code":"MAD","alphaCode":"MAD","numericCode":"504","name":"Moroccan Dirham","rate":1.9847363647406,"date":"Sun, 27 Jun 2021 23:55:01 GMT","inverseRate":0.50384525510052},"ron":{"code":"RON","alphaCode":"RON","numericCode":"946","name":"Romanian New Leu","rate":0.92632329444679,"date":"Sun, 27 Jun 2021 23:55:01 GMT","inverseRate":1.0795367081827},"byn":{"code":"BYN","alphaCode":"BYN","numericCode":"933","name":"Belarussian Ruble","rate":0.56759854530391,"date":"Sun, 27 Jun 2021 23:55:01 GMT","inverseRate":1.7618086027063},"rsd":{"code":"RSD","alphaCode":"RSD","numericCode":"941","name":"Serbian Dinar","rate":21.686354104581,"date":"Sun, 27 Jun 2021 23:55:01 GMT","inverseRate":0.046111946488449},"gmd":{"code":"GMD","alphaCode":"GMD","numericCode":"270","name":"Gambian dalasi","rate":11.634432019405,"date":"Sun, 27 Jun 2021 23:55:01 GMT","inverseRate":0.08595176785013},"awg":{"code":"AWG","alphaCode":"AWG","numericCode":"533","name":"Aruban florin","rate":0.40550300928217,"date":"Sun, 27 Jun 2021 23:55:01 GMT","inverseRate":2.4660729442433},"aoa":{"code":"AOA","alphaCode":"AOA","numericCode":"973","name":"Angolan kwanza","rate":146.23277486458,"date":"Sun, 27 Jun 2021 23:55:01 GMT","inverseRate":0.0068384122569378},"khr":{"code":"KHR","alphaCode":"KHR","numericCode":"116","name":"Cambodian riel","rate":912.97103790594,"date":"Sun, 27 Jun 2021 23:55:01 GMT","inverseRate":0.001095324997706},"scr":{"code":"SCR","alphaCode":"SCR","numericCode":"690","name":"Seychelles rupee","rate":3.3576804996619,"date":"Sun, 27 Jun 2021 23:55:01 GMT","inverseRate":0.2978246441556},"bhd":{"code":"BHD","alphaCode":"BHD","numericCode":"048","name":"Bahrain Dinar","rate":0.084553907966803,"date":"Sun, 27 Jun 2021 23:55:01 GMT","inverseRate":11.826774469048},"omr":{"code":"OMR","alphaCode":"OMR","numericCode":"512","name":"Omani Rial","rate":0.086417927446345,"date":"Sun, 27 Jun 2021 23:55:01 GMT","inverseRate":11.571673026073},"rub":{"code":"RUB","alphaCode":"RUB","numericCode":"643","name":"Russian Rouble","rate":16.214450564156,"date":"Sun, 27 Jun 2021 23:55:01 GMT","inverseRate":0.061673381780237},"clp":{"code":"CLP","alphaCode":"CLP","numericCode":"152","name":"Chilean Peso","rate":164.8800035861,"date":"Sun, 27 Jun 2021 23:55:01 GMT","inverseRate":0.0060650168501349},"bsd":{"code":"BSD","alphaCode":"BSD","numericCode":"044","name":"Bahamian Dollar","rate":0.22391628233132,"date":"Sun, 27 Jun 2021 23:55:01 GMT","inverseRate":4.4659548184188},"djf":{"code":"DJF","alphaCode":"DJF","numericCode":"262","name":"Djiboutian franc","rate":39.881040777476,"date":"Sun, 27 Jun 2021 23:55:01 GMT","inverseRate":0.025074571287638},"hnl":{"code":"HNL","alphaCode":"HNL","numericCode":"340","name":"Honduran Lempira","rate":5.3680385709783,"date":"Sun, 27 Jun 2021 23:55:01 GMT","inverseRate":0.18628778217176},"tzs":{"code":"TZS","alphaCode":"TZS","numericCode":"834","name":"Tanzanian shilling","rate":519.38156412406,"date":"Sun, 27 Jun 2021 23:55:01 GMT","inverseRate":0.0019253667613068},"bbd":{"code":"BBD","alphaCode":"BBD","numericCode":"052","name":"Barbadian Dollar","rate":0.44963200568272,"date":"Sun, 27 Jun 2021 23:55:01 GMT","inverseRate":2.2240409654148},"bdt":{"code":"BDT","alphaCode":"BDT","numericCode":"050","name":"Bangladeshi taka","rate":19.007798109981,"date":"Sun, 27 Jun 2021 23:55:01 GMT","inverseRate":0.052609986396841},"qar":{"code":"QAR","alphaCode":"QAR","numericCode":"634","name":"Qatari Rial","rate":0.82184473533285,"date":"Sun, 27 Jun 2021 23:55:01 GMT","inverseRate":1.216774844454},"mxn":{"code":"MXN","alphaCode":"MXN","numericCode":"484","name":"Mexican Peso","rate":4.4476763673273,"date":"Sun, 27 Jun 2021 23:55:01 GMT","inverseRate":0.22483650279639},"amd":{"code":"AMD","alphaCode":"AMD","numericCode":"051","name":"Armenia Dram","rate":116.31102698472,"date":"Sun, 27 Jun 2021 23:55:01 GMT","inverseRate":0.0085976370936123},"uyu":{"code":"UYU","alphaCode":"UYU","numericCode":"858","name":"Uruguayan Peso","rate":9.7788450588646,"date":"Sun, 27 Jun 2021 23:55:01 GMT","inverseRate":0.10226156503968},"fjd":{"code":"FJD","alphaCode":"FJD","numericCode":"242","name":"Fiji Dollar","rate":0.46208122812018,"date":"Sun, 27 Jun 2021 23:55:01 GMT","inverseRate":2.1641216720016},"cdf":{"code":"CDF","alphaCode":"CDF","numericCode":"976","name":"Congolese franc","rate":445.45698225555,"date":"Sun, 27 Jun 2021 23:55:01 GMT","inverseRate":0.0022448856788293},"lsl":{"code":"LSL","alphaCode":"LSL","numericCode":"426","name":"Lesotho loti","rate":3.1861385958474,"date":"Sun, 27 Jun 2021 23:55:01 GMT","inverseRate":0.31385954186153},"mnt":{"code":"MNT","alphaCode":"MNT","numericCode":"496","name":"Mongolian togrog","rate":638.66723961941,"date":"Sun, 27 Jun 2021 23:55:01 GMT","inverseRate":0.0015657605995196},"brl":{"code":"BRL","alphaCode":"BRL","numericCode":"986","name":"Brazilian Real","rate":1.1228916130365,"date":"Sun, 27 Jun 2021 23:55:01 GMT","inverseRate":0.89055790282005},"hkd":{"code":"HKD","alphaCode":"HKD","numericCode":"344","name":"Hong Kong Dollar","rate":1.7438896122882,"date":"Sun, 27 Jun 2021 23:55:01 GMT","inverseRate":0.57343079111978},"thb":{"code":"THB","alphaCode":"THB","numericCode":"764","name":"Thai Baht","rate":7.1003714212686,"date":"Sun, 27 Jun 2021 23:55:01 GMT","inverseRate":0.14083770280025},"xaf":{"code":"XAF","alphaCode":"XAF","numericCode":"950","name":"Central African CFA Franc","rate":123.60376760758,"date":"Sun, 27 Jun 2021 23:55:01 GMT","inverseRate":0.0080903682740063},"mdl":{"code":"MDL","alphaCode":"MDL","numericCode":"498","name":"Moldova Lei","rate":4.0422200263019,"date":"Sun, 27 Jun 2021 23:55:01 GMT","inverseRate":0.24738880948914},"nio":{"code":"NIO","alphaCode":"NIO","numericCode":"558","name":"Nicaraguan C\u00f3rdoba","rate":7.858234617639,"date":"Sun, 27 Jun 2021 23:55:01 GMT","inverseRate":0.12725504501423},"lrd":{"code":"LRD","alphaCode":"LRD","numericCode":"430","name":"Liberian dollar","rate":38.377832317403,"date":"Sun, 27 Jun 2021 23:55:01 GMT","inverseRate":0.026056708772124},"sdg":{"code":"SDG","alphaCode":"SDG","numericCode":"938","name":"Sudanese pound","rate":98.622103978439,"date":"Sun, 27 Jun 2021 23:55:01 GMT","inverseRate":0.010139714725804},"mru":{"code":"MRU","alphaCode":"MRU","numericCode":"929","name":"Mauritanian ouguiya","rate":8.093035250139,"date":"Sun, 27 Jun 2021 23:55:01 GMT","inverseRate":0.12356303526329},"dkk":{"code":"DKK","alphaCode":"DKK","numericCode":"208","name":"Danish Krone","rate":1.3984336829089,"date":"Sun, 27 Jun 2021 23:55:01 GMT","inverseRate":0.71508575073782},"jod":{"code":"JOD","alphaCode":"JOD","numericCode":"400","name":"Jordanian Dinar","rate":0.15918430758326,"date":"Sun, 27 Jun 2021 23:55:01 GMT","inverseRate":6.2820262573742},"bgn":{"code":"BGN","alphaCode":"BGN","numericCode":"975","name":"Bulgarian Lev","rate":0.3678035050705,"date":"Sun, 27 Jun 2021 23:55:01 GMT","inverseRate":2.7188430404118},"vnd":{"code":"VND","alphaCode":"VND","numericCode":"704","name":"Vietnamese Dong","rate":5167.8343641948,"date":"Sun, 27 Jun 2021 23:55:01 GMT","inverseRate":0.00019350465388915},"uzs":{"code":"UZS","alphaCode":"UZS","numericCode":"860","name":"Uzbekistan Sum","rate":2368.8287103694,"date":"Sun, 27 Jun 2021 23:55:01 GMT","inverseRate":0.00042214956092966},"pab":{"code":"PAB","alphaCode":"PAB","numericCode":"590","name":"Panamanian Balboa","rate":0.22391628233132,"date":"Sun, 27 Jun 2021 23:55:01 GMT","inverseRate":4.4659548184188},"ttd":{"code":"TTD","alphaCode":"TTD","numericCode":"780","name":"Trinidad Tobago Dollar","rate":1.5227111206725,"date":"Sun, 27 Jun 2021 23:55:01 GMT","inverseRate":0.65672338398525},"htg":{"code":"HTG","alphaCode":"HTG","numericCode":"332","name":"Haitian gourde","rate":21.045908045027,"date":"Sun, 27 Jun 2021 23:55:01 GMT","inverseRate":0.047515174819757},"cup":{"code":"CUP","alphaCode":"CUP","numericCode":"192","name":"Cuban peso","rate":0.22391628233132,"date":"Sun, 27 Jun 2021 23:55:01 GMT","inverseRate":4.4659548184188}}