{"usd":{"code":"USD","alphaCode":"USD","numericCode":"840","name":"U.S. Dollar","rate":0.11320469431854,"date":"Sun, 27 Jun 2021 23:55:01 GMT","inverseRate":8.8335559405879},"eur":{"code":"EUR","alphaCode":"EUR","numericCode":"978","name":"Euro","rate":0.094769163438021,"date":"Sun, 27 Jun 2021 23:55:01 GMT","inverseRate":10.551955548853},"gbp":{"code":"GBP","alphaCode":"GBP","numericCode":"826","name":"U.K. Pound Sterling","rate":0.081403511323224,"date":"Sun, 27 Jun 2021 23:55:01 GMT","inverseRate":12.284482373609},"jpy":{"code":"JPY","alphaCode":"JPY","numericCode":"392","name":"Japanese Yen","rate":12.535477501896,"date":"Sun, 27 Jun 2021 23:55:01 GMT","inverseRate":0.079773586594427},"aud":{"code":"AUD","alphaCode":"AUD","numericCode":"036","name":"Australian Dollar","rate":0.14901300502258,"date":"Sun, 27 Jun 2021 23:55:01 GMT","inverseRate":6.7108236616559},"chf":{"code":"CHF","alphaCode":"CHF","numericCode":"756","name":"Swiss Franc","rate":0.10381037250933,"date":"Sun, 27 Jun 2021 23:55:01 GMT","inverseRate":9.6329487682948},"cad":{"code":"CAD","alphaCode":"CAD","numericCode":"124","name":"Canadian Dollar","rate":0.13924112986889,"date":"Sun, 27 Jun 2021 23:55:01 GMT","inverseRate":7.1817860207082},"lkr":{"code":"LKR","alphaCode":"LKR","numericCode":"144","name":"Sri Lanka Rupee","rate":22.493915812588,"date":"Sun, 27 Jun 2021 23:55:01 GMT","inverseRate":0.044456465843105},"pln":{"code":"PLN","alphaCode":"PLN","numericCode":"985","name":"Polish Zloty","rate":0.42743623782358,"date":"Sun, 27 Jun 2021 23:55:01 GMT","inverseRate":2.3395302305013},"pen":{"code":"PEN","alphaCode":"PEN","numericCode":"604","name":"Peruvian Nuevo Sol","rate":0.45057745090717,"date":"Sun, 27 Jun 2021 23:55:01 GMT","inverseRate":2.2193742673688},"iqd":{"code":"IQD","alphaCode":"IQD","numericCode":"368","name":"Iraqi dinar","rate":164.83802917171,"date":"Sun, 27 Jun 2021 23:55:01 GMT","inverseRate":0.0060665612481831},"svc":{"code":"SVC","alphaCode":"SVC","numericCode":"222","name":"Salvadoran colon","rate":0.98806104181058,"date":"Sun, 27 Jun 2021 23:55:01 GMT","inverseRate":1.0120832192387},"cve":{"code":"CVE","alphaCode":"CVE","numericCode":"132","name":"Cape Verde escudo","rate":10.551516063779,"date":"Sun, 27 Jun 2021 23:55:01 GMT","inverseRate":0.09477311070328},"zmw":{"code":"ZMW","alphaCode":"ZMW","numericCode":"967","name":"Zambian kwacha","rate":2.5497398602809,"date":"Sun, 27 Jun 2021 23:55:01 GMT","inverseRate":0.39219687293504},"yer":{"code":"YER","alphaCode":"YER","numericCode":"886","name":"Yemeni rial","rate":28.386900530296,"date":"Sun, 27 Jun 2021 23:55:01 GMT","inverseRate":0.03522751625993},"dop":{"code":"DOP","alphaCode":"DOP","numericCode":"214","name":"Dominican Peso","rate":6.4270821933927,"date":"Sun, 27 Jun 2021 23:55:01 GMT","inverseRate":0.1555915997197},"nzd":{"code":"NZD","alphaCode":"NZD","numericCode":"554","name":"New Zealand Dollar","rate":0.15993968173326,"date":"Sun, 27 Jun 2021 23:55:01 GMT","inverseRate":6.2523570708846},"hrk":{"code":"HRK","alphaCode":"HRK","numericCode":"191","name":"Croatian Kuna","rate":0.71030559366405,"date":"Sun, 27 Jun 2021 23:55:01 GMT","inverseRate":1.4078447486829},"dzd":{"code":"DZD","alphaCode":"DZD","numericCode":"012","name":"Algerian Dinar","rate":15.074884762914,"date":"Sun, 27 Jun 2021 23:55:01 GMT","inverseRate":0.066335498793337},"ars":{"code":"ARS","alphaCode":"ARS","numericCode":"032","name":"Argentine Peso","rate":10.793807142758,"date":"Sun, 27 Jun 2021 23:55:01 GMT","inverseRate":0.092645716823924},"stn":{"code":"STN","alphaCode":"STN","numericCode":"930","name":"S\u00e3o Tom\u00e9 and Pr\u00edncipe Dobra","rate":2.3441382368791,"date":"Sun, 27 Jun 2021 23:55:01 GMT","inverseRate":0.42659600200513},"xpf":{"code":"XPF","alphaCode":"XPF","numericCode":"953","name":"CFP Franc","rate":11.292349987662,"date":"Sun, 27 Jun 2021 23:55:01 GMT","inverseRate":0.088555526625781},"all":{"code":"ALL","alphaCode":"ALL","numericCode":"008","name":"Albanian lek","rate":11.593814280992,"date":"Sun, 27 Jun 2021 23:55:01 GMT","inverseRate":0.086252891047211},"mur":{"code":"MUR","alphaCode":"MUR","numericCode":"480","name":"Mauritian Rupee","rate":4.6348850388621,"date":"Sun, 27 Jun 2021 23:55:01 GMT","inverseRate":0.21575508165042},"sos":{"code":"SOS","alphaCode":"SOS","numericCode":"706","name":"Somali shilling","rate":65.29203981407,"date":"Sun, 27 Jun 2021 23:55:01 GMT","inverseRate":0.015315802705011},"ang":{"code":"ANG","alphaCode":"ANG","numericCode":"532","name":"Neth. Antillean Guilder","rate":0.20132405279312,"date":"Sun, 27 Jun 2021 23:55:01 GMT","inverseRate":4.967116378427},"pkr":{"code":"PKR","alphaCode":"PKR","numericCode":"586","name":"Pakistani Rupee","rate":17.507011896369,"date":"Sun, 27 Jun 2021 23:55:01 GMT","inverseRate":0.057119970325},"krw":{"code":"KRW","alphaCode":"KRW","numericCode":"410","name":"South Korean Won","rate":127.60466117372,"date":"Sun, 27 Jun 2021 23:55:01 GMT","inverseRate":0.0078367043241361},"azn":{"code":"AZN","alphaCode":"AZN","numericCode":"944","name":"Azerbaijan Manat","rate":0.19189208450177,"date":"Sun, 27 Jun 2021 23:55:01 GMT","inverseRate":5.2112623748729},"pyg":{"code":"PYG","alphaCode":"PYG","numericCode":"600","name":"Paraguayan Guaran\u00ed","rate":767.36554692941,"date":"Sun, 27 Jun 2021 23:55:01 GMT","inverseRate":0.0013031598877503},"bnd":{"code":"BND","alphaCode":"BND","numericCode":"096","name":"Brunei Dollar","rate":0.15192562591833,"date":"Sun, 27 Jun 2021 23:55:01 GMT","inverseRate":6.5821680441031},"kmf":{"code":"KMF","alphaCode":"KMF","numericCode":"174","name":"\tComoro franc","rate":46.785242016978,"date":"Sun, 27 Jun 2021 23:55:01 GMT","inverseRate":0.021374261559598},"szl":{"code":"SZL","alphaCode":"SZL","numericCode":"748","name":"Swazi lilangeni","rate":1.604717989422,"date":"Sun, 27 Jun 2021 23:55:01 GMT","inverseRate":0.62316245383414},"wst":{"code":"WST","alphaCode":"WST","numericCode":"882","name":"Samoan tala","rate":0.28693775638426,"date":"Sun, 27 Jun 2021 23:55:01 GMT","inverseRate":3.4850763893924},"egp":{"code":"EGP","alphaCode":"EGP","numericCode":"818","name":"Egyptian Pound","rate":1.7746918418781,"date":"Sun, 27 Jun 2021 23:55:01 GMT","inverseRate":0.56347810724241},"sgd":{"code":"SGD","alphaCode":"SGD","numericCode":"702","name":"Singapore Dollar","rate":0.1519017908776,"date":"Sun, 27 Jun 2021 23:55:01 GMT","inverseRate":6.5832008577552},"zar":{"code":"ZAR","alphaCode":"ZAR","numericCode":"710","name":"South African Rand","rate":1.5959224273094,"date":"Sun, 27 Jun 2021 23:55:01 GMT","inverseRate":0.62659687143187},"kgs":{"code":"KGS","alphaCode":"KGS","numericCode":"417","name":"Kyrgyzstan Som","rate":9.4616577342129,"date":"Sun, 27 Jun 2021 23:55:01 GMT","inverseRate":0.10568972458009},"crc":{"code":"CRC","alphaCode":"CRC","numericCode":"188","name":"Costa Rican Col\u00f3n","rate":69.919364800388,"date":"Sun, 27 Jun 2021 23:55:01 GMT","inverseRate":0.014302189427134},"jmd":{"code":"JMD","alphaCode":"JMD","numericCode":"388","name":"Jamaican Dollar","rate":16.890766821465,"date":"Sun, 27 Jun 2021 23:55:01 GMT","inverseRate":0.059203943229455},"ssp":{"code":"SSP","alphaCode":"SSP","numericCode":"728","name":"South Sudanese pound","rate":20.075937263134,"date":"Sun, 27 Jun 2021 23:55:01 GMT","inverseRate":0.049810874924197},"ern":{"code":"ERN","alphaCode":"ERN","numericCode":"232","name":"Eritrean nakfa","rate":1.7018574296419,"date":"Sun, 27 Jun 2021 23:55:01 GMT","inverseRate":0.58759328636031},"bam":{"code":"BAM","alphaCode":"BAM","numericCode":"977","name":"Bosnia and Herzegovina convertible mark","rate":0.18687908365027,"date":"Sun, 27 Jun 2021 23:55:01 GMT","inverseRate":5.3510536356835},"inr":{"code":"INR","alphaCode":"INR","numericCode":"356","name":"Indian Rupee","rate":8.3983642064123,"date":"Sun, 27 Jun 2021 23:55:01 GMT","inverseRate":0.1190708065788},"try":{"code":"TRY","alphaCode":"TRY","numericCode":"949","name":"Turkish Lira","rate":0.98614176764303,"date":"Sun, 27 Jun 2021 23:55:01 GMT","inverseRate":1.0140529818447},"twd":{"code":"TWD","alphaCode":"TWD","numericCode":"901","name":"New Taiwan Dollar ","rate":3.1582262440819,"date":"Sun, 27 Jun 2021 23:55:01 GMT","inverseRate":0.31663342734672},"tmt":{"code":"TMT","alphaCode":"TMT","numericCode":"934","name":"New Turkmenistan Manat","rate":0.39519328902575,"date":"Sun, 27 Jun 2021 23:55:01 GMT","inverseRate":2.5304073418485},"mga":{"code":"MGA","alphaCode":"MGA","numericCode":"969","name":"Malagasy ariary","rate":427.33640058308,"date":"Sun, 27 Jun 2021 23:55:01 GMT","inverseRate":0.0023400768074883},"srd":{"code":"SRD","alphaCode":"SRD","numericCode":"968","name":"Surinamese dollar","rate":2.3492930213473,"date":"Sun, 27 Jun 2021 23:55:01 GMT","inverseRate":0.42565997128213},"ghs":{"code":"GHS","alphaCode":"GHS","numericCode":"936","name":"Ghanaian Cedi","rate":0.65804804524651,"date":"Sun, 27 Jun 2021 23:55:01 GMT","inverseRate":1.5196458787829},"mop":{"code":"MOP","alphaCode":"MOP","numericCode":"446","name":"Macanese pataca","rate":0.90345962068303,"date":"Sun, 27 Jun 2021 23:55:01 GMT","inverseRate":1.106856329942},"lbp":{"code":"LBP","alphaCode":"LBP","numericCode":"422","name":"Lebanese Pound","rate":170.46788571793,"date":"Sun, 27 Jun 2021 23:55:01 GMT","inverseRate":0.0058662075603769},"huf":{"code":"HUF","alphaCode":"HUF","numericCode":"348","name":"Hungarian Forint","rate":33.311008798548,"date":"Sun, 27 Jun 2021 23:55:01 GMT","inverseRate":0.030020105546716},"ngn":{"code":"NGN","alphaCode":"NGN","numericCode":"566","name":"Nigerian Naira","rate":46.405517103228,"date":"Sun, 27 Jun 2021 23:55:01 GMT","inverseRate":0.021549161876066},"irr":{"code":"IRR","alphaCode":"IRR","numericCode":"364","name":"Iranian rial","rate":4742.8129384843,"date":"Sun, 27 Jun 2021 23:55:01 GMT","inverseRate":0.00021084533861451},"ves":{"code":"VES","alphaCode":"VES","numericCode":"928","name":"Venezuelan Bolivar","rate":359106.21897737,"date":"Sun, 27 Jun 2021 23:55:01 GMT","inverseRate":2.7846914009112e-6},"sbd":{"code":"SBD","alphaCode":"SBD","numericCode":"090","name":"Solomon Islands dollar","rate":0.92038854314684,"date":"Sun, 27 Jun 2021 23:55:01 GMT","inverseRate":1.0864976617168},"mwk":{"code":"MWK","alphaCode":"MWK","numericCode":"454","name":"Malawian kwacha","rate":90.922638421931,"date":"Sun, 27 Jun 2021 23:55:01 GMT","inverseRate":0.010998360995195},"gtq":{"code":"GTQ","alphaCode":"GTQ","numericCode":"320","name":"Guatemalan Quetzal","rate":0.87300592560382,"date":"Sun, 27 Jun 2021 23:55:01 GMT","inverseRate":1.1454675972655},"sek":{"code":"SEK","alphaCode":"SEK","numericCode":"752","name":"Swedish Krona","rate":0.9584468543038,"date":"Sun, 27 Jun 2021 23:55:01 GMT","inverseRate":1.0433546685553},"npr":{"code":"NPR","alphaCode":"NPR","numericCode":"524","name":"Nepalese Rupee","rate":13.423349611065,"date":"Sun, 27 Jun 2021 23:55:01 GMT","inverseRate":0.074497053937692},"isk":{"code":"ISK","alphaCode":"ISK","numericCode":"352","name":"Icelandic Krona","rate":13.931417486581,"date":"Sun, 27 Jun 2021 23:55:01 GMT","inverseRate":0.071780204775515},"gip":{"code":"GIP","alphaCode":"GIP","numericCode":"292","name":"Gibraltar pound","rate":0.081030124816632,"date":"Sun, 27 Jun 2021 23:55:01 GMT","inverseRate":12.341089221607},"gel":{"code":"GEL","alphaCode":"GEL","numericCode":"981","name":"Georgian lari","rate":0.36667465665829,"date":"Sun, 27 Jun 2021 23:55:01 GMT","inverseRate":2.7272132988779},"mkd":{"code":"MKD","alphaCode":"MKD","numericCode":"807","name":"Macedonian denar","rate":5.8460751399909,"date":"Sun, 27 Jun 2021 23:55:01 GMT","inverseRate":0.17105493447379},"bif":{"code":"BIF","alphaCode":"BIF","numericCode":"108","name":"Burundian franc","rate":223.38546815633,"date":"Sun, 27 Jun 2021 23:55:01 GMT","inverseRate":0.0044765669327253},"mmk":{"code":"MMK","alphaCode":"MMK","numericCode":"104","name":"Myanma Kyat","rate":185.79843503611,"date":"Sun, 27 Jun 2021 23:55:01 GMT","inverseRate":0.0053821766572233},"mvr":{"code":"MVR","alphaCode":"MVR","numericCode":"462","name":"Maldivian rufiyaa","rate":1.7449424278606,"date":"Sun, 27 Jun 2021 23:55:01 GMT","inverseRate":0.57308481015391},"kes":{"code":"KES","alphaCode":"KES","numericCode":"404","name":"Kenyan shilling","rate":12.161659758185,"date":"Sun, 27 Jun 2021 23:55:01 GMT","inverseRate":0.082225618861523},"aed":{"code":"AED","alphaCode":"AED","numericCode":"784","name":"U.A.E Dirham","rate":0.41500616138511,"date":"Sun, 27 Jun 2021 23:55:01 GMT","inverseRate":2.4096027795405},"php":{"code":"PHP","alphaCode":"PHP","numericCode":"608","name":"Philippine Peso","rate":5.4906545219185,"date":"Sun, 27 Jun 2021 23:55:01 GMT","inverseRate":0.18212764908228},"ils":{"code":"ILS","alphaCode":"ILS","numericCode":"376","name":"Israeli New Sheqel","rate":0.36762682200402,"date":"Sun, 27 Jun 2021 23:55:01 GMT","inverseRate":2.7201497283271},"mro":{"code":"MRO","alphaCode":"MRO","numericCode":"478","name":"Mauritanian Ouguiya","rate":4.0991433635052,"date":"Sun, 27 Jun 2021 23:55:01 GMT","inverseRate":0.24395340960822},"cop":{"code":"COP","alphaCode":"COP","numericCode":"170","name":"Colombian Peso","rate":425.63622178238,"date":"Sun, 27 Jun 2021 23:55:01 GMT","inverseRate":0.0023494241063706},"bzd":{"code":"BZD","alphaCode":"BZD","numericCode":"084","name":"Belize dollar","rate":0.22752443860243,"date":"Sun, 27 Jun 2021 23:55:01 GMT","inverseRate":4.3951322598246},"gnf":{"code":"GNF","alphaCode":"GNF","numericCode":"324","name":"Guinean franc","rate":1107.0891206815,"date":"Sun, 27 Jun 2021 23:55:01 GMT","inverseRate":0.00090326964769051},"sll":{"code":"SLL","alphaCode":"SLL","numericCode":"694","name":"Sierra Leonean leone","rate":1158.0932265124,"date":"Sun, 27 Jun 2021 23:55:01 GMT","inverseRate":0.00086348834196321},"ugx":{"code":"UGX","alphaCode":"UGX","numericCode":"800","name":"Ugandan shilling","rate":403.52823473378,"date":"Sun, 27 Jun 2021 23:55:01 GMT","inverseRate":0.0024781413391302},"cny":{"code":"CNY","alphaCode":"CNY","numericCode":"156","name":"Chinese Yuan","rate":0.73081330254264,"date":"Sun, 27 Jun 2021 23:55:01 GMT","inverseRate":1.3683385298554},"sar":{"code":"SAR","alphaCode":"SAR","numericCode":"682","name":"Saudi Riyal","rate":0.42450548686276,"date":"Sun, 27 Jun 2021 23:55:01 GMT","inverseRate":2.3556821547593},"myr":{"code":"MYR","alphaCode":"MYR","numericCode":"458","name":"Malaysian Ringgit","rate":0.46909099068406,"date":"Sun, 27 Jun 2021 23:55:01 GMT","inverseRate":2.1317825749366},"kzt":{"code":"KZT","alphaCode":"KZT","numericCode":"398","name":"Kazakhstani Tenge","rate":48.255031911393,"date":"Sun, 27 Jun 2021 23:55:01 GMT","inverseRate":0.020723227410485},"bob":{"code":"BOB","alphaCode":"BOB","numericCode":"068","name":"Bolivian Boliviano","rate":0.77798424138407,"date":"Sun, 27 Jun 2021 23:55:01 GMT","inverseRate":1.2853730793068},"gyd":{"code":"GYD","alphaCode":"GYD","numericCode":"328","name":"Guyanese dollar","rate":23.574579388926,"date":"Sun, 27 Jun 2021 23:55:01 GMT","inverseRate":0.042418572289342},"rwf":{"code":"RWF","alphaCode":"RWF","numericCode":"646","name":"Rwandan franc","rate":113.50236403269,"date":"Sun, 27 Jun 2021 23:55:01 GMT","inverseRate":0.0088103891801939},"mzn":{"code":"MZN","alphaCode":"MZN","numericCode":"943","name":"Mozambican metical","rate":7.1942154980316,"date":"Sun, 27 Jun 2021 23:55:01 GMT","inverseRate":0.13900056236481},"vuv":{"code":"VUV","alphaCode":"VUV","numericCode":"548","name":"Vanuatu vatu","rate":12.400940237466,"date":"Sun, 27 Jun 2021 23:55:01 GMT","inverseRate":0.08063904678605},"idr":{"code":"IDR","alphaCode":"IDR","numericCode":"360","name":"Indonesian Rupiah","rate":1634.7606605316,"date":"Sun, 27 Jun 2021 23:55:01 GMT","inverseRate":0.00061171034032275},"tnd":{"code":"TND","alphaCode":"TND","numericCode":"788","name":"Tunisian Dinar","rate":0.30956669298348,"date":"Sun, 27 Jun 2021 23:55:01 GMT","inverseRate":3.2303216808061},"xof":{"code":"XOF","alphaCode":"XOF","numericCode":"952","name":"West African CFA Franc","rate":62.224419173342,"date":"Sun, 27 Jun 2021 23:55:01 GMT","inverseRate":0.016070861139165},"tjs":{"code":"TJS","alphaCode":"TJS","numericCode":"972","name":"Tajikistan Ruble","rate":1.2800134771861,"date":"Sun, 27 Jun 2021 23:55:01 GMT","inverseRate":0.781241774265},"afn":{"code":"AFN","alphaCode":"AFN","numericCode":"971","name":"Afghan afghani","rate":8.9281380700125,"date":"Sun, 27 Jun 2021 23:55:01 GMT","inverseRate":0.11200543631362},"nad":{"code":"NAD","alphaCode":"NAD","numericCode":"516","name":"Namibian dollar","rate":1.604717989422,"date":"Sun, 27 Jun 2021 23:55:01 GMT","inverseRate":0.62316245383414},"syp":{"code":"SYP","alphaCode":"SYP","numericCode":"760","name":"Syrian pound","rate":284.89093372204,"date":"Sun, 27 Jun 2021 23:55:01 GMT","inverseRate":0.0035101152112326},"top":{"code":"TOP","alphaCode":"TOP","numericCode":"776","name":"Tongan pa\u02bbanga","rate":0.25006518847392,"date":"Sun, 27 Jun 2021 23:55:01 GMT","inverseRate":3.9989572563168},"kwd":{"code":"KWD","alphaCode":"KWD","numericCode":"414","name":"Kuwaiti Dinar","rate":0.034047480020633,"date":"Sun, 27 Jun 2021 23:55:01 GMT","inverseRate":29.370749300506},"czk":{"code":"CZK","alphaCode":"CZK","numericCode":"203","name":"Czech Koruna","rate":2.4143206697562,"date":"Sun, 27 Jun 2021 23:55:01 GMT","inverseRate":0.41419518646667},"pgk":{"code":"PGK","alphaCode":"PGK","numericCode":"598","name":"Papua New Guinean kina","rate":0.39730373107955,"date":"Sun, 27 Jun 2021 23:55:01 GMT","inverseRate":2.5169660432909},"uah":{"code":"UAH","alphaCode":"UAH","numericCode":"980","name":"Ukrainian Hryvnia","rate":3.1012609814272,"date":"Sun, 27 Jun 2021 23:55:01 GMT","inverseRate":0.32244948296476},"etb":{"code":"ETB","alphaCode":"ETB","numericCode":"230","name":"Ethiopian birr","rate":4.9403052090526,"date":"Sun, 27 Jun 2021 23:55:01 GMT","inverseRate":0.20241664384775},"xcd":{"code":"XCD","alphaCode":"XCD","numericCode":"951","name":"East Caribbean Dollar","rate":0.30585199011099,"date":"Sun, 27 Jun 2021 23:55:01 GMT","inverseRate":3.2695553154227},"lak":{"code":"LAK","alphaCode":"LAK","numericCode":"418","name":"Lao kip","rate":1071.0185478272,"date":"Sun, 27 Jun 2021 23:55:01 GMT","inverseRate":0.00093369064618786},"bwp":{"code":"BWP","alphaCode":"BWP","numericCode":"072","name":"Botswana Pula","rate":1.2269204725326,"date":"Sun, 27 Jun 2021 23:55:01 GMT","inverseRate":0.81504875204815},"nok":{"code":"NOK","alphaCode":"NOK","numericCode":"578","name":"Norwegian Krone","rate":0.96044290324276,"date":"Sun, 27 Jun 2021 23:55:01 GMT","inverseRate":1.0411863075084},"ron":{"code":"RON","alphaCode":"RON","numericCode":"946","name":"Romanian New Leu","rate":0.4667235965961,"date":"Sun, 27 Jun 2021 23:55:01 GMT","inverseRate":2.1425957618025},"byn":{"code":"BYN","alphaCode":"BYN","numericCode":"933","name":"Belarussian Ruble","rate":0.28598183385333,"date":"Sun, 27 Jun 2021 23:55:01 GMT","inverseRate":3.496725601504},"rsd":{"code":"RSD","alphaCode":"RSD","numericCode":"941","name":"Serbian Dinar","rate":10.926566616023,"date":"Sun, 27 Jun 2021 23:55:01 GMT","inverseRate":0.091520057044597},"gmd":{"code":"GMD","alphaCode":"GMD","numericCode":"270","name":"Gambian dalasi","rate":5.8619533687667,"date":"Sun, 27 Jun 2021 23:55:01 GMT","inverseRate":0.17059159926589},"awg":{"code":"AWG","alphaCode":"AWG","numericCode":"533","name":"Aruban florin","rate":0.2043107671558,"date":"Sun, 27 Jun 2021 23:55:01 GMT","inverseRate":4.8945046505426},"aoa":{"code":"AOA","alphaCode":"AOA","numericCode":"973","name":"Angolan kwanza","rate":73.678689755703,"date":"Sun, 27 Jun 2021 23:55:01 GMT","inverseRate":0.013572445483432},"khr":{"code":"KHR","alphaCode":"KHR","numericCode":"116","name":"Cambodian riel","rate":459.9961254931,"date":"Sun, 27 Jun 2021 23:55:01 GMT","inverseRate":0.0021739313541566},"scr":{"code":"SCR","alphaCode":"SCR","numericCode":"690","name":"Seychelles rupee","rate":1.6917513878982,"date":"Sun, 27 Jun 2021 23:55:01 GMT","inverseRate":0.59110340157154},"bhd":{"code":"BHD","alphaCode":"BHD","numericCode":"048","name":"Bahrain Dinar","rate":0.04260208532928,"date":"Sun, 27 Jun 2021 23:55:01 GMT","inverseRate":23.473029366305},"omr":{"code":"OMR","alphaCode":"OMR","numericCode":"512","name":"Omani Rial","rate":0.043541262699462,"date":"Sun, 27 Jun 2021 23:55:01 GMT","inverseRate":22.966720255735},"rub":{"code":"RUB","alphaCode":"RUB","numericCode":"643","name":"Russian Rouble","rate":8.1695739808121,"date":"Sun, 27 Jun 2021 23:55:01 GMT","inverseRate":0.12240540355577},"lyd":{"code":"LYD","alphaCode":"LYD","numericCode":"434","name":"Libyan Dinar","rate":0.50384525510052,"date":"Sun, 27 Jun 2021 23:55:01 GMT","inverseRate":1.9847363647406},"clp":{"code":"CLP","alphaCode":"CLP","numericCode":"152","name":"Chilean Peso","rate":83.074007467813,"date":"Sun, 27 Jun 2021 23:55:01 GMT","inverseRate":0.012037459495227},"bsd":{"code":"BSD","alphaCode":"BSD","numericCode":"044","name":"Bahamian Dollar","rate":0.11281915639238,"date":"Sun, 27 Jun 2021 23:55:01 GMT","inverseRate":8.8637429314044},"djf":{"code":"DJF","alphaCode":"DJF","numericCode":"262","name":"Djiboutian franc","rate":20.093873164201,"date":"Sun, 27 Jun 2021 23:55:01 GMT","inverseRate":0.049766413464855},"hnl":{"code":"HNL","alphaCode":"HNL","numericCode":"340","name":"Honduran Lempira","rate":2.704660763184,"date":"Sun, 27 Jun 2021 23:55:01 GMT","inverseRate":0.36973213558316},"tzs":{"code":"TZS","alphaCode":"TZS","numericCode":"834","name":"Tanzanian shilling","rate":261.68793667059,"date":"Sun, 27 Jun 2021 23:55:01 GMT","inverseRate":0.0038213454266284},"bbd":{"code":"BBD","alphaCode":"BBD","numericCode":"052","name":"Barbadian Dollar","rate":0.22654495260457,"date":"Sun, 27 Jun 2021 23:55:01 GMT","inverseRate":4.4141349807315},"bdt":{"code":"BDT","alphaCode":"BDT","numericCode":"050","name":"Bangladeshi taka","rate":9.5769888876225,"date":"Sun, 27 Jun 2021 23:55:01 GMT","inverseRate":0.10441695315032},"qar":{"code":"QAR","alphaCode":"QAR","numericCode":"634","name":"Qatari Rial","rate":0.4140825703268,"date":"Sun, 27 Jun 2021 23:55:01 GMT","inverseRate":2.4149772814895},"mxn":{"code":"MXN","alphaCode":"MXN","numericCode":"484","name":"Mexican Peso","rate":2.2409406339005,"date":"Sun, 27 Jun 2021 23:55:01 GMT","inverseRate":0.44624118322109},"amd":{"code":"AMD","alphaCode":"AMD","numericCode":"051","name":"Armenia Dram","rate":58.602759062121,"date":"Sun, 27 Jun 2021 23:55:01 GMT","inverseRate":0.017064042990535},"uyu":{"code":"UYU","alphaCode":"UYU","numericCode":"858","name":"Uruguayan Peso","rate":4.927024683272,"date":"Sun, 27 Jun 2021 23:55:01 GMT","inverseRate":0.20296224684953},"fjd":{"code":"FJD","alphaCode":"FJD","numericCode":"242","name":"Fiji Dollar","rate":0.23281743425937,"date":"Sun, 27 Jun 2021 23:55:01 GMT","inverseRate":4.2952109801448},"cdf":{"code":"CDF","alphaCode":"CDF","numericCode":"976","name":"Congolese franc","rate":224.44138686086,"date":"Sun, 27 Jun 2021 23:55:01 GMT","inverseRate":0.0044555062414579},"lsl":{"code":"LSL","alphaCode":"LSL","numericCode":"426","name":"Lesotho loti","rate":1.6053208136103,"date":"Sun, 27 Jun 2021 23:55:01 GMT","inverseRate":0.6229284461534},"mnt":{"code":"MNT","alphaCode":"MNT","numericCode":"496","name":"Mongolian togrog","rate":321.78945827038,"date":"Sun, 27 Jun 2021 23:55:01 GMT","inverseRate":0.0031076220003446},"brl":{"code":"BRL","alphaCode":"BRL","numericCode":"986","name":"Brazilian Real","rate":0.5657636112206,"date":"Sun, 27 Jun 2021 23:55:01 GMT","inverseRate":1.7675226546341},"hkd":{"code":"HKD","alphaCode":"HKD","numericCode":"344","name":"Hong Kong Dollar","rate":0.8786505065705,"date":"Sun, 27 Jun 2021 23:55:01 GMT","inverseRate":1.1381089437974},"thb":{"code":"THB","alphaCode":"THB","numericCode":"764","name":"Thai Baht","rate":3.5774884500575,"date":"Sun, 27 Jun 2021 23:55:01 GMT","inverseRate":0.27952571027418},"xaf":{"code":"XAF","alphaCode":"XAF","numericCode":"950","name":"Central African CFA Franc","rate":62.277171821625,"date":"Sun, 27 Jun 2021 23:55:01 GMT","inverseRate":0.016057248117564},"mdl":{"code":"MDL","alphaCode":"MDL","numericCode":"498","name":"Moldova Lei","rate":2.0366533803245,"date":"Sun, 27 Jun 2021 23:55:01 GMT","inverseRate":0.49100156642298},"nio":{"code":"NIO","alphaCode":"NIO","numericCode":"558","name":"Nicaraguan C\u00f3rdoba","rate":3.959334225564,"date":"Sun, 27 Jun 2021 23:55:01 GMT","inverseRate":0.25256771543644},"lrd":{"code":"LRD","alphaCode":"LRD","numericCode":"430","name":"Liberian dollar","rate":19.336488714167,"date":"Sun, 27 Jun 2021 23:55:01 GMT","inverseRate":0.051715697445491},"sdg":{"code":"SDG","alphaCode":"SDG","numericCode":"938","name":"Sudanese pound","rate":49.690279137566,"date":"Sun, 27 Jun 2021 23:55:01 GMT","inverseRate":0.0201246605444},"mru":{"code":"MRU","alphaCode":"MRU","numericCode":"929","name":"Mauritanian ouguiya","rate":4.0776374101438,"date":"Sun, 27 Jun 2021 23:55:01 GMT","inverseRate":0.24524004942478},"dkk":{"code":"DKK","alphaCode":"DKK","numericCode":"208","name":"Danish Krone","rate":0.70459417570641,"date":"Sun, 27 Jun 2021 23:55:01 GMT","inverseRate":1.4192566933972},"jod":{"code":"JOD","alphaCode":"JOD","numericCode":"400","name":"Jordanian Dinar","rate":0.080204258062289,"date":"Sun, 27 Jun 2021 23:55:01 GMT","inverseRate":12.468165957266},"bgn":{"code":"BGN","alphaCode":"BGN","numericCode":"975","name":"Bulgarian Lev","rate":0.18531605083911,"date":"Sun, 27 Jun 2021 23:55:01 GMT","inverseRate":5.3961866523273},"vnd":{"code":"VND","alphaCode":"VND","numericCode":"704","name":"Vietnamese Dong","rate":2603.788823545,"date":"Sun, 27 Jun 2021 23:55:01 GMT","inverseRate":0.00038405572332035},"uzs":{"code":"UZS","alphaCode":"UZS","numericCode":"860","name":"Uzbekistan Sum","rate":1193.5231058655,"date":"Sun, 27 Jun 2021 23:55:01 GMT","inverseRate":0.00083785558493637},"pab":{"code":"PAB","alphaCode":"PAB","numericCode":"590","name":"Panamanian Balboa","rate":0.11281915639238,"date":"Sun, 27 Jun 2021 23:55:01 GMT","inverseRate":8.8637429314044},"ttd":{"code":"TTD","alphaCode":"TTD","numericCode":"780","name":"Trinidad Tobago Dollar","rate":0.76721077303961,"date":"Sun, 27 Jun 2021 23:55:01 GMT","inverseRate":1.303422781771},"htg":{"code":"HTG","alphaCode":"HTG","numericCode":"332","name":"Haitian gourde","rate":10.603880907769,"date":"Sun, 27 Jun 2021 23:55:01 GMT","inverseRate":0.094305095341779},"cup":{"code":"CUP","alphaCode":"CUP","numericCode":"192","name":"Cuban peso","rate":0.11281915639238,"date":"Sun, 27 Jun 2021 23:55:01 GMT","inverseRate":8.8637429314044}}