{"usd":{"code":"USD","alphaCode":"USD","numericCode":"840","name":"U.S. Dollar","rate":0.05558368223684,"date":"Sun, 27 Jun 2021 23:55:01 GMT","inverseRate":17.990891566684},"eur":{"code":"EUR","alphaCode":"EUR","numericCode":"978","name":"Euro","rate":0.046531807696664,"date":"Sun, 27 Jun 2021 23:55:01 GMT","inverseRate":21.490675937606},"gbp":{"code":"GBP","alphaCode":"GBP","numericCode":"826","name":"U.K. Pound Sterling","rate":0.039969251572034,"date":"Sun, 27 Jun 2021 23:55:01 GMT","inverseRate":25.019232551747},"jpy":{"code":"JPY","alphaCode":"JPY","numericCode":"392","name":"Japanese Yen","rate":6.154939089291,"date":"Sun, 27 Jun 2021 23:55:01 GMT","inverseRate":0.16247114479815},"aud":{"code":"AUD","alphaCode":"AUD","numericCode":"036","name":"Australian Dollar","rate":0.073165618883485,"date":"Sun, 27 Jun 2021 23:55:01 GMT","inverseRate":13.667621695273},"chf":{"code":"CHF","alphaCode":"CHF","numericCode":"756","name":"Swiss Franc","rate":0.050971055513036,"date":"Sun, 27 Jun 2021 23:55:01 GMT","inverseRate":19.61897767144},"cad":{"code":"CAD","alphaCode":"CAD","numericCode":"124","name":"Canadian Dollar","rate":0.068367612876131,"date":"Sun, 27 Jun 2021 23:55:01 GMT","inverseRate":14.626808775843},"lkr":{"code":"LKR","alphaCode":"LKR","numericCode":"144","name":"Sri Lanka Rupee","rate":11.044547898967,"date":"Sun, 27 Jun 2021 23:55:01 GMT","inverseRate":0.090542411436641},"pln":{"code":"PLN","alphaCode":"PLN","numericCode":"985","name":"Polish Zloty","rate":0.20987186231732,"date":"Sun, 27 Jun 2021 23:55:01 GMT","inverseRate":4.7648121523218},"pen":{"code":"PEN","alphaCode":"PEN","numericCode":"604","name":"Peruvian Nuevo Sol","rate":0.2212342341903,"date":"Sun, 27 Jun 2021 23:55:01 GMT","inverseRate":4.5200961038419},"iqd":{"code":"IQD","alphaCode":"IQD","numericCode":"368","name":"Iraqi dinar","rate":80.935730529389,"date":"Sun, 27 Jun 2021 23:55:01 GMT","inverseRate":0.012355482473058},"svc":{"code":"SVC","alphaCode":"SVC","numericCode":"222","name":"Salvadoran colon","rate":0.48513951925052,"date":"Sun, 27 Jun 2021 23:55:01 GMT","inverseRate":2.0612627096322},"cve":{"code":"CVE","alphaCode":"CVE","numericCode":"132","name":"Cape Verde escudo","rate":5.180810915453,"date":"Sun, 27 Jun 2021 23:55:01 GMT","inverseRate":0.1930199762777},"zmw":{"code":"ZMW","alphaCode":"ZMW","numericCode":"967","name":"Zambian kwacha","rate":1.251926265369,"date":"Sun, 27 Jun 2021 23:55:01 GMT","inverseRate":0.79876908701586},"yer":{"code":"YER","alphaCode":"YER","numericCode":"886","name":"Yemeni rial","rate":13.938012626269,"date":"Sun, 27 Jun 2021 23:55:01 GMT","inverseRate":0.071746240071223},"dop":{"code":"DOP","alphaCode":"DOP","numericCode":"214","name":"Dominican Peso","rate":3.1557074244851,"date":"Sun, 27 Jun 2021 23:55:01 GMT","inverseRate":0.31688615751923},"nzd":{"code":"NZD","alphaCode":"NZD","numericCode":"554","name":"New Zealand Dollar","rate":0.078530634264225,"date":"Sun, 27 Jun 2021 23:55:01 GMT","inverseRate":12.733884163413},"hrk":{"code":"HRK","alphaCode":"HRK","numericCode":"191","name":"Croatian Kuna","rate":0.34876115912806,"date":"Sun, 27 Jun 2021 23:55:01 GMT","inverseRate":2.8672917663771},"dzd":{"code":"DZD","alphaCode":"DZD","numericCode":"012","name":"Algerian Dinar","rate":7.4017920322369,"date":"Sun, 27 Jun 2021 23:55:01 GMT","inverseRate":0.13510241785296},"ars":{"code":"ARS","alphaCode":"ARS","numericCode":"032","name":"Argentine Peso","rate":5.2997762147617,"date":"Sun, 27 Jun 2021 23:55:01 GMT","inverseRate":0.18868721234203},"stn":{"code":"STN","alphaCode":"STN","numericCode":"930","name":"S\u00e3o Tom\u00e9 and Pr\u00edncipe Dobra","rate":1.1509755462197,"date":"Sun, 27 Jun 2021 23:55:01 GMT","inverseRate":0.86882818951667},"xpf":{"code":"XPF","alphaCode":"XPF","numericCode":"953","name":"CFP Franc","rate":5.5445615325384,"date":"Sun, 27 Jun 2021 23:55:01 GMT","inverseRate":0.18035691264881},"all":{"code":"ALL","alphaCode":"ALL","numericCode":"008","name":"Albanian lek","rate":5.6925809727843,"date":"Sun, 27 Jun 2021 23:55:01 GMT","inverseRate":0.17566724211406},"mur":{"code":"MUR","alphaCode":"MUR","numericCode":"480","name":"Mauritian Rupee","rate":2.2757358142717,"date":"Sun, 27 Jun 2021 23:55:01 GMT","inverseRate":0.43941831636552},"sos":{"code":"SOS","alphaCode":"SOS","numericCode":"706","name":"Somali shilling","rate":32.05849382366,"date":"Sun, 27 Jun 2021 23:55:01 GMT","inverseRate":0.031192981351543},"ang":{"code":"ANG","alphaCode":"ANG","numericCode":"532","name":"Neth. Antillean Guilder","rate":0.098850425280046,"date":"Sun, 27 Jun 2021 23:55:01 GMT","inverseRate":10.116294362588},"pkr":{"code":"PKR","alphaCode":"PKR","numericCode":"586","name":"Pakistani Rupee","rate":8.5959702645028,"date":"Sun, 27 Jun 2021 23:55:01 GMT","inverseRate":0.11633358064645},"krw":{"code":"KRW","alphaCode":"KRW","numericCode":"410","name":"South Korean Won","rate":62.65408851917,"date":"Sun, 27 Jun 2021 23:55:01 GMT","inverseRate":0.015960650352356},"azn":{"code":"AZN","alphaCode":"AZN","numericCode":"944","name":"Azerbaijan Manat","rate":0.09421931407454,"date":"Sun, 27 Jun 2021 23:55:01 GMT","inverseRate":10.613535131543},"pyg":{"code":"PYG","alphaCode":"PYG","numericCode":"600","name":"Paraguayan Guaran\u00ed","rate":376.77768556137,"date":"Sun, 27 Jun 2021 23:55:01 GMT","inverseRate":0.00265408499049},"bnd":{"code":"BND","alphaCode":"BND","numericCode":"096","name":"Brunei Dollar","rate":0.074595720305692,"date":"Sun, 27 Jun 2021 23:55:01 GMT","inverseRate":13.405594796887},"kmf":{"code":"KMF","alphaCode":"KMF","numericCode":"174","name":"\tComoro franc","rate":22.971627115815,"date":"Sun, 27 Jun 2021 23:55:01 GMT","inverseRate":0.043531962057296},"szl":{"code":"SZL","alphaCode":"SZL","numericCode":"748","name":"Swazi lilangeni","rate":0.78791904647334,"date":"Sun, 27 Jun 2021 23:55:01 GMT","inverseRate":1.2691659180926},"wst":{"code":"WST","alphaCode":"WST","numericCode":"882","name":"Samoan tala","rate":0.14088688785057,"date":"Sun, 27 Jun 2021 23:55:01 GMT","inverseRate":7.0978926091452},"egp":{"code":"EGP","alphaCode":"EGP","numericCode":"818","name":"Egyptian Pound","rate":0.87137647428023,"date":"Sun, 27 Jun 2021 23:55:01 GMT","inverseRate":1.1476095918541},"sgd":{"code":"SGD","alphaCode":"SGD","numericCode":"702","name":"Singapore Dollar","rate":0.07458401726336,"date":"Sun, 27 Jun 2021 23:55:01 GMT","inverseRate":13.407698280302},"zar":{"code":"ZAR","alphaCode":"ZAR","numericCode":"710","name":"South African Rand","rate":0.78360041169846,"date":"Sun, 27 Jun 2021 23:55:01 GMT","inverseRate":1.2761606363025},"kgs":{"code":"KGS","alphaCode":"KGS","numericCode":"417","name":"Kyrgyzstan Som","rate":4.6456887684567,"date":"Sun, 27 Jun 2021 23:55:01 GMT","inverseRate":0.2152533348316},"crc":{"code":"CRC","alphaCode":"CRC","numericCode":"188","name":"Costa Rican Col\u00f3n","rate":34.330517640291,"date":"Sun, 27 Jun 2021 23:55:01 GMT","inverseRate":0.029128602442813},"jmd":{"code":"JMD","alphaCode":"JMD","numericCode":"388","name":"Jamaican Dollar","rate":8.2933929674248,"date":"Sun, 27 Jun 2021 23:55:01 GMT","inverseRate":0.12057791110681},"ssp":{"code":"SSP","alphaCode":"SSP","numericCode":"728","name":"South Sudanese pound","rate":9.8573166436085,"date":"Sun, 27 Jun 2021 23:55:01 GMT","inverseRate":0.10144748679129},"ern":{"code":"ERN","alphaCode":"ERN","numericCode":"232","name":"Eritrean nakfa","rate":0.83561466378277,"date":"Sun, 27 Jun 2021 23:55:01 GMT","inverseRate":1.1967238529217},"bam":{"code":"BAM","alphaCode":"BAM","numericCode":"977","name":"Bosnia and Herzegovina convertible mark","rate":0.091757922803976,"date":"Sun, 27 Jun 2021 23:55:01 GMT","inverseRate":10.898241475413},"inr":{"code":"INR","alphaCode":"INR","numericCode":"356","name":"Indian Rupee","rate":4.1236099807392,"date":"Sun, 27 Jun 2021 23:55:01 GMT","inverseRate":0.24250596071667},"try":{"code":"TRY","alphaCode":"TRY","numericCode":"949","name":"Turkish Lira","rate":0.48419715262786,"date":"Sun, 27 Jun 2021 23:55:01 GMT","inverseRate":2.0652744333021},"twd":{"code":"TWD","alphaCode":"TWD","numericCode":"901","name":"New Taiwan Dollar ","rate":1.5506940329624,"date":"Sun, 27 Jun 2021 23:55:01 GMT","inverseRate":0.64487254012943},"tmt":{"code":"TMT","alphaCode":"TMT","numericCode":"934","name":"New Turkmenistan Manat","rate":0.1940405239515,"date":"Sun, 27 Jun 2021 23:55:01 GMT","inverseRate":5.1535626663736},"mga":{"code":"MGA","alphaCode":"MGA","numericCode":"969","name":"Malagasy ariary","rate":209.82284207585,"date":"Sun, 27 Jun 2021 23:55:01 GMT","inverseRate":0.0047659253401901},"srd":{"code":"SRD","alphaCode":"SRD","numericCode":"968","name":"Surinamese dollar","rate":1.1535065534681,"date":"Sun, 27 Jun 2021 23:55:01 GMT","inverseRate":0.86692181938059},"ghs":{"code":"GHS","alphaCode":"GHS","numericCode":"936","name":"Ghanaian Cedi","rate":0.32310262099762,"date":"Sun, 27 Jun 2021 23:55:01 GMT","inverseRate":3.0949919159194},"mop":{"code":"MOP","alphaCode":"MOP","numericCode":"446","name":"Macanese pataca","rate":0.44360008895528,"date":"Sun, 27 Jun 2021 23:55:01 GMT","inverseRate":2.2542826859099},"lbp":{"code":"LBP","alphaCode":"LBP","numericCode":"422","name":"Lebanese Pound","rate":83.699998912319,"date":"Sun, 27 Jun 2021 23:55:01 GMT","inverseRate":0.011947431457527},"huf":{"code":"HUF","alphaCode":"HUF","numericCode":"348","name":"Hungarian Forint","rate":16.355757499217,"date":"Sun, 27 Jun 2021 23:55:01 GMT","inverseRate":0.061140549439418},"ngn":{"code":"NGN","alphaCode":"NGN","numericCode":"566","name":"Nigerian Naira","rate":22.785181588353,"date":"Sun, 27 Jun 2021 23:55:01 GMT","inverseRate":0.04388817337805},"irr":{"code":"IRR","alphaCode":"IRR","numericCode":"364","name":"Iranian rial","rate":2328.728582047,"date":"Sun, 27 Jun 2021 23:55:01 GMT","inverseRate":0.00042941887161491},"ves":{"code":"VES","alphaCode":"VES","numericCode":"928","name":"Venezuelan Bolivar","rate":176321.71603012,"date":"Sun, 27 Jun 2021 23:55:01 GMT","inverseRate":5.6714511548263e-6},"sbd":{"code":"SBD","alphaCode":"SBD","numericCode":"090","name":"Solomon Islands dollar","rate":0.45191221640287,"date":"Sun, 27 Jun 2021 23:55:01 GMT","inverseRate":2.2128191354503},"mwk":{"code":"MWK","alphaCode":"MWK","numericCode":"454","name":"Malawian kwacha","rate":44.643157888478,"date":"Sun, 27 Jun 2021 23:55:01 GMT","inverseRate":0.022399849098894},"gtq":{"code":"GTQ","alphaCode":"GTQ","numericCode":"320","name":"Guatemalan Quetzal","rate":0.42864727696802,"date":"Sun, 27 Jun 2021 23:55:01 GMT","inverseRate":2.3329204540231},"sek":{"code":"SEK","alphaCode":"SEK","numericCode":"752","name":"Swedish Krona","rate":0.47059890679635,"date":"Sun, 27 Jun 2021 23:55:01 GMT","inverseRate":2.1249518125905},"npr":{"code":"NPR","alphaCode":"NPR","numericCode":"524","name":"Nepalese Rupee","rate":6.5908856856762,"date":"Sun, 27 Jun 2021 23:55:01 GMT","inverseRate":0.15172467672642},"isk":{"code":"ISK","alphaCode":"ISK","numericCode":"352","name":"Icelandic Krona","rate":6.840347808404,"date":"Sun, 27 Jun 2021 23:55:01 GMT","inverseRate":0.14619139669644},"gip":{"code":"GIP","alphaCode":"GIP","numericCode":"292","name":"Gibraltar pound","rate":0.039785918212416,"date":"Sun, 27 Jun 2021 23:55:01 GMT","inverseRate":25.134521080072},"gel":{"code":"GEL","alphaCode":"GEL","numericCode":"981","name":"Georgian lari","rate":0.18003783078683,"date":"Sun, 27 Jun 2021 23:55:01 GMT","inverseRate":5.5543881840257},"mkd":{"code":"MKD","alphaCode":"MKD","numericCode":"807","name":"Macedonian denar","rate":2.870432051162,"date":"Sun, 27 Jun 2021 23:55:01 GMT","inverseRate":0.34837961051723},"bif":{"code":"BIF","alphaCode":"BIF","numericCode":"108","name":"Burundian franc","rate":109.68261478089,"date":"Sun, 27 Jun 2021 23:55:01 GMT","inverseRate":0.0091172151757838},"mmk":{"code":"MMK","alphaCode":"MMK","numericCode":"104","name":"Myanma Kyat","rate":91.227322641671,"date":"Sun, 27 Jun 2021 23:55:01 GMT","inverseRate":0.010961628282438},"mvr":{"code":"MVR","alphaCode":"MVR","numericCode":"462","name":"Maldivian rufiyaa","rate":0.85676946539749,"date":"Sun, 27 Jun 2021 23:55:01 GMT","inverseRate":1.1671751158126},"kes":{"code":"KES","alphaCode":"KES","numericCode":"404","name":"Kenyan shilling","rate":5.971393991572,"date":"Sun, 27 Jun 2021 23:55:01 GMT","inverseRate":0.16746508460359},"aed":{"code":"AED","alphaCode":"AED","numericCode":"784","name":"U.A.E Dirham","rate":0.20376867531528,"date":"Sun, 27 Jun 2021 23:55:01 GMT","inverseRate":4.9075256461905},"php":{"code":"PHP","alphaCode":"PHP","numericCode":"608","name":"Philippine Peso","rate":2.6959199709494,"date":"Sun, 27 Jun 2021 23:55:01 GMT","inverseRate":0.37093089215398},"ils":{"code":"ILS","alphaCode":"ILS","numericCode":"376","name":"Israeli New Sheqel","rate":0.18050534546308,"date":"Sun, 27 Jun 2021 23:55:01 GMT","inverseRate":5.5400021391862},"mro":{"code":"MRO","alphaCode":"MRO","numericCode":"478","name":"Mauritanian Ouguiya","rate":2.0126858124734,"date":"Sun, 27 Jun 2021 23:55:01 GMT","inverseRate":0.49684853632027},"cop":{"code":"COP","alphaCode":"COP","numericCode":"170","name":"Colombian Peso","rate":208.98805162151,"date":"Sun, 27 Jun 2021 23:55:01 GMT","inverseRate":0.0047849625480555},"bzd":{"code":"BZD","alphaCode":"BZD","numericCode":"084","name":"Belize dollar","rate":0.1117148557533,"date":"Sun, 27 Jun 2021 23:55:01 GMT","inverseRate":8.951360973945},"gnf":{"code":"GNF","alphaCode":"GNF","numericCode":"324","name":"Guinean franc","rate":543.58249242447,"date":"Sun, 27 Jun 2021 23:55:01 GMT","inverseRate":0.0018396471813134},"sll":{"code":"SLL","alphaCode":"SLL","numericCode":"694","name":"Sierra Leonean leone","rate":568.62558828142,"date":"Sun, 27 Jun 2021 23:55:01 GMT","inverseRate":0.0017586264505302},"ugx":{"code":"UGX","alphaCode":"UGX","numericCode":"800","name":"Ugandan shilling","rate":198.13299535019,"date":"Sun, 27 Jun 2021 23:55:01 GMT","inverseRate":0.0050471149352614},"cny":{"code":"CNY","alphaCode":"CNY","numericCode":"156","name":"Chinese Yuan","rate":0.35883047631119,"date":"Sun, 27 Jun 2021 23:55:01 GMT","inverseRate":2.7868312922584},"sar":{"code":"SAR","alphaCode":"SAR","numericCode":"682","name":"Saudi Riyal","rate":0.20843285900477,"date":"Sun, 27 Jun 2021 23:55:01 GMT","inverseRate":4.7977080234606},"myr":{"code":"MYR","alphaCode":"MYR","numericCode":"458","name":"Malaysian Ringgit","rate":0.23032441122078,"date":"Sun, 27 Jun 2021 23:55:01 GMT","inverseRate":4.3417021873614},"kzt":{"code":"KZT","alphaCode":"KZT","numericCode":"398","name":"Kazakhstani Tenge","rate":23.693296256285,"date":"Sun, 27 Jun 2021 23:55:01 GMT","inverseRate":0.042206031156798},"bob":{"code":"BOB","alphaCode":"BOB","numericCode":"068","name":"Bolivian Boliviano","rate":0.38199148117197,"date":"Sun, 27 Jun 2021 23:55:01 GMT","inverseRate":2.6178594269483},"gyd":{"code":"GYD","alphaCode":"GYD","numericCode":"328","name":"Guyanese dollar","rate":11.575155407726,"date":"Sun, 27 Jun 2021 23:55:01 GMT","inverseRate":0.086391928641628},"rwf":{"code":"RWF","alphaCode":"RWF","numericCode":"646","name":"Rwandan franc","rate":55.72983853276,"date":"Sun, 27 Jun 2021 23:55:01 GMT","inverseRate":0.017943708905816},"mzn":{"code":"MZN","alphaCode":"MZN","numericCode":"943","name":"Mozambican metical","rate":3.532371078718,"date":"Sun, 27 Jun 2021 23:55:01 GMT","inverseRate":0.28309596520729},"vuv":{"code":"VUV","alphaCode":"VUV","numericCode":"548","name":"Vanuatu vatu","rate":6.0888810817134,"date":"Sun, 27 Jun 2021 23:55:01 GMT","inverseRate":0.16423378722295},"idr":{"code":"IDR","alphaCode":"IDR","numericCode":"360","name":"Indonesian Rupiah","rate":802.67004504767,"date":"Sun, 27 Jun 2021 23:55:01 GMT","inverseRate":0.0012458419323978},"tnd":{"code":"TND","alphaCode":"TND","numericCode":"788","name":"Tunisian Dinar","rate":0.15199773116727,"date":"Sun, 27 Jun 2021 23:55:01 GMT","inverseRate":6.5790455707493},"xof":{"code":"XOF","alphaCode":"XOF","numericCode":"952","name":"West African CFA Franc","rate":30.552287283871,"date":"Sun, 27 Jun 2021 23:55:01 GMT","inverseRate":0.032730773663807},"tjs":{"code":"TJS","alphaCode":"TJS","numericCode":"972","name":"Tajikistan Ruble","rate":0.62848862234091,"date":"Sun, 27 Jun 2021 23:55:01 GMT","inverseRate":1.5911187004075},"afn":{"code":"AFN","alphaCode":"AFN","numericCode":"971","name":"Afghan afghani","rate":4.3837297776168,"date":"Sun, 27 Jun 2021 23:55:01 GMT","inverseRate":0.22811625048286},"nad":{"code":"NAD","alphaCode":"NAD","numericCode":"516","name":"Namibian dollar","rate":0.78791904647334,"date":"Sun, 27 Jun 2021 23:55:01 GMT","inverseRate":1.2691659180926},"syp":{"code":"SYP","alphaCode":"SYP","numericCode":"760","name":"Syrian pound","rate":139.88189471723,"date":"Sun, 27 Jun 2021 23:55:01 GMT","inverseRate":0.0071488880102853},"top":{"code":"TOP","alphaCode":"TOP","numericCode":"776","name":"Tongan pa\u02bbanga","rate":0.12278239924855,"date":"Sun, 27 Jun 2021 23:55:01 GMT","inverseRate":8.1444898138509},"kwd":{"code":"KWD","alphaCode":"KWD","numericCode":"414","name":"Kuwaiti Dinar","rate":0.016717366022886,"date":"Sun, 27 Jun 2021 23:55:01 GMT","inverseRate":59.818035845539},"czk":{"code":"CZK","alphaCode":"CZK","numericCode":"203","name":"Czech Koruna","rate":1.1854352306977,"date":"Sun, 27 Jun 2021 23:55:01 GMT","inverseRate":0.84357202663148},"pgk":{"code":"PGK","alphaCode":"PGK","numericCode":"598","name":"Papua New Guinean kina","rate":0.19507675430576,"date":"Sun, 27 Jun 2021 23:55:01 GMT","inverseRate":5.1261874002304},"uah":{"code":"UAH","alphaCode":"UAH","numericCode":"980","name":"Ukrainian Hryvnia","rate":1.5227239997673,"date":"Sun, 27 Jun 2021 23:55:01 GMT","inverseRate":0.65671782946407},"etb":{"code":"ETB","alphaCode":"ETB","numericCode":"230","name":"Ethiopian birr","rate":2.4256975962525,"date":"Sun, 27 Jun 2021 23:55:01 GMT","inverseRate":0.41225254192647},"xcd":{"code":"XCD","alphaCode":"XCD","numericCode":"951","name":"East Caribbean Dollar","rate":0.15017380623808,"date":"Sun, 27 Jun 2021 23:55:01 GMT","inverseRate":6.6589508853135},"lak":{"code":"LAK","alphaCode":"LAK","numericCode":"418","name":"Lao kip","rate":525.87178465125,"date":"Sun, 27 Jun 2021 23:55:01 GMT","inverseRate":0.0019016042107359},"bwp":{"code":"BWP","alphaCode":"BWP","numericCode":"072","name":"Botswana Pula","rate":0.60241987388992,"date":"Sun, 27 Jun 2021 23:55:01 GMT","inverseRate":1.6599717959881},"nok":{"code":"NOK","alphaCode":"NOK","numericCode":"578","name":"Norwegian Krone","rate":0.47157896995204,"date":"Sun, 27 Jun 2021 23:55:01 GMT","inverseRate":2.1205356127346},"mad":{"code":"MAD","alphaCode":"MAD","numericCode":"504","name":"Moroccan Dirham","rate":0.49100156642298,"date":"Sun, 27 Jun 2021 23:55:01 GMT","inverseRate":2.0366533803245},"ron":{"code":"RON","alphaCode":"RON","numericCode":"946","name":"Romanian New Leu","rate":0.22916201701525,"date":"Sun, 27 Jun 2021 23:55:01 GMT","inverseRate":4.363724900944},"byn":{"code":"BYN","alphaCode":"BYN","numericCode":"933","name":"Belarussian Ruble","rate":0.1404175283905,"date":"Sun, 27 Jun 2021 23:55:01 GMT","inverseRate":7.1216180163704},"rsd":{"code":"RSD","alphaCode":"RSD","numericCode":"941","name":"Serbian Dinar","rate":5.3649613240923,"date":"Sun, 27 Jun 2021 23:55:01 GMT","inverseRate":0.18639463354737},"gmd":{"code":"GMD","alphaCode":"GMD","numericCode":"270","name":"Gambian dalasi","rate":2.8782282863629,"date":"Sun, 27 Jun 2021 23:55:01 GMT","inverseRate":0.34743595729985},"awg":{"code":"AWG","alphaCode":"AWG","numericCode":"533","name":"Aruban florin","rate":0.10031690671058,"date":"Sun, 27 Jun 2021 23:55:01 GMT","inverseRate":9.9684094415417},"aoa":{"code":"AOA","alphaCode":"AOA","numericCode":"973","name":"Angolan kwanza","rate":36.176352082043,"date":"Sun, 27 Jun 2021 23:55:01 GMT","inverseRate":0.027642366973103},"khr":{"code":"KHR","alphaCode":"KHR","numericCode":"116","name":"Cambodian riel","rate":225.85881816562,"date":"Sun, 27 Jun 2021 23:55:01 GMT","inverseRate":0.0044275446410364},"scr":{"code":"SCR","alphaCode":"SCR","numericCode":"690","name":"Seychelles rupee","rate":0.83065258145628,"date":"Sun, 27 Jun 2021 23:55:01 GMT","inverseRate":1.203872740932},"bhd":{"code":"BHD","alphaCode":"BHD","numericCode":"048","name":"Bahrain Dinar","rate":0.020917690629562,"date":"Sun, 27 Jun 2021 23:55:01 GMT","inverseRate":47.806424605341},"omr":{"code":"OMR","alphaCode":"OMR","numericCode":"512","name":"Omani Rial","rate":0.02137882818947,"date":"Sun, 27 Jun 2021 23:55:01 GMT","inverseRate":46.77524844381},"rub":{"code":"RUB","alphaCode":"RUB","numericCode":"643","name":"Russian Rouble","rate":4.0112736215872,"date":"Sun, 27 Jun 2021 23:55:01 GMT","inverseRate":0.24929737892184},"lyd":{"code":"LYD","alphaCode":"LYD","numericCode":"434","name":"Libyan Dinar","rate":0.24738880948914,"date":"Sun, 27 Jun 2021 23:55:01 GMT","inverseRate":4.0422200263019},"clp":{"code":"CLP","alphaCode":"CLP","numericCode":"152","name":"Chilean Peso","rate":40.789467795731,"date":"Sun, 27 Jun 2021 23:55:01 GMT","inverseRate":0.024516132571474},"bsd":{"code":"BSD","alphaCode":"BSD","numericCode":"044","name":"Bahamian Dollar","rate":0.05539438251118,"date":"Sun, 27 Jun 2021 23:55:01 GMT","inverseRate":18.052372003572},"djf":{"code":"DJF","alphaCode":"DJF","numericCode":"262","name":"Djiboutian franc","rate":9.8661231991276,"date":"Sun, 27 Jun 2021 23:55:01 GMT","inverseRate":0.10135693420982},"hnl":{"code":"HNL","alphaCode":"HNL","numericCode":"340","name":"Honduran Lempira","rate":1.3279926713661,"date":"Sun, 27 Jun 2021 23:55:01 GMT","inverseRate":0.75301620375004},"tzs":{"code":"TZS","alphaCode":"TZS","numericCode":"834","name":"Tanzanian shilling","rate":128.48918681926,"date":"Sun, 27 Jun 2021 23:55:01 GMT","inverseRate":0.0077827560805304},"bbd":{"code":"BBD","alphaCode":"BBD","numericCode":"052","name":"Barbadian Dollar","rate":0.11123392659406,"date":"Sun, 27 Jun 2021 23:55:01 GMT","inverseRate":8.9900629297156},"bdt":{"code":"BDT","alphaCode":"BDT","numericCode":"050","name":"Bangladeshi taka","rate":4.7023165454382,"date":"Sun, 27 Jun 2021 23:55:01 GMT","inverseRate":0.21266114059678},"qar":{"code":"QAR","alphaCode":"QAR","numericCode":"634","name":"Qatari Rial","rate":0.20331519065891,"date":"Sun, 27 Jun 2021 23:55:01 GMT","inverseRate":4.9184716437525},"mxn":{"code":"MXN","alphaCode":"MXN","numericCode":"484","name":"Mexican Peso","rate":1.1003053615061,"date":"Sun, 27 Jun 2021 23:55:01 GMT","inverseRate":0.90883861424724},"amd":{"code":"AMD","alphaCode":"AMD","numericCode":"051","name":"Armenia Dram","rate":28.77404649621,"date":"Sun, 27 Jun 2021 23:55:01 GMT","inverseRate":0.034753540838676},"uyu":{"code":"UYU","alphaCode":"UYU","numericCode":"858","name":"Uruguayan Peso","rate":2.4191768372913,"date":"Sun, 27 Jun 2021 23:55:01 GMT","inverseRate":0.41336374612436},"fjd":{"code":"FJD","alphaCode":"FJD","numericCode":"242","name":"Fiji Dollar","rate":0.11431372491193,"date":"Sun, 27 Jun 2021 23:55:01 GMT","inverseRate":8.7478559619189},"cdf":{"code":"CDF","alphaCode":"CDF","numericCode":"976","name":"Congolese franc","rate":110.20107251883,"date":"Sun, 27 Jun 2021 23:55:01 GMT","inverseRate":0.0090743218477221},"lsl":{"code":"LSL","alphaCode":"LSL","numericCode":"426","name":"Lesotho loti","rate":0.7882150340941,"date":"Sun, 27 Jun 2021 23:55:01 GMT","inverseRate":1.2686893255586},"mnt":{"code":"MNT","alphaCode":"MNT","numericCode":"496","name":"Mongolian togrog","rate":157.99912806916,"date":"Sun, 27 Jun 2021 23:55:01 GMT","inverseRate":0.0063291488517726},"brl":{"code":"BRL","alphaCode":"BRL","numericCode":"986","name":"Brazilian Real","rate":0.27779081933444,"date":"Sun, 27 Jun 2021 23:55:01 GMT","inverseRate":3.5998309893607},"hkd":{"code":"HKD","alphaCode":"HKD","numericCode":"344","name":"Hong Kong Dollar","rate":0.43141877506446,"date":"Sun, 27 Jun 2021 23:55:01 GMT","inverseRate":2.3179334275625},"thb":{"code":"THB","alphaCode":"THB","numericCode":"764","name":"Thai Baht","rate":1.7565524328384,"date":"Sun, 27 Jun 2021 23:55:01 GMT","inverseRate":0.56929698271752},"xaf":{"code":"XAF","alphaCode":"XAF","numericCode":"950","name":"Central African CFA Franc","rate":30.578188916811,"date":"Sun, 27 Jun 2021 23:55:01 GMT","inverseRate":0.032703048657346},"nio":{"code":"NIO","alphaCode":"NIO","numericCode":"558","name":"Nicaraguan C\u00f3rdoba","rate":1.9440393067441,"date":"Sun, 27 Jun 2021 23:55:01 GMT","inverseRate":0.51439289140446},"lrd":{"code":"LRD","alphaCode":"LRD","numericCode":"430","name":"Liberian dollar","rate":9.4942462477763,"date":"Sun, 27 Jun 2021 23:55:01 GMT","inverseRate":0.1053269500182},"sdg":{"code":"SDG","alphaCode":"SDG","numericCode":"938","name":"Sudanese pound","rate":24.39800489254,"date":"Sun, 27 Jun 2021 23:55:01 GMT","inverseRate":0.040986957925635},"mru":{"code":"MRU","alphaCode":"MRU","numericCode":"929","name":"Mauritanian ouguiya","rate":2.0021263556856,"date":"Sun, 27 Jun 2021 23:55:01 GMT","inverseRate":0.49946897565193},"dkk":{"code":"DKK","alphaCode":"DKK","numericCode":"208","name":"Danish Krone","rate":0.34595684396436,"date":"Sun, 27 Jun 2021 23:55:01 GMT","inverseRate":2.8905339421556},"jod":{"code":"JOD","alphaCode":"JOD","numericCode":"400","name":"Jordanian Dinar","rate":0.039380416342377,"date":"Sun, 27 Jun 2021 23:55:01 GMT","inverseRate":25.393332343312},"bgn":{"code":"BGN","alphaCode":"BGN","numericCode":"975","name":"Bulgarian Lev","rate":0.090990471245324,"date":"Sun, 27 Jun 2021 23:55:01 GMT","inverseRate":10.990161786324},"vnd":{"code":"VND","alphaCode":"VND","numericCode":"704","name":"Vietnamese Dong","rate":1278.4643909952,"date":"Sun, 27 Jun 2021 23:55:01 GMT","inverseRate":0.00078218838713336},"uzs":{"code":"UZS","alphaCode":"UZS","numericCode":"860","name":"Uzbekistan Sum","rate":586.02171454198,"date":"Sun, 27 Jun 2021 23:55:01 GMT","inverseRate":0.0017064214092844},"pab":{"code":"PAB","alphaCode":"PAB","numericCode":"590","name":"Panamanian Balboa","rate":0.05539438251118,"date":"Sun, 27 Jun 2021 23:55:01 GMT","inverseRate":18.052372003572},"ttd":{"code":"TTD","alphaCode":"TTD","numericCode":"780","name":"Trinidad Tobago Dollar","rate":0.37670169133904,"date":"Sun, 27 Jun 2021 23:55:01 GMT","inverseRate":2.654620414486},"htg":{"code":"HTG","alphaCode":"HTG","numericCode":"332","name":"Haitian gourde","rate":5.2065221358772,"date":"Sun, 27 Jun 2021 23:55:01 GMT","inverseRate":0.19206679120966},"cup":{"code":"CUP","alphaCode":"CUP","numericCode":"192","name":"Cuban peso","rate":0.05539438251118,"date":"Sun, 27 Jun 2021 23:55:01 GMT","inverseRate":18.052372003572}}