{"usd":{"code":"USD","alphaCode":"USD","numericCode":"840","name":"U.S. Dollar","rate":0.00026490767967363,"date":"Sun, 27 Jun 2021 23:55:01 GMT","inverseRate":3774.9000000001},"eur":{"code":"EUR","alphaCode":"EUR","numericCode":"978","name":"Euro","rate":0.00022176712142638,"date":"Sun, 27 Jun 2021 23:55:01 GMT","inverseRate":4509.2347033595},"gbp":{"code":"GBP","alphaCode":"GBP","numericCode":"826","name":"U.K. Pound Sterling","rate":0.00019049046889559,"date":"Sun, 27 Jun 2021 23:55:01 GMT","inverseRate":5249.6064805642},"jpy":{"code":"JPY","alphaCode":"JPY","numericCode":"392","name":"Japanese Yen","rate":0.029333980172979,"date":"Sun, 27 Jun 2021 23:55:01 GMT","inverseRate":34.090157356865},"aud":{"code":"AUD","alphaCode":"AUD","numericCode":"036","name":"Australian Dollar","rate":0.00034870187706749,"date":"Sun, 27 Jun 2021 23:55:01 GMT","inverseRate":2867.7792285198},"chf":{"code":"CHF","alphaCode":"CHF","numericCode":"756","name":"Swiss Franc","rate":0.00024292424508581,"date":"Sun, 27 Jun 2021 23:55:01 GMT","inverseRate":4116.5096536443},"cad":{"code":"CAD","alphaCode":"CAD","numericCode":"124","name":"Canadian Dollar","rate":0.00032583493865466,"date":"Sun, 27 Jun 2021 23:55:01 GMT","inverseRate":3069.0385878473},"lkr":{"code":"LKR","alphaCode":"LKR","numericCode":"144","name":"Sri Lanka Rupee","rate":0.052637490702632,"date":"Sun, 27 Jun 2021 23:55:01 GMT","inverseRate":18.997866096037},"pln":{"code":"PLN","alphaCode":"PLN","numericCode":"985","name":"Polish Zloty","rate":0.001000233626811,"date":"Sun, 27 Jun 2021 23:55:01 GMT","inverseRate":999.76642775772},"pen":{"code":"PEN","alphaCode":"PEN","numericCode":"604","name":"Peruvian Nuevo Sol","rate":0.0010543858428451,"date":"Sun, 27 Jun 2021 23:55:01 GMT","inverseRate":948.41941096408},"iqd":{"code":"IQD","alphaCode":"IQD","numericCode":"368","name":"Iraqi dinar","rate":0.38573364905681,"date":"Sun, 27 Jun 2021 23:55:01 GMT","inverseRate":2.5924624477154},"svc":{"code":"SVC","alphaCode":"SVC","numericCode":"222","name":"Salvadoran colon","rate":0.0023121387283237,"date":"Sun, 27 Jun 2021 23:55:01 GMT","inverseRate":432.5},"cve":{"code":"CVE","alphaCode":"CVE","numericCode":"132","name":"Cape Verde escudo","rate":0.024691358024691,"date":"Sun, 27 Jun 2021 23:55:01 GMT","inverseRate":40.500000000001},"zmw":{"code":"ZMW","alphaCode":"ZMW","numericCode":"967","name":"Zambian kwacha","rate":0.0059665871121718,"date":"Sun, 27 Jun 2021 23:55:01 GMT","inverseRate":167.6},"yer":{"code":"YER","alphaCode":"YER","numericCode":"886","name":"Yemeni rial","rate":0.066427527567423,"date":"Sun, 27 Jun 2021 23:55:01 GMT","inverseRate":15.054},"dop":{"code":"DOP","alphaCode":"DOP","numericCode":"214","name":"Dominican Peso","rate":0.015039865980579,"date":"Sun, 27 Jun 2021 23:55:01 GMT","inverseRate":66.489954185182},"nzd":{"code":"NZD","alphaCode":"NZD","numericCode":"554","name":"New Zealand Dollar","rate":0.00037427113982107,"date":"Sun, 27 Jun 2021 23:55:01 GMT","inverseRate":2671.859765832},"hrk":{"code":"HRK","alphaCode":"HRK","numericCode":"191","name":"Croatian Kuna","rate":0.0016621696459625,"date":"Sun, 27 Jun 2021 23:55:01 GMT","inverseRate":601.62330748192},"dzd":{"code":"DZD","alphaCode":"DZD","numericCode":"012","name":"Algerian Dinar","rate":0.035276388209255,"date":"Sun, 27 Jun 2021 23:55:01 GMT","inverseRate":28.347573285228},"ars":{"code":"ARS","alphaCode":"ARS","numericCode":"032","name":"Argentine Peso","rate":0.02525833775927,"date":"Sun, 27 Jun 2021 23:55:01 GMT","inverseRate":39.590887156975},"stn":{"code":"STN","alphaCode":"STN","numericCode":"930","name":"S\u00e3o Tom\u00e9 and Pr\u00edncipe Dobra","rate":0.0054854635216674,"date":"Sun, 27 Jun 2021 23:55:01 GMT","inverseRate":182.3},"xpf":{"code":"XPF","alphaCode":"XPF","numericCode":"953","name":"CFP Franc","rate":0.026424966308168,"date":"Sun, 27 Jun 2021 23:55:01 GMT","inverseRate":37.843},"all":{"code":"ALL","alphaCode":"ALL","numericCode":"008","name":"Albanian lek","rate":0.027130415909276,"date":"Sun, 27 Jun 2021 23:55:01 GMT","inverseRate":36.858999999999},"mur":{"code":"MUR","alphaCode":"MUR","numericCode":"480","name":"Mauritian Rupee","rate":0.010845986984816,"date":"Sun, 27 Jun 2021 23:55:01 GMT","inverseRate":92.199999999999},"sos":{"code":"SOS","alphaCode":"SOS","numericCode":"706","name":"Somali shilling","rate":0.15278838808251,"date":"Sun, 27 Jun 2021 23:55:01 GMT","inverseRate":6.5449999999998},"ang":{"code":"ANG","alphaCode":"ANG","numericCode":"532","name":"Neth. Antillean Guilder","rate":0.00047111374673074,"date":"Sun, 27 Jun 2021 23:55:01 GMT","inverseRate":2122.6296344342},"pkr":{"code":"PKR","alphaCode":"PKR","numericCode":"586","name":"Pakistani Rupee","rate":0.040967752507114,"date":"Sun, 27 Jun 2021 23:55:01 GMT","inverseRate":24.409442520098},"krw":{"code":"KRW","alphaCode":"KRW","numericCode":"410","name":"South Korean Won","rate":0.29860470814002,"date":"Sun, 27 Jun 2021 23:55:01 GMT","inverseRate":3.3489090183102},"azn":{"code":"AZN","alphaCode":"AZN","numericCode":"944","name":"Azerbaijan Manat","rate":0.00044904221648318,"date":"Sun, 27 Jun 2021 23:55:01 GMT","inverseRate":2226.9621057722},"pyg":{"code":"PYG","alphaCode":"PYG","numericCode":"600","name":"Paraguayan Guaran\u00ed","rate":1.7956943192351,"date":"Sun, 27 Jun 2021 23:55:01 GMT","inverseRate":0.55688765581547},"bnd":{"code":"BND","alphaCode":"BND","numericCode":"096","name":"Brunei Dollar","rate":0.00035551763367463,"date":"Sun, 27 Jun 2021 23:55:01 GMT","inverseRate":2812.8},"kmf":{"code":"KMF","alphaCode":"KMF","numericCode":"174","name":"\tComoro franc","rate":0.10948105977666,"date":"Sun, 27 Jun 2021 23:55:01 GMT","inverseRate":9.134},"szl":{"code":"SZL","alphaCode":"SZL","numericCode":"748","name":"Swazi lilangeni","rate":0.0037551633496057,"date":"Sun, 27 Jun 2021 23:55:01 GMT","inverseRate":266.3},"wst":{"code":"WST","alphaCode":"WST","numericCode":"882","name":"Samoan tala","rate":0.00067145638890753,"date":"Sun, 27 Jun 2021 23:55:01 GMT","inverseRate":1489.3},"egp":{"code":"EGP","alphaCode":"EGP","numericCode":"818","name":"Egyptian Pound","rate":0.0041529152196176,"date":"Sun, 27 Jun 2021 23:55:01 GMT","inverseRate":240.79470615634},"sgd":{"code":"SGD","alphaCode":"SGD","numericCode":"702","name":"Singapore Dollar","rate":0.00035546185784862,"date":"Sun, 27 Jun 2021 23:55:01 GMT","inverseRate":2813.2413588686},"zar":{"code":"ZAR","alphaCode":"ZAR","numericCode":"710","name":"South African Rand","rate":0.0037345810586971,"date":"Sun, 27 Jun 2021 23:55:01 GMT","inverseRate":267.76765165431},"kgs":{"code":"KGS","alphaCode":"KGS","numericCode":"417","name":"Kyrgyzstan Som","rate":0.022141005824224,"date":"Sun, 27 Jun 2021 23:55:01 GMT","inverseRate":45.165066480671},"crc":{"code":"CRC","alphaCode":"CRC","numericCode":"188","name":"Costa Rican Col\u00f3n","rate":0.1636166839637,"date":"Sun, 27 Jun 2021 23:55:01 GMT","inverseRate":6.1118461502486},"jmd":{"code":"JMD","alphaCode":"JMD","numericCode":"388","name":"Jamaican Dollar","rate":0.039525691699604,"date":"Sun, 27 Jun 2021 23:55:01 GMT","inverseRate":25.3},"ssp":{"code":"SSP","alphaCode":"SSP","numericCode":"728","name":"South Sudanese pound","rate":0.046979235178051,"date":"Sun, 27 Jun 2021 23:55:01 GMT","inverseRate":21.286},"ern":{"code":"ERN","alphaCode":"ERN","numericCode":"232","name":"Eritrean nakfa","rate":0.0039824771007567,"date":"Sun, 27 Jun 2021 23:55:01 GMT","inverseRate":251.1},"bam":{"code":"BAM","alphaCode":"BAM","numericCode":"977","name":"Bosnia and Herzegovina convertible mark","rate":0.00043731140945468,"date":"Sun, 27 Jun 2021 23:55:01 GMT","inverseRate":2286.7},"inr":{"code":"INR","alphaCode":"INR","numericCode":"356","name":"Indian Rupee","rate":0.019652817300265,"date":"Sun, 27 Jun 2021 23:55:01 GMT","inverseRate":50.883289897907},"try":{"code":"TRY","alphaCode":"TRY","numericCode":"949","name":"Turkish Lira","rate":0.002307647479357,"date":"Sun, 27 Jun 2021 23:55:01 GMT","inverseRate":433.34175126205},"twd":{"code":"TWD","alphaCode":"TWD","numericCode":"901","name":"New Taiwan Dollar ","rate":0.0073904919865769,"date":"Sun, 27 Jun 2021 23:55:01 GMT","inverseRate":135.30898914663},"tmt":{"code":"TMT","alphaCode":"TMT","numericCode":"934","name":"New Turkmenistan Manat","rate":0.00092478265012419,"date":"Sun, 27 Jun 2021 23:55:01 GMT","inverseRate":1081.3351654745},"srd":{"code":"SRD","alphaCode":"SRD","numericCode":"968","name":"Surinamese dollar","rate":0.0054975261132489,"date":"Sun, 27 Jun 2021 23:55:01 GMT","inverseRate":181.9},"ghs":{"code":"GHS","alphaCode":"GHS","numericCode":"936","name":"Ghanaian Cedi","rate":0.0015398829688944,"date":"Sun, 27 Jun 2021 23:55:01 GMT","inverseRate":649.39999999999},"mop":{"code":"MOP","alphaCode":"MOP","numericCode":"446","name":"Macanese pataca","rate":0.0021141649048626,"date":"Sun, 27 Jun 2021 23:55:01 GMT","inverseRate":473},"lbp":{"code":"LBP","alphaCode":"LBP","numericCode":"422","name":"Lebanese Pound","rate":0.3989079457901,"date":"Sun, 27 Jun 2021 23:55:01 GMT","inverseRate":2.5068440239247},"huf":{"code":"HUF","alphaCode":"HUF","numericCode":"348","name":"Hungarian Forint","rate":0.077950319123522,"date":"Sun, 27 Jun 2021 23:55:01 GMT","inverseRate":12.828683849458},"ngn":{"code":"NGN","alphaCode":"NGN","numericCode":"566","name":"Nigerian Naira","rate":0.10859247431277,"date":"Sun, 27 Jun 2021 23:55:01 GMT","inverseRate":9.2087412717001},"irr":{"code":"IRR","alphaCode":"IRR","numericCode":"364","name":"Iranian rial","rate":11.098546559603,"date":"Sun, 27 Jun 2021 23:55:01 GMT","inverseRate":0.090101888083245},"ves":{"code":"VES","alphaCode":"VES","numericCode":"928","name":"Venezuelan Bolivar","rate":840.33613445376,"date":"Sun, 27 Jun 2021 23:55:01 GMT","inverseRate":0.00119},"sbd":{"code":"SBD","alphaCode":"SBD","numericCode":"090","name":"Solomon Islands dollar","rate":0.0021537798836959,"date":"Sun, 27 Jun 2021 23:55:01 GMT","inverseRate":464.3},"mwk":{"code":"MWK","alphaCode":"MWK","numericCode":"454","name":"Malawian kwacha","rate":0.21276595744681,"date":"Sun, 27 Jun 2021 23:55:01 GMT","inverseRate":4.7000000000001},"gtq":{"code":"GTQ","alphaCode":"GTQ","numericCode":"320","name":"Guatemalan Quetzal","rate":0.0020429009193054,"date":"Sun, 27 Jun 2021 23:55:01 GMT","inverseRate":489.50000000001},"sek":{"code":"SEK","alphaCode":"SEK","numericCode":"752","name":"Swedish Krona","rate":0.0022428392549665,"date":"Sun, 27 Jun 2021 23:55:01 GMT","inverseRate":445.86342859197},"npr":{"code":"NPR","alphaCode":"NPR","numericCode":"524","name":"Nepalese Rupee","rate":0.03141166910366,"date":"Sun, 27 Jun 2021 23:55:01 GMT","inverseRate":31.835302883777},"isk":{"code":"ISK","alphaCode":"ISK","numericCode":"352","name":"Icelandic Krona","rate":0.032600586955786,"date":"Sun, 27 Jun 2021 23:55:01 GMT","inverseRate":30.674294341885},"gip":{"code":"GIP","alphaCode":"GIP","numericCode":"292","name":"Gibraltar pound","rate":0.00018961671579128,"date":"Sun, 27 Jun 2021 23:55:01 GMT","inverseRate":5273.7966472361},"gel":{"code":"GEL","alphaCode":"GEL","numericCode":"981","name":"Georgian lari","rate":0.00085804685993982,"date":"Sun, 27 Jun 2021 23:55:01 GMT","inverseRate":1165.4375147648},"mkd":{"code":"MKD","alphaCode":"MKD","numericCode":"807","name":"Macedonian denar","rate":0.013680264849927,"date":"Sun, 27 Jun 2021 23:55:01 GMT","inverseRate":73.098000000004},"bif":{"code":"BIF","alphaCode":"BIF","numericCode":"108","name":"Burundian franc","rate":0.52273915316256,"date":"Sun, 27 Jun 2021 23:55:01 GMT","inverseRate":1.913},"mmk":{"code":"MMK","alphaCode":"MMK","numericCode":"104","name":"Myanma Kyat","rate":0.43478260869564,"date":"Sun, 27 Jun 2021 23:55:01 GMT","inverseRate":2.3000000000001},"mvr":{"code":"MVR","alphaCode":"MVR","numericCode":"462","name":"Maldivian rufiyaa","rate":0.004083299305839,"date":"Sun, 27 Jun 2021 23:55:01 GMT","inverseRate":244.90000000001},"kes":{"code":"KES","alphaCode":"KES","numericCode":"404","name":"Kenyan shilling","rate":0.028459217940692,"date":"Sun, 27 Jun 2021 23:55:01 GMT","inverseRate":35.137999999999},"aed":{"code":"AED","alphaCode":"AED","numericCode":"784","name":"U.A.E Dirham","rate":0.00097114629322205,"date":"Sun, 27 Jun 2021 23:55:01 GMT","inverseRate":1029.7109786438},"php":{"code":"PHP","alphaCode":"PHP","numericCode":"608","name":"Philippine Peso","rate":0.012848553304672,"date":"Sun, 27 Jun 2021 23:55:01 GMT","inverseRate":77.829774005479},"ils":{"code":"ILS","alphaCode":"ILS","numericCode":"376","name":"Israeli New Sheqel","rate":0.00086027499998225,"date":"Sun, 27 Jun 2021 23:55:01 GMT","inverseRate":1162.4189939503},"mro":{"code":"MRO","alphaCode":"MRO","numericCode":"478","name":"Mauritanian Ouguiya","rate":0.0095923103155082,"date":"Sun, 27 Jun 2021 23:55:01 GMT","inverseRate":104.25017197195},"cop":{"code":"COP","alphaCode":"COP","numericCode":"170","name":"Colombian Peso","rate":0.99602145101989,"date":"Sun, 27 Jun 2021 23:55:01 GMT","inverseRate":1.0039944410595},"bzd":{"code":"BZD","alphaCode":"BZD","numericCode":"084","name":"Belize dollar","rate":0.00053242466191034,"date":"Sun, 27 Jun 2021 23:55:01 GMT","inverseRate":1878.2},"gnf":{"code":"GNF","alphaCode":"GNF","numericCode":"324","name":"Guinean franc","rate":2.5906735751295,"date":"Sun, 27 Jun 2021 23:55:01 GMT","inverseRate":0.38600000000001},"sll":{"code":"SLL","alphaCode":"SLL","numericCode":"694","name":"Sierra Leonean leone","rate":2.7100271002709,"date":"Sun, 27 Jun 2021 23:55:01 GMT","inverseRate":0.36900000000001},"ugx":{"code":"UGX","alphaCode":"UGX","numericCode":"800","name":"Ugandan shilling","rate":0.94428706326721,"date":"Sun, 27 Jun 2021 23:55:01 GMT","inverseRate":1.059},"cny":{"code":"CNY","alphaCode":"CNY","numericCode":"156","name":"Chinese Yuan","rate":0.001710159259884,"date":"Sun, 27 Jun 2021 23:55:01 GMT","inverseRate":584.74086212757},"sar":{"code":"SAR","alphaCode":"SAR","numericCode":"682","name":"Saudi Riyal","rate":0.00099337544445909,"date":"Sun, 27 Jun 2021 23:55:01 GMT","inverseRate":1006.6687329326},"myr":{"code":"MYR","alphaCode":"MYR","numericCode":"458","name":"Malaysian Ringgit","rate":0.0010977089479015,"date":"Sun, 27 Jun 2021 23:55:01 GMT","inverseRate":910.98829239912},"kzt":{"code":"KZT","alphaCode":"KZT","numericCode":"398","name":"Kazakhstani Tenge","rate":0.11292048102046,"date":"Sun, 27 Jun 2021 23:55:01 GMT","inverseRate":8.8557894100613},"bob":{"code":"BOB","alphaCode":"BOB","numericCode":"068","name":"Bolivian Boliviano","rate":0.0018205428798543,"date":"Sun, 27 Jun 2021 23:55:01 GMT","inverseRate":549.28670511735},"gyd":{"code":"GYD","alphaCode":"GYD","numericCode":"328","name":"Guyanese dollar","rate":0.055166326474318,"date":"Sun, 27 Jun 2021 23:55:01 GMT","inverseRate":18.127000000001},"rwf":{"code":"RWF","alphaCode":"RWF","numericCode":"646","name":"Rwandan franc","rate":0.26560424966798,"date":"Sun, 27 Jun 2021 23:55:01 GMT","inverseRate":3.7650000000001},"mzn":{"code":"MZN","alphaCode":"MZN","numericCode":"943","name":"Mozambican metical","rate":0.016835016835017,"date":"Sun, 27 Jun 2021 23:55:01 GMT","inverseRate":59.4},"vuv":{"code":"VUV","alphaCode":"VUV","numericCode":"548","name":"Vanuatu vatu","rate":0.029019152640742,"date":"Sun, 27 Jun 2021 23:55:01 GMT","inverseRate":34.460000000001},"idr":{"code":"IDR","alphaCode":"IDR","numericCode":"360","name":"Indonesian Rupiah","rate":3.8254655075042,"date":"Sun, 27 Jun 2021 23:55:01 GMT","inverseRate":0.26140609503297},"tnd":{"code":"TND","alphaCode":"TND","numericCode":"788","name":"Tunisian Dinar","rate":0.00072440983862151,"date":"Sun, 27 Jun 2021 23:55:01 GMT","inverseRate":1380.4340398012},"xof":{"code":"XOF","alphaCode":"XOF","numericCode":"952","name":"West African CFA Franc","rate":0.14560992016697,"date":"Sun, 27 Jun 2021 23:55:01 GMT","inverseRate":6.8676639534814},"tjs":{"code":"TJS","alphaCode":"TJS","numericCode":"972","name":"Tajikistan Ruble","rate":0.0029953298512357,"date":"Sun, 27 Jun 2021 23:55:01 GMT","inverseRate":333.85304779954},"afn":{"code":"AFN","alphaCode":"AFN","numericCode":"971","name":"Afghan afghani","rate":0.02089252883169,"date":"Sun, 27 Jun 2021 23:55:01 GMT","inverseRate":47.864},"nad":{"code":"NAD","alphaCode":"NAD","numericCode":"516","name":"Namibian dollar","rate":0.0037551633496057,"date":"Sun, 27 Jun 2021 23:55:01 GMT","inverseRate":266.3},"syp":{"code":"SYP","alphaCode":"SYP","numericCode":"760","name":"Syrian pound","rate":0.66666666666665,"date":"Sun, 27 Jun 2021 23:55:01 GMT","inverseRate":1.5},"top":{"code":"TOP","alphaCode":"TOP","numericCode":"776","name":"Tongan pa\u02bbanga","rate":0.00058517174790801,"date":"Sun, 27 Jun 2021 23:55:01 GMT","inverseRate":1708.9},"kwd":{"code":"KWD","alphaCode":"KWD","numericCode":"414","name":"Kuwaiti Dinar","rate":7.9673718349705e-5,"date":"Sun, 27 Jun 2021 23:55:01 GMT","inverseRate":12551.190288506},"czk":{"code":"CZK","alphaCode":"CZK","numericCode":"203","name":"Czech Koruna","rate":0.0056496958051361,"date":"Sun, 27 Jun 2021 23:55:01 GMT","inverseRate":177.0006801235},"pgk":{"code":"PGK","alphaCode":"PGK","numericCode":"598","name":"Papua New Guinean kina","rate":0.00092972124662783,"date":"Sun, 27 Jun 2021 23:55:01 GMT","inverseRate":1075.5912093298},"uah":{"code":"UAH","alphaCode":"UAH","numericCode":"980","name":"Ukrainian Hryvnia","rate":0.0072571888966063,"date":"Sun, 27 Jun 2021 23:55:01 GMT","inverseRate":137.79440142004},"etb":{"code":"ETB","alphaCode":"ETB","numericCode":"230","name":"Ethiopian birr","rate":0.011560693641618,"date":"Sun, 27 Jun 2021 23:55:01 GMT","inverseRate":86.500000000006},"xcd":{"code":"XCD","alphaCode":"XCD","numericCode":"951","name":"East Caribbean Dollar","rate":0.00071571714858288,"date":"Sun, 27 Jun 2021 23:55:01 GMT","inverseRate":1397.2},"lak":{"code":"LAK","alphaCode":"LAK","numericCode":"418","name":"Lao kip","rate":2.5062656641604,"date":"Sun, 27 Jun 2021 23:55:01 GMT","inverseRate":0.39900000000001},"bwp":{"code":"BWP","alphaCode":"BWP","numericCode":"072","name":"Botswana Pula","rate":0.0028710881424061,"date":"Sun, 27 Jun 2021 23:55:01 GMT","inverseRate":348.29999999999},"nok":{"code":"NOK","alphaCode":"NOK","numericCode":"578","name":"Norwegian Krone","rate":0.0022475101627951,"date":"Sun, 27 Jun 2021 23:55:01 GMT","inverseRate":444.93680898703},"mad":{"code":"MAD","alphaCode":"MAD","numericCode":"504","name":"Moroccan Dirham","rate":0.0023400768074883,"date":"Sun, 27 Jun 2021 23:55:01 GMT","inverseRate":427.33640058308},"ron":{"code":"RON","alphaCode":"RON","numericCode":"946","name":"Romanian New Leu","rate":0.0010921690639021,"date":"Sun, 27 Jun 2021 23:55:01 GMT","inverseRate":915.60916075322},"byn":{"code":"BYN","alphaCode":"BYN","numericCode":"933","name":"Belarussian Ruble","rate":0.00066921945676315,"date":"Sun, 27 Jun 2021 23:55:01 GMT","inverseRate":1494.2781323734},"rsd":{"code":"RSD","alphaCode":"RSD","numericCode":"941","name":"Serbian Dinar","rate":0.025569005123631,"date":"Sun, 27 Jun 2021 23:55:01 GMT","inverseRate":39.109851758596},"gmd":{"code":"GMD","alphaCode":"GMD","numericCode":"270","name":"Gambian dalasi","rate":0.013717421124829,"date":"Sun, 27 Jun 2021 23:55:01 GMT","inverseRate":72.899999999998},"awg":{"code":"AWG","alphaCode":"AWG","numericCode":"533","name":"Aruban florin","rate":0.00047810288774144,"date":"Sun, 27 Jun 2021 23:55:01 GMT","inverseRate":2091.6},"aoa":{"code":"AOA","alphaCode":"AOA","numericCode":"973","name":"Angolan kwanza","rate":0.17241379310345,"date":"Sun, 27 Jun 2021 23:55:01 GMT","inverseRate":5.8},"khr":{"code":"KHR","alphaCode":"KHR","numericCode":"116","name":"Cambodian riel","rate":1.0764262648009,"date":"Sun, 27 Jun 2021 23:55:01 GMT","inverseRate":0.92899999999997},"scr":{"code":"SCR","alphaCode":"SCR","numericCode":"690","name":"Seychelles rupee","rate":0.0039588281868568,"date":"Sun, 27 Jun 2021 23:55:01 GMT","inverseRate":252.6},"bhd":{"code":"BHD","alphaCode":"BHD","numericCode":"048","name":"Bahrain Dinar","rate":9.9692151829686e-5,"date":"Sun, 27 Jun 2021 23:55:01 GMT","inverseRate":10030.879880178},"omr":{"code":"OMR","alphaCode":"OMR","numericCode":"512","name":"Omani Rial","rate":0.00010188989901177,"date":"Sun, 27 Jun 2021 23:55:01 GMT","inverseRate":9814.5155672842},"rub":{"code":"RUB","alphaCode":"RUB","numericCode":"643","name":"Russian Rouble","rate":0.019117430599558,"date":"Sun, 27 Jun 2021 23:55:01 GMT","inverseRate":52.308284567441},"lyd":{"code":"LYD","alphaCode":"LYD","numericCode":"434","name":"Libyan Dinar","rate":0.0011790365960238,"date":"Sun, 27 Jun 2021 23:55:01 GMT","inverseRate":848.15009421459},"clp":{"code":"CLP","alphaCode":"CLP","numericCode":"152","name":"Chilean Peso","rate":0.19439955818054,"date":"Sun, 27 Jun 2021 23:55:01 GMT","inverseRate":5.144044612855},"bsd":{"code":"BSD","alphaCode":"BSD","numericCode":"044","name":"Bahamian Dollar","rate":0.00026400549131422,"date":"Sun, 27 Jun 2021 23:55:01 GMT","inverseRate":3787.8},"djf":{"code":"DJF","alphaCode":"DJF","numericCode":"262","name":"Djiboutian franc","rate":0.047021206564159,"date":"Sun, 27 Jun 2021 23:55:01 GMT","inverseRate":21.267},"hnl":{"code":"HNL","alphaCode":"HNL","numericCode":"340","name":"Honduran Lempira","rate":0.0063291139240505,"date":"Sun, 27 Jun 2021 23:55:01 GMT","inverseRate":158},"tzs":{"code":"TZS","alphaCode":"TZS","numericCode":"834","name":"Tanzanian shilling","rate":0.61236987140233,"date":"Sun, 27 Jun 2021 23:55:01 GMT","inverseRate":1.633},"bbd":{"code":"BBD","alphaCode":"BBD","numericCode":"052","name":"Barbadian Dollar","rate":0.00053013258944349,"date":"Sun, 27 Jun 2021 23:55:01 GMT","inverseRate":1886.3205543537},"bdt":{"code":"BDT","alphaCode":"BDT","numericCode":"050","name":"Bangladeshi taka","rate":0.022410889581499,"date":"Sun, 27 Jun 2021 23:55:01 GMT","inverseRate":44.621164919109},"qar":{"code":"QAR","alphaCode":"QAR","numericCode":"634","name":"Qatari Rial","rate":0.00096898501920689,"date":"Sun, 27 Jun 2021 23:55:01 GMT","inverseRate":1032.0076989616},"mxn":{"code":"MXN","alphaCode":"MXN","numericCode":"484","name":"Mexican Peso","rate":0.0052439732043489,"date":"Sun, 27 Jun 2021 23:55:01 GMT","inverseRate":190.69510102963},"amd":{"code":"AMD","alphaCode":"AMD","numericCode":"051","name":"Armenia Dram","rate":0.1371349573361,"date":"Sun, 27 Jun 2021 23:55:01 GMT","inverseRate":7.2920867109702},"uyu":{"code":"UYU","alphaCode":"UYU","numericCode":"858","name":"Uruguayan Peso","rate":0.011529616191247,"date":"Sun, 27 Jun 2021 23:55:01 GMT","inverseRate":86.733156022933},"fjd":{"code":"FJD","alphaCode":"FJD","numericCode":"242","name":"Fiji Dollar","rate":0.00054481067828929,"date":"Sun, 27 Jun 2021 23:55:01 GMT","inverseRate":1835.5},"cdf":{"code":"CDF","alphaCode":"CDF","numericCode":"976","name":"Congolese franc","rate":0.5252100840336,"date":"Sun, 27 Jun 2021 23:55:01 GMT","inverseRate":1.904},"lsl":{"code":"LSL","alphaCode":"LSL","numericCode":"426","name":"Lesotho loti","rate":0.0037565740045078,"date":"Sun, 27 Jun 2021 23:55:01 GMT","inverseRate":266.2},"mnt":{"code":"MNT","alphaCode":"MNT","numericCode":"496","name":"Mongolian togrog","rate":0.75301204819275,"date":"Sun, 27 Jun 2021 23:55:01 GMT","inverseRate":1.328},"brl":{"code":"BRL","alphaCode":"BRL","numericCode":"986","name":"Brazilian Real","rate":0.0013239303051382,"date":"Sun, 27 Jun 2021 23:55:01 GMT","inverseRate":755.32676918037},"hkd":{"code":"HKD","alphaCode":"HKD","numericCode":"344","name":"Hong Kong Dollar","rate":0.0020561096723135,"date":"Sun, 27 Jun 2021 23:55:01 GMT","inverseRate":486.35537951379},"thb":{"code":"THB","alphaCode":"THB","numericCode":"764","name":"Thai Baht","rate":0.0083715977510369,"date":"Sun, 27 Jun 2021 23:55:01 GMT","inverseRate":119.451510899},"xaf":{"code":"XAF","alphaCode":"XAF","numericCode":"950","name":"Central African CFA Franc","rate":0.14573336541575,"date":"Sun, 27 Jun 2021 23:55:01 GMT","inverseRate":6.8618466138292},"mdl":{"code":"MDL","alphaCode":"MDL","numericCode":"498","name":"Moldova Lei","rate":0.0047659253401901,"date":"Sun, 27 Jun 2021 23:55:01 GMT","inverseRate":209.82284207585},"nio":{"code":"NIO","alphaCode":"NIO","numericCode":"558","name":"Nicaraguan C\u00f3rdoba","rate":0.0092651461943371,"date":"Sun, 27 Jun 2021 23:55:01 GMT","inverseRate":107.9313784181},"lrd":{"code":"LRD","alphaCode":"LRD","numericCode":"430","name":"Liberian dollar","rate":0.045248868778282,"date":"Sun, 27 Jun 2021 23:55:01 GMT","inverseRate":22.099999999999},"sdg":{"code":"SDG","alphaCode":"SDG","numericCode":"938","name":"Sudanese pound","rate":0.11627906976744,"date":"Sun, 27 Jun 2021 23:55:01 GMT","inverseRate":8.6000000000002},"mru":{"code":"MRU","alphaCode":"MRU","numericCode":"929","name":"Mauritanian ouguiya","rate":0.0095419847328242,"date":"Sun, 27 Jun 2021 23:55:01 GMT","inverseRate":104.8},"dkk":{"code":"DKK","alphaCode":"DKK","numericCode":"208","name":"Danish Krone","rate":0.0016488044892619,"date":"Sun, 27 Jun 2021 23:55:01 GMT","inverseRate":606.5000468598},"jod":{"code":"JOD","alphaCode":"JOD","numericCode":"400","name":"Jordanian Dinar","rate":0.00018768412415337,"date":"Sun, 27 Jun 2021 23:55:01 GMT","inverseRate":5328.1011620505},"bgn":{"code":"BGN","alphaCode":"BGN","numericCode":"975","name":"Bulgarian Lev","rate":0.00043365379262393,"date":"Sun, 27 Jun 2021 23:55:01 GMT","inverseRate":2305.98698088},"vnd":{"code":"VND","alphaCode":"VND","numericCode":"704","name":"Vietnamese Dong","rate":6.0930658375749,"date":"Sun, 27 Jun 2021 23:55:01 GMT","inverseRate":0.16412099042705},"uzs":{"code":"UZS","alphaCode":"UZS","numericCode":"860","name":"Uzbekistan Sum","rate":2.7929357392373,"date":"Sun, 27 Jun 2021 23:55:01 GMT","inverseRate":0.35804618987514},"pab":{"code":"PAB","alphaCode":"PAB","numericCode":"590","name":"Panamanian Balboa","rate":0.00026400549131422,"date":"Sun, 27 Jun 2021 23:55:01 GMT","inverseRate":3787.8},"ttd":{"code":"TTD","alphaCode":"TTD","numericCode":"780","name":"Trinidad Tobago Dollar","rate":0.0017953321364452,"date":"Sun, 27 Jun 2021 23:55:01 GMT","inverseRate":557.00000000002},"htg":{"code":"HTG","alphaCode":"HTG","numericCode":"332","name":"Haitian gourde","rate":0.024813895781638,"date":"Sun, 27 Jun 2021 23:55:01 GMT","inverseRate":40.3},"cup":{"code":"CUP","alphaCode":"CUP","numericCode":"192","name":"Cuban peso","rate":0.00026400549131422,"date":"Sun, 27 Jun 2021 23:55:01 GMT","inverseRate":3787.8}}