{"usd":{"code":"USD","alphaCode":"USD","numericCode":"840","name":"U.S. Dollar","rate":0.019364221568784,"date":"Sun, 27 Jun 2021 23:55:01 GMT","inverseRate":51.64163178199},"eur":{"code":"EUR","alphaCode":"EUR","numericCode":"978","name":"Euro","rate":0.016210733042027,"date":"Sun, 27 Jun 2021 23:55:01 GMT","inverseRate":61.68752501244},"gbp":{"code":"GBP","alphaCode":"GBP","numericCode":"826","name":"U.K. Pound Sterling","rate":0.013924472295331,"date":"Sun, 27 Jun 2021 23:55:01 GMT","inverseRate":71.81600701201},"jpy":{"code":"JPY","alphaCode":"JPY","numericCode":"392","name":"Japanese Yen","rate":2.1442552826845,"date":"Sun, 27 Jun 2021 23:55:01 GMT","inverseRate":0.46636238141759},"aud":{"code":"AUD","alphaCode":"AUD","numericCode":"036","name":"Australian Dollar","rate":0.025489409809881,"date":"Sun, 27 Jun 2021 23:55:01 GMT","inverseRate":39.231979377269},"chf":{"code":"CHF","alphaCode":"CHF","numericCode":"756","name":"Swiss Franc","rate":0.017757276467284,"date":"Sun, 27 Jun 2021 23:55:01 GMT","inverseRate":56.314942319134},"cad":{"code":"CAD","alphaCode":"CAD","numericCode":"124","name":"Canadian Dollar","rate":0.023817882345779,"date":"Sun, 27 Jun 2021 23:55:01 GMT","inverseRate":41.985260716396},"lkr":{"code":"LKR","alphaCode":"LKR","numericCode":"144","name":"Sri Lanka Rupee","rate":3.8476952953812,"date":"Sun, 27 Jun 2021 23:55:01 GMT","inverseRate":0.25989583977723},"pln":{"code":"PLN","alphaCode":"PLN","numericCode":"985","name":"Polish Zloty","rate":0.073115077652635,"date":"Sun, 27 Jun 2021 23:55:01 GMT","inverseRate":13.677069519791},"pen":{"code":"PEN","alphaCode":"PEN","numericCode":"604","name":"Peruvian Nuevo Sol","rate":0.077073496340294,"date":"Sun, 27 Jun 2021 23:55:01 GMT","inverseRate":12.9746287308},"iqd":{"code":"IQD","alphaCode":"IQD","numericCode":"368","name":"Iraqi dinar","rate":28.196358278756,"date":"Sun, 27 Jun 2021 23:55:01 GMT","inverseRate":0.035465572898236},"svc":{"code":"SVC","alphaCode":"SVC","numericCode":"222","name":"Salvadoran colon","rate":0.16901271676301,"date":"Sun, 27 Jun 2021 23:55:01 GMT","inverseRate":5.9167145475934},"cve":{"code":"CVE","alphaCode":"CVE","numericCode":"132","name":"Cape Verde escudo","rate":1.8048888888889,"date":"Sun, 27 Jun 2021 23:55:01 GMT","inverseRate":0.55405072642205},"zmw":{"code":"ZMW","alphaCode":"ZMW","numericCode":"967","name":"Zambian kwacha","rate":0.43614558472556,"date":"Sun, 27 Jun 2021 23:55:01 GMT","inverseRate":2.2928123888477},"yer":{"code":"YER","alphaCode":"YER","numericCode":"886","name":"Yemeni rial","rate":4.8557194101237,"date":"Sun, 27 Jun 2021 23:55:01 GMT","inverseRate":0.2059427070508},"dop":{"code":"DOP","alphaCode":"DOP","numericCode":"214","name":"Dominican Peso","rate":1.0993841234485,"date":"Sun, 27 Jun 2021 23:55:01 GMT","inverseRate":0.90960018311278},"nzd":{"code":"NZD","alphaCode":"NZD","numericCode":"554","name":"New Zealand Dollar","rate":0.027358471778642,"date":"Sun, 27 Jun 2021 23:55:01 GMT","inverseRate":36.551749238445},"hrk":{"code":"HRK","alphaCode":"HRK","numericCode":"191","name":"Croatian Kuna","rate":0.12150127678057,"date":"Sun, 27 Jun 2021 23:55:01 GMT","inverseRate":8.2303661862417},"dzd":{"code":"DZD","alphaCode":"DZD","numericCode":"012","name":"Algerian Dinar","rate":2.5786334253203,"date":"Sun, 27 Jun 2021 23:55:01 GMT","inverseRate":0.38780231039463},"ars":{"code":"ARS","alphaCode":"ARS","numericCode":"032","name":"Argentine Peso","rate":1.8463339735272,"date":"Sun, 27 Jun 2021 23:55:01 GMT","inverseRate":0.54161382195098},"stn":{"code":"STN","alphaCode":"STN","numericCode":"930","name":"S\u00e3o Tom\u00e9 and Pr\u00edncipe Dobra","rate":0.40097641250687,"date":"Sun, 27 Jun 2021 23:55:01 GMT","inverseRate":2.4939122821417},"xpf":{"code":"XPF","alphaCode":"XPF","numericCode":"953","name":"CFP Franc","rate":1.9316121871945,"date":"Sun, 27 Jun 2021 23:55:01 GMT","inverseRate":0.51770226271578},"all":{"code":"ALL","alphaCode":"ALL","numericCode":"008","name":"Albanian lek","rate":1.9831791421364,"date":"Sun, 27 Jun 2021 23:55:01 GMT","inverseRate":0.50424088210344},"mur":{"code":"MUR","alphaCode":"MUR","numericCode":"480","name":"Mauritian Rupee","rate":0.7928199566161,"date":"Sun, 27 Jun 2021 23:55:01 GMT","inverseRate":1.2613204191632},"sos":{"code":"SOS","alphaCode":"SOS","numericCode":"706","name":"Somali shilling","rate":11.168525592056,"date":"Sun, 27 Jun 2021 23:55:01 GMT","inverseRate":0.089537333442769},"ang":{"code":"ANG","alphaCode":"ANG","numericCode":"532","name":"Neth. Antillean Guilder","rate":0.034437472658525,"date":"Sun, 27 Jun 2021 23:55:01 GMT","inverseRate":29.038135577364},"pkr":{"code":"PKR","alphaCode":"PKR","numericCode":"586","name":"Pakistani Rupee","rate":2.9946607727652,"date":"Sun, 27 Jun 2021 23:55:01 GMT","inverseRate":0.333927638514},"krw":{"code":"KRW","alphaCode":"KRW","numericCode":"410","name":"South Korean Won","rate":21.82740695562,"date":"Sun, 27 Jun 2021 23:55:01 GMT","inverseRate":0.045813962328792},"azn":{"code":"AZN","alphaCode":"AZN","numericCode":"944","name":"Azerbaijan Manat","rate":0.032824087940489,"date":"Sun, 27 Jun 2021 23:55:01 GMT","inverseRate":30.465431417714},"pyg":{"code":"PYG","alphaCode":"PYG","numericCode":"600","name":"Paraguayan Guaran\u00ed","rate":131.26166334745,"date":"Sun, 27 Jun 2021 23:55:01 GMT","inverseRate":0.0076183706232105},"bnd":{"code":"BND","alphaCode":"BND","numericCode":"096","name":"Brunei Dollar","rate":0.02598762798635,"date":"Sun, 27 Jun 2021 23:55:01 GMT","inverseRate":38.479848969874},"kmf":{"code":"KMF","alphaCode":"KMF","numericCode":"174","name":"\tComoro franc","rate":8.0028465075546,"date":"Sun, 27 Jun 2021 23:55:01 GMT","inverseRate":0.12495553913923},"szl":{"code":"SZL","alphaCode":"SZL","numericCode":"748","name":"Swazi lilangeni","rate":0.27449493052949,"date":"Sun, 27 Jun 2021 23:55:01 GMT","inverseRate":3.6430545295355},"wst":{"code":"WST","alphaCode":"WST","numericCode":"882","name":"Samoan tala","rate":0.049082119116365,"date":"Sun, 27 Jun 2021 23:55:01 GMT","inverseRate":20.374018440996},"egp":{"code":"EGP","alphaCode":"EGP","numericCode":"818","name":"Egyptian Pound","rate":0.30356979672363,"date":"Sun, 27 Jun 2021 23:55:01 GMT","inverseRate":3.294135354679},"sgd":{"code":"SGD","alphaCode":"SGD","numericCode":"702","name":"Singapore Dollar","rate":0.02598355088502,"date":"Sun, 27 Jun 2021 23:55:01 GMT","inverseRate":38.48588687609},"zar":{"code":"ZAR","alphaCode":"ZAR","numericCode":"710","name":"South African Rand","rate":0.27299040622865,"date":"Sun, 27 Jun 2021 23:55:01 GMT","inverseRate":3.663132392874},"kgs":{"code":"KGS","alphaCode":"KGS","numericCode":"417","name":"Kyrgyzstan Som","rate":1.6184632437392,"date":"Sun, 27 Jun 2021 23:55:01 GMT","inverseRate":0.61787007142013},"crc":{"code":"CRC","alphaCode":"CRC","numericCode":"188","name":"Costa Rican Col\u00f3n","rate":11.960052364379,"date":"Sun, 27 Jun 2021 23:55:01 GMT","inverseRate":0.083611674057406},"jmd":{"code":"JMD","alphaCode":"JMD","numericCode":"388","name":"Jamaican Dollar","rate":2.8892490118578,"date":"Sun, 27 Jun 2021 23:55:01 GMT","inverseRate":0.34611070070315},"ssp":{"code":"SSP","alphaCode":"SSP","numericCode":"728","name":"South Sudanese pound","rate":3.4340881330454,"date":"Sun, 27 Jun 2021 23:55:01 GMT","inverseRate":0.29119811759554},"ern":{"code":"ERN","alphaCode":"ERN","numericCode":"232","name":"Eritrean nakfa","rate":0.29111111111113,"date":"Sun, 27 Jun 2021 23:55:01 GMT","inverseRate":3.4351145038166},"bam":{"code":"BAM","alphaCode":"BAM","numericCode":"977","name":"Bosnia and Herzegovina convertible mark","rate":0.03196658940832,"date":"Sun, 27 Jun 2021 23:55:01 GMT","inverseRate":31.282661632327},"inr":{"code":"INR","alphaCode":"INR","numericCode":"356","name":"Indian Rupee","rate":1.4365816390149,"date":"Sun, 27 Jun 2021 23:55:01 GMT","inverseRate":0.69609688223897},"try":{"code":"TRY","alphaCode":"TRY","numericCode":"949","name":"Turkish Lira","rate":0.16868441544605,"date":"Sun, 27 Jun 2021 23:55:01 GMT","inverseRate":5.9282299277959},"twd":{"code":"TWD","alphaCode":"TWD","numericCode":"901","name":"New Taiwan Dollar ","rate":0.54023018323483,"date":"Sun, 27 Jun 2021 23:55:01 GMT","inverseRate":1.8510628081018},"tmt":{"code":"TMT","alphaCode":"TMT","numericCode":"934","name":"New Turkmenistan Manat","rate":0.067599762158782,"date":"Sun, 27 Jun 2021 23:55:01 GMT","inverseRate":14.792951455231},"mga":{"code":"MGA","alphaCode":"MGA","numericCode":"969","name":"Malagasy ariary","rate":73.098000000004,"date":"Sun, 27 Jun 2021 23:55:01 GMT","inverseRate":0.013680264849927},"srd":{"code":"SRD","alphaCode":"SRD","numericCode":"968","name":"Surinamese dollar","rate":0.40185816382629,"date":"Sun, 27 Jun 2021 23:55:01 GMT","inverseRate":2.4884401762017},"ghs":{"code":"GHS","alphaCode":"GHS","numericCode":"936","name":"Ghanaian Cedi","rate":0.11256236526025,"date":"Sun, 27 Jun 2021 23:55:01 GMT","inverseRate":8.8839639935423},"mop":{"code":"MOP","alphaCode":"MOP","numericCode":"446","name":"Macanese pataca","rate":0.15454122621565,"date":"Sun, 27 Jun 2021 23:55:01 GMT","inverseRate":6.4707652740154},"lbp":{"code":"LBP","alphaCode":"LBP","numericCode":"422","name":"Lebanese Pound","rate":29.159373021366,"date":"Sun, 27 Jun 2021 23:55:01 GMT","inverseRate":0.034294290184746},"huf":{"code":"HUF","alphaCode":"HUF","numericCode":"348","name":"Hungarian Forint","rate":5.6980124272915,"date":"Sun, 27 Jun 2021 23:55:01 GMT","inverseRate":0.17549979273656},"ngn":{"code":"NGN","alphaCode":"NGN","numericCode":"566","name":"Nigerian Naira","rate":7.937892687315,"date":"Sun, 27 Jun 2021 23:55:01 GMT","inverseRate":0.12597801953131},"irr":{"code":"IRR","alphaCode":"IRR","numericCode":"364","name":"Iranian rial","rate":811.28155641387,"date":"Sun, 27 Jun 2021 23:55:01 GMT","inverseRate":0.0012326176924573},"ves":{"code":"VES","alphaCode":"VES","numericCode":"928","name":"Venezuelan Bolivar","rate":61426.890756304,"date":"Sun, 27 Jun 2021 23:55:01 GMT","inverseRate":1.6279515171413e-5},"sbd":{"code":"SBD","alphaCode":"SBD","numericCode":"090","name":"Solomon Islands dollar","rate":0.15743700193841,"date":"Sun, 27 Jun 2021 23:55:01 GMT","inverseRate":6.351746969821},"mwk":{"code":"MWK","alphaCode":"MWK","numericCode":"454","name":"Malawian kwacha","rate":15.552765957447,"date":"Sun, 27 Jun 2021 23:55:01 GMT","inverseRate":0.064297244794657},"gtq":{"code":"GTQ","alphaCode":"GTQ","numericCode":"320","name":"Guatemalan Quetzal","rate":0.14933197139939,"date":"Sun, 27 Jun 2021 23:55:01 GMT","inverseRate":6.6964896440393},"sek":{"code":"SEK","alphaCode":"SEK","numericCode":"752","name":"Swedish Krona","rate":0.16394706385955,"date":"Sun, 27 Jun 2021 23:55:01 GMT","inverseRate":6.0995297900345},"npr":{"code":"NPR","alphaCode":"NPR","numericCode":"524","name":"Nepalese Rupee","rate":2.2961301881395,"date":"Sun, 27 Jun 2021 23:55:01 GMT","inverseRate":0.43551537502771},"isk":{"code":"ISK","alphaCode":"ISK","numericCode":"352","name":"Icelandic Krona","rate":2.3830377052942,"date":"Sun, 27 Jun 2021 23:55:01 GMT","inverseRate":0.4196324706816},"gip":{"code":"GIP","alphaCode":"GIP","numericCode":"292","name":"Gibraltar pound","rate":0.013860602690912,"date":"Sun, 27 Jun 2021 23:55:01 GMT","inverseRate":72.146934898846},"gel":{"code":"GEL","alphaCode":"GEL","numericCode":"981","name":"Georgian lari","rate":0.062721509367884,"date":"Sun, 27 Jun 2021 23:55:01 GMT","inverseRate":15.943493868023},"bif":{"code":"BIF","alphaCode":"BIF","numericCode":"108","name":"Burundian franc","rate":38.211186617879,"date":"Sun, 27 Jun 2021 23:55:01 GMT","inverseRate":0.026170346657911},"mmk":{"code":"MMK","alphaCode":"MMK","numericCode":"104","name":"Myanma Kyat","rate":31.781739130435,"date":"Sun, 27 Jun 2021 23:55:01 GMT","inverseRate":0.031464609154833},"mvr":{"code":"MVR","alphaCode":"MVR","numericCode":"462","name":"Maldivian rufiyaa","rate":0.29848101265823,"date":"Sun, 27 Jun 2021 23:55:01 GMT","inverseRate":3.3502968617472},"kes":{"code":"KES","alphaCode":"KES","numericCode":"404","name":"Kenyan shilling","rate":2.0803119130288,"date":"Sun, 27 Jun 2021 23:55:01 GMT","inverseRate":0.48069714629672},"aed":{"code":"AED","alphaCode":"AED","numericCode":"784","name":"U.A.E Dirham","rate":0.070988851741949,"date":"Sun, 27 Jun 2021 23:55:01 GMT","inverseRate":14.086718906725},"php":{"code":"PHP","alphaCode":"PHP","numericCode":"608","name":"Philippine Peso","rate":0.93920354946499,"date":"Sun, 27 Jun 2021 23:55:01 GMT","inverseRate":1.0647319216049},"ils":{"code":"ILS","alphaCode":"ILS","numericCode":"376","name":"Israeli New Sheqel","rate":0.062884381948706,"date":"Sun, 27 Jun 2021 23:55:01 GMT","inverseRate":15.902199703826},"mro":{"code":"MRO","alphaCode":"MRO","numericCode":"478","name":"Mauritanian Ouguiya","rate":0.70117869944306,"date":"Sun, 27 Jun 2021 23:55:01 GMT","inverseRate":1.4261699632266},"cop":{"code":"COP","alphaCode":"COP","numericCode":"170","name":"Colombian Peso","rate":72.807176026656,"date":"Sun, 27 Jun 2021 23:55:01 GMT","inverseRate":0.013734909861548},"bzd":{"code":"BZD","alphaCode":"BZD","numericCode":"084","name":"Belize dollar","rate":0.038919177936324,"date":"Sun, 27 Jun 2021 23:55:01 GMT","inverseRate":25.694273441132},"gnf":{"code":"GNF","alphaCode":"GNF","numericCode":"324","name":"Guinean franc","rate":189.37305699482,"date":"Sun, 27 Jun 2021 23:55:01 GMT","inverseRate":0.0052805822320719},"sll":{"code":"SLL","alphaCode":"SLL","numericCode":"694","name":"Sierra Leonean leone","rate":198.09756097561,"date":"Sun, 27 Jun 2021 23:55:01 GMT","inverseRate":0.0050480177296231},"ugx":{"code":"UGX","alphaCode":"UGX","numericCode":"800","name":"Ugandan shilling","rate":69.02549575071,"date":"Sun, 27 Jun 2021 23:55:01 GMT","inverseRate":0.014487400476073},"cny":{"code":"CNY","alphaCode":"CNY","numericCode":"156","name":"Chinese Yuan","rate":0.12500922157901,"date":"Sun, 27 Jun 2021 23:55:01 GMT","inverseRate":7.9994098624796},"sar":{"code":"SAR","alphaCode":"SAR","numericCode":"682","name":"Saudi Riyal","rate":0.072613758239074,"date":"Sun, 27 Jun 2021 23:55:01 GMT","inverseRate":13.771494882658},"myr":{"code":"MYR","alphaCode":"MYR","numericCode":"458","name":"Malaysian Ringgit","rate":0.080240328673706,"date":"Sun, 27 Jun 2021 23:55:01 GMT","inverseRate":12.462561115202},"kzt":{"code":"KZT","alphaCode":"KZT","numericCode":"398","name":"Kazakhstani Tenge","rate":8.2542613216339,"date":"Sun, 27 Jun 2021 23:55:01 GMT","inverseRate":0.12114954458481},"bob":{"code":"BOB","alphaCode":"BOB","numericCode":"068","name":"Bolivian Boliviano","rate":0.13307804343159,"date":"Sun, 27 Jun 2021 23:55:01 GMT","inverseRate":7.514387604549},"gyd":{"code":"GYD","alphaCode":"GYD","numericCode":"328","name":"Guyanese dollar","rate":4.0325481326199,"date":"Sun, 27 Jun 2021 23:55:01 GMT","inverseRate":0.24798216093463},"rwf":{"code":"RWF","alphaCode":"RWF","numericCode":"646","name":"Rwandan franc","rate":19.415139442231,"date":"Sun, 27 Jun 2021 23:55:01 GMT","inverseRate":0.051506197159976},"mzn":{"code":"MZN","alphaCode":"MZN","numericCode":"943","name":"Mozambican metical","rate":1.2306060606061,"date":"Sun, 27 Jun 2021 23:55:01 GMT","inverseRate":0.81260773208565},"vuv":{"code":"VUV","alphaCode":"VUV","numericCode":"548","name":"Vanuatu vatu","rate":2.1212420197331,"date":"Sun, 27 Jun 2021 23:55:01 GMT","inverseRate":0.47142192672849},"idr":{"code":"IDR","alphaCode":"IDR","numericCode":"360","name":"Indonesian Rupiah","rate":279.63387766756,"date":"Sun, 27 Jun 2021 23:55:01 GMT","inverseRate":0.0035761046134362},"tnd":{"code":"TND","alphaCode":"TND","numericCode":"788","name":"Tunisian Dinar","rate":0.052952910383558,"date":"Sun, 27 Jun 2021 23:55:01 GMT","inverseRate":18.884703272334},"xof":{"code":"XOF","alphaCode":"XOF","numericCode":"952","name":"West African CFA Franc","rate":10.643793944366,"date":"Sun, 27 Jun 2021 23:55:01 GMT","inverseRate":0.09395146178392},"tjs":{"code":"TJS","alphaCode":"TJS","numericCode":"972","name":"Tajikistan Ruble","rate":0.21895262146564,"date":"Sun, 27 Jun 2021 23:55:01 GMT","inverseRate":4.567198114853},"afn":{"code":"AFN","alphaCode":"AFN","numericCode":"971","name":"Afghan afghani","rate":1.5272020725389,"date":"Sun, 27 Jun 2021 23:55:01 GMT","inverseRate":0.65479219677689},"nad":{"code":"NAD","alphaCode":"NAD","numericCode":"516","name":"Namibian dollar","rate":0.27449493052949,"date":"Sun, 27 Jun 2021 23:55:01 GMT","inverseRate":3.6430545295355},"syp":{"code":"SYP","alphaCode":"SYP","numericCode":"760","name":"Syrian pound","rate":48.732000000001,"date":"Sun, 27 Jun 2021 23:55:01 GMT","inverseRate":0.020520397274891},"top":{"code":"TOP","alphaCode":"TOP","numericCode":"776","name":"Tongan pa\u02bbanga","rate":0.042774884428582,"date":"Sun, 27 Jun 2021 23:55:01 GMT","inverseRate":23.37820460204},"kwd":{"code":"KWD","alphaCode":"KWD","numericCode":"414","name":"Kuwaiti Dinar","rate":0.005823989463927,"date":"Sun, 27 Jun 2021 23:55:01 GMT","inverseRate":171.70360732859},"czk":{"code":"CZK","alphaCode":"CZK","numericCode":"203","name":"Czech Koruna","rate":0.41298146396386,"date":"Sun, 27 Jun 2021 23:55:01 GMT","inverseRate":2.4214161827067},"pgk":{"code":"PGK","alphaCode":"PGK","numericCode":"598","name":"Papua New Guinean kina","rate":0.067960763686005,"date":"Sun, 27 Jun 2021 23:55:01 GMT","inverseRate":14.714372613884},"uah":{"code":"UAH","alphaCode":"UAH","numericCode":"980","name":"Ukrainian Hryvnia","rate":0.53048599396416,"date":"Sun, 27 Jun 2021 23:55:01 GMT","inverseRate":1.8850639062632},"etb":{"code":"ETB","alphaCode":"ETB","numericCode":"230","name":"Ethiopian birr","rate":0.84506358381502,"date":"Sun, 27 Jun 2021 23:55:01 GMT","inverseRate":1.1833429095187},"xcd":{"code":"XCD","alphaCode":"XCD","numericCode":"951","name":"East Caribbean Dollar","rate":0.052317492127114,"date":"Sun, 27 Jun 2021 23:55:01 GMT","inverseRate":19.114066048318},"lak":{"code":"LAK","alphaCode":"LAK","numericCode":"418","name":"Lao kip","rate":183.2030075188,"date":"Sun, 27 Jun 2021 23:55:01 GMT","inverseRate":0.0054584256751209},"bwp":{"code":"BWP","alphaCode":"BWP","numericCode":"072","name":"Botswana Pula","rate":0.20987080103361,"date":"Sun, 27 Jun 2021 23:55:01 GMT","inverseRate":4.7648362472293},"nok":{"code":"NOK","alphaCode":"NOK","numericCode":"578","name":"Norwegian Krone","rate":0.16428849788001,"date":"Sun, 27 Jun 2021 23:55:01 GMT","inverseRate":6.0868533884239},"mad":{"code":"MAD","alphaCode":"MAD","numericCode":"504","name":"Moroccan Dirham","rate":0.17105493447379,"date":"Sun, 27 Jun 2021 23:55:01 GMT","inverseRate":5.8460751399909},"ron":{"code":"RON","alphaCode":"RON","numericCode":"946","name":"Romanian New Leu","rate":0.079835374233117,"date":"Sun, 27 Jun 2021 23:55:01 GMT","inverseRate":12.525775818123},"byn":{"code":"BYN","alphaCode":"BYN","numericCode":"933","name":"Belarussian Ruble","rate":0.048918603850476,"date":"Sun, 27 Jun 2021 23:55:01 GMT","inverseRate":20.442120610322},"rsd":{"code":"RSD","alphaCode":"RSD","numericCode":"941","name":"Serbian Dinar","rate":1.8690431365273,"date":"Sun, 27 Jun 2021 23:55:01 GMT","inverseRate":0.53503313029897},"gmd":{"code":"GMD","alphaCode":"GMD","numericCode":"270","name":"Gambian dalasi","rate":1.0027160493828,"date":"Sun, 27 Jun 2021 23:55:01 GMT","inverseRate":0.99729130755964},"awg":{"code":"AWG","alphaCode":"AWG","numericCode":"533","name":"Aruban florin","rate":0.034948364888125,"date":"Sun, 27 Jun 2021 23:55:01 GMT","inverseRate":28.613641960107},"aoa":{"code":"AOA","alphaCode":"AOA","numericCode":"973","name":"Angolan kwanza","rate":12.603103448276,"date":"Sun, 27 Jun 2021 23:55:01 GMT","inverseRate":0.079345536129576},"khr":{"code":"KHR","alphaCode":"KHR","numericCode":"116","name":"Cambodian riel","rate":78.68460710442,"date":"Sun, 27 Jun 2021 23:55:01 GMT","inverseRate":0.012708966045582},"scr":{"code":"SCR","alphaCode":"SCR","numericCode":"690","name":"Seychelles rupee","rate":0.28938242280287,"date":"Sun, 27 Jun 2021 23:55:01 GMT","inverseRate":3.4556349010914},"bhd":{"code":"BHD","alphaCode":"BHD","numericCode":"048","name":"Bahrain Dinar","rate":0.0072872969144467,"date":"Sun, 27 Jun 2021 23:55:01 GMT","inverseRate":137.22509343863},"omr":{"code":"OMR","alphaCode":"OMR","numericCode":"512","name":"Omani Rial","rate":0.0074479478379625,"date":"Sun, 27 Jun 2021 23:55:01 GMT","inverseRate":134.26517233418},"rub":{"code":"RUB","alphaCode":"RUB","numericCode":"643","name":"Russian Rouble","rate":1.3974459419666,"date":"Sun, 27 Jun 2021 23:55:01 GMT","inverseRate":0.71559118672793},"lyd":{"code":"LYD","alphaCode":"LYD","numericCode":"434","name":"Libyan Dinar","rate":0.086185217096149,"date":"Sun, 27 Jun 2021 23:55:01 GMT","inverseRate":11.602917921346},"clp":{"code":"CLP","alphaCode":"CLP","numericCode":"152","name":"Chilean Peso","rate":14.210218903882,"date":"Sun, 27 Jun 2021 23:55:01 GMT","inverseRate":0.070371892703696},"bsd":{"code":"BSD","alphaCode":"BSD","numericCode":"044","name":"Bahamian Dollar","rate":0.019298273404088,"date":"Sun, 27 Jun 2021 23:55:01 GMT","inverseRate":51.818107198553},"djf":{"code":"DJF","alphaCode":"DJF","numericCode":"262","name":"Djiboutian franc","rate":3.4371561574271,"date":"Sun, 27 Jun 2021 23:55:01 GMT","inverseRate":0.2909381925634},"hnl":{"code":"HNL","alphaCode":"HNL","numericCode":"340","name":"Honduran Lempira","rate":0.46264556962027,"date":"Sun, 27 Jun 2021 23:55:01 GMT","inverseRate":2.1614818462885},"tzs":{"code":"TZS","alphaCode":"TZS","numericCode":"834","name":"Tanzanian shilling","rate":44.76301285977,"date":"Sun, 27 Jun 2021 23:55:01 GMT","inverseRate":0.02233987249993},"bbd":{"code":"BBD","alphaCode":"BBD","numericCode":"052","name":"Barbadian Dollar","rate":0.038751632023143,"date":"Sun, 27 Jun 2021 23:55:01 GMT","inverseRate":25.805364775419},"bdt":{"code":"BDT","alphaCode":"BDT","numericCode":"050","name":"Bangladeshi taka","rate":1.6381912066285,"date":"Sun, 27 Jun 2021 23:55:01 GMT","inverseRate":0.61042935400567},"qar":{"code":"QAR","alphaCode":"QAR","numericCode":"634","name":"Qatari Rial","rate":0.070830866933989,"date":"Sun, 27 Jun 2021 23:55:01 GMT","inverseRate":14.118138648959},"mxn":{"code":"MXN","alphaCode":"MXN","numericCode":"484","name":"Mexican Peso","rate":0.38332395329151,"date":"Sun, 27 Jun 2021 23:55:01 GMT","inverseRate":2.6087594876689},"amd":{"code":"AMD","alphaCode":"AMD","numericCode":"051","name":"Armenia Dram","rate":10.024291111354,"date":"Sun, 27 Jun 2021 23:55:01 GMT","inverseRate":0.099757677514703},"uyu":{"code":"UYU","alphaCode":"UYU","numericCode":"858","name":"Uruguayan Peso","rate":0.84279188434785,"date":"Sun, 27 Jun 2021 23:55:01 GMT","inverseRate":1.1865325456638},"fjd":{"code":"FJD","alphaCode":"FJD","numericCode":"242","name":"Fiji Dollar","rate":0.039824570961593,"date":"Sun, 27 Jun 2021 23:55:01 GMT","inverseRate":25.110126132041},"cdf":{"code":"CDF","alphaCode":"CDF","numericCode":"976","name":"Congolese franc","rate":38.39180672269,"date":"Sun, 27 Jun 2021 23:55:01 GMT","inverseRate":0.026047224274261},"lsl":{"code":"LSL","alphaCode":"LSL","numericCode":"426","name":"Lesotho loti","rate":0.27459804658153,"date":"Sun, 27 Jun 2021 23:55:01 GMT","inverseRate":3.6416865030506},"mnt":{"code":"MNT","alphaCode":"MNT","numericCode":"496","name":"Mongolian togrog","rate":55.043674698797,"date":"Sun, 27 Jun 2021 23:55:01 GMT","inverseRate":0.018167391720703},"brl":{"code":"BRL","alphaCode":"BRL","numericCode":"986","name":"Brazilian Real","rate":0.096776657444995,"date":"Sun, 27 Jun 2021 23:55:01 GMT","inverseRate":10.333070250627},"hkd":{"code":"HKD","alphaCode":"HKD","numericCode":"344","name":"Hong Kong Dollar","rate":0.15029750482678,"date":"Sun, 27 Jun 2021 23:55:01 GMT","inverseRate":6.6534704029353},"thb":{"code":"THB","alphaCode":"THB","numericCode":"764","name":"Thai Baht","rate":0.61194705240533,"date":"Sun, 27 Jun 2021 23:55:01 GMT","inverseRate":1.6341283058222},"xaf":{"code":"XAF","alphaCode":"XAF","numericCode":"950","name":"Central African CFA Franc","rate":10.652817545161,"date":"Sun, 27 Jun 2021 23:55:01 GMT","inverseRate":0.093871879036757},"mdl":{"code":"MDL","alphaCode":"MDL","numericCode":"498","name":"Moldova Lei","rate":0.34837961051723,"date":"Sun, 27 Jun 2021 23:55:01 GMT","inverseRate":2.870432051162},"nio":{"code":"NIO","alphaCode":"NIO","numericCode":"558","name":"Nicaraguan C\u00f3rdoba","rate":0.67726365651369,"date":"Sun, 27 Jun 2021 23:55:01 GMT","inverseRate":1.4765298423773},"lrd":{"code":"LRD","alphaCode":"LRD","numericCode":"430","name":"Liberian dollar","rate":3.307601809955,"date":"Sun, 27 Jun 2021 23:55:01 GMT","inverseRate":0.30233385318337},"sdg":{"code":"SDG","alphaCode":"SDG","numericCode":"938","name":"Sudanese pound","rate":8.4997674418608,"date":"Sun, 27 Jun 2021 23:55:01 GMT","inverseRate":0.11765027770937},"mru":{"code":"MRU","alphaCode":"MRU","numericCode":"929","name":"Mauritanian ouguiya","rate":0.69750000000002,"date":"Sun, 27 Jun 2021 23:55:01 GMT","inverseRate":1.4336917562724},"dkk":{"code":"DKK","alphaCode":"DKK","numericCode":"208","name":"Danish Krone","rate":0.12052431055607,"date":"Sun, 27 Jun 2021 23:55:01 GMT","inverseRate":8.297081272535},"jod":{"code":"JOD","alphaCode":"JOD","numericCode":"400","name":"Jordanian Dinar","rate":0.013719334107364,"date":"Sun, 27 Jun 2021 23:55:01 GMT","inverseRate":72.889835044053},"bgn":{"code":"BGN","alphaCode":"BGN","numericCode":"975","name":"Bulgarian Lev","rate":0.031699224933225,"date":"Sun, 27 Jun 2021 23:55:01 GMT","inverseRate":31.546512638921},"vnd":{"code":"VND","alphaCode":"VND","numericCode":"704","name":"Vietnamese Dong","rate":445.39092659507,"date":"Sun, 27 Jun 2021 23:55:01 GMT","inverseRate":0.0022452186164743},"uzs":{"code":"UZS","alphaCode":"UZS","numericCode":"860","name":"Uzbekistan Sum","rate":204.15801666678,"date":"Sun, 27 Jun 2021 23:55:01 GMT","inverseRate":0.0048981667059991},"pab":{"code":"PAB","alphaCode":"PAB","numericCode":"590","name":"Panamanian Balboa","rate":0.019298273404088,"date":"Sun, 27 Jun 2021 23:55:01 GMT","inverseRate":51.818107198553},"ttd":{"code":"TTD","alphaCode":"TTD","numericCode":"780","name":"Trinidad Tobago Dollar","rate":0.13123518850988,"date":"Sun, 27 Jun 2021 23:55:01 GMT","inverseRate":7.6199075214095},"htg":{"code":"HTG","alphaCode":"HTG","numericCode":"332","name":"Haitian gourde","rate":1.8138461538463,"date":"Sun, 27 Jun 2021 23:55:01 GMT","inverseRate":0.55131467345205},"cup":{"code":"CUP","alphaCode":"CUP","numericCode":"192","name":"Cuban peso","rate":0.019298273404088,"date":"Sun, 27 Jun 2021 23:55:01 GMT","inverseRate":51.818107198553}}