{"usd":{"code":"USD","alphaCode":"USD","numericCode":"840","name":"U.S. Dollar","rate":0.00060928766324936,"date":"Sun, 27 Jun 2021 23:55:01 GMT","inverseRate":1641.2608695652},"eur":{"code":"EUR","alphaCode":"EUR","numericCode":"978","name":"Euro","rate":0.0005100643792807,"date":"Sun, 27 Jun 2021 23:55:01 GMT","inverseRate":1960.5368275476},"gbp":{"code":"GBP","alphaCode":"GBP","numericCode":"826","name":"U.K. Pound Sterling","rate":0.00043812807845987,"date":"Sun, 27 Jun 2021 23:55:01 GMT","inverseRate":2282.4376002452},"jpy":{"code":"JPY","alphaCode":"JPY","numericCode":"392","name":"Japanese Yen","rate":0.067468154397853,"date":"Sun, 27 Jun 2021 23:55:01 GMT","inverseRate":14.821807546462},"aud":{"code":"AUD","alphaCode":"AUD","numericCode":"036","name":"Australian Dollar","rate":0.00080201431725526,"date":"Sun, 27 Jun 2021 23:55:01 GMT","inverseRate":1246.860534139},"chf":{"code":"CHF","alphaCode":"CHF","numericCode":"756","name":"Swiss Franc","rate":0.00055872576369739,"date":"Sun, 27 Jun 2021 23:55:01 GMT","inverseRate":1789.7868059322},"cad":{"code":"CAD","alphaCode":"CAD","numericCode":"124","name":"Canadian Dollar","rate":0.00074942035890574,"date":"Sun, 27 Jun 2021 23:55:01 GMT","inverseRate":1334.3646034118},"lkr":{"code":"LKR","alphaCode":"LKR","numericCode":"144","name":"Sri Lanka Rupee","rate":0.12106622861606,"date":"Sun, 27 Jun 2021 23:55:01 GMT","inverseRate":8.2599417808854},"pln":{"code":"PLN","alphaCode":"PLN","numericCode":"985","name":"Polish Zloty","rate":0.0023005373416654,"date":"Sun, 27 Jun 2021 23:55:01 GMT","inverseRate":434.68105554682},"pen":{"code":"PEN","alphaCode":"PEN","numericCode":"604","name":"Peruvian Nuevo Sol","rate":0.0024250874385438,"date":"Sun, 27 Jun 2021 23:55:01 GMT","inverseRate":412.35626563654},"iqd":{"code":"IQD","alphaCode":"IQD","numericCode":"368","name":"Iraqi dinar","rate":0.8871873928307,"date":"Sun, 27 Jun 2021 23:55:01 GMT","inverseRate":1.1271575859632},"svc":{"code":"SVC","alphaCode":"SVC","numericCode":"222","name":"Salvadoran colon","rate":0.0053179190751447,"date":"Sun, 27 Jun 2021 23:55:01 GMT","inverseRate":188.04347826086},"cve":{"code":"CVE","alphaCode":"CVE","numericCode":"132","name":"Cape Verde escudo","rate":0.05679012345679,"date":"Sun, 27 Jun 2021 23:55:01 GMT","inverseRate":17.608695652174},"zmw":{"code":"ZMW","alphaCode":"ZMW","numericCode":"967","name":"Zambian kwacha","rate":0.013723150357996,"date":"Sun, 27 Jun 2021 23:55:01 GMT","inverseRate":72.869565217389},"yer":{"code":"YER","alphaCode":"YER","numericCode":"886","name":"Yemeni rial","rate":0.15278331340508,"date":"Sun, 27 Jun 2021 23:55:01 GMT","inverseRate":6.5452173913042},"dop":{"code":"DOP","alphaCode":"DOP","numericCode":"214","name":"Dominican Peso","rate":0.034591691755334,"date":"Sun, 27 Jun 2021 23:55:01 GMT","inverseRate":28.908675732687},"nzd":{"code":"NZD","alphaCode":"NZD","numericCode":"554","name":"New Zealand Dollar","rate":0.0008608236215885,"date":"Sun, 27 Jun 2021 23:55:01 GMT","inverseRate":1161.6781590573},"hrk":{"code":"HRK","alphaCode":"HRK","numericCode":"191","name":"Croatian Kuna","rate":0.0038229901857138,"date":"Sun, 27 Jun 2021 23:55:01 GMT","inverseRate":261.57535107909},"dzd":{"code":"DZD","alphaCode":"DZD","numericCode":"012","name":"Algerian Dinar","rate":0.081135692881289,"date":"Sun, 27 Jun 2021 23:55:01 GMT","inverseRate":12.325031863142},"ars":{"code":"ARS","alphaCode":"ARS","numericCode":"032","name":"Argentine Peso","rate":0.058094176846322,"date":"Sun, 27 Jun 2021 23:55:01 GMT","inverseRate":17.213429198684},"stn":{"code":"STN","alphaCode":"STN","numericCode":"930","name":"S\u00e3o Tom\u00e9 and Pr\u00edncipe Dobra","rate":0.012616566099836,"date":"Sun, 27 Jun 2021 23:55:01 GMT","inverseRate":79.260869565216},"xpf":{"code":"XPF","alphaCode":"XPF","numericCode":"953","name":"CFP Franc","rate":0.060777422508788,"date":"Sun, 27 Jun 2021 23:55:01 GMT","inverseRate":16.453478260869},"all":{"code":"ALL","alphaCode":"ALL","numericCode":"008","name":"Albanian lek","rate":0.062399956591338,"date":"Sun, 27 Jun 2021 23:55:01 GMT","inverseRate":16.025652173912},"mur":{"code":"MUR","alphaCode":"MUR","numericCode":"480","name":"Mauritian Rupee","rate":0.024945770065077,"date":"Sun, 27 Jun 2021 23:55:01 GMT","inverseRate":40.086956521737},"sos":{"code":"SOS","alphaCode":"SOS","numericCode":"706","name":"Somali shilling","rate":0.35141329258978,"date":"Sun, 27 Jun 2021 23:55:01 GMT","inverseRate":2.8456521739129},"ang":{"code":"ANG","alphaCode":"ANG","numericCode":"532","name":"Neth. Antillean Guilder","rate":0.0010835616174807,"date":"Sun, 27 Jun 2021 23:55:01 GMT","inverseRate":922.88244975398},"pkr":{"code":"PKR","alphaCode":"PKR","numericCode":"586","name":"Pakistani Rupee","rate":0.094225830766366,"date":"Sun, 27 Jun 2021 23:55:01 GMT","inverseRate":10.612801095694},"krw":{"code":"KRW","alphaCode":"KRW","numericCode":"410","name":"South Korean Won","rate":0.68679082872208,"date":"Sun, 27 Jun 2021 23:55:01 GMT","inverseRate":1.4560473992652},"azn":{"code":"AZN","alphaCode":"AZN","numericCode":"944","name":"Azerbaijan Manat","rate":0.0010327970979114,"date":"Sun, 27 Jun 2021 23:55:01 GMT","inverseRate":968.24439381397},"pyg":{"code":"PYG","alphaCode":"PYG","numericCode":"600","name":"Paraguayan Guaran\u00ed","rate":4.1300969342409,"date":"Sun, 27 Jun 2021 23:55:01 GMT","inverseRate":0.24212506774585},"bnd":{"code":"BND","alphaCode":"BND","numericCode":"096","name":"Brunei Dollar","rate":0.00081769055745168,"date":"Sun, 27 Jun 2021 23:55:01 GMT","inverseRate":1222.9565217391},"kmf":{"code":"KMF","alphaCode":"KMF","numericCode":"174","name":"\tComoro franc","rate":0.25180643748632,"date":"Sun, 27 Jun 2021 23:55:01 GMT","inverseRate":3.9713043478259},"szl":{"code":"SZL","alphaCode":"SZL","numericCode":"748","name":"Swazi lilangeni","rate":0.0086368757040935,"date":"Sun, 27 Jun 2021 23:55:01 GMT","inverseRate":115.78260869565},"wst":{"code":"WST","alphaCode":"WST","numericCode":"882","name":"Samoan tala","rate":0.0015443496944874,"date":"Sun, 27 Jun 2021 23:55:01 GMT","inverseRate":647.52173913042},"egp":{"code":"EGP","alphaCode":"EGP","numericCode":"818","name":"Egyptian Pound","rate":0.0095517050051209,"date":"Sun, 27 Jun 2021 23:55:01 GMT","inverseRate":104.69335050275},"sgd":{"code":"SGD","alphaCode":"SGD","numericCode":"702","name":"Singapore Dollar","rate":0.00081756227305186,"date":"Sun, 27 Jun 2021 23:55:01 GMT","inverseRate":1223.1484168993},"zar":{"code":"ZAR","alphaCode":"ZAR","numericCode":"710","name":"South African Rand","rate":0.0085895364350036,"date":"Sun, 27 Jun 2021 23:55:01 GMT","inverseRate":116.42071811057},"kgs":{"code":"KGS","alphaCode":"KGS","numericCode":"417","name":"Kyrgyzstan Som","rate":0.050924313395717,"date":"Sun, 27 Jun 2021 23:55:01 GMT","inverseRate":19.636985426378},"crc":{"code":"CRC","alphaCode":"CRC","numericCode":"188","name":"Costa Rican Col\u00f3n","rate":0.37631837311653,"date":"Sun, 27 Jun 2021 23:55:01 GMT","inverseRate":2.6573244131515},"jmd":{"code":"JMD","alphaCode":"JMD","numericCode":"388","name":"Jamaican Dollar","rate":0.090909090909093,"date":"Sun, 27 Jun 2021 23:55:01 GMT","inverseRate":11},"ssp":{"code":"SSP","alphaCode":"SSP","numericCode":"728","name":"South Sudanese pound","rate":0.10805224090952,"date":"Sun, 27 Jun 2021 23:55:01 GMT","inverseRate":9.2547826086953},"ern":{"code":"ERN","alphaCode":"ERN","numericCode":"232","name":"Eritrean nakfa","rate":0.0091596973317408,"date":"Sun, 27 Jun 2021 23:55:01 GMT","inverseRate":109.17391304347},"bam":{"code":"BAM","alphaCode":"BAM","numericCode":"977","name":"Bosnia and Herzegovina convertible mark","rate":0.0010058162417458,"date":"Sun, 27 Jun 2021 23:55:01 GMT","inverseRate":994.2173913043},"inr":{"code":"INR","alphaCode":"INR","numericCode":"356","name":"Indian Rupee","rate":0.045201479790612,"date":"Sun, 27 Jun 2021 23:55:01 GMT","inverseRate":22.123169520828},"try":{"code":"TRY","alphaCode":"TRY","numericCode":"949","name":"Turkish Lira","rate":0.0053075892025213,"date":"Sun, 27 Jun 2021 23:55:01 GMT","inverseRate":188.40945707045},"twd":{"code":"TWD","alphaCode":"TWD","numericCode":"901","name":"New Taiwan Dollar ","rate":0.016998131569128,"date":"Sun, 27 Jun 2021 23:55:01 GMT","inverseRate":58.829995281142},"tmt":{"code":"TMT","alphaCode":"TMT","numericCode":"934","name":"New Turkmenistan Manat","rate":0.0021270000952857,"date":"Sun, 27 Jun 2021 23:55:01 GMT","inverseRate":470.14572411934},"mga":{"code":"MGA","alphaCode":"MGA","numericCode":"969","name":"Malagasy ariary","rate":2.3000000000001,"date":"Sun, 27 Jun 2021 23:55:01 GMT","inverseRate":0.43478260869564},"srd":{"code":"SRD","alphaCode":"SRD","numericCode":"968","name":"Surinamese dollar","rate":0.012644310060473,"date":"Sun, 27 Jun 2021 23:55:01 GMT","inverseRate":79.086956521738},"ghs":{"code":"GHS","alphaCode":"GHS","numericCode":"936","name":"Ghanaian Cedi","rate":0.0035417308284572,"date":"Sun, 27 Jun 2021 23:55:01 GMT","inverseRate":282.34782608694},"mop":{"code":"MOP","alphaCode":"MOP","numericCode":"446","name":"Macanese pataca","rate":0.0048625792811841,"date":"Sun, 27 Jun 2021 23:55:01 GMT","inverseRate":205.65217391304},"lbp":{"code":"LBP","alphaCode":"LBP","numericCode":"422","name":"Lebanese Pound","rate":0.91748827531727,"date":"Sun, 27 Jun 2021 23:55:01 GMT","inverseRate":1.089932184315},"huf":{"code":"HUF","alphaCode":"HUF","numericCode":"348","name":"Hungarian Forint","rate":0.17928573398411,"date":"Sun, 27 Jun 2021 23:55:01 GMT","inverseRate":5.5776886301988},"ngn":{"code":"NGN","alphaCode":"NGN","numericCode":"566","name":"Nigerian Naira","rate":0.24976269091937,"date":"Sun, 27 Jun 2021 23:55:01 GMT","inverseRate":4.0038005529129},"irr":{"code":"IRR","alphaCode":"IRR","numericCode":"364","name":"Iranian rial","rate":25.526657087087,"date":"Sun, 27 Jun 2021 23:55:01 GMT","inverseRate":0.039174733949236},"ves":{"code":"VES","alphaCode":"VES","numericCode":"928","name":"Venezuelan Bolivar","rate":1932.7731092437,"date":"Sun, 27 Jun 2021 23:55:01 GMT","inverseRate":0.00051739130434782},"sbd":{"code":"SBD","alphaCode":"SBD","numericCode":"090","name":"Solomon Islands dollar","rate":0.0049536937325007,"date":"Sun, 27 Jun 2021 23:55:01 GMT","inverseRate":201.86956521738},"mwk":{"code":"MWK","alphaCode":"MWK","numericCode":"454","name":"Malawian kwacha","rate":0.48936170212767,"date":"Sun, 27 Jun 2021 23:55:01 GMT","inverseRate":2.0434782608695},"gtq":{"code":"GTQ","alphaCode":"GTQ","numericCode":"320","name":"Guatemalan Quetzal","rate":0.0046986721144026,"date":"Sun, 27 Jun 2021 23:55:01 GMT","inverseRate":212.82608695652},"sek":{"code":"SEK","alphaCode":"SEK","numericCode":"752","name":"Swedish Krona","rate":0.005158530286423,"date":"Sun, 27 Jun 2021 23:55:01 GMT","inverseRate":193.8536646052},"npr":{"code":"NPR","alphaCode":"NPR","numericCode":"524","name":"Nepalese Rupee","rate":0.072246838938421,"date":"Sun, 27 Jun 2021 23:55:01 GMT","inverseRate":13.841436036424},"isk":{"code":"ISK","alphaCode":"ISK","numericCode":"352","name":"Icelandic Krona","rate":0.074981349998311,"date":"Sun, 27 Jun 2021 23:55:01 GMT","inverseRate":13.336649713863},"gip":{"code":"GIP","alphaCode":"GIP","numericCode":"292","name":"Gibraltar pound","rate":0.00043611844631997,"date":"Sun, 27 Jun 2021 23:55:01 GMT","inverseRate":2292.9550640156},"gel":{"code":"GEL","alphaCode":"GEL","numericCode":"981","name":"Georgian lari","rate":0.0019735077778617,"date":"Sun, 27 Jun 2021 23:55:01 GMT","inverseRate":506.7119629412},"mkd":{"code":"MKD","alphaCode":"MKD","numericCode":"807","name":"Macedonian denar","rate":0.031464609154833,"date":"Sun, 27 Jun 2021 23:55:01 GMT","inverseRate":31.781739130435},"bif":{"code":"BIF","alphaCode":"BIF","numericCode":"108","name":"Burundian franc","rate":1.2023000522739,"date":"Sun, 27 Jun 2021 23:55:01 GMT","inverseRate":0.83173913043477},"mvr":{"code":"MVR","alphaCode":"MVR","numericCode":"462","name":"Maldivian rufiyaa","rate":0.00939158840343,"date":"Sun, 27 Jun 2021 23:55:01 GMT","inverseRate":106.47826086956},"kes":{"code":"KES","alphaCode":"KES","numericCode":"404","name":"Kenyan shilling","rate":0.065456201263593,"date":"Sun, 27 Jun 2021 23:55:01 GMT","inverseRate":15.277391304347},"aed":{"code":"AED","alphaCode":"AED","numericCode":"784","name":"U.A.E Dirham","rate":0.0022336364744108,"date":"Sun, 27 Jun 2021 23:55:01 GMT","inverseRate":447.7004254973},"php":{"code":"PHP","alphaCode":"PHP","numericCode":"608","name":"Philippine Peso","rate":0.029551672600748,"date":"Sun, 27 Jun 2021 23:55:01 GMT","inverseRate":33.839032176294},"ils":{"code":"ILS","alphaCode":"ILS","numericCode":"376","name":"Israeli New Sheqel","rate":0.0019786324999593,"date":"Sun, 27 Jun 2021 23:55:01 GMT","inverseRate":505.39956258708},"mro":{"code":"MRO","alphaCode":"MRO","numericCode":"478","name":"Mauritanian Ouguiya","rate":0.02206231372567,"date":"Sun, 27 Jun 2021 23:55:01 GMT","inverseRate":45.326161726931},"cop":{"code":"COP","alphaCode":"COP","numericCode":"170","name":"Colombian Peso","rate":2.2908493373458,"date":"Sun, 27 Jun 2021 23:55:01 GMT","inverseRate":0.43651932219977},"bzd":{"code":"BZD","alphaCode":"BZD","numericCode":"084","name":"Belize dollar","rate":0.0012245767223938,"date":"Sun, 27 Jun 2021 23:55:01 GMT","inverseRate":816.60869565214},"gnf":{"code":"GNF","alphaCode":"GNF","numericCode":"324","name":"Guinean franc","rate":5.958549222798,"date":"Sun, 27 Jun 2021 23:55:01 GMT","inverseRate":0.16782608695652},"sll":{"code":"SLL","alphaCode":"SLL","numericCode":"694","name":"Sierra Leonean leone","rate":6.2330623306234,"date":"Sun, 27 Jun 2021 23:55:01 GMT","inverseRate":0.16043478260869},"ugx":{"code":"UGX","alphaCode":"UGX","numericCode":"800","name":"Ugandan shilling","rate":2.1718602455147,"date":"Sun, 27 Jun 2021 23:55:01 GMT","inverseRate":0.46043478260869},"cny":{"code":"CNY","alphaCode":"CNY","numericCode":"156","name":"Chinese Yuan","rate":0.0039333662977333,"date":"Sun, 27 Jun 2021 23:55:01 GMT","inverseRate":254.23515744676},"sar":{"code":"SAR","alphaCode":"SAR","numericCode":"682","name":"Saudi Riyal","rate":0.002284763522256,"date":"Sun, 27 Jun 2021 23:55:01 GMT","inverseRate":437.68205779677},"myr":{"code":"MYR","alphaCode":"MYR","numericCode":"458","name":"Malaysian Ringgit","rate":0.0025247305801735,"date":"Sun, 27 Jun 2021 23:55:01 GMT","inverseRate":396.08186626047},"kzt":{"code":"KZT","alphaCode":"KZT","numericCode":"398","name":"Kazakhstani Tenge","rate":0.25971710634706,"date":"Sun, 27 Jun 2021 23:55:01 GMT","inverseRate":3.8503432217656},"bob":{"code":"BOB","alphaCode":"BOB","numericCode":"068","name":"Bolivian Boliviano","rate":0.0041872486236649,"date":"Sun, 27 Jun 2021 23:55:01 GMT","inverseRate":238.82030657275},"gyd":{"code":"GYD","alphaCode":"GYD","numericCode":"328","name":"Guyanese dollar","rate":0.12688255089094,"date":"Sun, 27 Jun 2021 23:55:01 GMT","inverseRate":7.881304347826},"rwf":{"code":"RWF","alphaCode":"RWF","numericCode":"646","name":"Rwandan franc","rate":0.61088977423639,"date":"Sun, 27 Jun 2021 23:55:01 GMT","inverseRate":1.6369565217391},"mzn":{"code":"MZN","alphaCode":"MZN","numericCode":"943","name":"Mozambican metical","rate":0.03872053872054,"date":"Sun, 27 Jun 2021 23:55:01 GMT","inverseRate":25.826086956521},"vuv":{"code":"VUV","alphaCode":"VUV","numericCode":"548","name":"Vanuatu vatu","rate":0.066744051073709,"date":"Sun, 27 Jun 2021 23:55:01 GMT","inverseRate":14.982608695652},"idr":{"code":"IDR","alphaCode":"IDR","numericCode":"360","name":"Indonesian Rupiah","rate":8.79857066726,"date":"Sun, 27 Jun 2021 23:55:01 GMT","inverseRate":0.11365482392737},"tnd":{"code":"TND","alphaCode":"TND","numericCode":"788","name":"Tunisian Dinar","rate":0.0016661426288295,"date":"Sun, 27 Jun 2021 23:55:01 GMT","inverseRate":600.18871295701},"xof":{"code":"XOF","alphaCode":"XOF","numericCode":"952","name":"West African CFA Franc","rate":0.33490281638404,"date":"Sun, 27 Jun 2021 23:55:01 GMT","inverseRate":2.9859408493396},"tjs":{"code":"TJS","alphaCode":"TJS","numericCode":"972","name":"Tajikistan Ruble","rate":0.0068892586578424,"date":"Sun, 27 Jun 2021 23:55:01 GMT","inverseRate":145.15349904327},"afn":{"code":"AFN","alphaCode":"AFN","numericCode":"971","name":"Afghan afghani","rate":0.048052816312888,"date":"Sun, 27 Jun 2021 23:55:01 GMT","inverseRate":20.810434782608},"nad":{"code":"NAD","alphaCode":"NAD","numericCode":"516","name":"Namibian dollar","rate":0.0086368757040935,"date":"Sun, 27 Jun 2021 23:55:01 GMT","inverseRate":115.78260869565},"syp":{"code":"SYP","alphaCode":"SYP","numericCode":"760","name":"Syrian pound","rate":1.5333333333333,"date":"Sun, 27 Jun 2021 23:55:01 GMT","inverseRate":0.65217391304347},"top":{"code":"TOP","alphaCode":"TOP","numericCode":"776","name":"Tongan pa\u02bbanga","rate":0.0013458950201885,"date":"Sun, 27 Jun 2021 23:55:01 GMT","inverseRate":742.99999999998},"kwd":{"code":"KWD","alphaCode":"KWD","numericCode":"414","name":"Kuwaiti Dinar","rate":0.00018324955220433,"date":"Sun, 27 Jun 2021 23:55:01 GMT","inverseRate":5457.0392558721},"czk":{"code":"CZK","alphaCode":"CZK","numericCode":"203","name":"Czech Koruna","rate":0.012994300351814,"date":"Sun, 27 Jun 2021 23:55:01 GMT","inverseRate":76.956817444998},"pgk":{"code":"PGK","alphaCode":"PGK","numericCode":"598","name":"Papua New Guinean kina","rate":0.0021383588672441,"date":"Sun, 27 Jun 2021 23:55:01 GMT","inverseRate":467.64835188249},"uah":{"code":"UAH","alphaCode":"UAH","numericCode":"980","name":"Ukrainian Hryvnia","rate":0.016691534462195,"date":"Sun, 27 Jun 2021 23:55:01 GMT","inverseRate":59.910609313057},"etb":{"code":"ETB","alphaCode":"ETB","numericCode":"230","name":"Ethiopian birr","rate":0.026589595375722,"date":"Sun, 27 Jun 2021 23:55:01 GMT","inverseRate":37.608695652175},"xcd":{"code":"XCD","alphaCode":"XCD","numericCode":"951","name":"East Caribbean Dollar","rate":0.0016461494417407,"date":"Sun, 27 Jun 2021 23:55:01 GMT","inverseRate":607.47826086954},"lak":{"code":"LAK","alphaCode":"LAK","numericCode":"418","name":"Lao kip","rate":5.764411027569,"date":"Sun, 27 Jun 2021 23:55:01 GMT","inverseRate":0.17347826086956},"bwp":{"code":"BWP","alphaCode":"BWP","numericCode":"072","name":"Botswana Pula","rate":0.0066035027275342,"date":"Sun, 27 Jun 2021 23:55:01 GMT","inverseRate":151.43478260868},"nok":{"code":"NOK","alphaCode":"NOK","numericCode":"578","name":"Norwegian Krone","rate":0.005169273374429,"date":"Sun, 27 Jun 2021 23:55:01 GMT","inverseRate":193.45078651609},"mad":{"code":"MAD","alphaCode":"MAD","numericCode":"504","name":"Moroccan Dirham","rate":0.0053821766572233,"date":"Sun, 27 Jun 2021 23:55:01 GMT","inverseRate":185.79843503611},"ron":{"code":"RON","alphaCode":"RON","numericCode":"946","name":"Romanian New Leu","rate":0.0025119888469748,"date":"Sun, 27 Jun 2021 23:55:01 GMT","inverseRate":398.09093945791},"byn":{"code":"BYN","alphaCode":"BYN","numericCode":"933","name":"Belarussian Ruble","rate":0.0015392047505553,"date":"Sun, 27 Jun 2021 23:55:01 GMT","inverseRate":649.68614451016},"rsd":{"code":"RSD","alphaCode":"RSD","numericCode":"941","name":"Serbian Dinar","rate":0.058808711784354,"date":"Sun, 27 Jun 2021 23:55:01 GMT","inverseRate":17.004283373302},"gmd":{"code":"GMD","alphaCode":"GMD","numericCode":"270","name":"Gambian dalasi","rate":0.031550068587108,"date":"Sun, 27 Jun 2021 23:55:01 GMT","inverseRate":31.695652173911},"awg":{"code":"AWG","alphaCode":"AWG","numericCode":"533","name":"Aruban florin","rate":0.0010996366418053,"date":"Sun, 27 Jun 2021 23:55:01 GMT","inverseRate":909.3913043478},"aoa":{"code":"AOA","alphaCode":"AOA","numericCode":"973","name":"Angolan kwanza","rate":0.39655172413794,"date":"Sun, 27 Jun 2021 23:55:01 GMT","inverseRate":2.5217391304347},"khr":{"code":"KHR","alphaCode":"KHR","numericCode":"116","name":"Cambodian riel","rate":2.4757804090421,"date":"Sun, 27 Jun 2021 23:55:01 GMT","inverseRate":0.40391304347823},"scr":{"code":"SCR","alphaCode":"SCR","numericCode":"690","name":"Seychelles rupee","rate":0.0091053048297709,"date":"Sun, 27 Jun 2021 23:55:01 GMT","inverseRate":109.82608695652},"bhd":{"code":"BHD","alphaCode":"BHD","numericCode":"048","name":"Bahrain Dinar","rate":0.00022929194920829,"date":"Sun, 27 Jun 2021 23:55:01 GMT","inverseRate":4361.2521218162},"omr":{"code":"OMR","alphaCode":"OMR","numericCode":"512","name":"Omani Rial","rate":0.00023434676772707,"date":"Sun, 27 Jun 2021 23:55:01 GMT","inverseRate":4267.1806814277},"rub":{"code":"RUB","alphaCode":"RUB","numericCode":"643","name":"Russian Rouble","rate":0.043970090378986,"date":"Sun, 27 Jun 2021 23:55:01 GMT","inverseRate":22.742732420626},"lyd":{"code":"LYD","alphaCode":"LYD","numericCode":"434","name":"Libyan Dinar","rate":0.0027117841708547,"date":"Sun, 27 Jun 2021 23:55:01 GMT","inverseRate":368.76091052807},"clp":{"code":"CLP","alphaCode":"CLP","numericCode":"152","name":"Chilean Peso","rate":0.44711898381526,"date":"Sun, 27 Jun 2021 23:55:01 GMT","inverseRate":2.2365411360238},"bsd":{"code":"BSD","alphaCode":"BSD","numericCode":"044","name":"Bahamian Dollar","rate":0.00060721263002272,"date":"Sun, 27 Jun 2021 23:55:01 GMT","inverseRate":1646.8695652174},"djf":{"code":"DJF","alphaCode":"DJF","numericCode":"262","name":"Djiboutian franc","rate":0.10814877509757,"date":"Sun, 27 Jun 2021 23:55:01 GMT","inverseRate":9.2465217391303},"hnl":{"code":"HNL","alphaCode":"HNL","numericCode":"340","name":"Honduran Lempira","rate":0.014556962025317,"date":"Sun, 27 Jun 2021 23:55:01 GMT","inverseRate":68.695652173912},"tzs":{"code":"TZS","alphaCode":"TZS","numericCode":"834","name":"Tanzanian shilling","rate":1.4084507042254,"date":"Sun, 27 Jun 2021 23:55:01 GMT","inverseRate":0.70999999999998},"bbd":{"code":"BBD","alphaCode":"BBD","numericCode":"052","name":"Barbadian Dollar","rate":0.0012193049557201,"date":"Sun, 27 Jun 2021 23:55:01 GMT","inverseRate":820.13937145809},"bdt":{"code":"BDT","alphaCode":"BDT","numericCode":"050","name":"Bangladeshi taka","rate":0.051545046037449,"date":"Sun, 27 Jun 2021 23:55:01 GMT","inverseRate":19.400506486568},"qar":{"code":"QAR","alphaCode":"QAR","numericCode":"634","name":"Qatari Rial","rate":0.0022286655441759,"date":"Sun, 27 Jun 2021 23:55:01 GMT","inverseRate":448.69899954852},"mxn":{"code":"MXN","alphaCode":"MXN","numericCode":"484","name":"Mexican Peso","rate":0.012061138370003,"date":"Sun, 27 Jun 2021 23:55:01 GMT","inverseRate":82.910913491142},"amd":{"code":"AMD","alphaCode":"AMD","numericCode":"051","name":"Armenia Dram","rate":0.31541040187303,"date":"Sun, 27 Jun 2021 23:55:01 GMT","inverseRate":3.1704724830304},"uyu":{"code":"UYU","alphaCode":"UYU","numericCode":"858","name":"Uruguayan Peso","rate":0.02651811723987,"date":"Sun, 27 Jun 2021 23:55:01 GMT","inverseRate":37.710067836057},"fjd":{"code":"FJD","alphaCode":"FJD","numericCode":"242","name":"Fiji Dollar","rate":0.0012530645600654,"date":"Sun, 27 Jun 2021 23:55:01 GMT","inverseRate":798.04347826084},"cdf":{"code":"CDF","alphaCode":"CDF","numericCode":"976","name":"Congolese franc","rate":1.2079831932773,"date":"Sun, 27 Jun 2021 23:55:01 GMT","inverseRate":0.82782608695651},"lsl":{"code":"LSL","alphaCode":"LSL","numericCode":"426","name":"Lesotho loti","rate":0.0086401202103683,"date":"Sun, 27 Jun 2021 23:55:01 GMT","inverseRate":115.73913043478},"mnt":{"code":"MNT","alphaCode":"MNT","numericCode":"496","name":"Mongolian togrog","rate":1.7319277108434,"date":"Sun, 27 Jun 2021 23:55:01 GMT","inverseRate":0.57739130434782},"brl":{"code":"BRL","alphaCode":"BRL","numericCode":"986","name":"Brazilian Real","rate":0.0030450397018179,"date":"Sun, 27 Jun 2021 23:55:01 GMT","inverseRate":328.40294312189},"hkd":{"code":"HKD","alphaCode":"HKD","numericCode":"344","name":"Hong Kong Dollar","rate":0.0047290522463212,"date":"Sun, 27 Jun 2021 23:55:01 GMT","inverseRate":211.45886065816},"thb":{"code":"THB","alphaCode":"THB","numericCode":"764","name":"Thai Baht","rate":0.019254674827386,"date":"Sun, 27 Jun 2021 23:55:01 GMT","inverseRate":51.935439521301},"xaf":{"code":"XAF","alphaCode":"XAF","numericCode":"950","name":"Central African CFA Franc","rate":0.33518674045624,"date":"Sun, 27 Jun 2021 23:55:01 GMT","inverseRate":2.98341157123},"mdl":{"code":"MDL","alphaCode":"MDL","numericCode":"498","name":"Moldova Lei","rate":0.010961628282438,"date":"Sun, 27 Jun 2021 23:55:01 GMT","inverseRate":91.227322641671},"nio":{"code":"NIO","alphaCode":"NIO","numericCode":"558","name":"Nicaraguan C\u00f3rdoba","rate":0.021309836246976,"date":"Sun, 27 Jun 2021 23:55:01 GMT","inverseRate":46.926686268737},"lrd":{"code":"LRD","alphaCode":"LRD","numericCode":"430","name":"Liberian dollar","rate":0.10407239819005,"date":"Sun, 27 Jun 2021 23:55:01 GMT","inverseRate":9.6086956521733},"sdg":{"code":"SDG","alphaCode":"SDG","numericCode":"938","name":"Sudanese pound","rate":0.26744186046512,"date":"Sun, 27 Jun 2021 23:55:01 GMT","inverseRate":3.7391304347825},"mru":{"code":"MRU","alphaCode":"MRU","numericCode":"929","name":"Mauritanian ouguiya","rate":0.021946564885496,"date":"Sun, 27 Jun 2021 23:55:01 GMT","inverseRate":45.565217391304},"dkk":{"code":"DKK","alphaCode":"DKK","numericCode":"208","name":"Danish Krone","rate":0.0037922503253026,"date":"Sun, 27 Jun 2021 23:55:01 GMT","inverseRate":263.69567254773},"jod":{"code":"JOD","alphaCode":"JOD","numericCode":"400","name":"Jordanian Dinar","rate":0.00043167348555277,"date":"Sun, 27 Jun 2021 23:55:01 GMT","inverseRate":2316.5657226305},"bgn":{"code":"BGN","alphaCode":"BGN","numericCode":"975","name":"Bulgarian Lev","rate":0.00099740372303507,"date":"Sun, 27 Jun 2021 23:55:01 GMT","inverseRate":1002.6030351652},"vnd":{"code":"VND","alphaCode":"VND","numericCode":"704","name":"Vietnamese Dong","rate":14.014051426423,"date":"Sun, 27 Jun 2021 23:55:01 GMT","inverseRate":0.071356952359584},"uzs":{"code":"UZS","alphaCode":"UZS","numericCode":"860","name":"Uzbekistan Sum","rate":6.4237522002459,"date":"Sun, 27 Jun 2021 23:55:01 GMT","inverseRate":0.15567225646745},"pab":{"code":"PAB","alphaCode":"PAB","numericCode":"590","name":"Panamanian Balboa","rate":0.00060721263002272,"date":"Sun, 27 Jun 2021 23:55:01 GMT","inverseRate":1646.8695652174},"ttd":{"code":"TTD","alphaCode":"TTD","numericCode":"780","name":"Trinidad Tobago Dollar","rate":0.0041292639138241,"date":"Sun, 27 Jun 2021 23:55:01 GMT","inverseRate":242.17391304348},"htg":{"code":"HTG","alphaCode":"HTG","numericCode":"332","name":"Haitian gourde","rate":0.057071960297769,"date":"Sun, 27 Jun 2021 23:55:01 GMT","inverseRate":17.521739130434},"cup":{"code":"CUP","alphaCode":"CUP","numericCode":"192","name":"Cuban peso","rate":0.00060721263002272,"date":"Sun, 27 Jun 2021 23:55:01 GMT","inverseRate":1646.8695652174}}