{"usd":{"code":"USD","alphaCode":"USD","numericCode":"840","name":"U.S. Dollar","rate":0.12530133248563,"date":"Sun, 27 Jun 2021 23:55:01 GMT","inverseRate":7.9807610993659},"eur":{"code":"EUR","alphaCode":"EUR","numericCode":"978","name":"Euro","rate":0.10489584843468,"date":"Sun, 27 Jun 2021 23:55:01 GMT","inverseRate":9.5332657576311},"gbp":{"code":"GBP","alphaCode":"GBP","numericCode":"826","name":"U.K. Pound Sterling","rate":0.090101991787615,"date":"Sun, 27 Jun 2021 23:55:01 GMT","inverseRate":11.098533785548},"jpy":{"code":"JPY","alphaCode":"JPY","numericCode":"392","name":"Japanese Yen","rate":13.874972621819,"date":"Sun, 27 Jun 2021 23:55:01 GMT","inverseRate":0.072072214285126},"aud":{"code":"AUD","alphaCode":"AUD","numericCode":"036","name":"Australian Dollar","rate":0.16493598785292,"date":"Sun, 27 Jun 2021 23:55:01 GMT","inverseRate":6.0629581998303},"chf":{"code":"CHF","alphaCode":"CHF","numericCode":"756","name":"Swiss Franc","rate":0.11490316792559,"date":"Sun, 27 Jun 2021 23:55:01 GMT","inverseRate":8.7029802402627},"cad":{"code":"CAD","alphaCode":"CAD","numericCode":"124","name":"Canadian Dollar","rate":0.15411992598365,"date":"Sun, 27 Jun 2021 23:55:01 GMT","inverseRate":6.4884536740957},"lkr":{"code":"LKR","alphaCode":"LKR","numericCode":"144","name":"Sri Lanka Rupee","rate":24.897533102345,"date":"Sun, 27 Jun 2021 23:55:01 GMT","inverseRate":0.04016462176752},"pln":{"code":"PLN","alphaCode":"PLN","numericCode":"985","name":"Polish Zloty","rate":0.47311050548161,"date":"Sun, 27 Jun 2021 23:55:01 GMT","inverseRate":2.1136710946252},"pen":{"code":"PEN","alphaCode":"PEN","numericCode":"604","name":"Peruvian Nuevo Sol","rate":0.49872450366573,"date":"Sun, 27 Jun 2021 23:55:01 GMT","inverseRate":2.0051150337507},"iqd":{"code":"IQD","alphaCode":"IQD","numericCode":"368","name":"Iraqi dinar","rate":182.45201600387,"date":"Sun, 27 Jun 2021 23:55:01 GMT","inverseRate":0.0054808931241339},"svc":{"code":"SVC","alphaCode":"SVC","numericCode":"222","name":"Salvadoran colon","rate":1.0936416184971,"date":"Sun, 27 Jun 2021 23:55:01 GMT","inverseRate":0.91437632135307},"cve":{"code":"CVE","alphaCode":"CVE","numericCode":"132","name":"Cape Verde escudo","rate":11.679012345679,"date":"Sun, 27 Jun 2021 23:55:01 GMT","inverseRate":0.085623678646936},"zmw":{"code":"ZMW","alphaCode":"ZMW","numericCode":"967","name":"Zambian kwacha","rate":2.8221957040573,"date":"Sun, 27 Jun 2021 23:55:01 GMT","inverseRate":0.35433403805497},"yer":{"code":"YER","alphaCode":"YER","numericCode":"886","name":"Yemeni rial","rate":31.420220539391,"date":"Sun, 27 Jun 2021 23:55:01 GMT","inverseRate":0.031826638477802},"dop":{"code":"DOP","alphaCode":"DOP","numericCode":"214","name":"Dominican Peso","rate":7.1138566088142,"date":"Sun, 27 Jun 2021 23:55:01 GMT","inverseRate":0.14057072766423},"nzd":{"code":"NZD","alphaCode":"NZD","numericCode":"554","name":"New Zealand Dollar","rate":0.17703024913537,"date":"Sun, 27 Jun 2021 23:55:01 GMT","inverseRate":5.6487521476363},"hrk":{"code":"HRK","alphaCode":"HRK","numericCode":"191","name":"Croatian Kuna","rate":0.78620624254026,"date":"Sun, 27 Jun 2021 23:55:01 GMT","inverseRate":1.2719308826256},"dzd":{"code":"DZD","alphaCode":"DZD","numericCode":"012","name":"Algerian Dinar","rate":16.685731622978,"date":"Sun, 27 Jun 2021 23:55:01 GMT","inverseRate":0.059931444577648},"ars":{"code":"ARS","alphaCode":"ARS","numericCode":"032","name":"Argentine Peso","rate":11.947193760135,"date":"Sun, 27 Jun 2021 23:55:01 GMT","inverseRate":0.083701664179651},"stn":{"code":"STN","alphaCode":"STN","numericCode":"930","name":"S\u00e3o Tom\u00e9 and Pr\u00edncipe Dobra","rate":2.5946242457487,"date":"Sun, 27 Jun 2021 23:55:01 GMT","inverseRate":0.38541226215645},"xpf":{"code":"XPF","alphaCode":"XPF","numericCode":"953","name":"CFP Franc","rate":12.499009063763,"date":"Sun, 27 Jun 2021 23:55:01 GMT","inverseRate":0.080006342494715},"all":{"code":"ALL","alphaCode":"ALL","numericCode":"008","name":"Albanian lek","rate":12.832686725088,"date":"Sun, 27 Jun 2021 23:55:01 GMT","inverseRate":0.077926004228328},"mur":{"code":"MUR","alphaCode":"MUR","numericCode":"480","name":"Mauritian Rupee","rate":5.1301518438179,"date":"Sun, 27 Jun 2021 23:55:01 GMT","inverseRate":0.19492600422833},"sos":{"code":"SOS","alphaCode":"SOS","numericCode":"706","name":"Somali shilling","rate":72.268907563028,"date":"Sun, 27 Jun 2021 23:55:01 GMT","inverseRate":0.013837209302325},"ang":{"code":"ANG","alphaCode":"ANG","numericCode":"532","name":"Neth. Antillean Guilder","rate":0.22283680220364,"date":"Sun, 27 Jun 2021 23:55:01 GMT","inverseRate":4.4875890791421},"pkr":{"code":"PKR","alphaCode":"PKR","numericCode":"586","name":"Pakistani Rupee","rate":19.377746935865,"date":"Sun, 27 Jun 2021 23:55:01 GMT","inverseRate":0.051605586723251},"krw":{"code":"KRW","alphaCode":"KRW","numericCode":"410","name":"South Korean Won","rate":141.24002695023,"date":"Sun, 27 Jun 2021 23:55:01 GMT","inverseRate":0.0070801459160891},"azn":{"code":"AZN","alphaCode":"AZN","numericCode":"944","name":"Azerbaijan Manat","rate":0.21239696839655,"date":"Sun, 27 Jun 2021 23:55:01 GMT","inverseRate":4.7081651284824},"pyg":{"code":"PYG","alphaCode":"PYG","numericCode":"600","name":"Paraguayan Guaran\u00ed","rate":849.36341299821,"date":"Sun, 27 Jun 2021 23:55:01 GMT","inverseRate":0.0011773523378763},"bnd":{"code":"BND","alphaCode":"BND","numericCode":"096","name":"Brunei Dollar","rate":0.1681598407281,"date":"Sun, 27 Jun 2021 23:55:01 GMT","inverseRate":5.9467230443974},"kmf":{"code":"KMF","alphaCode":"KMF","numericCode":"174","name":"\tComoro franc","rate":51.78454127436,"date":"Sun, 27 Jun 2021 23:55:01 GMT","inverseRate":0.019310782241015},"szl":{"code":"SZL","alphaCode":"SZL","numericCode":"748","name":"Swazi lilangeni","rate":1.7761922643635,"date":"Sun, 27 Jun 2021 23:55:01 GMT","inverseRate":0.5630021141649},"wst":{"code":"WST","alphaCode":"WST","numericCode":"882","name":"Samoan tala","rate":0.31759887195326,"date":"Sun, 27 Jun 2021 23:55:01 GMT","inverseRate":3.1486257928119},"egp":{"code":"EGP","alphaCode":"EGP","numericCode":"818","name":"Egyptian Pound","rate":1.9643288988792,"date":"Sun, 27 Jun 2021 23:55:01 GMT","inverseRate":0.50907971703242},"sgd":{"code":"SGD","alphaCode":"SGD","numericCode":"702","name":"Singapore Dollar","rate":0.1681334587624,"date":"Sun, 27 Jun 2021 23:55:01 GMT","inverseRate":5.9476561498278},"zar":{"code":"ZAR","alphaCode":"ZAR","numericCode":"710","name":"South African Rand","rate":1.7664568407637,"date":"Sun, 27 Jun 2021 23:55:01 GMT","inverseRate":0.56610497178501},"kgs":{"code":"KGS","alphaCode":"KGS","numericCode":"417","name":"Kyrgyzstan Som","rate":10.472695754858,"date":"Sun, 27 Jun 2021 23:55:01 GMT","inverseRate":0.095486398479218},"crc":{"code":"CRC","alphaCode":"CRC","numericCode":"188","name":"Costa Rican Col\u00f3n","rate":77.390691514832,"date":"Sun, 27 Jun 2021 23:55:01 GMT","inverseRate":0.012921450634775},"jmd":{"code":"JMD","alphaCode":"JMD","numericCode":"388","name":"Jamaican Dollar","rate":18.695652173913,"date":"Sun, 27 Jun 2021 23:55:01 GMT","inverseRate":0.053488372093024},"ssp":{"code":"SSP","alphaCode":"SSP","numericCode":"728","name":"South Sudanese pound","rate":22.221178239218,"date":"Sun, 27 Jun 2021 23:55:01 GMT","inverseRate":0.045002114164905},"ern":{"code":"ERN","alphaCode":"ERN","numericCode":"232","name":"Eritrean nakfa","rate":1.883711668658,"date":"Sun, 27 Jun 2021 23:55:01 GMT","inverseRate":0.53086680761098},"bam":{"code":"BAM","alphaCode":"BAM","numericCode":"977","name":"Bosnia and Herzegovina convertible mark","rate":0.20684829667206,"date":"Sun, 27 Jun 2021 23:55:01 GMT","inverseRate":4.8344608879492},"inr":{"code":"INR","alphaCode":"INR","numericCode":"356","name":"Indian Rupee","rate":9.2957825830256,"date":"Sun, 27 Jun 2021 23:55:01 GMT","inverseRate":0.1075756657461},"try":{"code":"TRY","alphaCode":"TRY","numericCode":"949","name":"Turkish Lira","rate":1.0915172577359,"date":"Sun, 27 Jun 2021 23:55:01 GMT","inverseRate":0.9161559223299},"twd":{"code":"TWD","alphaCode":"TWD","numericCode":"901","name":"New Taiwan Dollar ","rate":3.4957027096509,"date":"Sun, 27 Jun 2021 23:55:01 GMT","inverseRate":0.28606551616624},"tmt":{"code":"TMT","alphaCode":"TMT","numericCode":"934","name":"New Turkmenistan Manat","rate":0.43742219350875,"date":"Sun, 27 Jun 2021 23:55:01 GMT","inverseRate":2.28612085724},"mga":{"code":"MGA","alphaCode":"MGA","numericCode":"969","name":"Malagasy ariary","rate":473,"date":"Sun, 27 Jun 2021 23:55:01 GMT","inverseRate":0.0021141649048626},"srd":{"code":"SRD","alphaCode":"SRD","numericCode":"968","name":"Surinamese dollar","rate":2.6003298515668,"date":"Sun, 27 Jun 2021 23:55:01 GMT","inverseRate":0.38456659619451},"ghs":{"code":"GHS","alphaCode":"GHS","numericCode":"936","name":"Ghanaian Cedi","rate":0.72836464428705,"date":"Sun, 27 Jun 2021 23:55:01 GMT","inverseRate":1.3729386892177},"lbp":{"code":"LBP","alphaCode":"LBP","numericCode":"422","name":"Lebanese Pound","rate":188.68345835872,"date":"Sun, 27 Jun 2021 23:55:01 GMT","inverseRate":0.0052998816573461},"huf":{"code":"HUF","alphaCode":"HUF","numericCode":"348","name":"Hungarian Forint","rate":36.870500945426,"date":"Sun, 27 Jun 2021 23:55:01 GMT","inverseRate":0.027121953170101},"ngn":{"code":"NGN","alphaCode":"NGN","numericCode":"566","name":"Nigerian Naira","rate":51.364240349939,"date":"Sun, 27 Jun 2021 23:55:01 GMT","inverseRate":0.019468797614588},"irr":{"code":"IRR","alphaCode":"IRR","numericCode":"364","name":"Iranian rial","rate":5249.6125226921,"date":"Sun, 27 Jun 2021 23:55:01 GMT","inverseRate":0.00019049024964745},"ves":{"code":"VES","alphaCode":"VES","numericCode":"928","name":"Venezuelan Bolivar","rate":397478.99159663,"date":"Sun, 27 Jun 2021 23:55:01 GMT","inverseRate":2.5158562367865e-6},"sbd":{"code":"SBD","alphaCode":"SBD","numericCode":"090","name":"Solomon Islands dollar","rate":1.0187378849882,"date":"Sun, 27 Jun 2021 23:55:01 GMT","inverseRate":0.98160676532769},"mwk":{"code":"MWK","alphaCode":"MWK","numericCode":"454","name":"Malawian kwacha","rate":100.63829787234,"date":"Sun, 27 Jun 2021 23:55:01 GMT","inverseRate":0.0099365750528542},"gtq":{"code":"GTQ","alphaCode":"GTQ","numericCode":"320","name":"Guatemalan Quetzal","rate":0.96629213483145,"date":"Sun, 27 Jun 2021 23:55:01 GMT","inverseRate":1.0348837209302},"sek":{"code":"SEK","alphaCode":"SEK","numericCode":"752","name":"Swedish Krona","rate":1.0608629675991,"date":"Sun, 27 Jun 2021 23:55:01 GMT","inverseRate":0.94262881309083},"npr":{"code":"NPR","alphaCode":"NPR","numericCode":"524","name":"Nepalese Rupee","rate":14.857719486031,"date":"Sun, 27 Jun 2021 23:55:01 GMT","inverseRate":0.067305080092551},"isk":{"code":"ISK","alphaCode":"ISK","numericCode":"352","name":"Icelandic Krona","rate":15.420077630087,"date":"Sun, 27 Jun 2021 23:55:01 GMT","inverseRate":0.064850516579038},"gip":{"code":"GIP","alphaCode":"GIP","numericCode":"292","name":"Gibraltar pound","rate":0.089688706569278,"date":"Sun, 27 Jun 2021 23:55:01 GMT","inverseRate":11.149675786968},"gel":{"code":"GEL","alphaCode":"GEL","numericCode":"981","name":"Georgian lari","rate":0.40585616475154,"date":"Sun, 27 Jun 2021 23:55:01 GMT","inverseRate":2.463927092526},"mkd":{"code":"MKD","alphaCode":"MKD","numericCode":"807","name":"Macedonian denar","rate":6.4707652740154,"date":"Sun, 27 Jun 2021 23:55:01 GMT","inverseRate":0.15454122621565},"bif":{"code":"BIF","alphaCode":"BIF","numericCode":"108","name":"Burundian franc","rate":247.25561944589,"date":"Sun, 27 Jun 2021 23:55:01 GMT","inverseRate":0.0040443974630022},"mmk":{"code":"MMK","alphaCode":"MMK","numericCode":"104","name":"Myanma Kyat","rate":205.65217391304,"date":"Sun, 27 Jun 2021 23:55:01 GMT","inverseRate":0.0048625792811841},"mvr":{"code":"MVR","alphaCode":"MVR","numericCode":"462","name":"Maldivian rufiyaa","rate":1.9314005716619,"date":"Sun, 27 Jun 2021 23:55:01 GMT","inverseRate":0.51775898520086},"kes":{"code":"KES","alphaCode":"KES","numericCode":"404","name":"Kenyan shilling","rate":13.461210085947,"date":"Sun, 27 Jun 2021 23:55:01 GMT","inverseRate":0.074287526427059},"aed":{"code":"AED","alphaCode":"AED","numericCode":"784","name":"U.A.E Dirham","rate":0.45935219669403,"date":"Sun, 27 Jun 2021 23:55:01 GMT","inverseRate":2.1769788132005},"php":{"code":"PHP","alphaCode":"PHP","numericCode":"608","name":"Philippine Peso","rate":6.0773657131101,"date":"Sun, 27 Jun 2021 23:55:01 GMT","inverseRate":0.16454497675577},"ils":{"code":"ILS","alphaCode":"ILS","numericCode":"376","name":"Israeli New Sheqel","rate":0.40691007499161,"date":"Sun, 27 Jun 2021 23:55:01 GMT","inverseRate":2.4575454417555},"mro":{"code":"MRO","alphaCode":"MRO","numericCode":"478","name":"Mauritanian Ouguiya","rate":4.5371627792354,"date":"Sun, 27 Jun 2021 23:55:01 GMT","inverseRate":0.22040205490897},"cop":{"code":"COP","alphaCode":"COP","numericCode":"170","name":"Colombian Peso","rate":471.11814633241,"date":"Sun, 27 Jun 2021 23:55:01 GMT","inverseRate":0.0021226098119651},"bzd":{"code":"BZD","alphaCode":"BZD","numericCode":"084","name":"Belize dollar","rate":0.25183686508359,"date":"Sun, 27 Jun 2021 23:55:01 GMT","inverseRate":3.9708245243129},"gnf":{"code":"GNF","alphaCode":"GNF","numericCode":"324","name":"Guinean franc","rate":1225.3886010362,"date":"Sun, 27 Jun 2021 23:55:01 GMT","inverseRate":0.00081606765327697},"sll":{"code":"SLL","alphaCode":"SLL","numericCode":"694","name":"Sierra Leonean leone","rate":1281.8428184282,"date":"Sun, 27 Jun 2021 23:55:01 GMT","inverseRate":0.00078012684989431},"ugx":{"code":"UGX","alphaCode":"UGX","numericCode":"800","name":"Ugandan shilling","rate":446.6477809254,"date":"Sun, 27 Jun 2021 23:55:01 GMT","inverseRate":0.0022389006342495},"cny":{"code":"CNY","alphaCode":"CNY","numericCode":"156","name":"Chinese Yuan","rate":0.80890532992513,"date":"Sun, 27 Jun 2021 23:55:01 GMT","inverseRate":1.2362386091492},"sar":{"code":"SAR","alphaCode":"SAR","numericCode":"682","name":"Saudi Riyal","rate":0.46986658522915,"date":"Sun, 27 Jun 2021 23:55:01 GMT","inverseRate":2.1282637059886},"myr":{"code":"MYR","alphaCode":"MYR","numericCode":"458","name":"Malaysian Ringgit","rate":0.5192163323574,"date":"Sun, 27 Jun 2021 23:55:01 GMT","inverseRate":1.9259794765309},"kzt":{"code":"KZT","alphaCode":"KZT","numericCode":"398","name":"Kazakhstani Tenge","rate":53.411387522677,"date":"Sun, 27 Jun 2021 23:55:01 GMT","inverseRate":0.018722599175605},"bob":{"code":"BOB","alphaCode":"BOB","numericCode":"068","name":"Bolivian Boliviano","rate":0.86111678217107,"date":"Sun, 27 Jun 2021 23:55:01 GMT","inverseRate":1.1612826746667},"gyd":{"code":"GYD","alphaCode":"GYD","numericCode":"328","name":"Guyanese dollar","rate":26.093672422353,"date":"Sun, 27 Jun 2021 23:55:01 GMT","inverseRate":0.038323467230445},"rwf":{"code":"RWF","alphaCode":"RWF","numericCode":"646","name":"Rwandan franc","rate":125.63081009296,"date":"Sun, 27 Jun 2021 23:55:01 GMT","inverseRate":0.0079598308668079},"mzn":{"code":"MZN","alphaCode":"MZN","numericCode":"943","name":"Mozambican metical","rate":7.9629629629631,"date":"Sun, 27 Jun 2021 23:55:01 GMT","inverseRate":0.12558139534884},"vuv":{"code":"VUV","alphaCode":"VUV","numericCode":"548","name":"Vanuatu vatu","rate":13.726059199071,"date":"Sun, 27 Jun 2021 23:55:01 GMT","inverseRate":0.072854122621566},"idr":{"code":"IDR","alphaCode":"IDR","numericCode":"360","name":"Indonesian Rupiah","rate":1809.4451850495,"date":"Sun, 27 Jun 2021 23:55:01 GMT","inverseRate":0.00055265559203588},"tnd":{"code":"TND","alphaCode":"TND","numericCode":"788","name":"Tunisian Dinar","rate":0.34264585366798,"date":"Sun, 27 Jun 2021 23:55:01 GMT","inverseRate":2.9184652004253},"xof":{"code":"XOF","alphaCode":"XOF","numericCode":"952","name":"West African CFA Franc","rate":68.873492238977,"date":"Sun, 27 Jun 2021 23:55:01 GMT","inverseRate":0.01451937410884},"tjs":{"code":"TJS","alphaCode":"TJS","numericCode":"972","name":"Tajikistan Ruble","rate":1.4167910196345,"date":"Sun, 27 Jun 2021 23:55:01 GMT","inverseRate":0.7058203970392},"afn":{"code":"AFN","alphaCode":"AFN","numericCode":"971","name":"Afghan afghani","rate":9.8821661373894,"date":"Sun, 27 Jun 2021 23:55:01 GMT","inverseRate":0.10119238900634},"nad":{"code":"NAD","alphaCode":"NAD","numericCode":"516","name":"Namibian dollar","rate":1.7761922643635,"date":"Sun, 27 Jun 2021 23:55:01 GMT","inverseRate":0.5630021141649},"syp":{"code":"SYP","alphaCode":"SYP","numericCode":"760","name":"Syrian pound","rate":315.33333333333,"date":"Sun, 27 Jun 2021 23:55:01 GMT","inverseRate":0.0031712473572939},"top":{"code":"TOP","alphaCode":"TOP","numericCode":"776","name":"Tongan pa\u02bbanga","rate":0.27678623676049,"date":"Sun, 27 Jun 2021 23:55:01 GMT","inverseRate":3.6128964059196},"kwd":{"code":"KWD","alphaCode":"KWD","numericCode":"414","name":"Kuwaiti Dinar","rate":0.037685668779411,"date":"Sun, 27 Jun 2021 23:55:01 GMT","inverseRate":26.535286022212},"czk":{"code":"CZK","alphaCode":"CZK","numericCode":"203","name":"Czech Koruna","rate":2.6723061158294,"date":"Sun, 27 Jun 2021 23:55:01 GMT","inverseRate":0.37420862605391},"pgk":{"code":"PGK","alphaCode":"PGK","numericCode":"598","name":"Papua New Guinean kina","rate":0.43975814965497,"date":"Sun, 27 Jun 2021 23:55:01 GMT","inverseRate":2.2739771867437},"uah":{"code":"UAH","alphaCode":"UAH","numericCode":"980","name":"Ukrainian Hryvnia","rate":3.4326503480948,"date":"Sun, 27 Jun 2021 23:55:01 GMT","inverseRate":0.29132008756878},"etb":{"code":"ETB","alphaCode":"ETB","numericCode":"230","name":"Ethiopian birr","rate":5.4682080924852,"date":"Sun, 27 Jun 2021 23:55:01 GMT","inverseRate":0.18287526427062},"xcd":{"code":"XCD","alphaCode":"XCD","numericCode":"951","name":"East Caribbean Dollar","rate":0.33853421127971,"date":"Sun, 27 Jun 2021 23:55:01 GMT","inverseRate":2.953911205074},"lak":{"code":"LAK","alphaCode":"LAK","numericCode":"418","name":"Lao kip","rate":1185.4636591479,"date":"Sun, 27 Jun 2021 23:55:01 GMT","inverseRate":0.00084355179704018},"bwp":{"code":"BWP","alphaCode":"BWP","numericCode":"072","name":"Botswana Pula","rate":1.3580246913581,"date":"Sun, 27 Jun 2021 23:55:01 GMT","inverseRate":0.7363636363636},"nok":{"code":"NOK","alphaCode":"NOK","numericCode":"578","name":"Norwegian Krone","rate":1.0630723070021,"date":"Sun, 27 Jun 2021 23:55:01 GMT","inverseRate":0.94066978644193},"mad":{"code":"MAD","alphaCode":"MAD","numericCode":"504","name":"Moroccan Dirham","rate":1.106856329942,"date":"Sun, 27 Jun 2021 23:55:01 GMT","inverseRate":0.90345962068303},"ron":{"code":"RON","alphaCode":"RON","numericCode":"946","name":"Romanian New Leu","rate":0.51659596722568,"date":"Sun, 27 Jun 2021 23:55:01 GMT","inverseRate":1.9357487542351},"byn":{"code":"BYN","alphaCode":"BYN","numericCode":"933","name":"Belarussian Ruble","rate":0.31654080304897,"date":"Sun, 27 Jun 2021 23:55:01 GMT","inverseRate":3.1591503855675},"rsd":{"code":"RSD","alphaCode":"RSD","numericCode":"941","name":"Serbian Dinar","rate":12.094139423478,"date":"Sun, 27 Jun 2021 23:55:01 GMT","inverseRate":0.082684676022401},"gmd":{"code":"GMD","alphaCode":"GMD","numericCode":"270","name":"Gambian dalasi","rate":6.4883401920441,"date":"Sun, 27 Jun 2021 23:55:01 GMT","inverseRate":0.15412262156448},"awg":{"code":"AWG","alphaCode":"AWG","numericCode":"533","name":"Aruban florin","rate":0.2261426659017,"date":"Sun, 27 Jun 2021 23:55:01 GMT","inverseRate":4.4219873150106},"aoa":{"code":"AOA","alphaCode":"AOA","numericCode":"973","name":"Angolan kwanza","rate":81.551724137931,"date":"Sun, 27 Jun 2021 23:55:01 GMT","inverseRate":0.012262156448203},"khr":{"code":"KHR","alphaCode":"KHR","numericCode":"116","name":"Cambodian riel","rate":509.14962325083,"date":"Sun, 27 Jun 2021 23:55:01 GMT","inverseRate":0.0019640591966173},"scr":{"code":"SCR","alphaCode":"SCR","numericCode":"690","name":"Seychelles rupee","rate":1.8725257323833,"date":"Sun, 27 Jun 2021 23:55:01 GMT","inverseRate":0.53403805496827},"bhd":{"code":"BHD","alphaCode":"BHD","numericCode":"048","name":"Bahrain Dinar","rate":0.047154387815442,"date":"Sun, 27 Jun 2021 23:55:01 GMT","inverseRate":21.206934207563},"omr":{"code":"OMR","alphaCode":"OMR","numericCode":"512","name":"Omani Rial","rate":0.048193922232566,"date":"Sun, 27 Jun 2021 23:55:01 GMT","inverseRate":20.749504370579},"rub":{"code":"RUB","alphaCode":"RUB","numericCode":"643","name":"Russian Rouble","rate":9.0425446735912,"date":"Sun, 27 Jun 2021 23:55:01 GMT","inverseRate":0.11058833946605},"lyd":{"code":"LYD","alphaCode":"LYD","numericCode":"434","name":"Libyan Dinar","rate":0.55768430991924,"date":"Sun, 27 Jun 2021 23:55:01 GMT","inverseRate":1.7931291632444},"clp":{"code":"CLP","alphaCode":"CLP","numericCode":"152","name":"Chilean Peso","rate":91.950991019396,"date":"Sun, 27 Jun 2021 23:55:01 GMT","inverseRate":0.010875358589545},"bsd":{"code":"BSD","alphaCode":"BSD","numericCode":"044","name":"Bahamian Dollar","rate":0.12487459739163,"date":"Sun, 27 Jun 2021 23:55:01 GMT","inverseRate":8.0080338266385},"djf":{"code":"DJF","alphaCode":"DJF","numericCode":"262","name":"Djiboutian franc","rate":22.241030704848,"date":"Sun, 27 Jun 2021 23:55:01 GMT","inverseRate":0.044961945031713},"hnl":{"code":"HNL","alphaCode":"HNL","numericCode":"340","name":"Honduran Lempira","rate":2.9936708860759,"date":"Sun, 27 Jun 2021 23:55:01 GMT","inverseRate":0.33403805496829},"tzs":{"code":"TZS","alphaCode":"TZS","numericCode":"834","name":"Tanzanian shilling","rate":289.6509491733,"date":"Sun, 27 Jun 2021 23:55:01 GMT","inverseRate":0.0034524312896406},"bbd":{"code":"BBD","alphaCode":"BBD","numericCode":"052","name":"Barbadian Dollar","rate":0.25075271480677,"date":"Sun, 27 Jun 2021 23:55:01 GMT","inverseRate":3.9879927153354},"bdt":{"code":"BDT","alphaCode":"BDT","numericCode":"050","name":"Bangladeshi taka","rate":10.600350772049,"date":"Sun, 27 Jun 2021 23:55:01 GMT","inverseRate":0.094336500886065},"qar":{"code":"QAR","alphaCode":"QAR","numericCode":"634","name":"Qatari Rial","rate":0.45832991408486,"date":"Sun, 27 Jun 2021 23:55:01 GMT","inverseRate":2.1818344586927},"mxn":{"code":"MXN","alphaCode":"MXN","numericCode":"484","name":"Mexican Peso","rate":2.480399325657,"date":"Sun, 27 Jun 2021 23:55:01 GMT","inverseRate":0.40316089012607},"amd":{"code":"AMD","alphaCode":"AMD","numericCode":"051","name":"Armenia Dram","rate":64.864834819974,"date":"Sun, 27 Jun 2021 23:55:01 GMT","inverseRate":0.015416673807548},"uyu":{"code":"UYU","alphaCode":"UYU","numericCode":"858","name":"Uruguayan Peso","rate":5.4535084584601,"date":"Sun, 27 Jun 2021 23:55:01 GMT","inverseRate":0.18336819455165},"fjd":{"code":"FJD","alphaCode":"FJD","numericCode":"242","name":"Fiji Dollar","rate":0.25769545083084,"date":"Sun, 27 Jun 2021 23:55:01 GMT","inverseRate":3.8805496828753},"cdf":{"code":"CDF","alphaCode":"CDF","numericCode":"976","name":"Congolese franc","rate":248.4243697479,"date":"Sun, 27 Jun 2021 23:55:01 GMT","inverseRate":0.0040253699788584},"lsl":{"code":"LSL","alphaCode":"LSL","numericCode":"426","name":"Lesotho loti","rate":1.7768595041322,"date":"Sun, 27 Jun 2021 23:55:01 GMT","inverseRate":0.56279069767442},"mnt":{"code":"MNT","alphaCode":"MNT","numericCode":"496","name":"Mongolian togrog","rate":356.17469879518,"date":"Sun, 27 Jun 2021 23:55:01 GMT","inverseRate":0.0028076109936575},"brl":{"code":"BRL","alphaCode":"BRL","numericCode":"986","name":"Brazilian Real","rate":0.62621903433036,"date":"Sun, 27 Jun 2021 23:55:01 GMT","inverseRate":1.5968853471044},"hkd":{"code":"HKD","alphaCode":"HKD","numericCode":"344","name":"Hong Kong Dollar","rate":0.97253987500429,"date":"Sun, 27 Jun 2021 23:55:01 GMT","inverseRate":1.0282354746592},"thb":{"code":"THB","alphaCode":"THB","numericCode":"764","name":"Thai Baht","rate":3.9597657362405,"date":"Sun, 27 Jun 2021 23:55:01 GMT","inverseRate":0.25254019217547},"xaf":{"code":"XAF","alphaCode":"XAF","numericCode":"950","name":"Central African CFA Franc","rate":68.93188184165,"date":"Sun, 27 Jun 2021 23:55:01 GMT","inverseRate":0.014507075293508},"mdl":{"code":"MDL","alphaCode":"MDL","numericCode":"498","name":"Moldova Lei","rate":2.2542826859099,"date":"Sun, 27 Jun 2021 23:55:01 GMT","inverseRate":0.44360008895528},"nio":{"code":"NIO","alphaCode":"NIO","numericCode":"558","name":"Nicaraguan C\u00f3rdoba","rate":4.3824141499215,"date":"Sun, 27 Jun 2021 23:55:01 GMT","inverseRate":0.22818473238498},"lrd":{"code":"LRD","alphaCode":"LRD","numericCode":"430","name":"Liberian dollar","rate":21.402714932127,"date":"Sun, 27 Jun 2021 23:55:01 GMT","inverseRate":0.046723044397461},"sdg":{"code":"SDG","alphaCode":"SDG","numericCode":"938","name":"Sudanese pound","rate":54.999999999999,"date":"Sun, 27 Jun 2021 23:55:01 GMT","inverseRate":0.018181818181818},"mru":{"code":"MRU","alphaCode":"MRU","numericCode":"929","name":"Mauritanian ouguiya","rate":4.5133587786259,"date":"Sun, 27 Jun 2021 23:55:01 GMT","inverseRate":0.2215644820296},"dkk":{"code":"DKK","alphaCode":"DKK","numericCode":"208","name":"Danish Krone","rate":0.7798845234209,"date":"Sun, 27 Jun 2021 23:55:01 GMT","inverseRate":1.2822411138685},"jod":{"code":"JOD","alphaCode":"JOD","numericCode":"400","name":"Jordanian Dinar","rate":0.088774590724545,"date":"Sun, 27 Jun 2021 23:55:01 GMT","inverseRate":11.264484486365},"bgn":{"code":"BGN","alphaCode":"BGN","numericCode":"975","name":"Bulgarian Lev","rate":0.20511824391112,"date":"Sun, 27 Jun 2021 23:55:01 GMT","inverseRate":4.8752367460464},"vnd":{"code":"VND","alphaCode":"VND","numericCode":"704","name":"Vietnamese Dong","rate":2882.0201411729,"date":"Sun, 27 Jun 2021 23:55:01 GMT","inverseRate":0.00034697883811215},"uzs":{"code":"UZS","alphaCode":"UZS","numericCode":"860","name":"Uzbekistan Sum","rate":1321.0586046592,"date":"Sun, 27 Jun 2021 23:55:01 GMT","inverseRate":0.00075696868895377},"pab":{"code":"PAB","alphaCode":"PAB","numericCode":"590","name":"Panamanian Balboa","rate":0.12487459739163,"date":"Sun, 27 Jun 2021 23:55:01 GMT","inverseRate":8.0080338266385},"ttd":{"code":"TTD","alphaCode":"TTD","numericCode":"780","name":"Trinidad Tobago Dollar","rate":0.84919210053858,"date":"Sun, 27 Jun 2021 23:55:01 GMT","inverseRate":1.1775898520085},"htg":{"code":"HTG","alphaCode":"HTG","numericCode":"332","name":"Haitian gourde","rate":11.736972704715,"date":"Sun, 27 Jun 2021 23:55:01 GMT","inverseRate":0.085200845665961},"cup":{"code":"CUP","alphaCode":"CUP","numericCode":"192","name":"Cuban peso","rate":0.12487459739163,"date":"Sun, 27 Jun 2021 23:55:01 GMT","inverseRate":8.0080338266385}}