{"usd":{"code":"USD","alphaCode":"USD","numericCode":"840","name":"U.S. Dollar","rate":0.024424488065908,"date":"Sun, 27 Jun 2021 23:55:01 GMT","inverseRate":40.942516268982},"eur":{"code":"EUR","alphaCode":"EUR","numericCode":"978","name":"Euro","rate":0.020446928595512,"date":"Sun, 27 Jun 2021 23:55:01 GMT","inverseRate":48.907100904117},"gbp":{"code":"GBP","alphaCode":"GBP","numericCode":"826","name":"U.K. Pound Sterling","rate":0.017563221232173,"date":"Sun, 27 Jun 2021 23:55:01 GMT","inverseRate":56.937163563604},"jpy":{"code":"JPY","alphaCode":"JPY","numericCode":"392","name":"Japanese Yen","rate":2.7045929719486,"date":"Sun, 27 Jun 2021 23:55:01 GMT","inverseRate":0.36974140300288},"aud":{"code":"AUD","alphaCode":"AUD","numericCode":"036","name":"Australian Dollar","rate":0.032150313065622,"date":"Sun, 27 Jun 2021 23:55:01 GMT","inverseRate":31.10389618785},"chf":{"code":"CHF","alphaCode":"CHF","numericCode":"756","name":"Swiss Franc","rate":0.022397615396912,"date":"Sun, 27 Jun 2021 23:55:01 GMT","inverseRate":44.647610126294},"cad":{"code":"CAD","alphaCode":"CAD","numericCode":"124","name":"Canadian Dollar","rate":0.030041981343959,"date":"Sun, 27 Jun 2021 23:55:01 GMT","inverseRate":33.286752579689},"lkr":{"code":"LKR","alphaCode":"LKR","numericCode":"144","name":"Sri Lanka Rupee","rate":4.8531766427826,"date":"Sun, 27 Jun 2021 23:55:01 GMT","inverseRate":0.20605060841689},"pln":{"code":"PLN","alphaCode":"PLN","numericCode":"985","name":"Polish Zloty","rate":0.092221540391975,"date":"Sun, 27 Jun 2021 23:55:01 GMT","inverseRate":10.843453663316},"pen":{"code":"PEN","alphaCode":"PEN","numericCode":"604","name":"Peruvian Nuevo Sol","rate":0.097214374710315,"date":"Sun, 27 Jun 2021 23:55:01 GMT","inverseRate":10.286544587463},"iqd":{"code":"IQD","alphaCode":"IQD","numericCode":"368","name":"Iraqi dinar","rate":35.564642443038,"date":"Sun, 27 Jun 2021 23:55:01 GMT","inverseRate":0.028117813966544},"svc":{"code":"SVC","alphaCode":"SVC","numericCode":"222","name":"Salvadoran colon","rate":0.21317919075144,"date":"Sun, 27 Jun 2021 23:55:01 GMT","inverseRate":4.6908893709328},"cve":{"code":"CVE","alphaCode":"CVE","numericCode":"132","name":"Cape Verde escudo","rate":2.2765432098764,"date":"Sun, 27 Jun 2021 23:55:01 GMT","inverseRate":0.43926247288505},"zmw":{"code":"ZMW","alphaCode":"ZMW","numericCode":"967","name":"Zambian kwacha","rate":0.55011933174224,"date":"Sun, 27 Jun 2021 23:55:01 GMT","inverseRate":1.8177874186551},"yer":{"code":"YER","alphaCode":"YER","numericCode":"886","name":"Yemeni rial","rate":6.1246180417163,"date":"Sun, 27 Jun 2021 23:55:01 GMT","inverseRate":0.16327548806942},"dop":{"code":"DOP","alphaCode":"DOP","numericCode":"214","name":"Dominican Peso","rate":1.3866756434094,"date":"Sun, 27 Jun 2021 23:55:01 GMT","inverseRate":0.72114917771347},"nzd":{"code":"NZD","alphaCode":"NZD","numericCode":"554","name":"New Zealand Dollar","rate":0.034507799091502,"date":"Sun, 27 Jun 2021 23:55:01 GMT","inverseRate":28.978956245467},"hrk":{"code":"HRK","alphaCode":"HRK","numericCode":"191","name":"Croatian Kuna","rate":0.15325204135774,"date":"Sun, 27 Jun 2021 23:55:01 GMT","inverseRate":6.5251985627107},"dzd":{"code":"DZD","alphaCode":"DZD","numericCode":"012","name":"Algerian Dinar","rate":3.2524829928933,"date":"Sun, 27 Jun 2021 23:55:01 GMT","inverseRate":0.30745741090269},"ars":{"code":"ARS","alphaCode":"ARS","numericCode":"032","name":"Argentine Peso","rate":2.3288187414046,"date":"Sun, 27 Jun 2021 23:55:01 GMT","inverseRate":0.42940224682186},"stn":{"code":"STN","alphaCode":"STN","numericCode":"930","name":"S\u00e3o Tom\u00e9 and Pr\u00edncipe Dobra","rate":0.50575973669773,"date":"Sun, 27 Jun 2021 23:55:01 GMT","inverseRate":1.977223427332},"xpf":{"code":"XPF","alphaCode":"XPF","numericCode":"953","name":"CFP Franc","rate":2.436381893613,"date":"Sun, 27 Jun 2021 23:55:01 GMT","inverseRate":0.41044468546639},"all":{"code":"ALL","alphaCode":"ALL","numericCode":"008","name":"Albanian lek","rate":2.5014243468353,"date":"Sun, 27 Jun 2021 23:55:01 GMT","inverseRate":0.39977223427332},"sos":{"code":"SOS","alphaCode":"SOS","numericCode":"706","name":"Somali shilling","rate":14.087089381207,"date":"Sun, 27 Jun 2021 23:55:01 GMT","inverseRate":0.070986984815617},"ang":{"code":"ANG","alphaCode":"ANG","numericCode":"532","name":"Neth. Antillean Guilder","rate":0.043436687448573,"date":"Sun, 27 Jun 2021 23:55:01 GMT","inverseRate":23.022013388658},"pkr":{"code":"PKR","alphaCode":"PKR","numericCode":"586","name":"Pakistani Rupee","rate":3.7772267811559,"date":"Sun, 27 Jun 2021 23:55:01 GMT","inverseRate":0.26474449587959},"krw":{"code":"KRW","alphaCode":"KRW","numericCode":"410","name":"South Korean Won","rate":27.53135409051,"date":"Sun, 27 Jun 2021 23:55:01 GMT","inverseRate":0.036322223625924},"azn":{"code":"AZN","alphaCode":"AZN","numericCode":"944","name":"Azerbaijan Manat","rate":0.041401692359749,"date":"Sun, 27 Jun 2021 23:55:01 GMT","inverseRate":24.153602014883},"pyg":{"code":"PYG","alphaCode":"PYG","numericCode":"600","name":"Paraguayan Guaran\u00ed","rate":165.56301623348,"date":"Sun, 27 Jun 2021 23:55:01 GMT","inverseRate":0.0060399962669791},"bnd":{"code":"BND","alphaCode":"BND","numericCode":"096","name":"Brunei Dollar","rate":0.032778725824801,"date":"Sun, 27 Jun 2021 23:55:01 GMT","inverseRate":30.50759219089},"kmf":{"code":"KMF","alphaCode":"KMF","numericCode":"174","name":"\tComoro franc","rate":10.094153711408,"date":"Sun, 27 Jun 2021 23:55:01 GMT","inverseRate":0.099067245119307},"szl":{"code":"SZL","alphaCode":"SZL","numericCode":"748","name":"Swazi lilangeni","rate":0.34622606083364,"date":"Sun, 27 Jun 2021 23:55:01 GMT","inverseRate":2.8882863340564},"wst":{"code":"WST","alphaCode":"WST","numericCode":"882","name":"Samoan tala","rate":0.061908279057274,"date":"Sun, 27 Jun 2021 23:55:01 GMT","inverseRate":16.152928416486},"egp":{"code":"EGP","alphaCode":"EGP","numericCode":"818","name":"Egyptian Pound","rate":0.38289878324874,"date":"Sun, 27 Jun 2021 23:55:01 GMT","inverseRate":2.6116562489841},"sgd":{"code":"SGD","alphaCode":"SGD","numericCode":"702","name":"Singapore Dollar","rate":0.032773583293643,"date":"Sun, 27 Jun 2021 23:55:01 GMT","inverseRate":30.512379163434},"zar":{"code":"ZAR","alphaCode":"ZAR","numericCode":"710","name":"South African Rand","rate":0.34432837361187,"date":"Sun, 27 Jun 2021 23:55:01 GMT","inverseRate":2.9042044647974},"kgs":{"code":"KGS","alphaCode":"KGS","numericCode":"417","name":"Kyrgyzstan Som","rate":2.0414007369934,"date":"Sun, 27 Jun 2021 23:55:01 GMT","inverseRate":0.48985972321769},"crc":{"code":"CRC","alphaCode":"CRC","numericCode":"188","name":"Costa Rican Col\u00f3n","rate":15.085458261453,"date":"Sun, 27 Jun 2021 23:55:01 GMT","inverseRate":0.066289003798792},"jmd":{"code":"JMD","alphaCode":"JMD","numericCode":"388","name":"Jamaican Dollar","rate":3.6442687747035,"date":"Sun, 27 Jun 2021 23:55:01 GMT","inverseRate":0.27440347071584},"ssp":{"code":"SSP","alphaCode":"SSP","numericCode":"728","name":"South Sudanese pound","rate":4.3314854834163,"date":"Sun, 27 Jun 2021 23:55:01 GMT","inverseRate":0.23086767895879},"ern":{"code":"ERN","alphaCode":"ERN","numericCode":"232","name":"Eritrean nakfa","rate":0.36718438868977,"date":"Sun, 27 Jun 2021 23:55:01 GMT","inverseRate":2.7234273318872},"bam":{"code":"BAM","alphaCode":"BAM","numericCode":"977","name":"Bosnia and Herzegovina convertible mark","rate":0.040320111951721,"date":"Sun, 27 Jun 2021 23:55:01 GMT","inverseRate":24.801518438178},"inr":{"code":"INR","alphaCode":"INR","numericCode":"356","name":"Indian Rupee","rate":1.8119897550845,"date":"Sun, 27 Jun 2021 23:55:01 GMT","inverseRate":0.5518794999773},"try":{"code":"TRY","alphaCode":"TRY","numericCode":"949","name":"Turkish Lira","rate":0.21276509759671,"date":"Sun, 27 Jun 2021 23:55:01 GMT","inverseRate":4.7000189941654},"twd":{"code":"TWD","alphaCode":"TWD","numericCode":"901","name":"New Taiwan Dollar ","rate":0.68140336116239,"date":"Sun, 27 Jun 2021 23:55:01 GMT","inverseRate":1.4675595352129},"tmt":{"code":"TMT","alphaCode":"TMT","numericCode":"934","name":"New Turkmenistan Manat","rate":0.085264960341449,"date":"Sun, 27 Jun 2021 23:55:01 GMT","inverseRate":11.72814713096},"mga":{"code":"MGA","alphaCode":"MGA","numericCode":"969","name":"Malagasy ariary","rate":92.199999999999,"date":"Sun, 27 Jun 2021 23:55:01 GMT","inverseRate":0.010845986984816},"srd":{"code":"SRD","alphaCode":"SRD","numericCode":"968","name":"Surinamese dollar","rate":0.50687190764155,"date":"Sun, 27 Jun 2021 23:55:01 GMT","inverseRate":1.972885032538},"ghs":{"code":"GHS","alphaCode":"GHS","numericCode":"936","name":"Ghanaian Cedi","rate":0.14197720973206,"date":"Sun, 27 Jun 2021 23:55:01 GMT","inverseRate":7.0433839479392},"mop":{"code":"MOP","alphaCode":"MOP","numericCode":"446","name":"Macanese pataca","rate":0.19492600422833,"date":"Sun, 27 Jun 2021 23:55:01 GMT","inverseRate":5.1301518438179},"lbp":{"code":"LBP","alphaCode":"LBP","numericCode":"422","name":"Lebanese Pound","rate":36.779312601847,"date":"Sun, 27 Jun 2021 23:55:01 GMT","inverseRate":0.02718919765645},"huf":{"code":"HUF","alphaCode":"HUF","numericCode":"348","name":"Hungarian Forint","rate":7.1870194231886,"date":"Sun, 27 Jun 2021 23:55:01 GMT","inverseRate":0.13913973806353},"ngn":{"code":"NGN","alphaCode":"NGN","numericCode":"566","name":"Nigerian Naira","rate":10.012226131637,"date":"Sun, 27 Jun 2021 23:55:01 GMT","inverseRate":0.099877887979395},"irr":{"code":"IRR","alphaCode":"IRR","numericCode":"364","name":"Iranian rial","rate":1023.2859927953,"date":"Sun, 27 Jun 2021 23:55:01 GMT","inverseRate":0.0009772439054582},"ves":{"code":"VES","alphaCode":"VES","numericCode":"928","name":"Venezuelan Bolivar","rate":77478.991596636,"date":"Sun, 27 Jun 2021 23:55:01 GMT","inverseRate":1.2906724511931e-5},"sbd":{"code":"SBD","alphaCode":"SBD","numericCode":"090","name":"Solomon Islands dollar","rate":0.19857850527676,"date":"Sun, 27 Jun 2021 23:55:01 GMT","inverseRate":5.03579175705},"mwk":{"code":"MWK","alphaCode":"MWK","numericCode":"454","name":"Malawian kwacha","rate":19.617021276595,"date":"Sun, 27 Jun 2021 23:55:01 GMT","inverseRate":0.050976138828635},"gtq":{"code":"GTQ","alphaCode":"GTQ","numericCode":"320","name":"Guatemalan Quetzal","rate":0.18835546475995,"date":"Sun, 27 Jun 2021 23:55:01 GMT","inverseRate":5.3091106290674},"sek":{"code":"SEK","alphaCode":"SEK","numericCode":"752","name":"Swedish Krona","rate":0.20678977930791,"date":"Sun, 27 Jun 2021 23:55:01 GMT","inverseRate":4.8358289435138},"npr":{"code":"NPR","alphaCode":"NPR","numericCode":"524","name":"Nepalese Rupee","rate":2.8961558913574,"date":"Sun, 27 Jun 2021 23:55:01 GMT","inverseRate":0.34528528073511},"isk":{"code":"ISK","alphaCode":"ISK","numericCode":"352","name":"Icelandic Krona","rate":3.0057741173234,"date":"Sun, 27 Jun 2021 23:55:01 GMT","inverseRate":0.33269299720049},"gip":{"code":"GIP","alphaCode":"GIP","numericCode":"292","name":"Gibraltar pound","rate":0.017482661195956,"date":"Sun, 27 Jun 2021 23:55:01 GMT","inverseRate":57.199529796488},"gel":{"code":"GEL","alphaCode":"GEL","numericCode":"981","name":"Georgian lari","rate":0.07911192048645,"date":"Sun, 27 Jun 2021 23:55:01 GMT","inverseRate":12.640320116755},"mkd":{"code":"MKD","alphaCode":"MKD","numericCode":"807","name":"Macedonian denar","rate":1.2613204191632,"date":"Sun, 27 Jun 2021 23:55:01 GMT","inverseRate":0.7928199566161},"bif":{"code":"BIF","alphaCode":"BIF","numericCode":"108","name":"Burundian franc","rate":48.196549921588,"date":"Sun, 27 Jun 2021 23:55:01 GMT","inverseRate":0.020748373101953},"mmk":{"code":"MMK","alphaCode":"MMK","numericCode":"104","name":"Myanma Kyat","rate":40.086956521737,"date":"Sun, 27 Jun 2021 23:55:01 GMT","inverseRate":0.024945770065077},"mvr":{"code":"MVR","alphaCode":"MVR","numericCode":"462","name":"Maldivian rufiyaa","rate":0.37648019599835,"date":"Sun, 27 Jun 2021 23:55:01 GMT","inverseRate":2.6561822125815},"kes":{"code":"KES","alphaCode":"KES","numericCode":"404","name":"Kenyan shilling","rate":2.6239398941317,"date":"Sun, 27 Jun 2021 23:55:01 GMT","inverseRate":0.38110629067245},"aed":{"code":"AED","alphaCode":"AED","numericCode":"784","name":"U.A.E Dirham","rate":0.089539688235072,"date":"Sun, 27 Jun 2021 23:55:01 GMT","inverseRate":11.168231872493},"php":{"code":"PHP","alphaCode":"PHP","numericCode":"608","name":"Philippine Peso","rate":1.1846366146908,"date":"Sun, 27 Jun 2021 23:55:01 GMT","inverseRate":0.84414071589457},"ils":{"code":"ILS","alphaCode":"ILS","numericCode":"376","name":"Israeli New Sheqel","rate":0.079317354998363,"date":"Sun, 27 Jun 2021 23:55:01 GMT","inverseRate":12.607581279288},"mro":{"code":"MRO","alphaCode":"MRO","numericCode":"478","name":"Mauritanian Ouguiya","rate":0.88441101108985,"date":"Sun, 27 Jun 2021 23:55:01 GMT","inverseRate":1.1306960083725},"cop":{"code":"COP","alphaCode":"COP","numericCode":"170","name":"Colombian Peso","rate":91.833177784033,"date":"Sun, 27 Jun 2021 23:55:01 GMT","inverseRate":0.010889310640559},"bzd":{"code":"BZD","alphaCode":"BZD","numericCode":"084","name":"Belize dollar","rate":0.049089553828133,"date":"Sun, 27 Jun 2021 23:55:01 GMT","inverseRate":20.370932754881},"gnf":{"code":"GNF","alphaCode":"GNF","numericCode":"324","name":"Guinean franc","rate":238.86010362693,"date":"Sun, 27 Jun 2021 23:55:01 GMT","inverseRate":0.004186550976139},"sll":{"code":"SLL","alphaCode":"SLL","numericCode":"694","name":"Sierra Leonean leone","rate":249.86449864498,"date":"Sun, 27 Jun 2021 23:55:01 GMT","inverseRate":0.0040021691973971},"ugx":{"code":"UGX","alphaCode":"UGX","numericCode":"800","name":"Ugandan shilling","rate":87.063267233236,"date":"Sun, 27 Jun 2021 23:55:01 GMT","inverseRate":0.01148590021692},"cny":{"code":"CNY","alphaCode":"CNY","numericCode":"156","name":"Chinese Yuan","rate":0.1576766837613,"date":"Sun, 27 Jun 2021 23:55:01 GMT","inverseRate":6.3420917801255},"sar":{"code":"SAR","alphaCode":"SAR","numericCode":"682","name":"Saudi Riyal","rate":0.091589215979127,"date":"Sun, 27 Jun 2021 23:55:01 GMT","inverseRate":10.918315975408},"myr":{"code":"MYR","alphaCode":"MYR","numericCode":"458","name":"Malaysian Ringgit","rate":0.10120876499652,"date":"Sun, 27 Jun 2021 23:55:01 GMT","inverseRate":9.8805671626803},"kzt":{"code":"KZT","alphaCode":"KZT","numericCode":"398","name":"Kazakhstani Tenge","rate":10.411268350086,"date":"Sun, 27 Jun 2021 23:55:01 GMT","inverseRate":0.096049776681793},"bob":{"code":"BOB","alphaCode":"BOB","numericCode":"068","name":"Bolivian Boliviano","rate":0.16785405352256,"date":"Sun, 27 Jun 2021 23:55:01 GMT","inverseRate":5.9575564546351},"gyd":{"code":"GYD","alphaCode":"GYD","numericCode":"328","name":"Guyanese dollar","rate":5.0863353009321,"date":"Sun, 27 Jun 2021 23:55:01 GMT","inverseRate":0.19660520607376},"rwf":{"code":"RWF","alphaCode":"RWF","numericCode":"646","name":"Rwandan franc","rate":24.488711819388,"date":"Sun, 27 Jun 2021 23:55:01 GMT","inverseRate":0.040835140997833},"mzn":{"code":"MZN","alphaCode":"MZN","numericCode":"943","name":"Mozambican metical","rate":1.5521885521885,"date":"Sun, 27 Jun 2021 23:55:01 GMT","inverseRate":0.64425162689805},"vuv":{"code":"VUV","alphaCode":"VUV","numericCode":"548","name":"Vanuatu vatu","rate":2.6755658734764,"date":"Sun, 27 Jun 2021 23:55:01 GMT","inverseRate":0.37375271149676},"idr":{"code":"IDR","alphaCode":"IDR","numericCode":"360","name":"Indonesian Rupiah","rate":352.70791979188,"date":"Sun, 27 Jun 2021 23:55:01 GMT","inverseRate":0.0028352071044791},"tnd":{"code":"TND","alphaCode":"TND","numericCode":"788","name":"Tunisian Dinar","rate":0.066790587120902,"date":"Sun, 27 Jun 2021 23:55:01 GMT","inverseRate":14.97216962908},"xof":{"code":"XOF","alphaCode":"XOF","numericCode":"952","name":"West African CFA Franc","rate":13.425234639395,"date":"Sun, 27 Jun 2021 23:55:01 GMT","inverseRate":0.074486593855547},"tjs":{"code":"TJS","alphaCode":"TJS","numericCode":"972","name":"Tajikistan Ruble","rate":0.27616941228393,"date":"Sun, 27 Jun 2021 23:55:01 GMT","inverseRate":3.6209658112749},"afn":{"code":"AFN","alphaCode":"AFN","numericCode":"971","name":"Afghan afghani","rate":1.9262911582818,"date":"Sun, 27 Jun 2021 23:55:01 GMT","inverseRate":0.51913232104122},"nad":{"code":"NAD","alphaCode":"NAD","numericCode":"516","name":"Namibian dollar","rate":0.34622606083364,"date":"Sun, 27 Jun 2021 23:55:01 GMT","inverseRate":2.8882863340564},"syp":{"code":"SYP","alphaCode":"SYP","numericCode":"760","name":"Syrian pound","rate":61.466666666664,"date":"Sun, 27 Jun 2021 23:55:01 GMT","inverseRate":0.016268980477224},"top":{"code":"TOP","alphaCode":"TOP","numericCode":"776","name":"Tongan pa\u02bbanga","rate":0.053952835157118,"date":"Sun, 27 Jun 2021 23:55:01 GMT","inverseRate":18.534707158352},"kwd":{"code":"KWD","alphaCode":"KWD","numericCode":"414","name":"Kuwaiti Dinar","rate":0.0073459168318427,"date":"Sun, 27 Jun 2021 23:55:01 GMT","inverseRate":136.13004651308},"czk":{"code":"CZK","alphaCode":"CZK","numericCode":"203","name":"Czech Koruna","rate":0.52090195323355,"date":"Sun, 27 Jun 2021 23:55:01 GMT","inverseRate":1.919747072923},"pgk":{"code":"PGK","alphaCode":"PGK","numericCode":"598","name":"Papua New Guinean kina","rate":0.085720298939085,"date":"Sun, 27 Jun 2021 23:55:01 GMT","inverseRate":11.665848257373},"uah":{"code":"UAH","alphaCode":"UAH","numericCode":"980","name":"Ukrainian Hryvnia","rate":0.6691128162671,"date":"Sun, 27 Jun 2021 23:55:01 GMT","inverseRate":1.4945162843822},"etb":{"code":"ETB","alphaCode":"ETB","numericCode":"230","name":"Ethiopian birr","rate":1.0658959537571,"date":"Sun, 27 Jun 2021 23:55:01 GMT","inverseRate":0.93817787418662},"xcd":{"code":"XCD","alphaCode":"XCD","numericCode":"951","name":"East Caribbean Dollar","rate":0.065989121099341,"date":"Sun, 27 Jun 2021 23:55:01 GMT","inverseRate":15.154013015184},"lak":{"code":"LAK","alphaCode":"LAK","numericCode":"418","name":"Lao kip","rate":231.07769423558,"date":"Sun, 27 Jun 2021 23:55:01 GMT","inverseRate":0.0043275488069415},"bwp":{"code":"BWP","alphaCode":"BWP","numericCode":"072","name":"Botswana Pula","rate":0.26471432672984,"date":"Sun, 27 Jun 2021 23:55:01 GMT","inverseRate":3.7776572668112},"nok":{"code":"NOK","alphaCode":"NOK","numericCode":"578","name":"Norwegian Krone","rate":0.20722043700971,"date":"Sun, 27 Jun 2021 23:55:01 GMT","inverseRate":4.8257788393388},"mad":{"code":"MAD","alphaCode":"MAD","numericCode":"504","name":"Moroccan Dirham","rate":0.21575508165042,"date":"Sun, 27 Jun 2021 23:55:01 GMT","inverseRate":4.6348850388621},"ron":{"code":"RON","alphaCode":"RON","numericCode":"946","name":"Romanian New Leu","rate":0.10069798769177,"date":"Sun, 27 Jun 2021 23:55:01 GMT","inverseRate":9.9306850407075},"byn":{"code":"BYN","alphaCode":"BYN","numericCode":"933","name":"Belarussian Ruble","rate":0.061702033913562,"date":"Sun, 27 Jun 2021 23:55:01 GMT","inverseRate":16.206921175417},"rsd":{"code":"RSD","alphaCode":"RSD","numericCode":"941","name":"Serbian Dinar","rate":2.3574622723988,"date":"Sun, 27 Jun 2021 23:55:01 GMT","inverseRate":0.42418494315181},"gmd":{"code":"GMD","alphaCode":"GMD","numericCode":"270","name":"Gambian dalasi","rate":1.2647462277092,"date":"Sun, 27 Jun 2021 23:55:01 GMT","inverseRate":0.79067245119305},"awg":{"code":"AWG","alphaCode":"AWG","numericCode":"533","name":"Aruban florin","rate":0.04408108624976,"date":"Sun, 27 Jun 2021 23:55:01 GMT","inverseRate":22.685466377441},"aoa":{"code":"AOA","alphaCode":"AOA","numericCode":"973","name":"Angolan kwanza","rate":15.896551724138,"date":"Sun, 27 Jun 2021 23:55:01 GMT","inverseRate":0.062906724511932},"khr":{"code":"KHR","alphaCode":"KHR","numericCode":"116","name":"Cambodian riel","rate":99.246501614641,"date":"Sun, 27 Jun 2021 23:55:01 GMT","inverseRate":0.010075921908894},"scr":{"code":"SCR","alphaCode":"SCR","numericCode":"690","name":"Seychelles rupee","rate":0.36500395882819,"date":"Sun, 27 Jun 2021 23:55:01 GMT","inverseRate":2.7396963123644},"bhd":{"code":"BHD","alphaCode":"BHD","numericCode":"048","name":"Bahrain Dinar","rate":0.0091916163986969,"date":"Sun, 27 Jun 2021 23:55:01 GMT","inverseRate":108.79479262666},"omr":{"code":"OMR","alphaCode":"OMR","numericCode":"512","name":"Omani Rial","rate":0.0093942486888848,"date":"Sun, 27 Jun 2021 23:55:01 GMT","inverseRate":106.44810810504},"rub":{"code":"RUB","alphaCode":"RUB","numericCode":"643","name":"Russian Rouble","rate":1.7626271012793,"date":"Sun, 27 Jun 2021 23:55:01 GMT","inverseRate":0.5673349736165},"lyd":{"code":"LYD","alphaCode":"LYD","numericCode":"434","name":"Libyan Dinar","rate":0.10870717415339,"date":"Sun, 27 Jun 2021 23:55:01 GMT","inverseRate":9.1990248830217},"clp":{"code":"CLP","alphaCode":"CLP","numericCode":"152","name":"Chilean Peso","rate":17.923639264246,"date":"Sun, 27 Jun 2021 23:55:01 GMT","inverseRate":0.055792240920337},"bsd":{"code":"BSD","alphaCode":"BSD","numericCode":"044","name":"Bahamian Dollar","rate":0.02434130629917,"date":"Sun, 27 Jun 2021 23:55:01 GMT","inverseRate":41.082429501086},"djf":{"code":"DJF","alphaCode":"DJF","numericCode":"262","name":"Djiboutian franc","rate":4.3353552452155,"date":"Sun, 27 Jun 2021 23:55:01 GMT","inverseRate":0.23066160520608},"hnl":{"code":"HNL","alphaCode":"HNL","numericCode":"340","name":"Honduran Lempira","rate":0.58354430379745,"date":"Sun, 27 Jun 2021 23:55:01 GMT","inverseRate":1.7136659436009},"tzs":{"code":"TZS","alphaCode":"TZS","numericCode":"834","name":"Tanzanian shilling","rate":56.460502143294,"date":"Sun, 27 Jun 2021 23:55:01 GMT","inverseRate":0.017711496746204},"bbd":{"code":"BBD","alphaCode":"BBD","numericCode":"052","name":"Barbadian Dollar","rate":0.04887822474669,"date":"Sun, 27 Jun 2021 23:55:01 GMT","inverseRate":20.45900818171},"bdt":{"code":"BDT","alphaCode":"BDT","numericCode":"050","name":"Bangladeshi taka","rate":2.0662840194142,"date":"Sun, 27 Jun 2021 23:55:01 GMT","inverseRate":0.48396057395997},"qar":{"code":"QAR","alphaCode":"QAR","numericCode":"634","name":"Qatari Rial","rate":0.089340418770875,"date":"Sun, 27 Jun 2021 23:55:01 GMT","inverseRate":11.193142071168},"mxn":{"code":"MXN","alphaCode":"MXN","numericCode":"484","name":"Mexican Peso","rate":0.48349432944096,"date":"Sun, 27 Jun 2021 23:55:01 GMT","inverseRate":2.0682765838355},"amd":{"code":"AMD","alphaCode":"AMD","numericCode":"051","name":"Armenia Dram","rate":12.643843066388,"date":"Sun, 27 Jun 2021 23:55:01 GMT","inverseRate":0.07908987755933},"uyu":{"code":"UYU","alphaCode":"UYU","numericCode":"858","name":"Uruguayan Peso","rate":1.063030612833,"date":"Sun, 27 Jun 2021 23:55:01 GMT","inverseRate":0.94070668137673},"fjd":{"code":"FJD","alphaCode":"FJD","numericCode":"242","name":"Fiji Dollar","rate":0.050231544538272,"date":"Sun, 27 Jun 2021 23:55:01 GMT","inverseRate":19.907809110629},"cdf":{"code":"CDF","alphaCode":"CDF","numericCode":"976","name":"Congolese franc","rate":48.424369747898,"date":"Sun, 27 Jun 2021 23:55:01 GMT","inverseRate":0.02065075921909},"lsl":{"code":"LSL","alphaCode":"LSL","numericCode":"426","name":"Lesotho loti","rate":0.34635612321562,"date":"Sun, 27 Jun 2021 23:55:01 GMT","inverseRate":2.887201735358},"mnt":{"code":"MNT","alphaCode":"MNT","numericCode":"496","name":"Mongolian togrog","rate":69.427710843371,"date":"Sun, 27 Jun 2021 23:55:01 GMT","inverseRate":0.014403470715836},"brl":{"code":"BRL","alphaCode":"BRL","numericCode":"986","name":"Brazilian Real","rate":0.12206637413374,"date":"Sun, 27 Jun 2021 23:55:01 GMT","inverseRate":8.1922643078133},"hkd":{"code":"HKD","alphaCode":"HKD","numericCode":"344","name":"Hong Kong Dollar","rate":0.1895733117873,"date":"Sun, 27 Jun 2021 23:55:01 GMT","inverseRate":5.2750041162017},"thb":{"code":"THB","alphaCode":"THB","numericCode":"764","name":"Thai Baht","rate":0.77186131264559,"date":"Sun, 27 Jun 2021 23:55:01 GMT","inverseRate":1.2955695325271},"xaf":{"code":"XAF","alphaCode":"XAF","numericCode":"950","name":"Central African CFA Franc","rate":13.436616291332,"date":"Sun, 27 Jun 2021 23:55:01 GMT","inverseRate":0.074423499065393},"mdl":{"code":"MDL","alphaCode":"MDL","numericCode":"498","name":"Moldova Lei","rate":0.43941831636552,"date":"Sun, 27 Jun 2021 23:55:01 GMT","inverseRate":2.2757358142717},"nio":{"code":"NIO","alphaCode":"NIO","numericCode":"558","name":"Nicaraguan C\u00f3rdoba","rate":0.85424647911787,"date":"Sun, 27 Jun 2021 23:55:01 GMT","inverseRate":1.1706223255759},"lrd":{"code":"LRD","alphaCode":"LRD","numericCode":"430","name":"Liberian dollar","rate":4.1719457013575,"date":"Sun, 27 Jun 2021 23:55:01 GMT","inverseRate":0.23969631236442},"sdg":{"code":"SDG","alphaCode":"SDG","numericCode":"938","name":"Sudanese pound","rate":10.720930232558,"date":"Sun, 27 Jun 2021 23:55:01 GMT","inverseRate":0.093275488069417},"mru":{"code":"MRU","alphaCode":"MRU","numericCode":"929","name":"Mauritanian ouguiya","rate":0.87977099236638,"date":"Sun, 27 Jun 2021 23:55:01 GMT","inverseRate":1.1366594360087},"dkk":{"code":"DKK","alphaCode":"DKK","numericCode":"208","name":"Danish Krone","rate":0.15201977390995,"date":"Sun, 27 Jun 2021 23:55:01 GMT","inverseRate":6.5780916145315},"jod":{"code":"JOD","alphaCode":"JOD","numericCode":"400","name":"Jordanian Dinar","rate":0.017304476246941,"date":"Sun, 27 Jun 2021 23:55:01 GMT","inverseRate":57.788515857381},"bgn":{"code":"BGN","alphaCode":"BGN","numericCode":"975","name":"Bulgarian Lev","rate":0.039982879679926,"date":"Sun, 27 Jun 2021 23:55:01 GMT","inverseRate":25.010704781779},"vnd":{"code":"VND","alphaCode":"VND","numericCode":"704","name":"Vietnamese Dong","rate":561.7806702244,"date":"Sun, 27 Jun 2021 23:55:01 GMT","inverseRate":0.0017800541261068},"uzs":{"code":"UZS","alphaCode":"UZS","numericCode":"860","name":"Uzbekistan Sum","rate":257.50867515767,"date":"Sun, 27 Jun 2021 23:55:01 GMT","inverseRate":0.0038833643153486},"pab":{"code":"PAB","alphaCode":"PAB","numericCode":"590","name":"Panamanian Balboa","rate":0.02434130629917,"date":"Sun, 27 Jun 2021 23:55:01 GMT","inverseRate":41.082429501086},"ttd":{"code":"TTD","alphaCode":"TTD","numericCode":"780","name":"Trinidad Tobago Dollar","rate":0.16552962298024,"date":"Sun, 27 Jun 2021 23:55:01 GMT","inverseRate":6.0412147505426},"htg":{"code":"HTG","alphaCode":"HTG","numericCode":"332","name":"Haitian gourde","rate":2.287841191067,"date":"Sun, 27 Jun 2021 23:55:01 GMT","inverseRate":0.43709327548807},"cup":{"code":"CUP","alphaCode":"CUP","numericCode":"192","name":"Cuban peso","rate":0.02434130629917,"date":"Sun, 27 Jun 2021 23:55:01 GMT","inverseRate":41.082429501086}}