{"usd":{"code":"USD","alphaCode":"USD","numericCode":"840","name":"U.S. Dollar","rate":0.050516596738888,"date":"Sun, 27 Jun 2021 23:55:01 GMT","inverseRate":19.795474449097},"eur":{"code":"EUR","alphaCode":"EUR","numericCode":"978","name":"Euro","rate":0.042289903625456,"date":"Sun, 27 Jun 2021 23:55:01 GMT","inverseRate":23.646305956537},"gbp":{"code":"GBP","alphaCode":"GBP","numericCode":"826","name":"U.K. Pound Sterling","rate":0.036325599211227,"date":"Sun, 27 Jun 2021 23:55:01 GMT","inverseRate":27.528795717455},"jpy":{"code":"JPY","alphaCode":"JPY","numericCode":"392","name":"Japanese Yen","rate":5.5938463126875,"date":"Sun, 27 Jun 2021 23:55:01 GMT","inverseRate":0.17876787171144},"aud":{"code":"AUD","alphaCode":"AUD","numericCode":"036","name":"Australian Dollar","rate":0.066495739676608,"date":"Sun, 27 Jun 2021 23:55:01 GMT","inverseRate":15.038557430346},"chf":{"code":"CHF","alphaCode":"CHF","numericCode":"756","name":"Swiss Franc","rate":0.046324463459187,"date":"Sun, 27 Jun 2021 23:55:01 GMT","inverseRate":21.586866319154},"cad":{"code":"CAD","alphaCode":"CAD","numericCode":"124","name":"Canadian Dollar","rate":0.062135126545735,"date":"Sun, 27 Jun 2021 23:55:01 GMT","inverseRate":16.093956117784},"lkr":{"code":"LKR","alphaCode":"LKR","numericCode":"144","name":"Sri Lanka Rupee","rate":10.037711607485,"date":"Sun, 27 Jun 2021 23:55:01 GMT","inverseRate":0.099624300747426},"pln":{"code":"PLN","alphaCode":"PLN","numericCode":"985","name":"Polish Zloty","rate":0.19073965251796,"date":"Sun, 27 Jun 2021 23:55:01 GMT","inverseRate":5.2427483577691},"pen":{"code":"PEN","alphaCode":"PEN","numericCode":"604","name":"Peruvian Nuevo Sol","rate":0.20106621482556,"date":"Sun, 27 Jun 2021 23:55:01 GMT","inverseRate":4.97348597758},"iqd":{"code":"IQD","alphaCode":"IQD","numericCode":"368","name":"Iraqi dinar","rate":73.557517177418,"date":"Sun, 27 Jun 2021 23:55:01 GMT","inverseRate":0.0135948036091},"svc":{"code":"SVC","alphaCode":"SVC","numericCode":"222","name":"Salvadoran colon","rate":0.44091352839222,"date":"Sun, 27 Jun 2021 23:55:01 GMT","inverseRate":2.2680184108809},"cve":{"code":"CVE","alphaCode":"CVE","numericCode":"132","name":"Cape Verde escudo","rate":4.7085210130772,"date":"Sun, 27 Jun 2021 23:55:01 GMT","inverseRate":0.21238091477613},"zmw":{"code":"ZMW","alphaCode":"ZMW","numericCode":"967","name":"Zambian kwacha","rate":1.1377989321577,"date":"Sun, 27 Jun 2021 23:55:01 GMT","inverseRate":0.87888990904887},"yer":{"code":"YER","alphaCode":"YER","numericCode":"886","name":"Yemeni rial","rate":12.667404080618,"date":"Sun, 27 Jun 2021 23:55:01 GMT","inverseRate":0.078942772618269},"dop":{"code":"DOP","alphaCode":"DOP","numericCode":"214","name":"Dominican Peso","rate":2.8680287626388,"date":"Sun, 27 Jun 2021 23:55:01 GMT","inverseRate":0.34867153810547},"nzd":{"code":"NZD","alphaCode":"NZD","numericCode":"554","name":"New Zealand Dollar","rate":0.071371672820656,"date":"Sun, 27 Jun 2021 23:55:01 GMT","inverseRate":14.011161017801},"hrk":{"code":"HRK","alphaCode":"HRK","numericCode":"191","name":"Croatian Kuna","rate":0.31696760856521,"date":"Sun, 27 Jun 2021 23:55:01 GMT","inverseRate":3.1548965035469},"dzd":{"code":"DZD","alphaCode":"DZD","numericCode":"012","name":"Algerian Dinar","rate":6.7270344135245,"date":"Sun, 27 Jun 2021 23:55:01 GMT","inverseRate":0.14865391471605},"ars":{"code":"ARS","alphaCode":"ARS","numericCode":"032","name":"Argentine Peso","rate":4.8166412708445,"date":"Sun, 27 Jun 2021 23:55:01 GMT","inverseRate":0.20761355138758},"stn":{"code":"STN","alphaCode":"STN","numericCode":"930","name":"S\u00e3o Tom\u00e9 and Pr\u00edncipe Dobra","rate":1.0460510204587,"date":"Sun, 27 Jun 2021 23:55:01 GMT","inverseRate":0.95597631515282},"xpf":{"code":"XPF","alphaCode":"XPF","numericCode":"953","name":"CFP Franc","rate":5.0391116198407,"date":"Sun, 27 Jun 2021 23:55:01 GMT","inverseRate":0.19844767797218},"all":{"code":"ALL","alphaCode":"ALL","numericCode":"008","name":"Albanian lek","rate":5.1736374027955,"date":"Sun, 27 Jun 2021 23:55:01 GMT","inverseRate":0.19328760833909},"mur":{"code":"MUR","alphaCode":"MUR","numericCode":"480","name":"Mauritian Rupee","rate":2.0682765838355,"date":"Sun, 27 Jun 2021 23:55:01 GMT","inverseRate":0.48349432944096},"sos":{"code":"SOS","alphaCode":"SOS","numericCode":"706","name":"Somali shilling","rate":29.135997101549,"date":"Sun, 27 Jun 2021 23:55:01 GMT","inverseRate":0.034321804622462},"ang":{"code":"ANG","alphaCode":"ANG","numericCode":"532","name":"Neth. Antillean Guilder","rate":0.089839083529267,"date":"Sun, 27 Jun 2021 23:55:01 GMT","inverseRate":11.13101292573},"pkr":{"code":"PKR","alphaCode":"PKR","numericCode":"586","name":"Pakistani Rupee","rate":7.8123497033012,"date":"Sun, 27 Jun 2021 23:55:01 GMT","inverseRate":0.12800246250849},"krw":{"code":"KRW","alphaCode":"KRW","numericCode":"410","name":"South Korean Won","rate":56.942454986686,"date":"Sun, 27 Jun 2021 23:55:01 GMT","inverseRate":0.017561589155821},"azn":{"code":"AZN","alphaCode":"AZN","numericCode":"944","name":"Azerbaijan Manat","rate":0.085630150838831,"date":"Sun, 27 Jun 2021 23:55:01 GMT","inverseRate":11.67812960977},"pyg":{"code":"PYG","alphaCode":"PYG","numericCode":"600","name":"Paraguayan Guaran\u00ed","rate":342.43010962488,"date":"Sun, 27 Jun 2021 23:55:01 GMT","inverseRate":0.002920303944929},"bnd":{"code":"BND","alphaCode":"BND","numericCode":"096","name":"Brunei Dollar","rate":0.0677954710714,"date":"Sun, 27 Jun 2021 23:55:01 GMT","inverseRate":14.750247829192},"kmf":{"code":"KMF","alphaCode":"KMF","numericCode":"174","name":"\tComoro franc","rate":20.877501754941,"date":"Sun, 27 Jun 2021 23:55:01 GMT","inverseRate":0.047898451248522},"szl":{"code":"SZL","alphaCode":"SZL","numericCode":"748","name":"Swazi lilangeni","rate":0.71609125433584,"date":"Sun, 27 Jun 2021 23:55:01 GMT","inverseRate":1.3964700643181},"wst":{"code":"WST","alphaCode":"WST","numericCode":"882","name":"Samoan tala","rate":0.12804344391971,"date":"Sun, 27 Jun 2021 23:55:01 GMT","inverseRate":7.8098492932369},"egp":{"code":"EGP","alphaCode":"EGP","numericCode":"818","name":"Egyptian Pound","rate":0.79194058737249,"date":"Sun, 27 Jun 2021 23:55:01 GMT","inverseRate":1.2627209868329},"sgd":{"code":"SGD","alphaCode":"SGD","numericCode":"702","name":"Singapore Dollar","rate":0.067784834894625,"date":"Sun, 27 Jun 2021 23:55:01 GMT","inverseRate":14.752562303273},"zar":{"code":"ZAR","alphaCode":"ZAR","numericCode":"710","name":"South African Rand","rate":0.7121663122916,"date":"Sun, 27 Jun 2021 23:55:01 GMT","inverseRate":1.4041663902666},"kgs":{"code":"KGS","alphaCode":"KGS","numericCode":"417","name":"Kyrgyzstan Som","rate":4.2221813425482,"date":"Sun, 27 Jun 2021 23:55:01 GMT","inverseRate":0.23684439839727},"crc":{"code":"CRC","alphaCode":"CRC","numericCode":"188","name":"Costa Rican Col\u00f3n","rate":31.200900078592,"date":"Sun, 27 Jun 2021 23:55:01 GMT","inverseRate":0.032050357441006},"jmd":{"code":"JMD","alphaCode":"JMD","numericCode":"388","name":"Jamaican Dollar","rate":7.5373557719222,"date":"Sun, 27 Jun 2021 23:55:01 GMT","inverseRate":0.13267252207003},"ssp":{"code":"SSP","alphaCode":"SSP","numericCode":"728","name":"South Sudanese pound","rate":8.9587099985734,"date":"Sun, 27 Jun 2021 23:55:01 GMT","inverseRate":0.11162321362777},"ern":{"code":"ERN","alphaCode":"ERN","numericCode":"232","name":"Eritrean nakfa","rate":0.75943887307701,"date":"Sun, 27 Jun 2021 23:55:01 GMT","inverseRate":1.316761671612},"bam":{"code":"BAM","alphaCode":"BAM","numericCode":"977","name":"Bosnia and Herzegovina convertible mark","rate":0.083393143407371,"date":"Sun, 27 Jun 2021 23:55:01 GMT","inverseRate":11.991393526384},"inr":{"code":"INR","alphaCode":"INR","numericCode":"356","name":"Indian Rupee","rate":3.7476959805911,"date":"Sun, 27 Jun 2021 23:55:01 GMT","inverseRate":0.26683060877374},"try":{"code":"TRY","alphaCode":"TRY","numericCode":"949","name":"Turkish Lira","rate":0.44005706921676,"date":"Sun, 27 Jun 2021 23:55:01 GMT","inverseRate":2.2724325319438},"twd":{"code":"TWD","alphaCode":"TWD","numericCode":"901","name":"New Taiwan Dollar ","rate":1.409330616039,"date":"Sun, 27 Jun 2021 23:55:01 GMT","inverseRate":0.70955671339246},"tmt":{"code":"TMT","alphaCode":"TMT","numericCode":"934","name":"New Turkmenistan Manat","rate":0.17635152089589,"date":"Sun, 27 Jun 2021 23:55:01 GMT","inverseRate":5.6704926326685},"mga":{"code":"MGA","alphaCode":"MGA","numericCode":"969","name":"Malagasy ariary","rate":190.69510102963,"date":"Sun, 27 Jun 2021 23:55:01 GMT","inverseRate":0.0052439732043489},"srd":{"code":"SRD","alphaCode":"SRD","numericCode":"968","name":"Surinamese dollar","rate":1.0483512975791,"date":"Sun, 27 Jun 2021 23:55:01 GMT","inverseRate":0.95387872587107},"ghs":{"code":"GHS","alphaCode":"GHS","numericCode":"936","name":"Ghanaian Cedi","rate":0.29364813832713,"date":"Sun, 27 Jun 2021 23:55:01 GMT","inverseRate":3.4054361989041},"mop":{"code":"MOP","alphaCode":"MOP","numericCode":"446","name":"Macanese pataca","rate":0.40316089012607,"date":"Sun, 27 Jun 2021 23:55:01 GMT","inverseRate":2.480399325657},"lbp":{"code":"LBP","alphaCode":"LBP","numericCode":"422","name":"Lebanese Pound","rate":76.069791023968,"date":"Sun, 27 Jun 2021 23:55:01 GMT","inverseRate":0.013145822888943},"huf":{"code":"HUF","alphaCode":"HUF","numericCode":"348","name":"Hungarian Forint","rate":14.864743980552,"date":"Sun, 27 Jun 2021 23:55:01 GMT","inverseRate":0.067273274353619},"ngn":{"code":"NGN","alphaCode":"NGN","numericCode":"566","name":"Nigerian Naira","rate":20.708052860131,"date":"Sun, 27 Jun 2021 23:55:01 GMT","inverseRate":0.048290392474577},"irr":{"code":"IRR","alphaCode":"IRR","numericCode":"364","name":"Iranian rial","rate":2116.4384574655,"date":"Sun, 27 Jun 2021 23:55:01 GMT","inverseRate":0.00047249188676978},"ves":{"code":"VES","alphaCode":"VES","numericCode":"928","name":"Venezuelan Bolivar","rate":160247.98405851,"date":"Sun, 27 Jun 2021 23:55:01 GMT","inverseRate":6.2403281131753e-6},"sbd":{"code":"SBD","alphaCode":"SBD","numericCode":"090","name":"Solomon Islands dollar","rate":0.41071527251698,"date":"Sun, 27 Jun 2021 23:55:01 GMT","inverseRate":2.4347767587792},"mwk":{"code":"MWK","alphaCode":"MWK","numericCode":"454","name":"Malawian kwacha","rate":40.573425750986,"date":"Sun, 27 Jun 2021 23:55:01 GMT","inverseRate":0.02464667406044},"gtq":{"code":"GTQ","alphaCode":"GTQ","numericCode":"320","name":"Guatemalan Quetzal","rate":0.38957119720047,"date":"Sun, 27 Jun 2021 23:55:01 GMT","inverseRate":2.5669248835288},"sek":{"code":"SEK","alphaCode":"SEK","numericCode":"752","name":"Swedish Krona","rate":0.42769845831906,"date":"Sun, 27 Jun 2021 23:55:01 GMT","inverseRate":2.3380958723354},"npr":{"code":"NPR","alphaCode":"NPR","numericCode":"524","name":"Nepalese Rupee","rate":5.9900514132319,"date":"Sun, 27 Jun 2021 23:55:01 GMT","inverseRate":0.16694347527486},"isk":{"code":"ISK","alphaCode":"ISK","numericCode":"352","name":"Icelandic Krona","rate":6.216772223159,"date":"Sun, 27 Jun 2021 23:55:01 GMT","inverseRate":0.16085517759115},"gip":{"code":"GIP","alphaCode":"GIP","numericCode":"292","name":"Gibraltar pound","rate":0.036158978774727,"date":"Sun, 27 Jun 2021 23:55:01 GMT","inverseRate":27.655648303291},"gel":{"code":"GEL","alphaCode":"GEL","numericCode":"981","name":"Georgian lari","rate":0.16362533264438,"date":"Sun, 27 Jun 2021 23:55:01 GMT","inverseRate":6.1115230987695},"mkd":{"code":"MKD","alphaCode":"MKD","numericCode":"807","name":"Macedonian denar","rate":2.6087594876689,"date":"Sun, 27 Jun 2021 23:55:01 GMT","inverseRate":0.38332395329151},"bif":{"code":"BIF","alphaCode":"BIF","numericCode":"108","name":"Burundian franc","rate":99.68379562448,"date":"Sun, 27 Jun 2021 23:55:01 GMT","inverseRate":0.01003172073992},"mmk":{"code":"MMK","alphaCode":"MMK","numericCode":"104","name":"Myanma Kyat","rate":82.910913491142,"date":"Sun, 27 Jun 2021 23:55:01 GMT","inverseRate":0.012061138370003},"mvr":{"code":"MVR","alphaCode":"MVR","numericCode":"462","name":"Maldivian rufiyaa","rate":0.7786651736612,"date":"Sun, 27 Jun 2021 23:55:01 GMT","inverseRate":1.2842490377451},"kes":{"code":"KES","alphaCode":"KES","numericCode":"404","name":"Kenyan shilling","rate":5.4270334404246,"date":"Sun, 27 Jun 2021 23:55:01 GMT","inverseRate":0.18426273045441},"aed":{"code":"AED","alphaCode":"AED","numericCode":"784","name":"U.A.E Dirham","rate":0.18519284050053,"date":"Sun, 27 Jun 2021 23:55:01 GMT","inverseRate":5.3997767802321},"php":{"code":"PHP","alphaCode":"PHP","numericCode":"608","name":"Philippine Peso","rate":2.4501561705191,"date":"Sun, 27 Jun 2021 23:55:01 GMT","inverseRate":0.40813724938526},"ils":{"code":"ILS","alphaCode":"ILS","numericCode":"376","name":"Israeli New Sheqel","rate":0.16405022803488,"date":"Sun, 27 Jun 2021 23:55:01 GMT","inverseRate":6.0956940565017},"mro":{"code":"MRO","alphaCode":"MRO","numericCode":"478","name":"Mauritanian Ouguiya","rate":1.8292065847234,"date":"Sun, 27 Jun 2021 23:55:01 GMT","inverseRate":0.54668510836964},"cop":{"code":"COP","alphaCode":"COP","numericCode":"170","name":"Colombian Peso","rate":189.93641122992,"date":"Sun, 27 Jun 2021 23:55:01 GMT","inverseRate":0.0052649199462313},"bzd":{"code":"BZD","alphaCode":"BZD","numericCode":"084","name":"Belize dollar","rate":0.10153077469366,"date":"Sun, 27 Jun 2021 23:55:01 GMT","inverseRate":9.849230472408},"gnf":{"code":"GNF","alphaCode":"GNF","numericCode":"324","name":"Guinean franc","rate":494.02875914412,"date":"Sun, 27 Jun 2021 23:55:01 GMT","inverseRate":0.0020241736568787},"sll":{"code":"SLL","alphaCode":"SLL","numericCode":"694","name":"Sierra Leonean leone","rate":516.78889167921,"date":"Sun, 27 Jun 2021 23:55:01 GMT","inverseRate":0.0019350261124048},"ugx":{"code":"UGX","alphaCode":"UGX","numericCode":"800","name":"Ugandan shilling","rate":180.07091693072,"date":"Sun, 27 Jun 2021 23:55:01 GMT","inverseRate":0.0055533676234055},"cny":{"code":"CNY","alphaCode":"CNY","numericCode":"156","name":"Chinese Yuan","rate":0.32611899284034,"date":"Sun, 27 Jun 2021 23:55:01 GMT","inverseRate":3.0663654124848},"sar":{"code":"SAR","alphaCode":"SAR","numericCode":"682","name":"Saudi Riyal","rate":0.18943183074148,"date":"Sun, 27 Jun 2021 23:55:01 GMT","inverseRate":5.2789438611544},"myr":{"code":"MYR","alphaCode":"MYR","numericCode":"458","name":"Malaysian Ringgit","rate":0.20932771872121,"date":"Sun, 27 Jun 2021 23:55:01 GMT","inverseRate":4.7771981948165},"kzt":{"code":"KZT","alphaCode":"KZT","numericCode":"398","name":"Kazakhstani Tenge","rate":21.533382536511,"date":"Sun, 27 Jun 2021 23:55:01 GMT","inverseRate":0.046439522369718},"bob":{"code":"BOB","alphaCode":"BOB","numericCode":"068","name":"Bolivian Boliviano","rate":0.34716860840259,"date":"Sun, 27 Jun 2021 23:55:01 GMT","inverseRate":2.8804447631405},"gyd":{"code":"GYD","alphaCode":"GYD","numericCode":"328","name":"Guyanese dollar","rate":10.519948200454,"date":"Sun, 27 Jun 2021 23:55:01 GMT","inverseRate":0.095057502275235},"rwf":{"code":"RWF","alphaCode":"RWF","numericCode":"646","name":"Rwandan franc","rate":50.649429224336,"date":"Sun, 27 Jun 2021 23:55:01 GMT","inverseRate":0.019743559114374},"mzn":{"code":"MZN","alphaCode":"MZN","numericCode":"943","name":"Mozambican metical","rate":3.2103552361891,"date":"Sun, 27 Jun 2021 23:55:01 GMT","inverseRate":0.31149200833832},"vuv":{"code":"VUV","alphaCode":"VUV","numericCode":"548","name":"Vanuatu vatu","rate":5.5338102446207,"date":"Sun, 27 Jun 2021 23:55:01 GMT","inverseRate":0.18070731662187},"idr":{"code":"IDR","alphaCode":"IDR","numericCode":"360","name":"Indonesian Rupiah","rate":729.4975314389,"date":"Sun, 27 Jun 2021 23:55:01 GMT","inverseRate":0.0013708065578064},"tnd":{"code":"TND","alphaCode":"TND","numericCode":"788","name":"Tunisian Dinar","rate":0.13814140736279,"date":"Sun, 27 Jun 2021 23:55:01 GMT","inverseRate":7.2389591150884},"xof":{"code":"XOF","alphaCode":"XOF","numericCode":"952","name":"West African CFA Franc","rate":27.767098437157,"date":"Sun, 27 Jun 2021 23:55:01 GMT","inverseRate":0.036013845748529},"tjs":{"code":"TJS","alphaCode":"TJS","numericCode":"972","name":"Tajikistan Ruble","rate":0.57119472859847,"date":"Sun, 27 Jun 2021 23:55:01 GMT","inverseRate":1.750716436851},"afn":{"code":"AFN","alphaCode":"AFN","numericCode":"971","name":"Afghan afghani","rate":3.9841028963236,"date":"Sun, 27 Jun 2021 23:55:01 GMT","inverseRate":0.25099753345295},"nad":{"code":"NAD","alphaCode":"NAD","numericCode":"516","name":"Namibian dollar","rate":0.71609125433584,"date":"Sun, 27 Jun 2021 23:55:01 GMT","inverseRate":1.3964700643181},"syp":{"code":"SYP","alphaCode":"SYP","numericCode":"760","name":"Syrian pound","rate":127.13006735309,"date":"Sun, 27 Jun 2021 23:55:01 GMT","inverseRate":0.0078659598065235},"top":{"code":"TOP","alphaCode":"TOP","numericCode":"776","name":"Tongan pa\u02bbanga","rate":0.11158938558701,"date":"Sun, 27 Jun 2021 23:55:01 GMT","inverseRate":8.9614258089118},"kwd":{"code":"KWD","alphaCode":"KWD","numericCode":"414","name":"Kuwaiti Dinar","rate":0.015193387770104,"date":"Sun, 27 Jun 2021 23:55:01 GMT","inverseRate":65.81810555561},"czk":{"code":"CZK","alphaCode":"CZK","numericCode":"203","name":"Czech Koruna","rate":1.0773693123471,"date":"Sun, 27 Jun 2021 23:55:01 GMT","inverseRate":0.92818682371917},"pgk":{"code":"PGK","alphaCode":"PGK","numericCode":"598","name":"Papua New Guinean kina","rate":0.17729328705509,"date":"Sun, 27 Jun 2021 23:55:01 GMT","inverseRate":5.6403714805584},"uah":{"code":"UAH","alphaCode":"UAH","numericCode":"980","name":"Ukrainian Hryvnia","rate":1.3839103698295,"date":"Sun, 27 Jun 2021 23:55:01 GMT","inverseRate":0.72259014875596},"etb":{"code":"ETB","alphaCode":"ETB","numericCode":"230","name":"Ethiopian birr","rate":2.2045676419609,"date":"Sun, 27 Jun 2021 23:55:01 GMT","inverseRate":0.4536036821762},"xcd":{"code":"XCD","alphaCode":"XCD","numericCode":"951","name":"East Caribbean Dollar","rate":0.13648375395765,"date":"Sun, 27 Jun 2021 23:55:01 GMT","inverseRate":7.3268793611162},"lak":{"code":"LAK","alphaCode":"LAK","numericCode":"418","name":"Lao kip","rate":477.93258403416,"date":"Sun, 27 Jun 2021 23:55:01 GMT","inverseRate":0.0020923453085352},"bwp":{"code":"BWP","alphaCode":"BWP","numericCode":"072","name":"Botswana Pula","rate":0.54750244338111,"date":"Sun, 27 Jun 2021 23:55:01 GMT","inverseRate":1.8264758670746},"nok":{"code":"NOK","alphaCode":"NOK","numericCode":"578","name":"Norwegian Krone","rate":0.42858917755935,"date":"Sun, 27 Jun 2021 23:55:01 GMT","inverseRate":2.3332367039565},"mad":{"code":"MAD","alphaCode":"MAD","numericCode":"504","name":"Moroccan Dirham","rate":0.44624118322109,"date":"Sun, 27 Jun 2021 23:55:01 GMT","inverseRate":2.2409406339005},"ron":{"code":"RON","alphaCode":"RON","numericCode":"946","name":"Romanian New Leu","rate":0.20827128998224,"date":"Sun, 27 Jun 2021 23:55:01 GMT","inverseRate":4.8014299046462},"byn":{"code":"BYN","alphaCode":"BYN","numericCode":"933","name":"Belarussian Ruble","rate":0.12761687191845,"date":"Sun, 27 Jun 2021 23:55:01 GMT","inverseRate":7.8359544860106},"rsd":{"code":"RSD","alphaCode":"RSD","numericCode":"941","name":"Serbian Dinar","rate":4.8758840152781,"date":"Sun, 27 Jun 2021 23:55:01 GMT","inverseRate":0.20509101464813},"gmd":{"code":"GMD","alphaCode":"GMD","numericCode":"270","name":"Gambian dalasi","rate":2.6158450072653,"date":"Sun, 27 Jun 2021 23:55:01 GMT","inverseRate":0.38228564659702},"awg":{"code":"AWG","alphaCode":"AWG","numericCode":"533","name":"Aruban florin","rate":0.091171878480413,"date":"Sun, 27 Jun 2021 23:55:01 GMT","inverseRate":10.968294354216},"aoa":{"code":"AOA","alphaCode":"AOA","numericCode":"973","name":"Angolan kwanza","rate":32.878465694764,"date":"Sun, 27 Jun 2021 23:55:01 GMT","inverseRate":0.030415044585224},"khr":{"code":"KHR","alphaCode":"KHR","numericCode":"116","name":"Cambodian riel","rate":205.26921531716,"date":"Sun, 27 Jun 2021 23:55:01 GMT","inverseRate":0.0048716511068399},"scr":{"code":"SCR","alphaCode":"SCR","numericCode":"690","name":"Seychelles rupee","rate":0.75492914105162,"date":"Sun, 27 Jun 2021 23:55:01 GMT","inverseRate":1.3246276314185},"bhd":{"code":"BHD","alphaCode":"BHD","numericCode":"048","name":"Bahrain Dinar","rate":0.019010804965024,"date":"Sun, 27 Jun 2021 23:55:01 GMT","inverseRate":52.601665307693},"omr":{"code":"OMR","alphaCode":"OMR","numericCode":"512","name":"Omani Rial","rate":0.019429904585948,"date":"Sun, 27 Jun 2021 23:55:01 GMT","inverseRate":51.467056648503},"rub":{"code":"RUB","alphaCode":"RUB","numericCode":"643","name":"Russian Rouble","rate":3.6456003596098,"date":"Sun, 27 Jun 2021 23:55:01 GMT","inverseRate":0.27430324263711},"lyd":{"code":"LYD","alphaCode":"LYD","numericCode":"434","name":"Libyan Dinar","rate":0.22483650279639,"date":"Sun, 27 Jun 2021 23:55:01 GMT","inverseRate":4.4476763673273},"clp":{"code":"CLP","alphaCode":"CLP","numericCode":"152","name":"Chilean Peso","rate":37.071043387354,"date":"Sun, 27 Jun 2021 23:55:01 GMT","inverseRate":0.026975232111787},"bsd":{"code":"BSD","alphaCode":"BSD","numericCode":"044","name":"Bahamian Dollar","rate":0.050344553838543,"date":"Sun, 27 Jun 2021 23:55:01 GMT","inverseRate":19.863121703433},"djf":{"code":"DJF","alphaCode":"DJF","numericCode":"262","name":"Djiboutian franc","rate":8.9667137362877,"date":"Sun, 27 Jun 2021 23:55:01 GMT","inverseRate":0.11152357813689},"hnl":{"code":"HNL","alphaCode":"HNL","numericCode":"340","name":"Honduran Lempira","rate":1.2069310191749,"date":"Sun, 27 Jun 2021 23:55:01 GMT","inverseRate":0.82854776628713},"tzs":{"code":"TZS","alphaCode":"TZS","numericCode":"834","name":"Tanzanian shilling","rate":116.77593449457,"date":"Sun, 27 Jun 2021 23:55:01 GMT","inverseRate":0.0085634082427017},"bbd":{"code":"BBD","alphaCode":"BBD","numericCode":"052","name":"Barbadian Dollar","rate":0.10109368770303,"date":"Sun, 27 Jun 2021 23:55:01 GMT","inverseRate":9.8918144418431},"bdt":{"code":"BDT","alphaCode":"BDT","numericCode":"050","name":"Bangladeshi taka","rate":4.2736468529079,"date":"Sun, 27 Jun 2021 23:55:01 GMT","inverseRate":0.23399219318264},"qar":{"code":"QAR","alphaCode":"QAR","numericCode":"634","name":"Qatari Rial","rate":0.18478069613386,"date":"Sun, 27 Jun 2021 23:55:01 GMT","inverseRate":5.4118207200365},"amd":{"code":"AMD","alphaCode":"AMD","numericCode":"051","name":"Armenia Dram","rate":26.150964543901,"date":"Sun, 27 Jun 2021 23:55:01 GMT","inverseRate":0.038239507316116},"uyu":{"code":"UYU","alphaCode":"UYU","numericCode":"858","name":"Uruguayan Peso","rate":2.1986413244228,"date":"Sun, 27 Jun 2021 23:55:01 GMT","inverseRate":0.45482634611287},"fjd":{"code":"FJD","alphaCode":"FJD","numericCode":"242","name":"Fiji Dollar","rate":0.1038927273384,"date":"Sun, 27 Jun 2021 23:55:01 GMT","inverseRate":9.6253128165824},"cdf":{"code":"CDF","alphaCode":"CDF","numericCode":"976","name":"Congolese franc","rate":100.15499003657,"date":"Sun, 27 Jun 2021 23:55:01 GMT","inverseRate":0.0099845249810804},"lsl":{"code":"LSL","alphaCode":"LSL","numericCode":"426","name":"Lesotho loti","rate":0.71636025931492,"date":"Sun, 27 Jun 2021 23:55:01 GMT","inverseRate":1.3959456669977},"mnt":{"code":"MNT","alphaCode":"MNT","numericCode":"496","name":"Mongolian togrog","rate":143.59570860665,"date":"Sun, 27 Jun 2021 23:55:01 GMT","inverseRate":0.0069639964153754},"brl":{"code":"BRL","alphaCode":"BRL","numericCode":"986","name":"Brazilian Real","rate":0.25246702329452,"date":"Sun, 27 Jun 2021 23:55:01 GMT","inverseRate":3.9609133381093},"hkd":{"code":"HKD","alphaCode":"HKD","numericCode":"344","name":"Hong Kong Dollar","rate":0.39209004168983,"date":"Sun, 27 Jun 2021 23:55:01 GMT","inverseRate":2.5504345779612},"thb":{"code":"THB","alphaCode":"THB","numericCode":"764","name":"Thai Baht","rate":1.5964226789134,"date":"Sun, 27 Jun 2021 23:55:01 GMT","inverseRate":0.62640052237332},"xaf":{"code":"XAF","alphaCode":"XAF","numericCode":"950","name":"Central African CFA Franc","rate":27.790638841345,"date":"Sun, 27 Jun 2021 23:55:01 GMT","inverseRate":0.035983339775272},"mdl":{"code":"MDL","alphaCode":"MDL","numericCode":"498","name":"Moldova Lei","rate":0.90883861424724,"date":"Sun, 27 Jun 2021 23:55:01 GMT","inverseRate":1.1003053615061},"nio":{"code":"NIO","alphaCode":"NIO","numericCode":"558","name":"Nicaraguan C\u00f3rdoba","rate":1.7668179895834,"date":"Sun, 27 Jun 2021 23:55:01 GMT","inverseRate":0.56598925633294},"lrd":{"code":"LRD","alphaCode":"LRD","numericCode":"430","name":"Liberian dollar","rate":8.6287376031511,"date":"Sun, 27 Jun 2021 23:55:01 GMT","inverseRate":0.11589180781611},"sdg":{"code":"SDG","alphaCode":"SDG","numericCode":"938","name":"Sudanese pound","rate":22.173848956934,"date":"Sun, 27 Jun 2021 23:55:01 GMT","inverseRate":0.045098169557401},"mru":{"code":"MRU","alphaCode":"MRU","numericCode":"929","name":"Mauritanian ouguiya","rate":1.8196097426491,"date":"Sun, 27 Jun 2021 23:55:01 GMT","inverseRate":0.54956839181577},"dkk":{"code":"DKK","alphaCode":"DKK","numericCode":"208","name":"Danish Krone","rate":0.31441893865792,"date":"Sun, 27 Jun 2021 23:55:01 GMT","inverseRate":3.1804699941691},"jod":{"code":"JOD","alphaCode":"JOD","numericCode":"400","name":"Jordanian Dinar","rate":0.035790443017086,"date":"Sun, 27 Jun 2021 23:55:01 GMT","inverseRate":27.940419723853},"bgn":{"code":"BGN","alphaCode":"BGN","numericCode":"975","name":"Bulgarian Lev","rate":0.082695653796304,"date":"Sun, 27 Jun 2021 23:55:01 GMT","inverseRate":12.092533937312},"vnd":{"code":"VND","alphaCode":"VND","numericCode":"704","name":"Vietnamese Dong","rate":1161.9178054766,"date":"Sun, 27 Jun 2021 23:55:01 GMT","inverseRate":0.00086064607607063},"uzs":{"code":"UZS","alphaCode":"UZS","numericCode":"860","name":"Uzbekistan Sum","rate":532.59916296313,"date":"Sun, 27 Jun 2021 23:55:01 GMT","inverseRate":0.0018775846256244},"pab":{"code":"PAB","alphaCode":"PAB","numericCode":"590","name":"Panamanian Balboa","rate":0.050344553838543,"date":"Sun, 27 Jun 2021 23:55:01 GMT","inverseRate":19.863121703433},"ttd":{"code":"TTD","alphaCode":"TTD","numericCode":"780","name":"Trinidad Tobago Dollar","rate":0.34236104314116,"date":"Sun, 27 Jun 2021 23:55:01 GMT","inverseRate":2.9208930748224},"htg":{"code":"HTG","alphaCode":"HTG","numericCode":"332","name":"Haitian gourde","rate":4.7318883630182,"date":"Sun, 27 Jun 2021 23:55:01 GMT","inverseRate":0.21133212013526},"cup":{"code":"CUP","alphaCode":"CUP","numericCode":"192","name":"Cuban peso","rate":0.050344553838543,"date":"Sun, 27 Jun 2021 23:55:01 GMT","inverseRate":19.863121703433}}