{"usd":{"code":"USD","alphaCode":"USD","numericCode":"840","name":"U.S. Dollar","rate":0.24132779474929,"date":"Sun, 27 Jun 2021 23:55:01 GMT","inverseRate":4.1437415074334},"eur":{"code":"EUR","alphaCode":"EUR","numericCode":"978","name":"Euro","rate":0.20202725125849,"date":"Sun, 27 Jun 2021 23:55:01 GMT","inverseRate":4.9498272820656},"gbp":{"code":"GBP","alphaCode":"GBP","numericCode":"826","name":"U.K. Pound Sterling","rate":0.1735345869775,"date":"Sun, 27 Jun 2021 23:55:01 GMT","inverseRate":5.7625400066769},"jpy":{"code":"JPY","alphaCode":"JPY","numericCode":"392","name":"Japanese Yen","rate":26.722912507051,"date":"Sun, 27 Jun 2021 23:55:01 GMT","inverseRate":0.037421070766},"aud":{"code":"AUD","alphaCode":"AUD","numericCode":"036","name":"Australian Dollar","rate":0.31766332754608,"date":"Sun, 27 Jun 2021 23:55:01 GMT","inverseRate":3.1479869197521},"chf":{"code":"CHF","alphaCode":"CHF","numericCode":"756","name":"Swiss Franc","rate":0.22130114321307,"date":"Sun, 27 Jun 2021 23:55:01 GMT","inverseRate":4.5187294809281},"cad":{"code":"CAD","alphaCode":"CAD","numericCode":"124","name":"Canadian Dollar","rate":0.29683181436898,"date":"Sun, 27 Jun 2021 23:55:01 GMT","inverseRate":3.3689111193349},"lkr":{"code":"LKR","alphaCode":"LKR","numericCode":"144","name":"Sri Lanka Rupee","rate":47.952137771365,"date":"Sun, 27 Jun 2021 23:55:01 GMT","inverseRate":0.020854127604654},"pln":{"code":"PLN","alphaCode":"PLN","numericCode":"985","name":"Polish Zloty","rate":0.91120112368874,"date":"Sun, 27 Jun 2021 23:55:01 GMT","inverseRate":1.0974525535611},"pen":{"code":"PEN","alphaCode":"PEN","numericCode":"604","name":"Peruvian Nuevo Sol","rate":0.96053315850324,"date":"Sun, 27 Jun 2021 23:55:01 GMT","inverseRate":1.0410884737787},"iqd":{"code":"IQD","alphaCode":"IQD","numericCode":"368","name":"Iraqi dinar","rate":351.39883827515,"date":"Sun, 27 Jun 2021 23:55:01 GMT","inverseRate":0.0028457692259557},"svc":{"code":"SVC","alphaCode":"SVC","numericCode":"222","name":"Salvadoran colon","rate":2.1063313119055,"date":"Sun, 27 Jun 2021 23:55:01 GMT","inverseRate":0.47475911996739},"cve":{"code":"CVE","alphaCode":"CVE","numericCode":"132","name":"Cape Verde escudo","rate":22.493538083928,"date":"Sun, 27 Jun 2021 23:55:01 GMT","inverseRate":0.044457212390011},"zmw":{"code":"ZMW","alphaCode":"ZMW","numericCode":"967","name":"Zambian kwacha","rate":5.435491004768,"date":"Sun, 27 Jun 2021 23:55:01 GMT","inverseRate":0.18397601966829},"yer":{"code":"YER","alphaCode":"YER","numericCode":"886","name":"Yemeni rial","rate":60.514699906942,"date":"Sun, 27 Jun 2021 23:55:01 GMT","inverseRate":0.016524910501709},"dop":{"code":"DOP","alphaCode":"DOP","numericCode":"214","name":"Dominican Peso","rate":13.70114182756,"date":"Sun, 27 Jun 2021 23:55:01 GMT","inverseRate":0.072986617654633},"nzd":{"code":"NZD","alphaCode":"NZD","numericCode":"554","name":"New Zealand Dollar","rate":0.34095662655987,"date":"Sun, 27 Jun 2021 23:55:01 GMT","inverseRate":2.9329243724917},"hrk":{"code":"HRK","alphaCode":"HRK","numericCode":"191","name":"Croatian Kuna","rate":1.514217087453,"date":"Sun, 27 Jun 2021 23:55:01 GMT","inverseRate":0.66040728788899},"dzd":{"code":"DZD","alphaCode":"DZD","numericCode":"012","name":"Algerian Dinar","rate":32.136376656758,"date":"Sun, 27 Jun 2021 23:55:01 GMT","inverseRate":0.031117384846487},"ars":{"code":"ARS","alphaCode":"ARS","numericCode":"032","name":"Argentine Peso","rate":23.010049984157,"date":"Sun, 27 Jun 2021 23:55:01 GMT","inverseRate":0.043459271087569},"stn":{"code":"STN","alphaCode":"STN","numericCode":"930","name":"S\u00e3o Tom\u00e9 and Pr\u00edncipe Dobra","rate":4.9971930466215,"date":"Sun, 27 Jun 2021 23:55:01 GMT","inverseRate":0.20011234120244},"xpf":{"code":"XPF","alphaCode":"XPF","numericCode":"953","name":"CFP Franc","rate":24.072834933782,"date":"Sun, 27 Jun 2021 23:55:01 GMT","inverseRate":0.041540599715436},"all":{"code":"ALL","alphaCode":"ALL","numericCode":"008","name":"Albanian lek","rate":24.71549126127,"date":"Sun, 27 Jun 2021 23:55:01 GMT","inverseRate":0.0404604541107},"mur":{"code":"MUR","alphaCode":"MUR","numericCode":"480","name":"Mauritian Rupee","rate":9.8805671626803,"date":"Sun, 27 Jun 2021 23:55:01 GMT","inverseRate":0.10120876499652},"sos":{"code":"SOS","alphaCode":"SOS","numericCode":"706","name":"Somali shilling","rate":139.1884327577,"date":"Sun, 27 Jun 2021 23:55:01 GMT","inverseRate":0.007184505064015},"ang":{"code":"ANG","alphaCode":"ANG","numericCode":"532","name":"Neth. Antillean Guilder","rate":0.42917910765998,"date":"Sun, 27 Jun 2021 23:55:01 GMT","inverseRate":2.3300295427993},"pkr":{"code":"PKR","alphaCode":"PKR","numericCode":"586","name":"Pakistani Rupee","rate":37.321142899886,"date":"Sun, 27 Jun 2021 23:55:01 GMT","inverseRate":0.026794463467598},"krw":{"code":"KRW","alphaCode":"KRW","numericCode":"410","name":"South Korean Won","rate":272.02539317082,"date":"Sun, 27 Jun 2021 23:55:01 GMT","inverseRate":0.003676127395107},"azn":{"code":"AZN","alphaCode":"AZN","numericCode":"944","name":"Azerbaijan Manat","rate":0.40907220200913,"date":"Sun, 27 Jun 2021 23:55:01 GMT","inverseRate":2.4445562301437},"pyg":{"code":"PYG","alphaCode":"PYG","numericCode":"600","name":"Paraguayan Guaran\u00ed","rate":1635.8565015508,"date":"Sun, 27 Jun 2021 23:55:01 GMT","inverseRate":0.00061130056276452},"bnd":{"code":"BND","alphaCode":"BND","numericCode":"096","name":"Brunei Dollar","rate":0.32387240201903,"date":"Sun, 27 Jun 2021 23:55:01 GMT","inverseRate":3.0876357286573},"kmf":{"code":"KMF","alphaCode":"KMF","numericCode":"174","name":"\tComoro franc","rate":99.735963695984,"date":"Sun, 27 Jun 2021 23:55:01 GMT","inverseRate":0.010026473530132},"szl":{"code":"SZL","alphaCode":"SZL","numericCode":"748","name":"Swazi lilangeni","rate":3.4209098475371,"date":"Sun, 27 Jun 2021 23:55:01 GMT","inverseRate":0.29231989282616},"wst":{"code":"WST","alphaCode":"WST","numericCode":"882","name":"Samoan tala","rate":0.61168890915135,"date":"Sun, 27 Jun 2021 23:55:01 GMT","inverseRate":1.6348179361097},"egp":{"code":"EGP","alphaCode":"EGP","numericCode":"818","name":"Egyptian Pound","rate":3.7832571443978,"date":"Sun, 27 Jun 2021 23:55:01 GMT","inverseRate":0.26432250355512},"sgd":{"code":"SGD","alphaCode":"SGD","numericCode":"702","name":"Singapore Dollar","rate":0.32382159089453,"date":"Sun, 27 Jun 2021 23:55:01 GMT","inverseRate":3.0881202122365},"zar":{"code":"ZAR","alphaCode":"ZAR","numericCode":"710","name":"South African Rand","rate":3.4021596214885,"date":"Sun, 27 Jun 2021 23:55:01 GMT","inverseRate":0.29393094717951},"kgs":{"code":"KGS","alphaCode":"KGS","numericCode":"417","name":"Kyrgyzstan Som","rate":20.170197087809,"date":"Sun, 27 Jun 2021 23:55:01 GMT","inverseRate":0.049578097608397},"crc":{"code":"CRC","alphaCode":"CRC","numericCode":"188","name":"Costa Rican Col\u00f3n","rate":149.0528835321,"date":"Sun, 27 Jun 2021 23:55:01 GMT","inverseRate":0.0067090282073251},"jmd":{"code":"JMD","alphaCode":"JMD","numericCode":"388","name":"Jamaican Dollar","rate":36.007442387316,"date":"Sun, 27 Jun 2021 23:55:01 GMT","inverseRate":0.027772036381908},"ssp":{"code":"SSP","alphaCode":"SSP","numericCode":"728","name":"South Sudanese pound","rate":42.797533233069,"date":"Sun, 27 Jun 2021 23:55:01 GMT","inverseRate":0.023365832665031},"ern":{"code":"ERN","alphaCode":"ERN","numericCode":"232","name":"Eritrean nakfa","rate":3.627990013537,"date":"Sun, 27 Jun 2021 23:55:01 GMT","inverseRate":0.27563471681806},"bam":{"code":"BAM","alphaCode":"BAM","numericCode":"977","name":"Bosnia and Herzegovina convertible mark","rate":0.39838557414577,"date":"Sun, 27 Jun 2021 23:55:01 GMT","inverseRate":2.5101310511663},"inr":{"code":"INR","alphaCode":"INR","numericCode":"356","name":"Indian Rupee","rate":17.903486473201,"date":"Sun, 27 Jun 2021 23:55:01 GMT","inverseRate":0.055855042619597},"try":{"code":"TRY","alphaCode":"TRY","numericCode":"949","name":"Turkish Lira","rate":2.1022398366785,"date":"Sun, 27 Jun 2021 23:55:01 GMT","inverseRate":0.47568311785964},"twd":{"code":"TWD","alphaCode":"TWD","numericCode":"901","name":"New Taiwan Dollar ","rate":6.7326516748411,"date":"Sun, 27 Jun 2021 23:55:01 GMT","inverseRate":0.14852988811776},"tmt":{"code":"TMT","alphaCode":"TMT","numericCode":"934","name":"New Turkmenistan Manat","rate":0.84246616727697,"date":"Sun, 27 Jun 2021 23:55:01 GMT","inverseRate":1.1869912868219},"mga":{"code":"MGA","alphaCode":"MGA","numericCode":"969","name":"Malagasy ariary","rate":910.98829239912,"date":"Sun, 27 Jun 2021 23:55:01 GMT","inverseRate":0.0010977089479015},"srd":{"code":"SRD","alphaCode":"SRD","numericCode":"968","name":"Surinamese dollar","rate":5.0081819263282,"date":"Sun, 27 Jun 2021 23:55:01 GMT","inverseRate":0.19967325762328},"ghs":{"code":"GHS","alphaCode":"GHS","numericCode":"936","name":"Ghanaian Cedi","rate":1.4028153563276,"date":"Sun, 27 Jun 2021 23:55:01 GMT","inverseRate":0.71285219076721},"mop":{"code":"MOP","alphaCode":"MOP","numericCode":"446","name":"Macanese pataca","rate":1.9259794765309,"date":"Sun, 27 Jun 2021 23:55:01 GMT","inverseRate":0.5192163323574},"lbp":{"code":"LBP","alphaCode":"LBP","numericCode":"422","name":"Lebanese Pound","rate":363.40046835977,"date":"Sun, 27 Jun 2021 23:55:01 GMT","inverseRate":0.0027517851160555},"huf":{"code":"HUF","alphaCode":"HUF","numericCode":"348","name":"Hungarian Forint","rate":71.011828110303,"date":"Sun, 27 Jun 2021 23:55:01 GMT","inverseRate":0.014082161051349},"ngn":{"code":"NGN","alphaCode":"NGN","numericCode":"566","name":"Nigerian Naira","rate":98.926472741581,"date":"Sun, 27 Jun 2021 23:55:01 GMT","inverseRate":0.010108517692855},"irr":{"code":"IRR","alphaCode":"IRR","numericCode":"364","name":"Iranian rial","rate":10110.645978444,"date":"Sun, 27 Jun 2021 23:55:01 GMT","inverseRate":9.8905648771796e-5},"ves":{"code":"VES","alphaCode":"VES","numericCode":"928","name":"Venezuelan Bolivar","rate":765536.38016731,"date":"Sun, 27 Jun 2021 23:55:01 GMT","inverseRate":1.3062736480028e-6},"sbd":{"code":"SBD","alphaCode":"SBD","numericCode":"090","name":"Solomon Islands dollar","rate":1.9620682584517,"date":"Sun, 27 Jun 2021 23:55:01 GMT","inverseRate":0.50966626451066},"mwk":{"code":"MWK","alphaCode":"MWK","numericCode":"454","name":"Malawian kwacha","rate":193.82729625513,"date":"Sun, 27 Jun 2021 23:55:01 GMT","inverseRate":0.005159232055137},"gtq":{"code":"GTQ","alphaCode":"GTQ","numericCode":"320","name":"Guatemalan Quetzal","rate":1.8610588200186,"date":"Sun, 27 Jun 2021 23:55:01 GMT","inverseRate":0.53732852999778},"sek":{"code":"SEK","alphaCode":"SEK","numericCode":"752","name":"Swedish Krona","rate":2.0432003030076,"date":"Sun, 27 Jun 2021 23:55:01 GMT","inverseRate":0.48942827510744},"npr":{"code":"NPR","alphaCode":"NPR","numericCode":"524","name":"Nepalese Rupee","rate":28.61566279815,"date":"Sun, 27 Jun 2021 23:55:01 GMT","inverseRate":0.034945896834676},"isk":{"code":"ISK","alphaCode":"ISK","numericCode":"352","name":"Icelandic Krona","rate":29.69875304206,"date":"Sun, 27 Jun 2021 23:55:01 GMT","inverseRate":0.033671447369651},"gip":{"code":"GIP","alphaCode":"GIP","numericCode":"292","name":"Gibraltar pound","rate":0.17273860812903,"date":"Sun, 27 Jun 2021 23:55:01 GMT","inverseRate":5.7890937690839},"gel":{"code":"GEL","alphaCode":"GEL","numericCode":"981","name":"Georgian lari","rate":0.781670643735,"date":"Sun, 27 Jun 2021 23:55:01 GMT","inverseRate":1.2793111881774},"mkd":{"code":"MKD","alphaCode":"MKD","numericCode":"807","name":"Macedonian denar","rate":12.462561115202,"date":"Sun, 27 Jun 2021 23:55:01 GMT","inverseRate":0.080240328673706},"bif":{"code":"BIF","alphaCode":"BIF","numericCode":"108","name":"Burundian franc","rate":476.20924850972,"date":"Sun, 27 Jun 2021 23:55:01 GMT","inverseRate":0.0020999172173356},"mmk":{"code":"MMK","alphaCode":"MMK","numericCode":"104","name":"Myanma Kyat","rate":396.08186626047,"date":"Sun, 27 Jun 2021 23:55:01 GMT","inverseRate":0.0025247305801735},"mvr":{"code":"MVR","alphaCode":"MVR","numericCode":"462","name":"Maldivian rufiyaa","rate":3.7198378619808,"date":"Sun, 27 Jun 2021 23:55:01 GMT","inverseRate":0.26882892134108},"kes":{"code":"KES","alphaCode":"KES","numericCode":"404","name":"Kenyan shilling","rate":25.926014354805,"date":"Sun, 27 Jun 2021 23:55:01 GMT","inverseRate":0.038571297011361},"aed":{"code":"AED","alphaCode":"AED","numericCode":"784","name":"U.A.E Dirham","rate":0.88470290333209,"date":"Sun, 27 Jun 2021 23:55:01 GMT","inverseRate":1.1303229550097},"php":{"code":"PHP","alphaCode":"PHP","numericCode":"608","name":"Philippine Peso","rate":11.704881634823,"date":"Sun, 27 Jun 2021 23:55:01 GMT","inverseRate":0.085434439338964},"ils":{"code":"ILS","alphaCode":"ILS","numericCode":"376","name":"Israeli New Sheqel","rate":0.78370045322749,"date":"Sun, 27 Jun 2021 23:55:01 GMT","inverseRate":1.2759977308699},"mro":{"code":"MRO","alphaCode":"MRO","numericCode":"478","name":"Mauritanian Ouguiya","rate":8.7384823944873,"date":"Sun, 27 Jun 2021 23:55:01 GMT","inverseRate":0.11443634659387},"cop":{"code":"COP","alphaCode":"COP","numericCode":"170","name":"Colombian Peso","rate":907.36388085751,"date":"Sun, 27 Jun 2021 23:55:01 GMT","inverseRate":0.0011020936815944},"bzd":{"code":"BZD","alphaCode":"BZD","numericCode":"084","name":"Belize dollar","rate":0.48503263358488,"date":"Sun, 27 Jun 2021 23:55:01 GMT","inverseRate":2.0617169459486},"gnf":{"code":"GNF","alphaCode":"GNF","numericCode":"324","name":"Guinean franc","rate":2360.0732963707,"date":"Sun, 27 Jun 2021 23:55:01 GMT","inverseRate":0.00042371565388998},"sll":{"code":"SLL","alphaCode":"SLL","numericCode":"694","name":"Sierra Leonean leone","rate":2468.8029604311,"date":"Sun, 27 Jun 2021 23:55:01 GMT","inverseRate":0.00040505460177566},"ugx":{"code":"UGX","alphaCode":"UGX","numericCode":"800","name":"Ugandan shilling","rate":860.23445930038,"date":"Sun, 27 Jun 2021 23:55:01 GMT","inverseRate":0.0011624737758277},"cny":{"code":"CNY","alphaCode":"CNY","numericCode":"156","name":"Chinese Yuan","rate":1.5579350638922,"date":"Sun, 27 Jun 2021 23:55:01 GMT","inverseRate":0.64187527656106},"sar":{"code":"SAR","alphaCode":"SAR","numericCode":"682","name":"Saudi Riyal","rate":0.904953399859,"date":"Sun, 27 Jun 2021 23:55:01 GMT","inverseRate":1.1050292757128},"kzt":{"code":"KZT","alphaCode":"KZT","numericCode":"398","name":"Kazakhstani Tenge","rate":102.86923618171,"date":"Sun, 27 Jun 2021 23:55:01 GMT","inverseRate":0.0097210792761554},"bob":{"code":"BOB","alphaCode":"BOB","numericCode":"068","name":"Bolivian Boliviano","rate":1.6584932493578,"date":"Sun, 27 Jun 2021 23:55:01 GMT","inverseRate":0.60295693117064},"gyd":{"code":"GYD","alphaCode":"GYD","numericCode":"328","name":"Guyanese dollar","rate":50.255877552772,"date":"Sun, 27 Jun 2021 23:55:01 GMT","inverseRate":0.019898170098611},"rwf":{"code":"RWF","alphaCode":"RWF","numericCode":"646","name":"Rwandan franc","rate":241.96236185899,"date":"Sun, 27 Jun 2021 23:55:01 GMT","inverseRate":0.0041328741888492},"mzn":{"code":"MZN","alphaCode":"MZN","numericCode":"943","name":"Mozambican metical","rate":15.336503239042,"date":"Sun, 27 Jun 2021 23:55:01 GMT","inverseRate":0.065203911505348},"vuv":{"code":"VUV","alphaCode":"VUV","numericCode":"548","name":"Vanuatu vatu","rate":26.436108311059,"date":"Sun, 27 Jun 2021 23:55:01 GMT","inverseRate":0.037827050344686},"idr":{"code":"IDR","alphaCode":"IDR","numericCode":"360","name":"Indonesian Rupiah","rate":3484.954290313,"date":"Sun, 27 Jun 2021 23:55:01 GMT","inverseRate":0.00028694780955368},"tnd":{"code":"TND","alphaCode":"TND","numericCode":"788","name":"Tunisian Dinar","rate":0.65992888188293,"date":"Sun, 27 Jun 2021 23:55:01 GMT","inverseRate":1.5153147974775},"xof":{"code":"XOF","alphaCode":"XOF","numericCode":"952","name":"West African CFA Franc","rate":132.64893252928,"date":"Sun, 27 Jun 2021 23:55:01 GMT","inverseRate":0.0075386961729169},"tjs":{"code":"TJS","alphaCode":"TJS","numericCode":"972","name":"Tajikistan Ruble","rate":2.7287104263493,"date":"Sun, 27 Jun 2021 23:55:01 GMT","inverseRate":0.36647347785374},"afn":{"code":"AFN","alphaCode":"AFN","numericCode":"971","name":"Afghan afghani","rate":19.03284916428,"date":"Sun, 27 Jun 2021 23:55:01 GMT","inverseRate":0.052540741082356},"nad":{"code":"NAD","alphaCode":"NAD","numericCode":"516","name":"Namibian dollar","rate":3.4209098475371,"date":"Sun, 27 Jun 2021 23:55:01 GMT","inverseRate":0.29231989282616},"syp":{"code":"SYP","alphaCode":"SYP","numericCode":"760","name":"Syrian pound","rate":607.32552826606,"date":"Sun, 27 Jun 2021 23:55:01 GMT","inverseRate":0.0016465634218523},"top":{"code":"TOP","alphaCode":"TOP","numericCode":"776","name":"Tongan pa\u02bbanga","rate":0.53308461138692,"date":"Sun, 27 Jun 2021 23:55:01 GMT","inverseRate":1.8758748210688},"kwd":{"code":"KWD","alphaCode":"KWD","numericCode":"414","name":"Kuwaiti Dinar","rate":0.072581824628486,"date":"Sun, 27 Jun 2021 23:55:01 GMT","inverseRate":13.777553886507},"czk":{"code":"CZK","alphaCode":"CZK","numericCode":"203","name":"Czech Koruna","rate":5.1468067340954,"date":"Sun, 27 Jun 2021 23:55:01 GMT","inverseRate":0.19429523035622},"pgk":{"code":"PGK","alphaCode":"PGK","numericCode":"598","name":"Papua New Guinean kina","rate":0.84696517087267,"date":"Sun, 27 Jun 2021 23:55:01 GMT","inverseRate":1.1806860947654},"uah":{"code":"UAH","alphaCode":"UAH","numericCode":"980","name":"Ukrainian Hryvnia","rate":6.6112141205372,"date":"Sun, 27 Jun 2021 23:55:01 GMT","inverseRate":0.1512581474095},"etb":{"code":"ETB","alphaCode":"ETB","numericCode":"230","name":"Ethiopian birr","rate":10.531656559527,"date":"Sun, 27 Jun 2021 23:55:01 GMT","inverseRate":0.094951823993484},"xcd":{"code":"XCD","alphaCode":"XCD","numericCode":"951","name":"East Caribbean Dollar","rate":0.65200994302829,"date":"Sun, 27 Jun 2021 23:55:01 GMT","inverseRate":1.5337189420079},"lak":{"code":"LAK","alphaCode":"LAK","numericCode":"418","name":"Lao kip","rate":2283.178677692,"date":"Sun, 27 Jun 2021 23:55:01 GMT","inverseRate":0.0004379858702127},"bwp":{"code":"BWP","alphaCode":"BWP","numericCode":"072","name":"Botswana Pula","rate":2.6155276841779,"date":"Sun, 27 Jun 2021 23:55:01 GMT","inverseRate":0.38233202655407},"nok":{"code":"NOK","alphaCode":"NOK","numericCode":"578","name":"Norwegian Krone","rate":2.0474554453544,"date":"Sun, 27 Jun 2021 23:55:01 GMT","inverseRate":0.4884111164758},"mad":{"code":"MAD","alphaCode":"MAD","numericCode":"504","name":"Moroccan Dirham","rate":2.1317825749366,"date":"Sun, 27 Jun 2021 23:55:01 GMT","inverseRate":0.46909099068406},"ron":{"code":"RON","alphaCode":"RON","numericCode":"946","name":"Romanian New Leu","rate":0.99495323053528,"date":"Sun, 27 Jun 2021 23:55:01 GMT","inverseRate":1.0050723685394},"byn":{"code":"BYN","alphaCode":"BYN","numericCode":"933","name":"Belarussian Ruble","rate":0.60965109015693,"date":"Sun, 27 Jun 2021 23:55:01 GMT","inverseRate":1.6402824765598},"rsd":{"code":"RSD","alphaCode":"RSD","numericCode":"941","name":"Serbian Dinar","rate":23.293064315921,"date":"Sun, 27 Jun 2021 23:55:01 GMT","inverseRate":0.042931234226511},"gmd":{"code":"GMD","alphaCode":"GMD","numericCode":"270","name":"Gambian dalasi","rate":12.496410046627,"date":"Sun, 27 Jun 2021 23:55:01 GMT","inverseRate":0.080022982302016},"awg":{"code":"AWG","alphaCode":"AWG","numericCode":"533","name":"Aruban florin","rate":0.43554613329466,"date":"Sun, 27 Jun 2021 23:55:01 GMT","inverseRate":2.2959680354308},"aoa":{"code":"AOA","alphaCode":"AOA","numericCode":"973","name":"Angolan kwanza","rate":157.06694696536,"date":"Sun, 27 Jun 2021 23:55:01 GMT","inverseRate":0.0063667118978286},"khr":{"code":"KHR","alphaCode":"KHR","numericCode":"116","name":"Cambodian riel","rate":980.61172486453,"date":"Sun, 27 Jun 2021 23:55:01 GMT","inverseRate":0.0010197716126004},"scr":{"code":"SCR","alphaCode":"SCR","numericCode":"690","name":"Seychelles rupee","rate":3.6064461298461,"date":"Sun, 27 Jun 2021 23:55:01 GMT","inverseRate":0.27728128023991},"bhd":{"code":"BHD","alphaCode":"BHD","numericCode":"048","name":"Bahrain Dinar","rate":0.090818383160919,"date":"Sun, 27 Jun 2021 23:55:01 GMT","inverseRate":11.010986599796},"omr":{"code":"OMR","alphaCode":"OMR","numericCode":"512","name":"Omani Rial","rate":0.092820505113448,"date":"Sun, 27 Jun 2021 23:55:01 GMT","inverseRate":10.773481557526},"rub":{"code":"RUB","alphaCode":"RUB","numericCode":"643","name":"Russian Rouble","rate":17.41575545695,"date":"Sun, 27 Jun 2021 23:55:01 GMT","inverseRate":0.057419272019056},"lyd":{"code":"LYD","alphaCode":"LYD","numericCode":"434","name":"Libyan Dinar","rate":1.0740885352878,"date":"Sun, 27 Jun 2021 23:55:01 GMT","inverseRate":0.93102194758284},"clp":{"code":"CLP","alphaCode":"CLP","numericCode":"152","name":"Chilean Peso","rate":177.09572155003,"date":"Sun, 27 Jun 2021 23:55:01 GMT","inverseRate":0.0056466637999353},"bsd":{"code":"BSD","alphaCode":"BSD","numericCode":"044","name":"Bahamian Dollar","rate":0.24050591171633,"date":"Sun, 27 Jun 2021 23:55:01 GMT","inverseRate":4.1579019528613},"djf":{"code":"DJF","alphaCode":"DJF","numericCode":"262","name":"Djiboutian franc","rate":42.83576867443,"date":"Sun, 27 Jun 2021 23:55:01 GMT","inverseRate":0.023344976195021},"hnl":{"code":"HNL","alphaCode":"HNL","numericCode":"340","name":"Honduran Lempira","rate":5.7657486860703,"date":"Sun, 27 Jun 2021 23:55:01 GMT","inverseRate":0.17343801376844},"tzs":{"code":"TZS","alphaCode":"TZS","numericCode":"834","name":"Tanzanian shilling","rate":557.86178346547,"date":"Sun, 27 Jun 2021 23:55:01 GMT","inverseRate":0.0017925587119231},"bbd":{"code":"BBD","alphaCode":"BBD","numericCode":"052","name":"Barbadian Dollar","rate":0.48294458240225,"date":"Sun, 27 Jun 2021 23:55:01 GMT","inverseRate":2.0706309511245},"bdt":{"code":"BDT","alphaCode":"BDT","numericCode":"050","name":"Bangladeshi taka","rate":20.416058030995,"date":"Sun, 27 Jun 2021 23:55:01 GMT","inverseRate":0.048981051997494},"qar":{"code":"QAR","alphaCode":"QAR","numericCode":"634","name":"Qatari Rial","rate":0.88273400800761,"date":"Sun, 27 Jun 2021 23:55:01 GMT","inverseRate":1.1328440854534},"mxn":{"code":"MXN","alphaCode":"MXN","numericCode":"484","name":"Mexican Peso","rate":4.7771981948165,"date":"Sun, 27 Jun 2021 23:55:01 GMT","inverseRate":0.20932771872121},"amd":{"code":"AMD","alphaCode":"AMD","numericCode":"051","name":"Armenia Dram","rate":124.92834061184,"date":"Sun, 27 Jun 2021 23:55:01 GMT","inverseRate":0.0080045888315054},"uyu":{"code":"UYU","alphaCode":"UYU","numericCode":"858","name":"Uruguayan Peso","rate":10.503345366082,"date":"Sun, 27 Jun 2021 23:55:01 GMT","inverseRate":0.095207761446109},"fjd":{"code":"FJD","alphaCode":"FJD","numericCode":"242","name":"Fiji Dollar","rate":0.49631614949557,"date":"Sun, 27 Jun 2021 23:55:01 GMT","inverseRate":2.0148447738732},"cdf":{"code":"CDF","alphaCode":"CDF","numericCode":"976","name":"Congolese franc","rate":478.46023760457,"date":"Sun, 27 Jun 2021 23:55:01 GMT","inverseRate":0.0020900378368045},"lsl":{"code":"LSL","alphaCode":"LSL","numericCode":"426","name":"Lesotho loti","rate":3.4221949376375,"date":"Sun, 27 Jun 2021 23:55:01 GMT","inverseRate":0.29221012193138},"mnt":{"code":"MNT","alphaCode":"MNT","numericCode":"496","name":"Mongolian togrog","rate":685.98515993908,"date":"Sun, 27 Jun 2021 23:55:01 GMT","inverseRate":0.0014577574828132},"brl":{"code":"BRL","alphaCode":"BRL","numericCode":"986","name":"Brazilian Real","rate":1.2060850079333,"date":"Sun, 27 Jun 2021 23:55:01 GMT","inverseRate":0.82912895311881},"hkd":{"code":"HKD","alphaCode":"HKD","numericCode":"344","name":"Hong Kong Dollar","rate":1.8730918393662,"date":"Sun, 27 Jun 2021 23:55:01 GMT","inverseRate":0.53387665195231},"thb":{"code":"THB","alphaCode":"THB","numericCode":"764","name":"Thai Baht","rate":7.6264275398694,"date":"Sun, 27 Jun 2021 23:55:01 GMT","inverseRate":0.13112299235418},"xaf":{"code":"XAF","alphaCode":"XAF","numericCode":"950","name":"Central African CFA Franc","rate":132.76138970567,"date":"Sun, 27 Jun 2021 23:55:01 GMT","inverseRate":0.0075323104271278},"mdl":{"code":"MDL","alphaCode":"MDL","numericCode":"498","name":"Moldova Lei","rate":4.3417021873614,"date":"Sun, 27 Jun 2021 23:55:01 GMT","inverseRate":0.23032441122078},"nio":{"code":"NIO","alphaCode":"NIO","numericCode":"558","name":"Nicaraguan C\u00f3rdoba","rate":8.4404397104073,"date":"Sun, 27 Jun 2021 23:55:01 GMT","inverseRate":0.11847723984889},"lrd":{"code":"LRD","alphaCode":"LRD","numericCode":"430","name":"Liberian dollar","rate":41.221189701319,"date":"Sun, 27 Jun 2021 23:55:01 GMT","inverseRate":0.024259367748622},"sdg":{"code":"SDG","alphaCode":"SDG","numericCode":"938","name":"Sudanese pound","rate":105.9288712092,"date":"Sun, 27 Jun 2021 23:55:01 GMT","inverseRate":0.0094402969519529},"mru":{"code":"MRU","alphaCode":"MRU","numericCode":"929","name":"Mauritanian ouguiya","rate":8.692636377854,"date":"Sun, 27 Jun 2021 23:55:01 GMT","inverseRate":0.11503989774008},"dkk":{"code":"DKK","alphaCode":"DKK","numericCode":"208","name":"Danish Krone","rate":1.5020415861727,"date":"Sun, 27 Jun 2021 23:55:01 GMT","inverseRate":0.66576052834066},"jod":{"code":"JOD","alphaCode":"JOD","numericCode":"400","name":"Jordanian Dinar","rate":0.1709780397729,"date":"Sun, 27 Jun 2021 23:55:01 GMT","inverseRate":5.8487043209071},"bgn":{"code":"BGN","alphaCode":"BGN","numericCode":"975","name":"Bulgarian Lev","rate":0.39505352803487,"date":"Sun, 27 Jun 2021 23:55:01 GMT","inverseRate":2.5313025426563},"vnd":{"code":"VND","alphaCode":"VND","numericCode":"704","name":"Vietnamese Dong","rate":5550.7116428477,"date":"Sun, 27 Jun 2021 23:55:01 GMT","inverseRate":0.00018015707973022},"uzs":{"code":"UZS","alphaCode":"UZS","numericCode":"860","name":"Uzbekistan Sum","rate":2544.3317598682,"date":"Sun, 27 Jun 2021 23:55:01 GMT","inverseRate":0.00039303050638797},"pab":{"code":"PAB","alphaCode":"PAB","numericCode":"590","name":"Panamanian Balboa","rate":0.24050591171633,"date":"Sun, 27 Jun 2021 23:55:01 GMT","inverseRate":4.1579019528613},"ttd":{"code":"TTD","alphaCode":"TTD","numericCode":"780","name":"Trinidad Tobago Dollar","rate":1.6355265572695,"date":"Sun, 27 Jun 2021 23:55:01 GMT","inverseRate":0.61142388398114},"htg":{"code":"HTG","alphaCode":"HTG","numericCode":"332","name":"Haitian gourde","rate":22.605168545884,"date":"Sun, 27 Jun 2021 23:55:01 GMT","inverseRate":0.044237670600429},"cup":{"code":"CUP","alphaCode":"CUP","numericCode":"192","name":"Cuban peso","rate":0.24050591171633,"date":"Sun, 27 Jun 2021 23:55:01 GMT","inverseRate":4.1579019528613}}