{"usd":{"code":"USD","alphaCode":"USD","numericCode":"840","name":"U.S. Dollar","rate":0.015735516172613,"date":"Sun, 27 Jun 2021 23:55:01 GMT","inverseRate":63.550505050507},"eur":{"code":"EUR","alphaCode":"EUR","numericCode":"978","name":"Euro","rate":0.013172967012727,"date":"Sun, 27 Jun 2021 23:55:01 GMT","inverseRate":75.9130421441},"gbp":{"code":"GBP","alphaCode":"GBP","numericCode":"826","name":"U.K. Pound Sterling","rate":0.011315133852398,"date":"Sun, 27 Jun 2021 23:55:01 GMT","inverseRate":88.377213477512},"jpy":{"code":"JPY","alphaCode":"JPY","numericCode":"392","name":"Japanese Yen","rate":1.7424384222749,"date":"Sun, 27 Jun 2021 23:55:01 GMT","inverseRate":0.5739083730112},"aud":{"code":"AUD","alphaCode":"AUD","numericCode":"036","name":"Australian Dollar","rate":0.020712891497809,"date":"Sun, 27 Jun 2021 23:55:01 GMT","inverseRate":48.279111591242},"chf":{"code":"CHF","alphaCode":"CHF","numericCode":"756","name":"Swiss Franc","rate":0.014429700158097,"date":"Sun, 27 Jun 2021 23:55:01 GMT","inverseRate":69.301509320611},"cad":{"code":"CAD","alphaCode":"CAD","numericCode":"124","name":"Canadian Dollar","rate":0.019354595356087,"date":"Sun, 27 Jun 2021 23:55:01 GMT","inverseRate":51.667316293726},"lkr":{"code":"LKR","alphaCode":"LKR","numericCode":"144","name":"Sri Lanka Rupee","rate":3.1266669477363,"date":"Sun, 27 Jun 2021 23:55:01 GMT","inverseRate":0.31982939555618},"pln":{"code":"PLN","alphaCode":"PLN","numericCode":"985","name":"Polish Zloty","rate":0.059413877432574,"date":"Sun, 27 Jun 2021 23:55:01 GMT","inverseRate":16.831084642386},"pen":{"code":"PEN","alphaCode":"PEN","numericCode":"604","name":"Peruvian Nuevo Sol","rate":0.062630519064998,"date":"Sun, 27 Jun 2021 23:55:01 GMT","inverseRate":15.966656750237},"iqd":{"code":"IQD","alphaCode":"IQD","numericCode":"368","name":"Iraqi dinar","rate":22.912578753975,"date":"Sun, 27 Jun 2021 23:55:01 GMT","inverseRate":0.043644148951437},"svc":{"code":"SVC","alphaCode":"SVC","numericCode":"222","name":"Salvadoran colon","rate":0.13734104046243,"date":"Sun, 27 Jun 2021 23:55:01 GMT","inverseRate":7.2811447811449},"cve":{"code":"CVE","alphaCode":"CVE","numericCode":"132","name":"Cape Verde escudo","rate":1.4666666666666,"date":"Sun, 27 Jun 2021 23:55:01 GMT","inverseRate":0.68181818181821},"zmw":{"code":"ZMW","alphaCode":"ZMW","numericCode":"967","name":"Zambian kwacha","rate":0.354415274463,"date":"Sun, 27 Jun 2021 23:55:01 GMT","inverseRate":2.8215488215488},"yer":{"code":"YER","alphaCode":"YER","numericCode":"886","name":"Yemeni rial","rate":3.9457951375049,"date":"Sun, 27 Jun 2021 23:55:01 GMT","inverseRate":0.25343434343435},"dop":{"code":"DOP","alphaCode":"DOP","numericCode":"214","name":"Dominican Peso","rate":0.89336803924642,"date":"Sun, 27 Jun 2021 23:55:01 GMT","inverseRate":1.119359498067},"nzd":{"code":"NZD","alphaCode":"NZD","numericCode":"554","name":"New Zealand Dollar","rate":0.022231705705372,"date":"Sun, 27 Jun 2021 23:55:01 GMT","inverseRate":44.980804138586},"hrk":{"code":"HRK","alphaCode":"HRK","numericCode":"191","name":"Croatian Kuna","rate":0.09873287697017,"date":"Sun, 27 Jun 2021 23:55:01 GMT","inverseRate":10.128338509797},"dzd":{"code":"DZD","alphaCode":"DZD","numericCode":"012","name":"Algerian Dinar","rate":2.0954174596297,"date":"Sun, 27 Jun 2021 23:55:01 GMT","inverseRate":0.47723187348869},"ars":{"code":"ARS","alphaCode":"ARS","numericCode":"032","name":"Argentine Peso","rate":1.5003452629006,"date":"Sun, 27 Jun 2021 23:55:01 GMT","inverseRate":0.66651325180093},"stn":{"code":"STN","alphaCode":"STN","numericCode":"930","name":"S\u00e3o Tom\u00e9 and Pr\u00edncipe Dobra","rate":0.32583653318705,"date":"Sun, 27 Jun 2021 23:55:01 GMT","inverseRate":3.0690235690237},"xpf":{"code":"XPF","alphaCode":"XPF","numericCode":"953","name":"CFP Franc","rate":1.5696429987052,"date":"Sun, 27 Jun 2021 23:55:01 GMT","inverseRate":0.63708754208755},"all":{"code":"ALL","alphaCode":"ALL","numericCode":"008","name":"Albanian lek","rate":1.611546705011,"date":"Sun, 27 Jun 2021 23:55:01 GMT","inverseRate":0.62052188552188},"mur":{"code":"MUR","alphaCode":"MUR","numericCode":"480","name":"Mauritian Rupee","rate":0.64425162689805,"date":"Sun, 27 Jun 2021 23:55:01 GMT","inverseRate":1.5521885521885},"sos":{"code":"SOS","alphaCode":"SOS","numericCode":"706","name":"Somali shilling","rate":9.075630252101,"date":"Sun, 27 Jun 2021 23:55:01 GMT","inverseRate":0.11018518518518},"ang":{"code":"ANG","alphaCode":"ANG","numericCode":"532","name":"Neth. Antillean Guilder","rate":0.027984156555806,"date":"Sun, 27 Jun 2021 23:55:01 GMT","inverseRate":35.734505630206},"pkr":{"code":"PKR","alphaCode":"PKR","numericCode":"586","name":"Pakistani Rupee","rate":2.4334844989226,"date":"Sun, 27 Jun 2021 23:55:01 GMT","inverseRate":0.41093337575922},"krw":{"code":"KRW","alphaCode":"KRW","numericCode":"410","name":"South Korean Won","rate":17.737119663517,"date":"Sun, 27 Jun 2021 23:55:01 GMT","inverseRate":0.056378939702192},"azn":{"code":"AZN","alphaCode":"AZN","numericCode":"944","name":"Azerbaijan Manat","rate":0.026673107659101,"date":"Sun, 27 Jun 2021 23:55:01 GMT","inverseRate":37.49094454162},"pyg":{"code":"PYG","alphaCode":"PYG","numericCode":"600","name":"Paraguayan Guaran\u00ed","rate":106.66424256257,"date":"Sun, 27 Jun 2021 23:55:01 GMT","inverseRate":0.0093752130608666},"bnd":{"code":"BND","alphaCode":"BND","numericCode":"096","name":"Brunei Dollar","rate":0.021117747440273,"date":"Sun, 27 Jun 2021 23:55:01 GMT","inverseRate":47.353535353535},"kmf":{"code":"KMF","alphaCode":"KMF","numericCode":"174","name":"\tComoro franc","rate":6.5031749507335,"date":"Sun, 27 Jun 2021 23:55:01 GMT","inverseRate":0.15377104377104},"szl":{"code":"SZL","alphaCode":"SZL","numericCode":"748","name":"Swazi lilangeni","rate":0.22305670296658,"date":"Sun, 27 Jun 2021 23:55:01 GMT","inverseRate":4.483164983165},"wst":{"code":"WST","alphaCode":"WST","numericCode":"882","name":"Samoan tala","rate":0.039884509501107,"date":"Sun, 27 Jun 2021 23:55:01 GMT","inverseRate":25.072390572391},"egp":{"code":"EGP","alphaCode":"EGP","numericCode":"818","name":"Egyptian Pound","rate":0.24668316404529,"date":"Sun, 27 Jun 2021 23:55:01 GMT","inverseRate":4.0537829319249},"sgd":{"code":"SGD","alphaCode":"SGD","numericCode":"702","name":"Singapore Dollar","rate":0.021114434356208,"date":"Sun, 27 Jun 2021 23:55:01 GMT","inverseRate":47.360965637518},"zar":{"code":"ZAR","alphaCode":"ZAR","numericCode":"710","name":"South African Rand","rate":0.22183411488661,"date":"Sun, 27 Jun 2021 23:55:01 GMT","inverseRate":4.5078729234733},"kgs":{"code":"KGS","alphaCode":"KGS","numericCode":"417","name":"Kyrgyzstan Som","rate":1.3151757459589,"date":"Sun, 27 Jun 2021 23:55:01 GMT","inverseRate":0.76035465455675},"crc":{"code":"CRC","alphaCode":"CRC","numericCode":"188","name":"Costa Rican Col\u00f3n","rate":9.7188310274439,"date":"Sun, 27 Jun 2021 23:55:01 GMT","inverseRate":0.10289303283247},"jmd":{"code":"JMD","alphaCode":"JMD","numericCode":"388","name":"Jamaican Dollar","rate":2.3478260869565,"date":"Sun, 27 Jun 2021 23:55:01 GMT","inverseRate":0.42592592592593},"ssp":{"code":"SSP","alphaCode":"SSP","numericCode":"728","name":"South Sudanese pound","rate":2.7905665695762,"date":"Sun, 27 Jun 2021 23:55:01 GMT","inverseRate":0.35835016835017},"ern":{"code":"ERN","alphaCode":"ERN","numericCode":"232","name":"Eritrean nakfa","rate":0.23655913978495,"date":"Sun, 27 Jun 2021 23:55:01 GMT","inverseRate":4.2272727272727},"bam":{"code":"BAM","alphaCode":"BAM","numericCode":"977","name":"Bosnia and Herzegovina convertible mark","rate":0.025976297721608,"date":"Sun, 27 Jun 2021 23:55:01 GMT","inverseRate":38.496632996633},"inr":{"code":"INR","alphaCode":"INR","numericCode":"356","name":"Indian Rupee","rate":1.1673773476358,"date":"Sun, 27 Jun 2021 23:55:01 GMT","inverseRate":0.8566210420523},"try":{"code":"TRY","alphaCode":"TRY","numericCode":"949","name":"Turkish Lira","rate":0.1370742602738,"date":"Sun, 27 Jun 2021 23:55:01 GMT","inverseRate":7.2953156778122},"twd":{"code":"TWD","alphaCode":"TWD","numericCode":"901","name":"New Taiwan Dollar ","rate":0.43899522400267,"date":"Sun, 27 Jun 2021 23:55:01 GMT","inverseRate":2.2779291102126},"tmt":{"code":"TMT","alphaCode":"TMT","numericCode":"934","name":"New Turkmenistan Manat","rate":0.054932089417377,"date":"Sun, 27 Jun 2021 23:55:01 GMT","inverseRate":18.204295715059},"mga":{"code":"MGA","alphaCode":"MGA","numericCode":"969","name":"Malagasy ariary","rate":59.4,"date":"Sun, 27 Jun 2021 23:55:01 GMT","inverseRate":0.016835016835017},"srd":{"code":"SRD","alphaCode":"SRD","numericCode":"968","name":"Surinamese dollar","rate":0.32655305112699,"date":"Sun, 27 Jun 2021 23:55:01 GMT","inverseRate":3.0622895622896},"ghs":{"code":"GHS","alphaCode":"GHS","numericCode":"936","name":"Ghanaian Cedi","rate":0.091469048352327,"date":"Sun, 27 Jun 2021 23:55:01 GMT","inverseRate":10.93265993266},"mop":{"code":"MOP","alphaCode":"MOP","numericCode":"446","name":"Macanese pataca","rate":0.12558139534884,"date":"Sun, 27 Jun 2021 23:55:01 GMT","inverseRate":7.9629629629631},"lbp":{"code":"LBP","alphaCode":"LBP","numericCode":"422","name":"Lebanese Pound","rate":23.695131979932,"date":"Sun, 27 Jun 2021 23:55:01 GMT","inverseRate":0.042202761345534},"huf":{"code":"HUF","alphaCode":"HUF","numericCode":"348","name":"Hungarian Forint","rate":4.6302489559372,"date":"Sun, 27 Jun 2021 23:55:01 GMT","inverseRate":0.21597110857673},"ngn":{"code":"NGN","alphaCode":"NGN","numericCode":"566","name":"Nigerian Naira","rate":6.4503929741783,"date":"Sun, 27 Jun 2021 23:55:01 GMT","inverseRate":0.15502931433839},"irr":{"code":"IRR","alphaCode":"IRR","numericCode":"364","name":"Iranian rial","rate":659.25366564039,"date":"Sun, 27 Jun 2021 23:55:01 GMT","inverseRate":0.0015168668027482},"ves":{"code":"VES","alphaCode":"VES","numericCode":"928","name":"Venezuelan Bolivar","rate":49915.966386553,"date":"Sun, 27 Jun 2021 23:55:01 GMT","inverseRate":2.0033670033671e-5},"sbd":{"code":"SBD","alphaCode":"SBD","numericCode":"090","name":"Solomon Islands dollar","rate":0.12793452509153,"date":"Sun, 27 Jun 2021 23:55:01 GMT","inverseRate":7.8164983164984},"mwk":{"code":"MWK","alphaCode":"MWK","numericCode":"454","name":"Malawian kwacha","rate":12.63829787234,"date":"Sun, 27 Jun 2021 23:55:01 GMT","inverseRate":0.07912457912458},"gtq":{"code":"GTQ","alphaCode":"GTQ","numericCode":"320","name":"Guatemalan Quetzal","rate":0.12134831460674,"date":"Sun, 27 Jun 2021 23:55:01 GMT","inverseRate":8.2407407407409},"sek":{"code":"SEK","alphaCode":"SEK","numericCode":"752","name":"Swedish Krona","rate":0.13322465174501,"date":"Sun, 27 Jun 2021 23:55:01 GMT","inverseRate":7.5061183264641},"npr":{"code":"NPR","alphaCode":"NPR","numericCode":"524","name":"Nepalese Rupee","rate":1.8658531447574,"date":"Sun, 27 Jun 2021 23:55:01 GMT","inverseRate":0.53594785999625},"isk":{"code":"ISK","alphaCode":"ISK","numericCode":"352","name":"Icelandic Krona","rate":1.9364748651737,"date":"Sun, 27 Jun 2021 23:55:01 GMT","inverseRate":0.5164022616479},"gip":{"code":"GIP","alphaCode":"GIP","numericCode":"292","name":"Gibraltar pound","rate":0.011263232918002,"date":"Sun, 27 Jun 2021 23:55:01 GMT","inverseRate":88.784455340676},"gel":{"code":"GEL","alphaCode":"GEL","numericCode":"981","name":"Georgian lari","rate":0.050967983480425,"date":"Sun, 27 Jun 2021 23:55:01 GMT","inverseRate":19.620160181226},"mkd":{"code":"MKD","alphaCode":"MKD","numericCode":"807","name":"Macedonian denar","rate":0.81260773208565,"date":"Sun, 27 Jun 2021 23:55:01 GMT","inverseRate":1.2306060606061},"bif":{"code":"BIF","alphaCode":"BIF","numericCode":"108","name":"Burundian franc","rate":31.050705697856,"date":"Sun, 27 Jun 2021 23:55:01 GMT","inverseRate":0.032205387205388},"mmk":{"code":"MMK","alphaCode":"MMK","numericCode":"104","name":"Myanma Kyat","rate":25.826086956521,"date":"Sun, 27 Jun 2021 23:55:01 GMT","inverseRate":0.03872053872054},"mvr":{"code":"MVR","alphaCode":"MVR","numericCode":"462","name":"Maldivian rufiyaa","rate":0.24254797876683,"date":"Sun, 27 Jun 2021 23:55:01 GMT","inverseRate":4.1228956228958},"kes":{"code":"KES","alphaCode":"KES","numericCode":"404","name":"Kenyan shilling","rate":1.6904775456771,"date":"Sun, 27 Jun 2021 23:55:01 GMT","inverseRate":0.59154882154881},"aed":{"code":"AED","alphaCode":"AED","numericCode":"784","name":"U.A.E Dirham","rate":0.057686089817389,"date":"Sun, 27 Jun 2021 23:55:01 GMT","inverseRate":17.335201660671},"php":{"code":"PHP","alphaCode":"PHP","numericCode":"608","name":"Philippine Peso","rate":0.76320406629754,"date":"Sun, 27 Jun 2021 23:55:01 GMT","inverseRate":1.3102655556478},"ils":{"code":"ILS","alphaCode":"ILS","numericCode":"376","name":"Israeli New Sheqel","rate":0.051100334998946,"date":"Sun, 27 Jun 2021 23:55:01 GMT","inverseRate":19.569343332497},"mro":{"code":"MRO","alphaCode":"MRO","numericCode":"478","name":"Mauritanian Ouguiya","rate":0.56978323274119,"date":"Sun, 27 Jun 2021 23:55:01 GMT","inverseRate":1.7550534002011},"cop":{"code":"COP","alphaCode":"COP","numericCode":"170","name":"Colombian Peso","rate":59.163674190582,"date":"Sun, 27 Jun 2021 23:55:01 GMT","inverseRate":0.0169022633175},"bzd":{"code":"BZD","alphaCode":"BZD","numericCode":"084","name":"Belize dollar","rate":0.031626024917474,"date":"Sun, 27 Jun 2021 23:55:01 GMT","inverseRate":31.619528619529},"gnf":{"code":"GNF","alphaCode":"GNF","numericCode":"324","name":"Guinean franc","rate":153.88601036269,"date":"Sun, 27 Jun 2021 23:55:01 GMT","inverseRate":0.0064983164983167},"sll":{"code":"SLL","alphaCode":"SLL","numericCode":"694","name":"Sierra Leonean leone","rate":160.97560975609,"date":"Sun, 27 Jun 2021 23:55:01 GMT","inverseRate":0.0062121212121214},"ugx":{"code":"UGX","alphaCode":"UGX","numericCode":"800","name":"Ugandan shilling","rate":56.090651558072,"date":"Sun, 27 Jun 2021 23:55:01 GMT","inverseRate":0.017828282828283},"cny":{"code":"CNY","alphaCode":"CNY","numericCode":"156","name":"Chinese Yuan","rate":0.10158346003711,"date":"Sun, 27 Jun 2021 23:55:01 GMT","inverseRate":9.8441222580399},"sar":{"code":"SAR","alphaCode":"SAR","numericCode":"682","name":"Saudi Riyal","rate":0.059006501400869,"date":"Sun, 27 Jun 2021 23:55:01 GMT","inverseRate":16.947285066206},"myr":{"code":"MYR","alphaCode":"MYR","numericCode":"458","name":"Malaysian Ringgit","rate":0.065203911505348,"date":"Sun, 27 Jun 2021 23:55:01 GMT","inverseRate":15.336503239042},"kzt":{"code":"KZT","alphaCode":"KZT","numericCode":"398","name":"Kazakhstani Tenge","rate":6.7074765726152,"date":"Sun, 27 Jun 2021 23:55:01 GMT","inverseRate":0.14908736380575},"bob":{"code":"BOB","alphaCode":"BOB","numericCode":"068","name":"Bolivian Boliviano","rate":0.10814024706334,"date":"Sun, 27 Jun 2021 23:55:01 GMT","inverseRate":9.2472509279016},"gyd":{"code":"GYD","alphaCode":"GYD","numericCode":"328","name":"Guyanese dollar","rate":3.2768797925745,"date":"Sun, 27 Jun 2021 23:55:01 GMT","inverseRate":0.30516835016836},"rwf":{"code":"RWF","alphaCode":"RWF","numericCode":"646","name":"Rwandan franc","rate":15.776892430278,"date":"Sun, 27 Jun 2021 23:55:01 GMT","inverseRate":0.063383838383841},"vuv":{"code":"VUV","alphaCode":"VUV","numericCode":"548","name":"Vanuatu vatu","rate":1.7237376668601,"date":"Sun, 27 Jun 2021 23:55:01 GMT","inverseRate":0.5801346801347},"idr":{"code":"IDR","alphaCode":"IDR","numericCode":"360","name":"Indonesian Rupiah","rate":227.23265114575,"date":"Sun, 27 Jun 2021 23:55:01 GMT","inverseRate":0.0044007760106561},"tnd":{"code":"TND","alphaCode":"TND","numericCode":"788","name":"Tunisian Dinar","rate":0.043029944414117,"date":"Sun, 27 Jun 2021 23:55:01 GMT","inverseRate":23.239630299683},"xof":{"code":"XOF","alphaCode":"XOF","numericCode":"952","name":"West African CFA Franc","rate":8.649229257918,"date":"Sun, 27 Jun 2021 23:55:01 GMT","inverseRate":0.1156172382741},"tjs":{"code":"TJS","alphaCode":"TJS","numericCode":"972","name":"Tajikistan Ruble","rate":0.1779225931634,"date":"Sun, 27 Jun 2021 23:55:01 GMT","inverseRate":5.620421680127},"afn":{"code":"AFN","alphaCode":"AFN","numericCode":"971","name":"Afghan afghani","rate":1.2410162126024,"date":"Sun, 27 Jun 2021 23:55:01 GMT","inverseRate":0.80579124579125},"nad":{"code":"NAD","alphaCode":"NAD","numericCode":"516","name":"Namibian dollar","rate":0.22305670296658,"date":"Sun, 27 Jun 2021 23:55:01 GMT","inverseRate":4.483164983165},"syp":{"code":"SYP","alphaCode":"SYP","numericCode":"760","name":"Syrian pound","rate":39.599999999999,"date":"Sun, 27 Jun 2021 23:55:01 GMT","inverseRate":0.025252525252526},"top":{"code":"TOP","alphaCode":"TOP","numericCode":"776","name":"Tongan pa\u02bbanga","rate":0.034759201825736,"date":"Sun, 27 Jun 2021 23:55:01 GMT","inverseRate":28.769360269361},"kwd":{"code":"KWD","alphaCode":"KWD","numericCode":"414","name":"Kuwaiti Dinar","rate":0.0047326188699725,"date":"Sun, 27 Jun 2021 23:55:01 GMT","inverseRate":211.2994998065},"czk":{"code":"CZK","alphaCode":"CZK","numericCode":"203","name":"Czech Koruna","rate":0.33559193082509,"date":"Sun, 27 Jun 2021 23:55:01 GMT","inverseRate":2.9798094296886},"pgk":{"code":"PGK","alphaCode":"PGK","numericCode":"598","name":"Papua New Guinean kina","rate":0.055225442049693,"date":"Sun, 27 Jun 2021 23:55:01 GMT","inverseRate":18.107596116663},"uah":{"code":"UAH","alphaCode":"UAH","numericCode":"980","name":"Ukrainian Hryvnia","rate":0.43107702045841,"date":"Sun, 27 Jun 2021 23:55:01 GMT","inverseRate":2.3197710676774},"etb":{"code":"ETB","alphaCode":"ETB","numericCode":"230","name":"Ethiopian birr","rate":0.68670520231209,"date":"Sun, 27 Jun 2021 23:55:01 GMT","inverseRate":1.4562289562291},"xcd":{"code":"XCD","alphaCode":"XCD","numericCode":"951","name":"East Caribbean Dollar","rate":0.042513598625823,"date":"Sun, 27 Jun 2021 23:55:01 GMT","inverseRate":23.521885521885},"lak":{"code":"LAK","alphaCode":"LAK","numericCode":"418","name":"Lao kip","rate":148.87218045112,"date":"Sun, 27 Jun 2021 23:55:01 GMT","inverseRate":0.0067171717171719},"bwp":{"code":"BWP","alphaCode":"BWP","numericCode":"072","name":"Botswana Pula","rate":0.17054263565892,"date":"Sun, 27 Jun 2021 23:55:01 GMT","inverseRate":5.8636363636362},"nok":{"code":"NOK","alphaCode":"NOK","numericCode":"578","name":"Norwegian Krone","rate":0.13350210367003,"date":"Sun, 27 Jun 2021 23:55:01 GMT","inverseRate":7.4905186698154},"mad":{"code":"MAD","alphaCode":"MAD","numericCode":"504","name":"Moroccan Dirham","rate":0.13900056236481,"date":"Sun, 27 Jun 2021 23:55:01 GMT","inverseRate":7.1942154980316},"ron":{"code":"RON","alphaCode":"RON","numericCode":"946","name":"Romanian New Leu","rate":0.064874842395782,"date":"Sun, 27 Jun 2021 23:55:01 GMT","inverseRate":15.414295635576},"byn":{"code":"BYN","alphaCode":"BYN","numericCode":"933","name":"Belarussian Ruble","rate":0.039751635731731,"date":"Sun, 27 Jun 2021 23:55:01 GMT","inverseRate":25.156197514704},"rsd":{"code":"RSD","alphaCode":"RSD","numericCode":"941","name":"Serbian Dinar","rate":1.5187989043437,"date":"Sun, 27 Jun 2021 23:55:01 GMT","inverseRate":0.65841501277098},"gmd":{"code":"GMD","alphaCode":"GMD","numericCode":"270","name":"Gambian dalasi","rate":0.81481481481483,"date":"Sun, 27 Jun 2021 23:55:01 GMT","inverseRate":1.2272727272727},"awg":{"code":"AWG","alphaCode":"AWG","numericCode":"533","name":"Aruban florin","rate":0.028399311531841,"date":"Sun, 27 Jun 2021 23:55:01 GMT","inverseRate":35.212121212122},"aoa":{"code":"AOA","alphaCode":"AOA","numericCode":"973","name":"Angolan kwanza","rate":10.241379310345,"date":"Sun, 27 Jun 2021 23:55:01 GMT","inverseRate":0.097643097643099},"khr":{"code":"KHR","alphaCode":"KHR","numericCode":"116","name":"Cambodian riel","rate":63.939720129173,"date":"Sun, 27 Jun 2021 23:55:01 GMT","inverseRate":0.01563973063973},"scr":{"code":"SCR","alphaCode":"SCR","numericCode":"690","name":"Seychelles rupee","rate":0.23515439429929,"date":"Sun, 27 Jun 2021 23:55:01 GMT","inverseRate":4.2525252525252},"bhd":{"code":"BHD","alphaCode":"BHD","numericCode":"048","name":"Bahrain Dinar","rate":0.0059217138186833,"date":"Sun, 27 Jun 2021 23:55:01 GMT","inverseRate":168.87003165282},"omr":{"code":"OMR","alphaCode":"OMR","numericCode":"512","name":"Omani Rial","rate":0.0060522600012989,"date":"Sun, 27 Jun 2021 23:55:01 GMT","inverseRate":165.22753480276},"rub":{"code":"RUB","alphaCode":"RUB","numericCode":"643","name":"Russian Rouble","rate":1.1355753776138,"date":"Sun, 27 Jun 2021 23:55:01 GMT","inverseRate":0.88061085130372},"lyd":{"code":"LYD","alphaCode":"LYD","numericCode":"434","name":"Libyan Dinar","rate":0.070034773803811,"date":"Sun, 27 Jun 2021 23:55:01 GMT","inverseRate":14.278621114724},"clp":{"code":"CLP","alphaCode":"CLP","numericCode":"152","name":"Chilean Peso","rate":11.547333755924,"date":"Sun, 27 Jun 2021 23:55:01 GMT","inverseRate":0.086600077657492},"bsd":{"code":"BSD","alphaCode":"BSD","numericCode":"044","name":"Bahamian Dollar","rate":0.015681926184064,"date":"Sun, 27 Jun 2021 23:55:01 GMT","inverseRate":63.767676767678},"djf":{"code":"DJF","alphaCode":"DJF","numericCode":"262","name":"Djiboutian franc","rate":2.7930596699111,"date":"Sun, 27 Jun 2021 23:55:01 GMT","inverseRate":0.35803030303031},"hnl":{"code":"HNL","alphaCode":"HNL","numericCode":"340","name":"Honduran Lempira","rate":0.3759493670886,"date":"Sun, 27 Jun 2021 23:55:01 GMT","inverseRate":2.6599326599327},"tzs":{"code":"TZS","alphaCode":"TZS","numericCode":"834","name":"Tanzanian shilling","rate":36.374770361298,"date":"Sun, 27 Jun 2021 23:55:01 GMT","inverseRate":0.027491582491583},"bbd":{"code":"BBD","alphaCode":"BBD","numericCode":"052","name":"Barbadian Dollar","rate":0.031489875812943,"date":"Sun, 27 Jun 2021 23:55:01 GMT","inverseRate":31.756238288782},"bdt":{"code":"BDT","alphaCode":"BDT","numericCode":"050","name":"Bangladeshi taka","rate":1.331206841141,"date":"Sun, 27 Jun 2021 23:55:01 GMT","inverseRate":0.75119806261127},"qar":{"code":"QAR","alphaCode":"QAR","numericCode":"634","name":"Qatari Rial","rate":0.057557710140889,"date":"Sun, 27 Jun 2021 23:55:01 GMT","inverseRate":17.373866985886},"mxn":{"code":"MXN","alphaCode":"MXN","numericCode":"484","name":"Mexican Peso","rate":0.31149200833832,"date":"Sun, 27 Jun 2021 23:55:01 GMT","inverseRate":3.2103552361891},"amd":{"code":"AMD","alphaCode":"AMD","numericCode":"051","name":"Armenia Dram","rate":8.145816465764,"date":"Sun, 27 Jun 2021 23:55:01 GMT","inverseRate":0.12276240254159},"uyu":{"code":"UYU","alphaCode":"UYU","numericCode":"858","name":"Uruguayan Peso","rate":0.68485920176009,"date":"Sun, 27 Jun 2021 23:55:01 GMT","inverseRate":1.4601541418002},"fjd":{"code":"FJD","alphaCode":"FJD","numericCode":"242","name":"Fiji Dollar","rate":0.032361754290384,"date":"Sun, 27 Jun 2021 23:55:01 GMT","inverseRate":30.900673400674},"cdf":{"code":"CDF","alphaCode":"CDF","numericCode":"976","name":"Congolese franc","rate":31.197478991596,"date":"Sun, 27 Jun 2021 23:55:01 GMT","inverseRate":0.032053872053873},"lsl":{"code":"LSL","alphaCode":"LSL","numericCode":"426","name":"Lesotho loti","rate":0.22314049586776,"date":"Sun, 27 Jun 2021 23:55:01 GMT","inverseRate":4.4814814814816},"mnt":{"code":"MNT","alphaCode":"MNT","numericCode":"496","name":"Mongolian togrog","rate":44.728915662649,"date":"Sun, 27 Jun 2021 23:55:01 GMT","inverseRate":0.022356902356903},"brl":{"code":"BRL","alphaCode":"BRL","numericCode":"986","name":"Brazilian Real","rate":0.078641460125207,"date":"Sun, 27 Jun 2021 23:55:01 GMT","inverseRate":12.715938875091},"hkd":{"code":"HKD","alphaCode":"HKD","numericCode":"344","name":"Hong Kong Dollar","rate":0.12213291453542,"date":"Sun, 27 Jun 2021 23:55:01 GMT","inverseRate":8.1878010019157},"thb":{"code":"THB","alphaCode":"THB","numericCode":"764","name":"Thai Baht","rate":0.49727290641159,"date":"Sun, 27 Jun 2021 23:55:01 GMT","inverseRate":2.0109681969528},"xaf":{"code":"XAF","alphaCode":"XAF","numericCode":"950","name":"Central African CFA Franc","rate":8.6565619056955,"date":"Sun, 27 Jun 2021 23:55:01 GMT","inverseRate":0.11551930326312},"mdl":{"code":"MDL","alphaCode":"MDL","numericCode":"498","name":"Moldova Lei","rate":0.28309596520729,"date":"Sun, 27 Jun 2021 23:55:01 GMT","inverseRate":3.532371078718},"nio":{"code":"NIO","alphaCode":"NIO","numericCode":"558","name":"Nicaraguan C\u00f3rdoba","rate":0.55034968394362,"date":"Sun, 27 Jun 2021 23:55:01 GMT","inverseRate":1.8170265726953},"lrd":{"code":"LRD","alphaCode":"LRD","numericCode":"430","name":"Liberian dollar","rate":2.6877828054299,"date":"Sun, 27 Jun 2021 23:55:01 GMT","inverseRate":0.37205387205386},"sdg":{"code":"SDG","alphaCode":"SDG","numericCode":"938","name":"Sudanese pound","rate":6.9069767441859,"date":"Sun, 27 Jun 2021 23:55:01 GMT","inverseRate":0.14478114478115},"mru":{"code":"MRU","alphaCode":"MRU","numericCode":"929","name":"Mauritanian ouguiya","rate":0.56679389312975,"date":"Sun, 27 Jun 2021 23:55:01 GMT","inverseRate":1.7643097643098},"dkk":{"code":"DKK","alphaCode":"DKK","numericCode":"208","name":"Danish Krone","rate":0.097938986662158,"date":"Sun, 27 Jun 2021 23:55:01 GMT","inverseRate":10.210438499323},"jod":{"code":"JOD","alphaCode":"JOD","numericCode":"400","name":"Jordanian Dinar","rate":0.01114843697471,"date":"Sun, 27 Jun 2021 23:55:01 GMT","inverseRate":89.698672761793},"bgn":{"code":"BGN","alphaCode":"BGN","numericCode":"975","name":"Bulgarian Lev","rate":0.025759035281861,"date":"Sun, 27 Jun 2021 23:55:01 GMT","inverseRate":38.821329644444},"vnd":{"code":"VND","alphaCode":"VND","numericCode":"704","name":"Vietnamese Dong","rate":361.92811075195,"date":"Sun, 27 Jun 2021 23:55:01 GMT","inverseRate":0.002762979636819},"uzs":{"code":"UZS","alphaCode":"UZS","numericCode":"860","name":"Uzbekistan Sum","rate":165.90038291069,"date":"Sun, 27 Jun 2021 23:55:01 GMT","inverseRate":0.0060277136342616},"pab":{"code":"PAB","alphaCode":"PAB","numericCode":"590","name":"Panamanian Balboa","rate":0.015681926184064,"date":"Sun, 27 Jun 2021 23:55:01 GMT","inverseRate":63.767676767678},"ttd":{"code":"TTD","alphaCode":"TTD","numericCode":"780","name":"Trinidad Tobago Dollar","rate":0.10664272890484,"date":"Sun, 27 Jun 2021 23:55:01 GMT","inverseRate":9.3771043771047},"htg":{"code":"HTG","alphaCode":"HTG","numericCode":"332","name":"Haitian gourde","rate":1.4739454094293,"date":"Sun, 27 Jun 2021 23:55:01 GMT","inverseRate":0.67845117845118},"cup":{"code":"CUP","alphaCode":"CUP","numericCode":"192","name":"Cuban peso","rate":0.015681926184064,"date":"Sun, 27 Jun 2021 23:55:01 GMT","inverseRate":63.767676767678}}