{"usd":{"code":"USD","alphaCode":"USD","numericCode":"840","name":"U.S. Dollar","rate":0.070544915097087,"date":"Sun, 27 Jun 2021 23:55:01 GMT","inverseRate":14.175366128427},"eur":{"code":"EUR","alphaCode":"EUR","numericCode":"978","name":"Euro","rate":0.059056584435846,"date":"Sun, 27 Jun 2021 23:55:01 GMT","inverseRate":16.932912892826},"gbp":{"code":"GBP","alphaCode":"GBP","numericCode":"826","name":"U.K. Pound Sterling","rate":0.050727611866895,"date":"Sun, 27 Jun 2021 23:55:01 GMT","inverseRate":19.713129855667},"jpy":{"code":"JPY","alphaCode":"JPY","numericCode":"392","name":"Japanese Yen","rate":7.8116389200642,"date":"Sun, 27 Jun 2021 23:55:01 GMT","inverseRate":0.12801410948879},"aud":{"code":"AUD","alphaCode":"AUD","numericCode":"036","name":"Australian Dollar","rate":0.092859309863072,"date":"Sun, 27 Jun 2021 23:55:01 GMT","inverseRate":10.768979453698},"chf":{"code":"CHF","alphaCode":"CHF","numericCode":"756","name":"Swiss Franc","rate":0.064690726466352,"date":"Sun, 27 Jun 2021 23:55:01 GMT","inverseRate":15.458166179663},"cad":{"code":"CAD","alphaCode":"CAD","numericCode":"124","name":"Canadian Dollar","rate":0.086769844163735,"date":"Sun, 27 Jun 2021 23:55:01 GMT","inverseRate":11.52474122361},"lkr":{"code":"LKR","alphaCode":"LKR","numericCode":"144","name":"Sri Lanka Rupee","rate":14.017363774111,"date":"Sun, 27 Jun 2021 23:55:01 GMT","inverseRate":0.071340090484556},"pln":{"code":"PLN","alphaCode":"PLN","numericCode":"985","name":"Polish Zloty","rate":0.26636221481977,"date":"Sun, 27 Jun 2021 23:55:01 GMT","inverseRate":3.754286247682},"pen":{"code":"PEN","alphaCode":"PEN","numericCode":"604","name":"Peruvian Nuevo Sol","rate":0.28078294994964,"date":"Sun, 27 Jun 2021 23:55:01 GMT","inverseRate":3.561469812107},"iqd":{"code":"IQD","alphaCode":"IQD","numericCode":"368","name":"Iraqi dinar","rate":102.72087074383,"date":"Sun, 27 Jun 2021 23:55:01 GMT","inverseRate":0.0097351199688898},"svc":{"code":"SVC","alphaCode":"SVC","numericCode":"222","name":"Salvadoran colon","rate":0.6157225433526,"date":"Sun, 27 Jun 2021 23:55:01 GMT","inverseRate":1.6241081487045},"cve":{"code":"CVE","alphaCode":"CVE","numericCode":"132","name":"Cape Verde escudo","rate":6.5753086419751,"date":"Sun, 27 Jun 2021 23:55:01 GMT","inverseRate":0.15208411565904},"zmw":{"code":"ZMW","alphaCode":"ZMW","numericCode":"967","name":"Zambian kwacha","rate":1.5889021479714,"date":"Sun, 27 Jun 2021 23:55:01 GMT","inverseRate":0.62936537739392},"yer":{"code":"YER","alphaCode":"YER","numericCode":"886","name":"Yemeni rial","rate":17.689650591205,"date":"Sun, 27 Jun 2021 23:55:01 GMT","inverseRate":0.056530229064966},"dop":{"code":"DOP","alphaCode":"DOP","numericCode":"214","name":"Dominican Peso","rate":4.0051163106283,"date":"Sun, 27 Jun 2021 23:55:01 GMT","inverseRate":0.24968063907316},"nzd":{"code":"NZD","alphaCode":"NZD","numericCode":"554","name":"New Zealand Dollar","rate":0.099668404534351,"date":"Sun, 27 Jun 2021 23:55:01 GMT","inverseRate":10.033269867938},"hrk":{"code":"HRK","alphaCode":"HRK","numericCode":"191","name":"Croatian Kuna","rate":0.4426357767198,"date":"Sun, 27 Jun 2021 23:55:01 GMT","inverseRate":2.2591937945247},"dzd":{"code":"DZD","alphaCode":"DZD","numericCode":"012","name":"Algerian Dinar","rate":9.3941021801246,"date":"Sun, 27 Jun 2021 23:55:01 GMT","inverseRate":0.10644976825095},"ars":{"code":"ARS","alphaCode":"ARS","numericCode":"032","name":"Argentine Peso","rate":6.7262953452935,"date":"Sun, 27 Jun 2021 23:55:01 GMT","inverseRate":0.14867024843025},"stn":{"code":"STN","alphaCode":"STN","numericCode":"930","name":"S\u00e3o Tom\u00e9 and Pr\u00edncipe Dobra","rate":1.46077893582,"date":"Sun, 27 Jun 2021 23:55:01 GMT","inverseRate":0.68456627863314},"xpf":{"code":"XPF","alphaCode":"XPF","numericCode":"953","name":"CFP Franc","rate":7.036968527865,"date":"Sun, 27 Jun 2021 23:55:01 GMT","inverseRate":0.14210664663913},"all":{"code":"ALL","alphaCode":"ALL","numericCode":"008","name":"Albanian lek","rate":7.2248297566403,"date":"Sun, 27 Jun 2021 23:55:01 GMT","inverseRate":0.13841156590311},"mur":{"code":"MUR","alphaCode":"MUR","numericCode":"480","name":"Mauritian Rupee","rate":2.8882863340564,"date":"Sun, 27 Jun 2021 23:55:01 GMT","inverseRate":0.34622606083364},"sos":{"code":"SOS","alphaCode":"SOS","numericCode":"706","name":"Somali shilling","rate":40.687547746372,"date":"Sun, 27 Jun 2021 23:55:01 GMT","inverseRate":0.024577544123169},"ang":{"code":"ANG","alphaCode":"ANG","numericCode":"532","name":"Neth. Antillean Guilder","rate":0.12545759075439,"date":"Sun, 27 Jun 2021 23:55:01 GMT","inverseRate":7.9708210080144},"pkr":{"code":"PKR","alphaCode":"PKR","numericCode":"586","name":"Pakistani Rupee","rate":10.909712492645,"date":"Sun, 27 Jun 2021 23:55:01 GMT","inverseRate":0.091661443935779},"krw":{"code":"KRW","alphaCode":"KRW","numericCode":"410","name":"South Korean Won","rate":79.518433777688,"date":"Sun, 27 Jun 2021 23:55:01 GMT","inverseRate":0.012575700406722},"azn":{"code":"AZN","alphaCode":"AZN","numericCode":"944","name":"Azerbaijan Manat","rate":0.11957994224947,"date":"Sun, 27 Jun 2021 23:55:01 GMT","inverseRate":8.3626064805566},"pyg":{"code":"PYG","alphaCode":"PYG","numericCode":"600","name":"Paraguayan Guaran\u00ed","rate":478.19339721231,"date":"Sun, 27 Jun 2021 23:55:01 GMT","inverseRate":0.0020912041149661},"bnd":{"code":"BND","alphaCode":"BND","numericCode":"096","name":"Brunei Dollar","rate":0.094674345847554,"date":"Sun, 27 Jun 2021 23:55:01 GMT","inverseRate":10.562523469771},"kmf":{"code":"KMF","alphaCode":"KMF","numericCode":"174","name":"\tComoro franc","rate":29.154806218524,"date":"Sun, 27 Jun 2021 23:55:01 GMT","inverseRate":0.034299662035299},"szl":{"code":"SZL","alphaCode":"SZL","numericCode":"748","name":"Swazi lilangeni","rate":1,"date":"Sun, 27 Jun 2021 23:55:01 GMT","inverseRate":1},"wst":{"code":"WST","alphaCode":"WST","numericCode":"882","name":"Samoan tala","rate":0.17880883636607,"date":"Sun, 27 Jun 2021 23:55:01 GMT","inverseRate":5.5925647765679},"egp":{"code":"EGP","alphaCode":"EGP","numericCode":"818","name":"Egyptian Pound","rate":1.1059213229842,"date":"Sun, 27 Jun 2021 23:55:01 GMT","inverseRate":0.90422345533735},"sgd":{"code":"SGD","alphaCode":"SGD","numericCode":"702","name":"Singapore Dollar","rate":0.094659492745088,"date":"Sun, 27 Jun 2021 23:55:01 GMT","inverseRate":10.564180844418},"zar":{"code":"ZAR","alphaCode":"ZAR","numericCode":"710","name":"South African Rand","rate":0.99451893593103,"date":"Sun, 27 Jun 2021 23:55:01 GMT","inverseRate":1.0055112717023},"kgs":{"code":"KGS","alphaCode":"KGS","numericCode":"417","name":"Kyrgyzstan Som","rate":5.8961498509909,"date":"Sun, 27 Jun 2021 23:55:01 GMT","inverseRate":0.16960220233072},"crc":{"code":"CRC","alphaCode":"CRC","numericCode":"188","name":"Costa Rican Col\u00f3n","rate":43.571122939534,"date":"Sun, 27 Jun 2021 23:55:01 GMT","inverseRate":0.022950980661842},"jmd":{"code":"JMD","alphaCode":"JMD","numericCode":"388","name":"Jamaican Dollar","rate":10.525691699605,"date":"Sun, 27 Jun 2021 23:55:01 GMT","inverseRate":0.095005632745026},"ssp":{"code":"SSP","alphaCode":"SSP","numericCode":"728","name":"South Sudanese pound","rate":12.510570327915,"date":"Sun, 27 Jun 2021 23:55:01 GMT","inverseRate":0.079932407059708},"ern":{"code":"ERN","alphaCode":"ERN","numericCode":"232","name":"Eritrean nakfa","rate":1.0605336519315,"date":"Sun, 27 Jun 2021 23:55:01 GMT","inverseRate":0.94292151708598},"bam":{"code":"BAM","alphaCode":"BAM","numericCode":"977","name":"Bosnia and Herzegovina convertible mark","rate":0.11645602833778,"date":"Sun, 27 Jun 2021 23:55:01 GMT","inverseRate":8.5869320315433},"inr":{"code":"INR","alphaCode":"INR","numericCode":"356","name":"Indian Rupee","rate":5.2335452470607,"date":"Sun, 27 Jun 2021 23:55:01 GMT","inverseRate":0.19107506533198},"try":{"code":"TRY","alphaCode":"TRY","numericCode":"949","name":"Turkish Lira","rate":0.61452652375276,"date":"Sun, 27 Jun 2021 23:55:01 GMT","inverseRate":1.6272690621932},"twd":{"code":"TWD","alphaCode":"TWD","numericCode":"901","name":"New Taiwan Dollar ","rate":1.9680880160254,"date":"Sun, 27 Jun 2021 23:55:01 GMT","inverseRate":0.50810735691563},"tmt":{"code":"TMT","alphaCode":"TMT","numericCode":"934","name":"New Turkmenistan Manat","rate":0.24626961972807,"date":"Sun, 27 Jun 2021 23:55:01 GMT","inverseRate":4.0605901820297},"mga":{"code":"MGA","alphaCode":"MGA","numericCode":"969","name":"Malagasy ariary","rate":266.3,"date":"Sun, 27 Jun 2021 23:55:01 GMT","inverseRate":0.0037551633496057},"srd":{"code":"SRD","alphaCode":"SRD","numericCode":"968","name":"Surinamese dollar","rate":1.4639912039582,"date":"Sun, 27 Jun 2021 23:55:01 GMT","inverseRate":0.68306421329329},"ghs":{"code":"GHS","alphaCode":"GHS","numericCode":"936","name":"Ghanaian Cedi","rate":0.41007083461658,"date":"Sun, 27 Jun 2021 23:55:01 GMT","inverseRate":2.4386030792339},"mop":{"code":"MOP","alphaCode":"MOP","numericCode":"446","name":"Macanese pataca","rate":0.5630021141649,"date":"Sun, 27 Jun 2021 23:55:01 GMT","inverseRate":1.7761922643635},"lbp":{"code":"LBP","alphaCode":"LBP","numericCode":"422","name":"Lebanese Pound","rate":106.2291859639,"date":"Sun, 27 Jun 2021 23:55:01 GMT","inverseRate":0.0094136088018202},"huf":{"code":"HUF","alphaCode":"HUF","numericCode":"348","name":"Hungarian Forint","rate":20.758169982594,"date":"Sun, 27 Jun 2021 23:55:01 GMT","inverseRate":0.048173803415162},"ngn":{"code":"NGN","alphaCode":"NGN","numericCode":"566","name":"Nigerian Naira","rate":28.918175909489,"date":"Sun, 27 Jun 2021 23:55:01 GMT","inverseRate":0.03458032771949},"irr":{"code":"IRR","alphaCode":"IRR","numericCode":"364","name":"Iranian rial","rate":2955.5429488222,"date":"Sun, 27 Jun 2021 23:55:01 GMT","inverseRate":0.00033834730786048},"ves":{"code":"VES","alphaCode":"VES","numericCode":"928","name":"Venezuelan Bolivar","rate":223781.51260504,"date":"Sun, 27 Jun 2021 23:55:01 GMT","inverseRate":4.4686443860309e-6},"sbd":{"code":"SBD","alphaCode":"SBD","numericCode":"090","name":"Solomon Islands dollar","rate":0.57355158302821,"date":"Sun, 27 Jun 2021 23:55:01 GMT","inverseRate":1.7435223432219},"mwk":{"code":"MWK","alphaCode":"MWK","numericCode":"454","name":"Malawian kwacha","rate":56.659574468084,"date":"Sun, 27 Jun 2021 23:55:01 GMT","inverseRate":0.017649267743147},"gtq":{"code":"GTQ","alphaCode":"GTQ","numericCode":"320","name":"Guatemalan Quetzal","rate":0.54402451481102,"date":"Sun, 27 Jun 2021 23:55:01 GMT","inverseRate":1.838152459632},"sek":{"code":"SEK","alphaCode":"SEK","numericCode":"752","name":"Swedish Krona","rate":0.59726809359757,"date":"Sun, 27 Jun 2021 23:55:01 GMT","inverseRate":1.6742900059781},"npr":{"code":"NPR","alphaCode":"NPR","numericCode":"524","name":"Nepalese Rupee","rate":8.3649274823047,"date":"Sun, 27 Jun 2021 23:55:01 GMT","inverseRate":0.11954676261276},"isk":{"code":"ISK","alphaCode":"ISK","numericCode":"352","name":"Icelandic Krona","rate":8.6815363063258,"date":"Sun, 27 Jun 2021 23:55:01 GMT","inverseRate":0.11518698588766},"gip":{"code":"GIP","alphaCode":"GIP","numericCode":"292","name":"Gibraltar pound","rate":0.050494931415219,"date":"Sun, 27 Jun 2021 23:55:01 GMT","inverseRate":19.803967882975},"gel":{"code":"GEL","alphaCode":"GEL","numericCode":"981","name":"Georgian lari","rate":0.22849787880197,"date":"Sun, 27 Jun 2021 23:55:01 GMT","inverseRate":4.3764082417003},"mkd":{"code":"MKD","alphaCode":"MKD","numericCode":"807","name":"Macedonian denar","rate":3.6430545295355,"date":"Sun, 27 Jun 2021 23:55:01 GMT","inverseRate":0.27449493052949},"bif":{"code":"BIF","alphaCode":"BIF","numericCode":"108","name":"Burundian franc","rate":139.20543648719,"date":"Sun, 27 Jun 2021 23:55:01 GMT","inverseRate":0.0071836274877959},"mmk":{"code":"MMK","alphaCode":"MMK","numericCode":"104","name":"Myanma Kyat","rate":115.78260869565,"date":"Sun, 27 Jun 2021 23:55:01 GMT","inverseRate":0.0086368757040935},"mvr":{"code":"MVR","alphaCode":"MVR","numericCode":"462","name":"Maldivian rufiyaa","rate":1.0873826051449,"date":"Sun, 27 Jun 2021 23:55:01 GMT","inverseRate":0.91963950431847},"kes":{"code":"KES","alphaCode":"KES","numericCode":"404","name":"Kenyan shilling","rate":7.5786897376062,"date":"Sun, 27 Jun 2021 23:55:01 GMT","inverseRate":0.13194892977844},"aed":{"code":"AED","alphaCode":"AED","numericCode":"784","name":"U.A.E Dirham","rate":0.25861625788503,"date":"Sun, 27 Jun 2021 23:55:01 GMT","inverseRate":3.8667329276899},"php":{"code":"PHP","alphaCode":"PHP","numericCode":"608","name":"Philippine Peso","rate":3.4215697450342,"date":"Sun, 27 Jun 2021 23:55:01 GMT","inverseRate":0.29226351485347},"ils":{"code":"ILS","alphaCode":"ILS","numericCode":"376","name":"Israeli New Sheqel","rate":0.22909123249527,"date":"Sun, 27 Jun 2021 23:55:01 GMT","inverseRate":4.3650732029679},"mro":{"code":"MRO","alphaCode":"MRO","numericCode":"478","name":"Mauritanian Ouguiya","rate":2.5544322370198,"date":"Sun, 27 Jun 2021 23:55:01 GMT","inverseRate":0.39147642497914},"cop":{"code":"COP","alphaCode":"COP","numericCode":"170","name":"Colombian Peso","rate":265.2405124066,"date":"Sun, 27 Jun 2021 23:55:01 GMT","inverseRate":0.0037701631282745},"bzd":{"code":"BZD","alphaCode":"BZD","numericCode":"084","name":"Belize dollar","rate":0.14178468746672,"date":"Sun, 27 Jun 2021 23:55:01 GMT","inverseRate":7.0529478032294},"gnf":{"code":"GNF","alphaCode":"GNF","numericCode":"324","name":"Guinean franc","rate":689.89637305698,"date":"Sun, 27 Jun 2021 23:55:01 GMT","inverseRate":0.0014494930529478},"sll":{"code":"SLL","alphaCode":"SLL","numericCode":"694","name":"Sierra Leonean leone","rate":721.68021680215,"date":"Sun, 27 Jun 2021 23:55:01 GMT","inverseRate":0.0013856552760045},"ugx":{"code":"UGX","alphaCode":"UGX","numericCode":"800","name":"Ugandan shilling","rate":251.46364494806,"date":"Sun, 27 Jun 2021 23:55:01 GMT","inverseRate":0.0039767179872325},"cny":{"code":"CNY","alphaCode":"CNY","numericCode":"156","name":"Chinese Yuan","rate":0.4554154109071,"date":"Sun, 27 Jun 2021 23:55:01 GMT","inverseRate":2.1957974544783},"sar":{"code":"SAR","alphaCode":"SAR","numericCode":"682","name":"Saudi Riyal","rate":0.26453588085945,"date":"Sun, 27 Jun 2021 23:55:01 GMT","inverseRate":3.7802055311026},"myr":{"code":"MYR","alphaCode":"MYR","numericCode":"458","name":"Malaysian Ringgit","rate":0.29231989282616,"date":"Sun, 27 Jun 2021 23:55:01 GMT","inverseRate":3.4209098475371},"kzt":{"code":"KZT","alphaCode":"KZT","numericCode":"398","name":"Kazakhstani Tenge","rate":30.070724095748,"date":"Sun, 27 Jun 2021 23:55:01 GMT","inverseRate":0.033254935824488},"bob":{"code":"BOB","alphaCode":"BOB","numericCode":"068","name":"Bolivian Boliviano","rate":0.48481056890519,"date":"Sun, 27 Jun 2021 23:55:01 GMT","inverseRate":2.0626613034824},"gyd":{"code":"GYD","alphaCode":"GYD","numericCode":"328","name":"Guyanese dollar","rate":14.690792740111,"date":"Sun, 27 Jun 2021 23:55:01 GMT","inverseRate":0.068069846038305},"rwf":{"code":"RWF","alphaCode":"RWF","numericCode":"646","name":"Rwandan franc","rate":70.730411686584,"date":"Sun, 27 Jun 2021 23:55:01 GMT","inverseRate":0.014138190011266},"mzn":{"code":"MZN","alphaCode":"MZN","numericCode":"943","name":"Mozambican metical","rate":4.483164983165,"date":"Sun, 27 Jun 2021 23:55:01 GMT","inverseRate":0.22305670296658},"vuv":{"code":"VUV","alphaCode":"VUV","numericCode":"548","name":"Vanuatu vatu","rate":7.7278003482296,"date":"Sun, 27 Jun 2021 23:55:01 GMT","inverseRate":0.12940292902742},"idr":{"code":"IDR","alphaCode":"IDR","numericCode":"360","name":"Indonesian Rupiah","rate":1018.7214646484,"date":"Sun, 27 Jun 2021 23:55:01 GMT","inverseRate":0.00098162258743137},"tnd":{"code":"TND","alphaCode":"TND","numericCode":"788","name":"Tunisian Dinar","rate":0.19291034002491,"date":"Sun, 27 Jun 2021 23:55:01 GMT","inverseRate":5.1837553128095},"xof":{"code":"XOF","alphaCode":"XOF","numericCode":"952","name":"West African CFA Franc","rate":38.775921740464,"date":"Sun, 27 Jun 2021 23:55:01 GMT","inverseRate":0.025789199975522},"tjs":{"code":"TJS","alphaCode":"TJS","numericCode":"972","name":"Tajikistan Ruble","rate":0.79765633938407,"date":"Sun, 27 Jun 2021 23:55:01 GMT","inverseRate":1.253672729251},"afn":{"code":"AFN","alphaCode":"AFN","numericCode":"971","name":"Afghan afghani","rate":5.563680427879,"date":"Sun, 27 Jun 2021 23:55:01 GMT","inverseRate":0.17973713856553},"syp":{"code":"SYP","alphaCode":"SYP","numericCode":"760","name":"Syrian pound","rate":177.53333333333,"date":"Sun, 27 Jun 2021 23:55:01 GMT","inverseRate":0.0056327450244087},"top":{"code":"TOP","alphaCode":"TOP","numericCode":"776","name":"Tongan pa\u02bbanga","rate":0.1558312364679,"date":"Sun, 27 Jun 2021 23:55:01 GMT","inverseRate":6.4171986481412},"kwd":{"code":"KWD","alphaCode":"KWD","numericCode":"414","name":"Kuwaiti Dinar","rate":0.021217111196526,"date":"Sun, 27 Jun 2021 23:55:01 GMT","inverseRate":47.131769765326},"czk":{"code":"CZK","alphaCode":"CZK","numericCode":"203","name":"Czech Koruna","rate":1.5045139929078,"date":"Sun, 27 Jun 2021 23:55:01 GMT","inverseRate":0.66466646685506},"pgk":{"code":"PGK","alphaCode":"PGK","numericCode":"598","name":"Papua New Guinean kina","rate":0.24758476797699,"date":"Sun, 27 Jun 2021 23:55:01 GMT","inverseRate":4.0390206884332},"uah":{"code":"UAH","alphaCode":"UAH","numericCode":"980","name":"Ukrainian Hryvnia","rate":1.9325894031663,"date":"Sun, 27 Jun 2021 23:55:01 GMT","inverseRate":0.51744048599338},"etb":{"code":"ETB","alphaCode":"ETB","numericCode":"230","name":"Ethiopian birr","rate":3.0786127167628,"date":"Sun, 27 Jun 2021 23:55:01 GMT","inverseRate":0.32482162974092},"xcd":{"code":"XCD","alphaCode":"XCD","numericCode":"951","name":"East Caribbean Dollar","rate":0.19059547666762,"date":"Sun, 27 Jun 2021 23:55:01 GMT","inverseRate":5.2467142320691},"lak":{"code":"LAK","alphaCode":"LAK","numericCode":"418","name":"Lao kip","rate":667.4185463659,"date":"Sun, 27 Jun 2021 23:55:01 GMT","inverseRate":0.0014983101764927},"bwp":{"code":"BWP","alphaCode":"BWP","numericCode":"072","name":"Botswana Pula","rate":0.76457077232274,"date":"Sun, 27 Jun 2021 23:55:01 GMT","inverseRate":1.3079233946676},"nok":{"code":"NOK","alphaCode":"NOK","numericCode":"578","name":"Norwegian Krone","rate":0.59851195635234,"date":"Sun, 27 Jun 2021 23:55:01 GMT","inverseRate":1.6708103979986},"mad":{"code":"MAD","alphaCode":"MAD","numericCode":"504","name":"Moroccan Dirham","rate":0.62316245383414,"date":"Sun, 27 Jun 2021 23:55:01 GMT","inverseRate":1.604717989422},"ron":{"code":"RON","alphaCode":"RON","numericCode":"946","name":"Romanian New Leu","rate":0.29084462171712,"date":"Sun, 27 Jun 2021 23:55:01 GMT","inverseRate":3.4382619630238},"byn":{"code":"BYN","alphaCode":"BYN","numericCode":"933","name":"Belarussian Ruble","rate":0.17821314133603,"date":"Sun, 27 Jun 2021 23:55:01 GMT","inverseRate":5.6112584768059},"rsd":{"code":"RSD","alphaCode":"RSD","numericCode":"941","name":"Serbian Dinar","rate":6.809026064423,"date":"Sun, 27 Jun 2021 23:55:01 GMT","inverseRate":0.14686388193239},"gmd":{"code":"GMD","alphaCode":"GMD","numericCode":"270","name":"Gambian dalasi","rate":3.6529492455419,"date":"Sun, 27 Jun 2021 23:55:01 GMT","inverseRate":0.27375140818625},"awg":{"code":"AWG","alphaCode":"AWG","numericCode":"533","name":"Aruban florin","rate":0.12731879900554,"date":"Sun, 27 Jun 2021 23:55:01 GMT","inverseRate":7.8542996620354},"aoa":{"code":"AOA","alphaCode":"AOA","numericCode":"973","name":"Angolan kwanza","rate":45.913793103448,"date":"Sun, 27 Jun 2021 23:55:01 GMT","inverseRate":0.021779947427713},"khr":{"code":"KHR","alphaCode":"KHR","numericCode":"116","name":"Cambodian riel","rate":286.65231431648,"date":"Sun, 27 Jun 2021 23:55:01 GMT","inverseRate":0.0034885467517836},"scr":{"code":"SCR","alphaCode":"SCR","numericCode":"690","name":"Seychelles rupee","rate":1.05423594616,"date":"Sun, 27 Jun 2021 23:55:01 GMT","inverseRate":0.94855426211039},"bhd":{"code":"BHD","alphaCode":"BHD","numericCode":"048","name":"Bahrain Dinar","rate":0.026548020032245,"date":"Sun, 27 Jun 2021 23:55:01 GMT","inverseRate":37.66759249034},"omr":{"code":"OMR","alphaCode":"OMR","numericCode":"512","name":"Omani Rial","rate":0.027133280106834,"date":"Sun, 27 Jun 2021 23:55:01 GMT","inverseRate":36.8551091524},"rub":{"code":"RUB","alphaCode":"RUB","numericCode":"643","name":"Russian Rouble","rate":5.0909717686624,"date":"Sun, 27 Jun 2021 23:55:01 GMT","inverseRate":0.1964261530884},"lyd":{"code":"LYD","alphaCode":"LYD","numericCode":"434","name":"Libyan Dinar","rate":0.31397744552113,"date":"Sun, 27 Jun 2021 23:55:01 GMT","inverseRate":3.1849421487593},"clp":{"code":"CLP","alphaCode":"CLP","numericCode":"152","name":"Chilean Peso","rate":51.768602343478,"date":"Sun, 27 Jun 2021 23:55:01 GMT","inverseRate":0.01931672779893},"bsd":{"code":"BSD","alphaCode":"BSD","numericCode":"044","name":"Bahamian Dollar","rate":0.070304662336976,"date":"Sun, 27 Jun 2021 23:55:01 GMT","inverseRate":14.223807735637},"djf":{"code":"DJF","alphaCode":"DJF","numericCode":"262","name":"Djiboutian franc","rate":12.521747308036,"date":"Sun, 27 Jun 2021 23:55:01 GMT","inverseRate":0.079861058956067},"hnl":{"code":"HNL","alphaCode":"HNL","numericCode":"340","name":"Honduran Lempira","rate":1.6854430379747,"date":"Sun, 27 Jun 2021 23:55:01 GMT","inverseRate":0.59331580923771},"tzs":{"code":"TZS","alphaCode":"TZS","numericCode":"834","name":"Tanzanian shilling","rate":163.07409675444,"date":"Sun, 27 Jun 2021 23:55:01 GMT","inverseRate":0.0061321817499062},"bbd":{"code":"BBD","alphaCode":"BBD","numericCode":"052","name":"Barbadian Dollar","rate":0.1411743085688,"date":"Sun, 27 Jun 2021 23:55:01 GMT","inverseRate":7.0834418113168},"bdt":{"code":"BDT","alphaCode":"BDT","numericCode":"050","name":"Bangladeshi taka","rate":5.9680198955531,"date":"Sun, 27 Jun 2021 23:55:01 GMT","inverseRate":0.16755976312095},"qar":{"code":"QAR","alphaCode":"QAR","numericCode":"634","name":"Qatari Rial","rate":0.2580407106148,"date":"Sun, 27 Jun 2021 23:55:01 GMT","inverseRate":3.8753574876517},"mxn":{"code":"MXN","alphaCode":"MXN","numericCode":"484","name":"Mexican Peso","rate":1.3964700643181,"date":"Sun, 27 Jun 2021 23:55:01 GMT","inverseRate":0.71609125433584},"amd":{"code":"AMD","alphaCode":"AMD","numericCode":"051","name":"Armenia Dram","rate":36.519039138602,"date":"Sun, 27 Jun 2021 23:55:01 GMT","inverseRate":0.027382976759182},"uyu":{"code":"UYU","alphaCode":"UYU","numericCode":"858","name":"Uruguayan Peso","rate":3.0703367917292,"date":"Sun, 27 Jun 2021 23:55:01 GMT","inverseRate":0.32569716869295},"fjd":{"code":"FJD","alphaCode":"FJD","numericCode":"242","name":"Fiji Dollar","rate":0.14508308362844,"date":"Sun, 27 Jun 2021 23:55:01 GMT","inverseRate":6.8926023282013},"cdf":{"code":"CDF","alphaCode":"CDF","numericCode":"976","name":"Congolese franc","rate":139.86344537815,"date":"Sun, 27 Jun 2021 23:55:01 GMT","inverseRate":0.0071498310176494},"lsl":{"code":"LSL","alphaCode":"LSL","numericCode":"426","name":"Lesotho loti","rate":1.0003756574004,"date":"Sun, 27 Jun 2021 23:55:01 GMT","inverseRate":0.99962448366506},"mnt":{"code":"MNT","alphaCode":"MNT","numericCode":"496","name":"Mongolian togrog","rate":200.52710843373,"date":"Sun, 27 Jun 2021 23:55:01 GMT","inverseRate":0.0049868569282765},"brl":{"code":"BRL","alphaCode":"BRL","numericCode":"986","name":"Brazilian Real","rate":0.35256264025829,"date":"Sun, 27 Jun 2021 23:55:01 GMT","inverseRate":2.8363754006022},"hkd":{"code":"HKD","alphaCode":"HKD","numericCode":"344","name":"Hong Kong Dollar","rate":0.54754200573708,"date":"Sun, 27 Jun 2021 23:55:01 GMT","inverseRate":1.8263438960338},"thb":{"code":"THB","alphaCode":"THB","numericCode":"764","name":"Thai Baht","rate":2.2293564811011,"date":"Sun, 27 Jun 2021 23:55:01 GMT","inverseRate":0.44855993578294},"xaf":{"code":"XAF","alphaCode":"XAF","numericCode":"950","name":"Central African CFA Franc","rate":38.808795210214,"date":"Sun, 27 Jun 2021 23:55:01 GMT","inverseRate":0.025767354914868},"mdl":{"code":"MDL","alphaCode":"MDL","numericCode":"498","name":"Moldova Lei","rate":1.2691659180926,"date":"Sun, 27 Jun 2021 23:55:01 GMT","inverseRate":0.78791904647334},"nio":{"code":"NIO","alphaCode":"NIO","numericCode":"558","name":"Nicaraguan C\u00f3rdoba","rate":2.467308431552,"date":"Sun, 27 Jun 2021 23:55:01 GMT","inverseRate":0.40529995650807},"lrd":{"code":"LRD","alphaCode":"LRD","numericCode":"430","name":"Liberian dollar","rate":12.049773755656,"date":"Sun, 27 Jun 2021 23:55:01 GMT","inverseRate":0.082989110026284},"sdg":{"code":"SDG","alphaCode":"SDG","numericCode":"938","name":"Sudanese pound","rate":30.965116279069,"date":"Sun, 27 Jun 2021 23:55:01 GMT","inverseRate":0.03229440480661},"mru":{"code":"MRU","alphaCode":"MRU","numericCode":"929","name":"Mauritanian ouguiya","rate":2.5410305343511,"date":"Sun, 27 Jun 2021 23:55:01 GMT","inverseRate":0.39354111903869},"dkk":{"code":"DKK","alphaCode":"DKK","numericCode":"208","name":"Danish Krone","rate":0.43907663549045,"date":"Sun, 27 Jun 2021 23:55:01 GMT","inverseRate":2.2775067475021},"jod":{"code":"JOD","alphaCode":"JOD","numericCode":"400","name":"Jordanian Dinar","rate":0.049980282262043,"date":"Sun, 27 Jun 2021 23:55:01 GMT","inverseRate":20.007890206724},"bgn":{"code":"BGN","alphaCode":"BGN","numericCode":"975","name":"Bulgarian Lev","rate":0.11548200497575,"date":"Sun, 27 Jun 2021 23:55:01 GMT","inverseRate":8.6593577952685},"vnd":{"code":"VND","alphaCode":"VND","numericCode":"704","name":"Vietnamese Dong","rate":1622.5834325462,"date":"Sun, 27 Jun 2021 23:55:01 GMT","inverseRate":0.00061630112815264},"uzs":{"code":"UZS","alphaCode":"UZS","numericCode":"860","name":"Uzbekistan Sum","rate":743.75878735888,"date":"Sun, 27 Jun 2021 23:55:01 GMT","inverseRate":0.0013445219296851},"pab":{"code":"PAB","alphaCode":"PAB","numericCode":"590","name":"Panamanian Balboa","rate":0.070304662336976,"date":"Sun, 27 Jun 2021 23:55:01 GMT","inverseRate":14.223807735637},"ttd":{"code":"TTD","alphaCode":"TTD","numericCode":"780","name":"Trinidad Tobago Dollar","rate":0.47809694793535,"date":"Sun, 27 Jun 2021 23:55:01 GMT","inverseRate":2.0916259857305},"htg":{"code":"HTG","alphaCode":"HTG","numericCode":"332","name":"Haitian gourde","rate":6.6079404466501,"date":"Sun, 27 Jun 2021 23:55:01 GMT","inverseRate":0.15133308298911},"cup":{"code":"CUP","alphaCode":"CUP","numericCode":"192","name":"Cuban peso","rate":0.070304662336976,"date":"Sun, 27 Jun 2021 23:55:01 GMT","inverseRate":14.223807735637}}