{"usd":{"code":"USD","alphaCode":"USD","numericCode":"840","name":"U.S. Dollar","rate":0.0024394662830008,"date":"Sun, 27 Jun 2021 23:55:01 GMT","inverseRate":409.92573128327},"eur":{"code":"EUR","alphaCode":"EUR","numericCode":"978","name":"Euro","rate":0.0020421960437853,"date":"Sun, 27 Jun 2021 23:55:01 GMT","inverseRate":489.6689536948},"gbp":{"code":"GBP","alphaCode":"GBP","numericCode":"826","name":"U.K. Pound Sterling","rate":0.0017541774427843,"date":"Sun, 27 Jun 2021 23:55:01 GMT","inverseRate":570.0677568928},"jpy":{"code":"JPY","alphaCode":"JPY","numericCode":"392","name":"Japanese Yen","rate":0.27012903388214,"date":"Sun, 27 Jun 2021 23:55:01 GMT","inverseRate":3.7019345370935},"aud":{"code":"AUD","alphaCode":"AUD","numericCode":"036","name":"Australian Dollar","rate":0.0032111053668707,"date":"Sun, 27 Jun 2021 23:55:01 GMT","inverseRate":311.41924220772},"chf":{"code":"CHF","alphaCode":"CHF","numericCode":"756","name":"Swiss Franc","rate":0.0022370265216183,"date":"Sun, 27 Jun 2021 23:55:01 GMT","inverseRate":447.02196882162},"cad":{"code":"CAD","alphaCode":"CAD","numericCode":"124","name":"Canadian Dollar","rate":0.003000529647351,"date":"Sun, 27 Jun 2021 23:55:01 GMT","inverseRate":333.27449401569},"lkr":{"code":"LKR","alphaCode":"LKR","numericCode":"144","name":"Sri Lanka Rupee","rate":0.48472503307206,"date":"Sun, 27 Jun 2021 23:55:01 GMT","inverseRate":2.0630252860313},"pln":{"code":"PLN","alphaCode":"PLN","numericCode":"985","name":"Polish Zloty","rate":0.0092108926805569,"date":"Sun, 27 Jun 2021 23:55:01 GMT","inverseRate":108.56711012505},"pen":{"code":"PEN","alphaCode":"PEN","numericCode":"604","name":"Peruvian Nuevo Sol","rate":0.0097095664273038,"date":"Sun, 27 Jun 2021 23:55:01 GMT","inverseRate":102.99121052285},"iqd":{"code":"IQD","alphaCode":"IQD","numericCode":"368","name":"Iraqi dinar","rate":3.552121373953,"date":"Sun, 27 Jun 2021 23:55:01 GMT","inverseRate":0.28152191176034},"svc":{"code":"SVC","alphaCode":"SVC","numericCode":"222","name":"Salvadoran colon","rate":0.021291887333411,"date":"Sun, 27 Jun 2021 23:55:01 GMT","inverseRate":46.966245140271},"cve":{"code":"CVE","alphaCode":"CVE","numericCode":"132","name":"Cape Verde escudo","rate":0.22737632769629,"date":"Sun, 27 Jun 2021 23:55:01 GMT","inverseRate":4.3979952096671},"zmw":{"code":"ZMW","alphaCode":"ZMW","numericCode":"967","name":"Zambian kwacha","rate":0.054944756991051,"date":"Sun, 27 Jun 2021 23:55:01 GMT","inverseRate":18.20009869482},"yer":{"code":"YER","alphaCode":"YER","numericCode":"886","name":"Yemeni rial","rate":0.61171391468712,"date":"Sun, 27 Jun 2021 23:55:01 GMT","inverseRate":1.6347511083044},"dop":{"code":"DOP","alphaCode":"DOP","numericCode":"214","name":"Dominican Peso","rate":0.1384982345762,"date":"Sun, 27 Jun 2021 23:55:01 GMT","inverseRate":7.2203086419113},"nzd":{"code":"NZD","alphaCode":"NZD","numericCode":"554","name":"New Zealand Dollar","rate":0.0034465660920765,"date":"Sun, 27 Jun 2021 23:55:01 GMT","inverseRate":290.14386298842},"hrk":{"code":"HRK","alphaCode":"HRK","numericCode":"191","name":"Croatian Kuna","rate":0.015306490219342,"date":"Sun, 27 Jun 2021 23:55:01 GMT","inverseRate":65.331763563692},"dzd":{"code":"DZD","alphaCode":"DZD","numericCode":"012","name":"Algerian Dinar","rate":0.32485113201908,"date":"Sun, 27 Jun 2021 23:55:01 GMT","inverseRate":3.0783331238053},"ars":{"code":"ARS","alphaCode":"ARS","numericCode":"032","name":"Argentine Peso","rate":0.23259749737833,"date":"Sun, 27 Jun 2021 23:55:01 GMT","inverseRate":4.2992723966134},"stn":{"code":"STN","alphaCode":"STN","numericCode":"930","name":"S\u00e3o Tom\u00e9 and Pr\u00edncipe Dobra","rate":0.050514214326384,"date":"Sun, 27 Jun 2021 23:55:01 GMT","inverseRate":19.796408067218},"xpf":{"code":"XPF","alphaCode":"XPF","numericCode":"953","name":"CFP Franc","rate":0.24334067784531,"date":"Sun, 27 Jun 2021 23:55:01 GMT","inverseRate":4.109465005418},"all":{"code":"ALL","alphaCode":"ALL","numericCode":"008","name":"Albanian lek","rate":0.24983698070214,"date":"Sun, 27 Jun 2021 23:55:01 GMT","inverseRate":4.0026100106942},"mur":{"code":"MUR","alphaCode":"MUR","numericCode":"480","name":"Mauritian Rupee","rate":0.099877887979395,"date":"Sun, 27 Jun 2021 23:55:01 GMT","inverseRate":10.012226131637},"sos":{"code":"SOS","alphaCode":"SOS","numericCode":"706","name":"Somali shilling","rate":1.4069887351719,"date":"Sun, 27 Jun 2021 23:55:01 GMT","inverseRate":0.71073774437703},"ang":{"code":"ANG","alphaCode":"ANG","numericCode":"532","name":"Neth. Antillean Guilder","rate":0.0043383646031846,"date":"Sun, 27 Jun 2021 23:55:01 GMT","inverseRate":230.50160405281},"pkr":{"code":"PKR","alphaCode":"PKR","numericCode":"586","name":"Pakistani Rupee","rate":0.37726143332106,"date":"Sun, 27 Jun 2021 23:55:01 GMT","inverseRate":2.6506817598527},"krw":{"code":"KRW","alphaCode":"KRW","numericCode":"410","name":"South Korean Won","rate":2.749773499773,"date":"Sun, 27 Jun 2021 23:55:01 GMT","inverseRate":0.36366631654664},"azn":{"code":"AZN","alphaCode":"AZN","numericCode":"944","name":"Azerbaijan Manat","rate":0.0041351135916644,"date":"Sun, 27 Jun 2021 23:55:01 GMT","inverseRate":241.83132526657},"pyg":{"code":"PYG","alphaCode":"PYG","numericCode":"600","name":"Paraguayan Guaran\u00ed","rate":16.536084388898,"date":"Sun, 27 Jun 2021 23:55:01 GMT","inverseRate":0.060473808459238},"bnd":{"code":"BND","alphaCode":"BND","numericCode":"096","name":"Brunei Dollar","rate":0.0032738699060367,"date":"Sun, 27 Jun 2021 23:55:01 GMT","inverseRate":305.44891174695},"kmf":{"code":"KMF","alphaCode":"KMF","numericCode":"174","name":"\tComoro franc","rate":1.0081827536348,"date":"Sun, 27 Jun 2021 23:55:01 GMT","inverseRate":0.9918836603728},"szl":{"code":"SZL","alphaCode":"SZL","numericCode":"748","name":"Swazi lilangeni","rate":0.03458032771949,"date":"Sun, 27 Jun 2021 23:55:01 GMT","inverseRate":28.918175909489},"wst":{"code":"WST","alphaCode":"WST","numericCode":"882","name":"Samoan tala","rate":0.0061832681606795,"date":"Sun, 27 Jun 2021 23:55:01 GMT","inverseRate":161.726771994},"egp":{"code":"EGP","alphaCode":"EGP","numericCode":"818","name":"Egyptian Pound","rate":0.038243121780764,"date":"Sun, 27 Jun 2021 23:55:01 GMT","inverseRate":26.148492942932},"sgd":{"code":"SGD","alphaCode":"SGD","numericCode":"702","name":"Singapore Dollar","rate":0.0032733562808858,"date":"Sun, 27 Jun 2021 23:55:01 GMT","inverseRate":305.49683999854},"zar":{"code":"ZAR","alphaCode":"ZAR","numericCode":"710","name":"South African Rand","rate":0.034390790727733,"date":"Sun, 27 Jun 2021 23:55:01 GMT","inverseRate":29.077551834061},"kgs":{"code":"KGS","alphaCode":"KGS","numericCode":"417","name":"Kyrgyzstan Som","rate":0.20389079413049,"date":"Sun, 27 Jun 2021 23:55:01 GMT","inverseRate":4.9045863216366},"crc":{"code":"CRC","alphaCode":"CRC","numericCode":"188","name":"Costa Rican Col\u00f3n","rate":1.5067037103553,"date":"Sun, 27 Jun 2021 23:55:01 GMT","inverseRate":0.66370049607445},"jmd":{"code":"JMD","alphaCode":"JMD","numericCode":"388","name":"Jamaican Dollar","rate":0.36398186844664,"date":"Sun, 27 Jun 2021 23:55:01 GMT","inverseRate":2.747389600113},"ssp":{"code":"SSP","alphaCode":"SSP","numericCode":"728","name":"South Sudanese pound","rate":0.43261962189703,"date":"Sun, 27 Jun 2021 23:55:01 GMT","inverseRate":2.3114994082215},"ern":{"code":"ERN","alphaCode":"ERN","numericCode":"232","name":"Eritrean nakfa","rate":0.036673601241339,"date":"Sun, 27 Jun 2021 23:55:01 GMT","inverseRate":27.267570299935},"bam":{"code":"BAM","alphaCode":"BAM","numericCode":"977","name":"Bosnia and Herzegovina convertible mark","rate":0.0040270876248306,"date":"Sun, 27 Jun 2021 23:55:01 GMT","inverseRate":248.318411011},"inr":{"code":"INR","alphaCode":"INR","numericCode":"356","name":"Indian Rupee","rate":0.18097770977814,"date":"Sun, 27 Jun 2021 23:55:01 GMT","inverseRate":5.5255423511874},"try":{"code":"TRY","alphaCode":"TRY","numericCode":"949","name":"Turkish Lira","rate":0.021250528583689,"date":"Sun, 27 Jun 2021 23:55:01 GMT","inverseRate":47.057652992573},"twd":{"code":"TWD","alphaCode":"TWD","numericCode":"901","name":"New Taiwan Dollar ","rate":0.06805712857496,"date":"Sun, 27 Jun 2021 23:55:01 GMT","inverseRate":14.693537928192},"tmt":{"code":"TMT","alphaCode":"TMT","numericCode":"934","name":"New Turkmenistan Manat","rate":0.0085160841575508,"date":"Sun, 27 Jun 2021 23:55:01 GMT","inverseRate":117.42486118028},"mga":{"code":"MGA","alphaCode":"MGA","numericCode":"969","name":"Malagasy ariary","rate":9.2087412717001,"date":"Sun, 27 Jun 2021 23:55:01 GMT","inverseRate":0.10859247431277},"srd":{"code":"SRD","alphaCode":"SRD","numericCode":"968","name":"Surinamese dollar","rate":0.050625295611325,"date":"Sun, 27 Jun 2021 23:55:01 GMT","inverseRate":19.752971077492},"ghs":{"code":"GHS","alphaCode":"GHS","numericCode":"936","name":"Ghanaian Cedi","rate":0.014180383849246,"date":"Sun, 27 Jun 2021 23:55:01 GMT","inverseRate":70.519952818709},"mop":{"code":"MOP","alphaCode":"MOP","numericCode":"446","name":"Macanese pataca","rate":0.019468797614588,"date":"Sun, 27 Jun 2021 23:55:01 GMT","inverseRate":51.364240349939},"lbp":{"code":"LBP","alphaCode":"LBP","numericCode":"422","name":"Lebanese Pound","rate":3.6734400640064,"date":"Sun, 27 Jun 2021 23:55:01 GMT","inverseRate":0.27222439527415},"huf":{"code":"HUF","alphaCode":"HUF","numericCode":"348","name":"Hungarian Forint","rate":0.71782432085497,"date":"Sun, 27 Jun 2021 23:55:01 GMT","inverseRate":1.3930985213888},"irr":{"code":"IRR","alphaCode":"IRR","numericCode":"364","name":"Iranian rial","rate":102.2036437593,"date":"Sun, 27 Jun 2021 23:55:01 GMT","inverseRate":0.0097843869672115},"ves":{"code":"VES","alphaCode":"VES","numericCode":"928","name":"Venezuelan Bolivar","rate":7738.4380434453,"date":"Sun, 27 Jun 2021 23:55:01 GMT","inverseRate":0.00012922504443219},"sbd":{"code":"SBD","alphaCode":"SBD","numericCode":"090","name":"Solomon Islands dollar","rate":0.019833601705148,"date":"Sun, 27 Jun 2021 23:55:01 GMT","inverseRate":50.419485823417},"mwk":{"code":"MWK","alphaCode":"MWK","numericCode":"454","name":"Malawian kwacha","rate":1.9593066535532,"date":"Sun, 27 Jun 2021 23:55:01 GMT","inverseRate":0.51038462927},"gtq":{"code":"GTQ","alphaCode":"GTQ","numericCode":"320","name":"Guatemalan Quetzal","rate":0.018812546009602,"date":"Sun, 27 Jun 2021 23:55:01 GMT","inverseRate":53.1560161761},"sek":{"code":"SEK","alphaCode":"SEK","numericCode":"752","name":"Swedish Krona","rate":0.020653726412999,"date":"Sun, 27 Jun 2021 23:55:01 GMT","inverseRate":48.417412916375},"npr":{"code":"NPR","alphaCode":"NPR","numericCode":"524","name":"Nepalese Rupee","rate":0.28926193368786,"date":"Sun, 27 Jun 2021 23:55:01 GMT","inverseRate":3.4570743106457},"isk":{"code":"ISK","alphaCode":"ISK","numericCode":"352","name":"Icelandic Krona","rate":0.3002103705814,"date":"Sun, 27 Jun 2021 23:55:01 GMT","inverseRate":3.3309975203834},"gip":{"code":"GIP","alphaCode":"GIP","numericCode":"292","name":"Gibraltar pound","rate":0.0017461312765114,"date":"Sun, 27 Jun 2021 23:55:01 GMT","inverseRate":572.69462694574},"gel":{"code":"GEL","alphaCode":"GEL","numericCode":"981","name":"Georgian lari","rate":0.0079015315321805,"date":"Sun, 27 Jun 2021 23:55:01 GMT","inverseRate":126.55774338523},"mkd":{"code":"MKD","alphaCode":"MKD","numericCode":"807","name":"Macedonian denar","rate":0.12597801953131,"date":"Sun, 27 Jun 2021 23:55:01 GMT","inverseRate":7.937892687315},"bif":{"code":"BIF","alphaCode":"BIF","numericCode":"108","name":"Burundian franc","rate":4.8137696140616,"date":"Sun, 27 Jun 2021 23:55:01 GMT","inverseRate":0.20773740336033},"mmk":{"code":"MMK","alphaCode":"MMK","numericCode":"104","name":"Myanma Kyat","rate":4.0038005529129,"date":"Sun, 27 Jun 2021 23:55:01 GMT","inverseRate":0.24976269091937},"mvr":{"code":"MVR","alphaCode":"MVR","numericCode":"462","name":"Maldivian rufiyaa","rate":0.037602046842384,"date":"Sun, 27 Jun 2021 23:55:01 GMT","inverseRate":26.594296959197},"kes":{"code":"KES","alphaCode":"KES","numericCode":"404","name":"Kenyan shilling","rate":0.26207357481076,"date":"Sun, 27 Jun 2021 23:55:01 GMT","inverseRate":3.8157223624019},"aed":{"code":"AED","alphaCode":"AED","numericCode":"784","name":"U.A.E Dirham","rate":0.0089430349512524,"date":"Sun, 27 Jun 2021 23:55:01 GMT","inverseRate":111.81886299795},"php":{"code":"PHP","alphaCode":"PHP","numericCode":"608","name":"Philippine Peso","rate":0.11831900309838,"date":"Sun, 27 Jun 2021 23:55:01 GMT","inverseRate":8.4517277344583},"ils":{"code":"ILS","alphaCode":"ILS","numericCode":"376","name":"Israeli New Sheqel","rate":0.0079220498973484,"date":"Sun, 27 Jun 2021 23:55:01 GMT","inverseRate":126.22995474122},"mro":{"code":"MRO","alphaCode":"MRO","numericCode":"478","name":"Mauritanian Ouguiya","rate":0.088333103893375,"date":"Sun, 27 Jun 2021 23:55:01 GMT","inverseRate":11.320784121965},"cop":{"code":"COP","alphaCode":"COP","numericCode":"170","name":"Colombian Peso","rate":9.1721038435055,"date":"Sun, 27 Jun 2021 23:55:01 GMT","inverseRate":0.10902624055091},"bzd":{"code":"BZD","alphaCode":"BZD","numericCode":"084","name":"Belize dollar","rate":0.0049029609582047,"date":"Sun, 27 Jun 2021 23:55:01 GMT","inverseRate":203.95838525424},"gnf":{"code":"GNF","alphaCode":"GNF","numericCode":"324","name":"Guinean franc","rate":23.856842672798,"date":"Sun, 27 Jun 2021 23:55:01 GMT","inverseRate":0.041916695084729},"sll":{"code":"SLL","alphaCode":"SLL","numericCode":"694","name":"Sierra Leonean leone","rate":24.955938405691,"date":"Sun, 27 Jun 2021 23:55:01 GMT","inverseRate":0.040070623021412},"ugx":{"code":"UGX","alphaCode":"UGX","numericCode":"800","name":"Ugandan shilling","rate":8.6956952518413,"date":"Sun, 27 Jun 2021 23:55:01 GMT","inverseRate":0.11499943029722},"cny":{"code":"CNY","alphaCode":"CNY","numericCode":"156","name":"Chinese Yuan","rate":0.015748414157674,"date":"Sun, 27 Jun 2021 23:55:01 GMT","inverseRate":63.498457050212},"sar":{"code":"SAR","alphaCode":"SAR","numericCode":"682","name":"Saudi Riyal","rate":0.0091477374536838,"date":"Sun, 27 Jun 2021 23:55:01 GMT","inverseRate":109.31664852245},"myr":{"code":"MYR","alphaCode":"MYR","numericCode":"458","name":"Malaysian Ringgit","rate":0.010108517692855,"date":"Sun, 27 Jun 2021 23:55:01 GMT","inverseRate":98.926472741581},"kzt":{"code":"KZT","alphaCode":"KZT","numericCode":"398","name":"Kazakhstani Tenge","rate":1.0398554939933,"date":"Sun, 27 Jun 2021 23:55:01 GMT","inverseRate":0.96167208403134},"bob":{"code":"BOB","alphaCode":"BOB","numericCode":"068","name":"Bolivian Boliviano","rate":0.016764908354614,"date":"Sun, 27 Jun 2021 23:55:01 GMT","inverseRate":59.6484024158},"gyd":{"code":"GYD","alphaCode":"GYD","numericCode":"328","name":"Guyanese dollar","rate":0.50801242741214,"date":"Sun, 27 Jun 2021 23:55:01 GMT","inverseRate":1.9684557818676},"rwf":{"code":"RWF","alphaCode":"RWF","numericCode":"646","name":"Rwandan franc","rate":2.4458808158565,"date":"Sun, 27 Jun 2021 23:55:01 GMT","inverseRate":0.40885066578758},"mzn":{"code":"MZN","alphaCode":"MZN","numericCode":"943","name":"Mozambican metical","rate":0.15502931433839,"date":"Sun, 27 Jun 2021 23:55:01 GMT","inverseRate":6.4503929741783},"vuv":{"code":"VUV","alphaCode":"VUV","numericCode":"548","name":"Vanuatu vatu","rate":0.26722986859257,"date":"Sun, 27 Jun 2021 23:55:01 GMT","inverseRate":3.742096664818},"idr":{"code":"IDR","alphaCode":"IDR","numericCode":"360","name":"Indonesian Rupiah","rate":35.227722102419,"date":"Sun, 27 Jun 2021 23:55:01 GMT","inverseRate":0.028386734660068},"tnd":{"code":"TND","alphaCode":"TND","numericCode":"788","name":"Tunisian Dinar","rate":0.0066709027785395,"date":"Sun, 27 Jun 2021 23:55:01 GMT","inverseRate":149.90474800758},"xof":{"code":"XOF","alphaCode":"XOF","numericCode":"952","name":"West African CFA Franc","rate":1.3408840814105,"date":"Sun, 27 Jun 2021 23:55:01 GMT","inverseRate":0.74577662145713},"tjs":{"code":"TJS","alphaCode":"TJS","numericCode":"972","name":"Tajikistan Ruble","rate":0.02758321762343,"date":"Sun, 27 Jun 2021 23:55:01 GMT","inverseRate":36.253928517411},"afn":{"code":"AFN","alphaCode":"AFN","numericCode":"971","name":"Afghan afghani","rate":0.19239389252257,"date":"Sun, 27 Jun 2021 23:55:01 GMT","inverseRate":5.1976701905062},"nad":{"code":"NAD","alphaCode":"NAD","numericCode":"516","name":"Namibian dollar","rate":0.03458032771949,"date":"Sun, 27 Jun 2021 23:55:01 GMT","inverseRate":28.918175909489},"syp":{"code":"SYP","alphaCode":"SYP","numericCode":"760","name":"Syrian pound","rate":6.1391608477999,"date":"Sun, 27 Jun 2021 23:55:01 GMT","inverseRate":0.16288871146915},"top":{"code":"TOP","alphaCode":"TOP","numericCode":"776","name":"Tongan pa\u02bbanga","rate":0.0053886952259934,"date":"Sun, 27 Jun 2021 23:55:01 GMT","inverseRate":185.57367935309},"kwd":{"code":"KWD","alphaCode":"KWD","numericCode":"414","name":"Kuwaiti Dinar","rate":0.00073369465843674,"date":"Sun, 27 Jun 2021 23:55:01 GMT","inverseRate":1362.9648089992},"czk":{"code":"CZK","alphaCode":"CZK","numericCode":"203","name":"Czech Koruna","rate":0.052026586933308,"date":"Sun, 27 Jun 2021 23:55:01 GMT","inverseRate":19.220941809654},"pgk":{"code":"PGK","alphaCode":"PGK","numericCode":"598","name":"Papua New Guinean kina","rate":0.0085615624149982,"date":"Sun, 27 Jun 2021 23:55:01 GMT","inverseRate":116.80111077018},"uah":{"code":"UAH","alphaCode":"UAH","numericCode":"980","name":"Ukrainian Hryvnia","rate":0.066829574908703,"date":"Sun, 27 Jun 2021 23:55:01 GMT","inverseRate":14.963434996648},"etb":{"code":"ETB","alphaCode":"ETB","numericCode":"230","name":"Ethiopian birr","rate":0.10645943666705,"date":"Sun, 27 Jun 2021 23:55:01 GMT","inverseRate":9.3932490280548},"xcd":{"code":"XCD","alphaCode":"XCD","numericCode":"951","name":"East Caribbean Dollar","rate":0.0065908540450187,"date":"Sun, 27 Jun 2021 23:55:01 GMT","inverseRate":151.7254051098},"lak":{"code":"LAK","alphaCode":"LAK","numericCode":"418","name":"Lao kip","rate":23.079552059398,"date":"Sun, 27 Jun 2021 23:55:01 GMT","inverseRate":0.043328397250794},"bwp":{"code":"BWP","alphaCode":"BWP","numericCode":"072","name":"Botswana Pula","rate":0.026439107871664,"date":"Sun, 27 Jun 2021 23:55:01 GMT","inverseRate":37.822758803135},"nok":{"code":"NOK","alphaCode":"NOK","numericCode":"578","name":"Norwegian Krone","rate":0.020696739594697,"date":"Sun, 27 Jun 2021 23:55:01 GMT","inverseRate":48.316789000728},"mad":{"code":"MAD","alphaCode":"MAD","numericCode":"504","name":"Moroccan Dirham","rate":0.021549161876066,"date":"Sun, 27 Jun 2021 23:55:01 GMT","inverseRate":46.405517103228},"ron":{"code":"RON","alphaCode":"RON","numericCode":"946","name":"Romanian New Leu","rate":0.010057502334429,"date":"Sun, 27 Jun 2021 23:55:01 GMT","inverseRate":99.428264269627},"byn":{"code":"BYN","alphaCode":"BYN","numericCode":"933","name":"Belarussian Ruble","rate":0.0061626688313196,"date":"Sun, 27 Jun 2021 23:55:01 GMT","inverseRate":162.26735970589},"rsd":{"code":"RSD","alphaCode":"RSD","numericCode":"941","name":"Serbian Dinar","rate":0.23545835275829,"date":"Sun, 27 Jun 2021 23:55:01 GMT","inverseRate":4.2470355724714},"gmd":{"code":"GMD","alphaCode":"GMD","numericCode":"270","name":"Gambian dalasi","rate":0.1263201820535,"date":"Sun, 27 Jun 2021 23:55:01 GMT","inverseRate":7.9163913774004},"awg":{"code":"AWG","alphaCode":"AWG","numericCode":"533","name":"Aruban florin","rate":0.0044027257944636,"date":"Sun, 27 Jun 2021 23:55:01 GMT","inverseRate":227.13201927258},"aoa":{"code":"AOA","alphaCode":"AOA","numericCode":"973","name":"Angolan kwanza","rate":1.5877140123621,"date":"Sun, 27 Jun 2021 23:55:01 GMT","inverseRate":0.62983635101404},"khr":{"code":"KHR","alphaCode":"KHR","numericCode":"116","name":"Cambodian riel","rate":9.912530970614,"date":"Sun, 27 Jun 2021 23:55:01 GMT","inverseRate":0.10088240863656},"scr":{"code":"SCR","alphaCode":"SCR","numericCode":"690","name":"Seychelles rupee","rate":0.036455824511878,"date":"Sun, 27 Jun 2021 23:55:01 GMT","inverseRate":27.430459011404},"bhd":{"code":"BHD","alphaCode":"BHD","numericCode":"048","name":"Bahrain Dinar","rate":0.00091803923301862,"date":"Sun, 27 Jun 2021 23:55:01 GMT","inverseRate":1089.2780657226},"omr":{"code":"OMR","alphaCode":"OMR","numericCode":"512","name":"Omani Rial","rate":0.00093827771819902,"date":"Sun, 27 Jun 2021 23:55:01 GMT","inverseRate":1065.7825296325},"rub":{"code":"RUB","alphaCode":"RUB","numericCode":"643","name":"Russian Rouble","rate":0.17604747217102,"date":"Sun, 27 Jun 2021 23:55:01 GMT","inverseRate":5.6802860482346},"lyd":{"code":"LYD","alphaCode":"LYD","numericCode":"434","name":"Libyan Dinar","rate":0.010857442962649,"date":"Sun, 27 Jun 2021 23:55:01 GMT","inverseRate":92.102717319368},"clp":{"code":"CLP","alphaCode":"CLP","numericCode":"152","name":"Chilean Peso","rate":1.7901752346174,"date":"Sun, 27 Jun 2021 23:55:01 GMT","inverseRate":0.55860453248518},"bsd":{"code":"BSD","alphaCode":"BSD","numericCode":"044","name":"Bahamian Dollar","rate":0.0024311582638207,"date":"Sun, 27 Jun 2021 23:55:01 GMT","inverseRate":411.3265742019},"djf":{"code":"DJF","alphaCode":"DJF","numericCode":"262","name":"Djiboutian franc","rate":0.43300612553251,"date":"Sun, 27 Jun 2021 23:55:01 GMT","inverseRate":2.3094361512096},"hnl":{"code":"HNL","alphaCode":"HNL","numericCode":"340","name":"Honduran Lempira","rate":0.058283172605696,"date":"Sun, 27 Jun 2021 23:55:01 GMT","inverseRate":17.157610941417},"tzs":{"code":"TZS","alphaCode":"TZS","numericCode":"834","name":"Tanzanian shilling","rate":5.6391557083283,"date":"Sun, 27 Jun 2021 23:55:01 GMT","inverseRate":0.17733151055275},"bbd":{"code":"BBD","alphaCode":"BBD","numericCode":"052","name":"Barbadian Dollar","rate":0.0048818538558816,"date":"Sun, 27 Jun 2021 23:55:01 GMT","inverseRate":204.84021634429},"bdt":{"code":"BDT","alphaCode":"BDT","numericCode":"050","name":"Bangladeshi taka","rate":0.20637608382466,"date":"Sun, 27 Jun 2021 23:55:01 GMT","inverseRate":4.845522705284},"qar":{"code":"QAR","alphaCode":"QAR","numericCode":"634","name":"Qatari Rial","rate":0.0089231323380297,"date":"Sun, 27 Jun 2021 23:55:01 GMT","inverseRate":112.06826954007},"mxn":{"code":"MXN","alphaCode":"MXN","numericCode":"484","name":"Mexican Peso","rate":0.048290392474577,"date":"Sun, 27 Jun 2021 23:55:01 GMT","inverseRate":20.708052860131},"amd":{"code":"AMD","alphaCode":"AMD","numericCode":"051","name":"Armenia Dram","rate":1.2628403414137,"date":"Sun, 27 Jun 2021 23:55:01 GMT","inverseRate":0.79186573884749},"uyu":{"code":"UYU","alphaCode":"UYU","numericCode":"858","name":"Uruguayan Peso","rate":0.1061732524672,"date":"Sun, 27 Jun 2021 23:55:01 GMT","inverseRate":9.4185680174855},"fjd":{"code":"FJD","alphaCode":"FJD","numericCode":"242","name":"Fiji Dollar","rate":0.0050170205784255,"date":"Sun, 27 Jun 2021 23:55:01 GMT","inverseRate":199.32148660108},"cdf":{"code":"CDF","alphaCode":"CDF","numericCode":"976","name":"Congolese franc","rate":4.8365237771533,"date":"Sun, 27 Jun 2021 23:55:01 GMT","inverseRate":0.20676007109151},"lsl":{"code":"LSL","alphaCode":"LSL","numericCode":"426","name":"Lesotho loti","rate":0.034593318075507,"date":"Sun, 27 Jun 2021 23:55:01 GMT","inverseRate":28.907316662059},"mnt":{"code":"MNT","alphaCode":"MNT","numericCode":"496","name":"Mongolian togrog","rate":6.93429312628,"date":"Sun, 27 Jun 2021 23:55:01 GMT","inverseRate":0.14421080588736},"brl":{"code":"BRL","alphaCode":"BRL","numericCode":"986","name":"Brazilian Real","rate":0.01219173164178,"date":"Sun, 27 Jun 2021 23:55:01 GMT","inverseRate":82.022802779964},"hkd":{"code":"HKD","alphaCode":"HKD","numericCode":"344","name":"Hong Kong Dollar","rate":0.018934181998575,"date":"Sun, 27 Jun 2021 23:55:01 GMT","inverseRate":52.814534056727},"thb":{"code":"THB","alphaCode":"THB","numericCode":"764","name":"Thai Baht","rate":0.077091877720045,"date":"Sun, 27 Jun 2021 23:55:01 GMT","inverseRate":12.97153512892},"xaf":{"code":"XAF","alphaCode":"XAF","numericCode":"950","name":"Central African CFA Franc","rate":1.3420208567678,"date":"Sun, 27 Jun 2021 23:55:01 GMT","inverseRate":0.74514490215039},"mdl":{"code":"MDL","alphaCode":"MDL","numericCode":"498","name":"Moldova Lei","rate":0.04388817337805,"date":"Sun, 27 Jun 2021 23:55:01 GMT","inverseRate":22.785181588353},"nio":{"code":"NIO","alphaCode":"NIO","numericCode":"558","name":"Nicaraguan C\u00f3rdoba","rate":0.085320334148127,"date":"Sun, 27 Jun 2021 23:55:01 GMT","inverseRate":11.720535438409},"lrd":{"code":"LRD","alphaCode":"LRD","numericCode":"430","name":"Liberian dollar","rate":0.41668512541631,"date":"Sun, 27 Jun 2021 23:55:01 GMT","inverseRate":2.3998936823121},"sdg":{"code":"SDG","alphaCode":"SDG","numericCode":"938","name":"Sudanese pound","rate":1.0707838688023,"date":"Sun, 27 Jun 2021 23:55:01 GMT","inverseRate":0.9338952790898},"mru":{"code":"MRU","alphaCode":"MRU","numericCode":"929","name":"Mauritanian ouguiya","rate":0.087869668623091,"date":"Sun, 27 Jun 2021 23:55:01 GMT","inverseRate":11.380491307978},"dkk":{"code":"DKK","alphaCode":"DKK","numericCode":"208","name":"Danish Krone","rate":0.015183413949231,"date":"Sun, 27 Jun 2021 23:55:01 GMT","inverseRate":65.861340759314},"jod":{"code":"JOD","alphaCode":"JOD","numericCode":"400","name":"Jordanian Dinar","rate":0.001728334540134,"date":"Sun, 27 Jun 2021 23:55:01 GMT","inverseRate":578.59168857578},"bgn":{"code":"BGN","alphaCode":"BGN","numericCode":"975","name":"Bulgarian Lev","rate":0.0039934055777652,"date":"Sun, 27 Jun 2021 23:55:01 GMT","inverseRate":250.41283198678},"vnd":{"code":"VND","alphaCode":"VND","numericCode":"704","name":"Vietnamese Dong","rate":56.109466849662,"date":"Sun, 27 Jun 2021 23:55:01 GMT","inverseRate":0.017822304437135},"uzs":{"code":"UZS","alphaCode":"UZS","numericCode":"860","name":"Uzbekistan Sum","rate":25.71942261112,"date":"Sun, 27 Jun 2021 23:55:01 GMT","inverseRate":0.038881121676799},"pab":{"code":"PAB","alphaCode":"PAB","numericCode":"590","name":"Panamanian Balboa","rate":0.0024311582638207,"date":"Sun, 27 Jun 2021 23:55:01 GMT","inverseRate":411.3265742019},"ttd":{"code":"TTD","alphaCode":"TTD","numericCode":"780","name":"Trinidad Tobago Dollar","rate":0.016532749141292,"date":"Sun, 27 Jun 2021 23:55:01 GMT","inverseRate":60.486008192212},"htg":{"code":"HTG","alphaCode":"HTG","numericCode":"332","name":"Haitian gourde","rate":0.22850474619603,"date":"Sun, 27 Jun 2021 23:55:01 GMT","inverseRate":4.3762767148044},"cup":{"code":"CUP","alphaCode":"CUP","numericCode":"192","name":"Cuban peso","rate":0.0024311582638207,"date":"Sun, 27 Jun 2021 23:55:01 GMT","inverseRate":411.3265742019}}