{"usd":{"code":"USD","alphaCode":"USD","numericCode":"840","name":"U.S. Dollar","rate":0.035844390353818,"date":"Sun, 27 Jun 2021 23:55:01 GMT","inverseRate":27.89836820013},"eur":{"code":"EUR","alphaCode":"EUR","numericCode":"978","name":"Euro","rate":0.030007085026162,"date":"Sun, 27 Jun 2021 23:55:01 GMT","inverseRate":33.325462940773},"gbp":{"code":"GBP","alphaCode":"GBP","numericCode":"826","name":"U.K. Pound Sterling","rate":0.02577507278833,"date":"Sun, 27 Jun 2021 23:55:01 GMT","inverseRate":38.797174627292},"jpy":{"code":"JPY","alphaCode":"JPY","numericCode":"392","name":"Japanese Yen","rate":3.969151204853,"date":"Sun, 27 Jun 2021 23:55:01 GMT","inverseRate":0.25194303476706},"aud":{"code":"AUD","alphaCode":"AUD","numericCode":"036","name":"Australian Dollar","rate":0.047182498499535,"date":"Sun, 27 Jun 2021 23:55:01 GMT","inverseRate":21.194299407647},"chf":{"code":"CHF","alphaCode":"CHF","numericCode":"756","name":"Swiss Franc","rate":0.03286983404177,"date":"Sun, 27 Jun 2021 23:55:01 GMT","inverseRate":30.423031607925},"cad":{"code":"CAD","alphaCode":"CAD","numericCode":"124","name":"Canadian Dollar","rate":0.044088396178016,"date":"Sun, 27 Jun 2021 23:55:01 GMT","inverseRate":22.681705089981},"lkr":{"code":"LKR","alphaCode":"LKR","numericCode":"144","name":"Sri Lanka Rupee","rate":7.1223256581883,"date":"Sun, 27 Jun 2021 23:55:01 GMT","inverseRate":0.14040357714482},"pln":{"code":"PLN","alphaCode":"PLN","numericCode":"985","name":"Polish Zloty","rate":0.13534060095427,"date":"Sun, 27 Jun 2021 23:55:01 GMT","inverseRate":7.3887657727921},"pen":{"code":"PEN","alphaCode":"PEN","numericCode":"604","name":"Peruvian Nuevo Sol","rate":0.14266788256589,"date":"Sun, 27 Jun 2021 23:55:01 GMT","inverseRate":7.0092860566441},"iqd":{"code":"IQD","alphaCode":"IQD","numericCode":"368","name":"Iraqi dinar","rate":52.193230133719,"date":"Sun, 27 Jun 2021 23:55:01 GMT","inverseRate":0.019159572945342},"svc":{"code":"SVC","alphaCode":"SVC","numericCode":"222","name":"Salvadoran colon","rate":0.31285315409625,"date":"Sun, 27 Jun 2021 23:55:01 GMT","inverseRate":3.1963877841945},"cve":{"code":"CVE","alphaCode":"CVE","numericCode":"132","name":"Cape Verde escudo","rate":3.3409626949784,"date":"Sun, 27 Jun 2021 23:55:01 GMT","inverseRate":0.29931492545638},"zmw":{"code":"ZMW","alphaCode":"ZMW","numericCode":"967","name":"Zambian kwacha","rate":0.80733287080328,"date":"Sun, 27 Jun 2021 23:55:01 GMT","inverseRate":1.2386464569503},"yer":{"code":"YER","alphaCode":"YER","numericCode":"886","name":"Yemeni rial","rate":8.9882416066579,"date":"Sun, 27 Jun 2021 23:55:01 GMT","inverseRate":0.11125646636593},"dop":{"code":"DOP","alphaCode":"DOP","numericCode":"214","name":"Dominican Peso","rate":2.035029062733,"date":"Sun, 27 Jun 2021 23:55:01 GMT","inverseRate":0.49139347359345},"nzd":{"code":"NZD","alphaCode":"NZD","numericCode":"554","name":"New Zealand Dollar","rate":0.050642249595946,"date":"Sun, 27 Jun 2021 23:55:01 GMT","inverseRate":19.746358188639},"hrk":{"code":"HRK","alphaCode":"HRK","numericCode":"191","name":"Croatian Kuna","rate":0.2249064945854,"date":"Sun, 27 Jun 2021 23:55:01 GMT","inverseRate":4.4462922328831},"dzd":{"code":"DZD","alphaCode":"DZD","numericCode":"012","name":"Algerian Dinar","rate":4.7732124293384,"date":"Sun, 27 Jun 2021 23:55:01 GMT","inverseRate":0.20950251320338},"ars":{"code":"ARS","alphaCode":"ARS","numericCode":"032","name":"Argentine Peso","rate":3.4176801497309,"date":"Sun, 27 Jun 2021 23:55:01 GMT","inverseRate":0.2925961342751},"stn":{"code":"STN","alphaCode":"STN","numericCode":"930","name":"S\u00e3o Tom\u00e9 and Pr\u00edncipe Dobra","rate":0.74223252411754,"date":"Sun, 27 Jun 2021 23:55:01 GMT","inverseRate":1.347286689153},"xpf":{"code":"XPF","alphaCode":"XPF","numericCode":"953","name":"CFP Franc","rate":3.575535479392,"date":"Sun, 27 Jun 2021 23:55:01 GMT","inverseRate":0.27967838824803},"all":{"code":"ALL","alphaCode":"ALL","numericCode":"008","name":"Albanian lek","rate":3.6709891518119,"date":"Sun, 27 Jun 2021 23:55:01 GMT","inverseRate":0.27240614413323},"mur":{"code":"MUR","alphaCode":"MUR","numericCode":"480","name":"Mauritian Rupee","rate":1.4675595352129,"date":"Sun, 27 Jun 2021 23:55:01 GMT","inverseRate":0.68140336116239},"sos":{"code":"SOS","alphaCode":"SOS","numericCode":"706","name":"Somali shilling","rate":20.673642344787,"date":"Sun, 27 Jun 2021 23:55:01 GMT","inverseRate":0.048370770052145},"ang":{"code":"ANG","alphaCode":"ANG","numericCode":"532","name":"Neth. Antillean Guilder","rate":0.063745924843218,"date":"Sun, 27 Jun 2021 23:55:01 GMT","inverseRate":15.687277303757},"pkr":{"code":"PKR","alphaCode":"PKR","numericCode":"586","name":"Pakistani Rupee","rate":5.543305179347,"date":"Sun, 27 Jun 2021 23:55:01 GMT","inverseRate":0.18039778934159},"krw":{"code":"KRW","alphaCode":"KRW","numericCode":"410","name":"South Korean Won","rate":40.403901212851,"date":"Sun, 27 Jun 2021 23:55:01 GMT","inverseRate":0.024750085263597},"azn":{"code":"AZN","alphaCode":"AZN","numericCode":"944","name":"Azerbaijan Manat","rate":0.060759448396502,"date":"Sun, 27 Jun 2021 23:55:01 GMT","inverseRate":16.45834559712},"pyg":{"code":"PYG","alphaCode":"PYG","numericCode":"600","name":"Paraguayan Guaran\u00ed","rate":242.97358315205,"date":"Sun, 27 Jun 2021 23:55:01 GMT","inverseRate":0.0041156737577279},"bnd":{"code":"BND","alphaCode":"BND","numericCode":"096","name":"Brunei Dollar","rate":0.048104731636317,"date":"Sun, 27 Jun 2021 23:55:01 GMT","inverseRate":20.787975859844},"kmf":{"code":"KMF","alphaCode":"KMF","numericCode":"174","name":"\tComoro franc","rate":14.813771529082,"date":"Sun, 27 Jun 2021 23:55:01 GMT","inverseRate":0.067504753805394},"szl":{"code":"SZL","alphaCode":"SZL","numericCode":"748","name":"Swazi lilangeni","rate":0.50810735691563,"date":"Sun, 27 Jun 2021 23:55:01 GMT","inverseRate":1.9680880160254},"wst":{"code":"WST","alphaCode":"WST","numericCode":"882","name":"Samoan tala","rate":0.090854085239125,"date":"Sun, 27 Jun 2021 23:55:01 GMT","inverseRate":11.006659715609},"egp":{"code":"EGP","alphaCode":"EGP","numericCode":"818","name":"Egyptian Pound","rate":0.56192676037812,"date":"Sun, 27 Jun 2021 23:55:01 GMT","inverseRate":1.7795913462585},"sgd":{"code":"SGD","alphaCode":"SGD","numericCode":"702","name":"Singapore Dollar","rate":0.04809718466568,"date":"Sun, 27 Jun 2021 23:55:01 GMT","inverseRate":20.791237719025},"zar":{"code":"ZAR","alphaCode":"ZAR","numericCode":"710","name":"South African Rand","rate":0.50532238793846,"date":"Sun, 27 Jun 2021 23:55:01 GMT","inverseRate":1.9789346838157},"kgs":{"code":"KGS","alphaCode":"KGS","numericCode":"417","name":"Kyrgyzstan Som","rate":2.9958771167654,"date":"Sun, 27 Jun 2021 23:55:01 GMT","inverseRate":0.33379206189861},"crc":{"code":"CRC","alphaCode":"CRC","numericCode":"188","name":"Costa Rican Col\u00f3n","rate":22.138808114652,"date":"Sun, 27 Jun 2021 23:55:01 GMT","inverseRate":0.045169549996603},"jmd":{"code":"JMD","alphaCode":"JMD","numericCode":"388","name":"Jamaican Dollar","rate":5.3481813891948,"date":"Sun, 27 Jun 2021 23:55:01 GMT","inverseRate":0.1869794472604},"ssp":{"code":"SSP","alphaCode":"SSP","numericCode":"728","name":"South Sudanese pound","rate":6.3567128228239,"date":"Sun, 27 Jun 2021 23:55:01 GMT","inverseRate":0.15731401242628},"ern":{"code":"ERN","alphaCode":"ERN","numericCode":"232","name":"Eritrean nakfa","rate":0.538864950803,"date":"Sun, 27 Jun 2021 23:55:01 GMT","inverseRate":1.8557525378294},"bam":{"code":"BAM","alphaCode":"BAM","numericCode":"977","name":"Bosnia and Herzegovina convertible mark","rate":0.059172164755601,"date":"Sun, 27 Jun 2021 23:55:01 GMT","inverseRate":16.899838025705},"inr":{"code":"INR","alphaCode":"INR","numericCode":"356","name":"Indian Rupee","rate":2.6592028427823,"date":"Sun, 27 Jun 2021 23:55:01 GMT","inverseRate":0.37605254624115},"try":{"code":"TRY","alphaCode":"TRY","numericCode":"949","name":"Turkish Lira","rate":0.31224544773856,"date":"Sun, 27 Jun 2021 23:55:01 GMT","inverseRate":3.2026087401514},"tmt":{"code":"TMT","alphaCode":"TMT","numericCode":"934","name":"New Turkmenistan Manat","rate":0.12513140556865,"date":"Sun, 27 Jun 2021 23:55:01 GMT","inverseRate":7.9915988752432},"mga":{"code":"MGA","alphaCode":"MGA","numericCode":"969","name":"Malagasy ariary","rate":135.30898914663,"date":"Sun, 27 Jun 2021 23:55:01 GMT","inverseRate":0.0073904919865769},"srd":{"code":"SRD","alphaCode":"SRD","numericCode":"968","name":"Surinamese dollar","rate":0.74386470119092,"date":"Sun, 27 Jun 2021 23:55:01 GMT","inverseRate":1.3443304923584},"ghs":{"code":"GHS","alphaCode":"GHS","numericCode":"936","name":"Ghanaian Cedi","rate":0.20836000792521,"date":"Sun, 27 Jun 2021 23:55:01 GMT","inverseRate":4.799385496083},"mop":{"code":"MOP","alphaCode":"MOP","numericCode":"446","name":"Macanese pataca","rate":0.28606551616624,"date":"Sun, 27 Jun 2021 23:55:01 GMT","inverseRate":3.4957027096509},"lbp":{"code":"LBP","alphaCode":"LBP","numericCode":"422","name":"Lebanese Pound","rate":53.975830907418,"date":"Sun, 27 Jun 2021 23:55:01 GMT","inverseRate":0.018526810670414},"huf":{"code":"HUF","alphaCode":"HUF","numericCode":"348","name":"Hungarian Forint","rate":10.547378884261,"date":"Sun, 27 Jun 2021 23:55:01 GMT","inverseRate":0.094810285187746},"ngn":{"code":"NGN","alphaCode":"NGN","numericCode":"566","name":"Nigerian Naira","rate":14.693537928192,"date":"Sun, 27 Jun 2021 23:55:01 GMT","inverseRate":0.06805712857496},"irr":{"code":"IRR","alphaCode":"IRR","numericCode":"364","name":"Iranian rial","rate":1501.7331159766,"date":"Sun, 27 Jun 2021 23:55:01 GMT","inverseRate":0.00066589728185468},"ves":{"code":"VES","alphaCode":"VES","numericCode":"928","name":"Venezuelan Bolivar","rate":113705.03289633,"date":"Sun, 27 Jun 2021 23:55:01 GMT","inverseRate":8.7946854640267e-6},"sbd":{"code":"SBD","alphaCode":"SBD","numericCode":"090","name":"Solomon Islands dollar","rate":0.29142577890724,"date":"Sun, 27 Jun 2021 23:55:01 GMT","inverseRate":3.4314054293677},"mwk":{"code":"MWK","alphaCode":"MWK","numericCode":"454","name":"Malawian kwacha","rate":28.789146626942,"date":"Sun, 27 Jun 2021 23:55:01 GMT","inverseRate":0.034735312336912},"gtq":{"code":"GTQ","alphaCode":"GTQ","numericCode":"320","name":"Guatemalan Quetzal","rate":0.27642285831793,"date":"Sun, 27 Jun 2021 23:55:01 GMT","inverseRate":3.6176458274295},"sek":{"code":"SEK","alphaCode":"SEK","numericCode":"752","name":"Swedish Krona","rate":0.30347631240789,"date":"Sun, 27 Jun 2021 23:55:01 GMT","inverseRate":3.2951500961167},"npr":{"code":"NPR","alphaCode":"NPR","numericCode":"524","name":"Nepalese Rupee","rate":4.2502811938247,"date":"Sun, 27 Jun 2021 23:55:01 GMT","inverseRate":0.2352785508528},"isk":{"code":"ISK","alphaCode":"ISK","numericCode":"352","name":"Icelandic Krona","rate":4.4111524665742,"date":"Sun, 27 Jun 2021 23:55:01 GMT","inverseRate":0.2266981265276},"gip":{"code":"GIP","alphaCode":"GIP","numericCode":"292","name":"Gibraltar pound","rate":0.025656846139023,"date":"Sun, 27 Jun 2021 23:55:01 GMT","inverseRate":38.975951860235},"gel":{"code":"GEL","alphaCode":"GEL","numericCode":"981","name":"Georgian lari","rate":0.1161014532589,"date":"Sun, 27 Jun 2021 23:55:01 GMT","inverseRate":8.6131566137254},"mkd":{"code":"MKD","alphaCode":"MKD","numericCode":"807","name":"Macedonian denar","rate":1.8510628081018,"date":"Sun, 27 Jun 2021 23:55:01 GMT","inverseRate":0.54023018323483},"bif":{"code":"BIF","alphaCode":"BIF","numericCode":"108","name":"Burundian franc","rate":70.731306401792,"date":"Sun, 27 Jun 2021 23:55:01 GMT","inverseRate":0.014138011170322},"mmk":{"code":"MMK","alphaCode":"MMK","numericCode":"104","name":"Myanma Kyat","rate":58.829995281142,"date":"Sun, 27 Jun 2021 23:55:01 GMT","inverseRate":0.016998131569128},"mvr":{"code":"MVR","alphaCode":"MVR","numericCode":"462","name":"Maldivian rufiyaa","rate":0.55250710145621,"date":"Sun, 27 Jun 2021 23:55:01 GMT","inverseRate":1.8099314875127},"kes":{"code":"KES","alphaCode":"KES","numericCode":"404","name":"Kenyan shilling","rate":3.8507880114587,"date":"Sun, 27 Jun 2021 23:55:01 GMT","inverseRate":0.25968710742433},"aed":{"code":"AED","alphaCode":"AED","numericCode":"784","name":"U.A.E Dirham","rate":0.13140482324937,"date":"Sun, 27 Jun 2021 23:55:01 GMT","inverseRate":7.6100707361575},"php":{"code":"PHP","alphaCode":"PHP","numericCode":"608","name":"Philippine Peso","rate":1.7385247596518,"date":"Sun, 27 Jun 2021 23:55:01 GMT","inverseRate":0.57520032110459},"ils":{"code":"ILS","alphaCode":"ILS","numericCode":"376","name":"Israeli New Sheqel","rate":0.11640294063572,"date":"Sun, 27 Jun 2021 23:55:01 GMT","inverseRate":8.5908482598348},"mro":{"code":"MRO","alphaCode":"MRO","numericCode":"478","name":"Mauritanian Ouguiya","rate":1.2979258123722,"date":"Sun, 27 Jun 2021 23:55:01 GMT","inverseRate":0.77046006055793},"cop":{"code":"COP","alphaCode":"COP","numericCode":"170","name":"Colombian Peso","rate":134.77065570586,"date":"Sun, 27 Jun 2021 23:55:01 GMT","inverseRate":0.0074200128712181},"bzd":{"code":"BZD","alphaCode":"BZD","numericCode":"084","name":"Belize dollar","rate":0.072041842799825,"date":"Sun, 27 Jun 2021 23:55:01 GMT","inverseRate":13.880822049189},"gnf":{"code":"GNF","alphaCode":"GNF","numericCode":"324","name":"Guinean franc","rate":350.54142265966,"date":"Sun, 27 Jun 2021 23:55:01 GMT","inverseRate":0.0028527299068188},"sll":{"code":"SLL","alphaCode":"SLL","numericCode":"694","name":"Sierra Leonean leone","rate":366.69102749763,"date":"Sun, 27 Jun 2021 23:55:01 GMT","inverseRate":0.002727091543047},"ugx":{"code":"UGX","alphaCode":"UGX","numericCode":"800","name":"Ugandan shilling","rate":127.77052799493,"date":"Sun, 27 Jun 2021 23:55:01 GMT","inverseRate":0.0078265310137851},"cny":{"code":"CNY","alphaCode":"CNY","numericCode":"156","name":"Chinese Yuan","rate":0.23139992073465,"date":"Sun, 27 Jun 2021 23:55:01 GMT","inverseRate":4.3215226557779},"sar":{"code":"SAR","alphaCode":"SAR","numericCode":"682","name":"Saudi Riyal","rate":0.13441262723284,"date":"Sun, 27 Jun 2021 23:55:01 GMT","inverseRate":7.439777203876},"myr":{"code":"MYR","alphaCode":"MYR","numericCode":"458","name":"Malaysian Ringgit","rate":0.14852988811776,"date":"Sun, 27 Jun 2021 23:55:01 GMT","inverseRate":6.7326516748411},"kzt":{"code":"KZT","alphaCode":"KZT","numericCode":"398","name":"Kazakhstani Tenge","rate":15.27915614083,"date":"Sun, 27 Jun 2021 23:55:01 GMT","inverseRate":0.065448640669871},"bob":{"code":"BOB","alphaCode":"BOB","numericCode":"068","name":"Bolivian Boliviano","rate":0.24633581677118,"date":"Sun, 27 Jun 2021 23:55:01 GMT","inverseRate":4.059498992503},"gyd":{"code":"GYD","alphaCode":"GYD","numericCode":"328","name":"Guyanese dollar","rate":7.464499870173,"date":"Sun, 27 Jun 2021 23:55:01 GMT","inverseRate":0.13396744824068},"rwf":{"code":"RWF","alphaCode":"RWF","numericCode":"646","name":"Rwandan franc","rate":35.938642535624,"date":"Sun, 27 Jun 2021 23:55:01 GMT","inverseRate":0.027825202329463},"mzn":{"code":"MZN","alphaCode":"MZN","numericCode":"943","name":"Mozambican metical","rate":2.2779291102126,"date":"Sun, 27 Jun 2021 23:55:01 GMT","inverseRate":0.43899522400267},"vuv":{"code":"VUV","alphaCode":"VUV","numericCode":"548","name":"Vanuatu vatu","rate":3.9265522097106,"date":"Sun, 27 Jun 2021 23:55:01 GMT","inverseRate":0.25467635385745},"idr":{"code":"IDR","alphaCode":"IDR","numericCode":"360","name":"Indonesian Rupiah","rate":517.6198708357,"date":"Sun, 27 Jun 2021 23:55:01 GMT","inverseRate":0.0019319196505835},"tnd":{"code":"TND","alphaCode":"TND","numericCode":"788","name":"Tunisian Dinar","rate":0.09801916299175,"date":"Sun, 27 Jun 2021 23:55:01 GMT","inverseRate":10.202086709149},"xof":{"code":"XOF","alphaCode":"XOF","numericCode":"952","name":"West African CFA Franc","rate":19.702331107514,"date":"Sun, 27 Jun 2021 23:55:01 GMT","inverseRate":0.050755415414707},"tjs":{"code":"TJS","alphaCode":"TJS","numericCode":"972","name":"Tajikistan Ruble","rate":0.40529505433143,"date":"Sun, 27 Jun 2021 23:55:01 GMT","inverseRate":2.4673382744568},"afn":{"code":"AFN","alphaCode":"AFN","numericCode":"971","name":"Afghan afghani","rate":2.8269469569328,"date":"Sun, 27 Jun 2021 23:55:01 GMT","inverseRate":0.35373850844552},"nad":{"code":"NAD","alphaCode":"NAD","numericCode":"516","name":"Namibian dollar","rate":0.50810735691563,"date":"Sun, 27 Jun 2021 23:55:01 GMT","inverseRate":1.9680880160254},"syp":{"code":"SYP","alphaCode":"SYP","numericCode":"760","name":"Syrian pound","rate":90.205992764418,"date":"Sun, 27 Jun 2021 23:55:01 GMT","inverseRate":0.011085737979866},"top":{"code":"TOP","alphaCode":"TOP","numericCode":"776","name":"Tongan pa\u02bbanga","rate":0.0791789976866,"date":"Sun, 27 Jun 2021 23:55:01 GMT","inverseRate":12.629611755861},"kwd":{"code":"KWD","alphaCode":"KWD","numericCode":"414","name":"Kuwaiti Dinar","rate":0.010780570291452,"date":"Sun, 27 Jun 2021 23:55:01 GMT","inverseRate":92.759471249208},"czk":{"code":"CZK","alphaCode":"CZK","numericCode":"203","name":"Czech Koruna","rate":0.76445462837893,"date":"Sun, 27 Jun 2021 23:55:01 GMT","inverseRate":1.3081221080714},"pgk":{"code":"PGK","alphaCode":"PGK","numericCode":"598","name":"Papua New Guinean kina","rate":0.12579964206936,"date":"Sun, 27 Jun 2021 23:55:01 GMT","inverseRate":7.9491482133842},"uah":{"code":"UAH","alphaCode":"UAH","numericCode":"980","name":"Ukrainian Hryvnia","rate":0.98196289364596,"date":"Sun, 27 Jun 2021 23:55:01 GMT","inverseRate":1.0183684194899},"etb":{"code":"ETB","alphaCode":"ETB","numericCode":"230","name":"Ethiopian birr","rate":1.5642657704812,"date":"Sun, 27 Jun 2021 23:55:01 GMT","inverseRate":0.63927755683895},"xcd":{"code":"XCD","alphaCode":"XCD","numericCode":"951","name":"East Caribbean Dollar","rate":0.096842963889659,"date":"Sun, 27 Jun 2021 23:55:01 GMT","inverseRate":10.325995403645},"lak":{"code":"LAK","alphaCode":"LAK","numericCode":"418","name":"Lao kip","rate":339.12027355045,"date":"Sun, 27 Jun 2021 23:55:01 GMT","inverseRate":0.0029488063026442},"bwp":{"code":"BWP","alphaCode":"BWP","numericCode":"072","name":"Botswana Pula","rate":0.38848403429984,"date":"Sun, 27 Jun 2021 23:55:01 GMT","inverseRate":2.5741083589246},"nok":{"code":"NOK","alphaCode":"NOK","numericCode":"578","name":"Norwegian Krone","rate":0.30410832822459,"date":"Sun, 27 Jun 2021 23:55:01 GMT","inverseRate":3.2883019213518},"mad":{"code":"MAD","alphaCode":"MAD","numericCode":"504","name":"Moroccan Dirham","rate":0.31663342734672,"date":"Sun, 27 Jun 2021 23:55:01 GMT","inverseRate":3.1582262440819},"ron":{"code":"RON","alphaCode":"RON","numericCode":"946","name":"Romanian New Leu","rate":0.14778029201381,"date":"Sun, 27 Jun 2021 23:55:01 GMT","inverseRate":6.7668021653831},"byn":{"code":"BYN","alphaCode":"BYN","numericCode":"933","name":"Belarussian Ruble","rate":0.09055140821188,"date":"Sun, 27 Jun 2021 23:55:01 GMT","inverseRate":11.043450563023},"rsd":{"code":"RSD","alphaCode":"RSD","numericCode":"941","name":"Serbian Dinar","rate":3.4597162367636,"date":"Sun, 27 Jun 2021 23:55:01 GMT","inverseRate":0.28904104601812},"gmd":{"code":"GMD","alphaCode":"GMD","numericCode":"270","name":"Gambian dalasi","rate":1.8560903860992,"date":"Sun, 27 Jun 2021 23:55:01 GMT","inverseRate":0.53876686582144},"awg":{"code":"AWG","alphaCode":"AWG","numericCode":"533","name":"Aruban florin","rate":0.064691618448379,"date":"Sun, 27 Jun 2021 23:55:01 GMT","inverseRate":15.457953039124},"aoa":{"code":"AOA","alphaCode":"AOA","numericCode":"973","name":"Angolan kwanza","rate":23.329136059764,"date":"Sun, 27 Jun 2021 23:55:01 GMT","inverseRate":0.042864853522146},"khr":{"code":"KHR","alphaCode":"KHR","numericCode":"116","name":"Cambodian riel","rate":145.65014978109,"date":"Sun, 27 Jun 2021 23:55:01 GMT","inverseRate":0.0068657670555298},"scr":{"code":"SCR","alphaCode":"SCR","numericCode":"690","name":"Seychelles rupee","rate":0.53566504016878,"date":"Sun, 27 Jun 2021 23:55:01 GMT","inverseRate":1.8668382758093},"bhd":{"code":"BHD","alphaCode":"BHD","numericCode":"048","name":"Bahrain Dinar","rate":0.013489244289927,"date":"Sun, 27 Jun 2021 23:55:01 GMT","inverseRate":74.133137372768},"omr":{"code":"OMR","alphaCode":"OMR","numericCode":"512","name":"Omani Rial","rate":0.013786619239535,"date":"Sun, 27 Jun 2021 23:55:01 GMT","inverseRate":72.534098652148},"rub":{"code":"RUB","alphaCode":"RUB","numericCode":"643","name":"Russian Rouble","rate":2.5867602095071,"date":"Sun, 27 Jun 2021 23:55:01 GMT","inverseRate":0.38658395792726},"lyd":{"code":"LYD","alphaCode":"LYD","numericCode":"434","name":"Libyan Dinar","rate":0.15953424997486,"date":"Sun, 27 Jun 2021 23:55:01 GMT","inverseRate":6.2682464747074},"clp":{"code":"CLP","alphaCode":"CLP","numericCode":"152","name":"Chilean Peso","rate":26.304007707961,"date":"Sun, 27 Jun 2021 23:55:01 GMT","inverseRate":0.038017020489899},"bsd":{"code":"BSD","alphaCode":"BSD","numericCode":"044","name":"Bahamian Dollar","rate":0.035722316158886,"date":"Sun, 27 Jun 2021 23:55:01 GMT","inverseRate":27.993705546756},"djf":{"code":"DJF","alphaCode":"DJF","numericCode":"262","name":"Djiboutian franc","rate":6.3623919286513,"date":"Sun, 27 Jun 2021 23:55:01 GMT","inverseRate":0.15717359307854},"hnl":{"code":"HNL","alphaCode":"HNL","numericCode":"340","name":"Honduran Lempira","rate":0.85638600725714,"date":"Sun, 27 Jun 2021 23:55:01 GMT","inverseRate":1.1676977338792},"tzs":{"code":"TZS","alphaCode":"TZS","numericCode":"834","name":"Tanzanian shilling","rate":82.859148283301,"date":"Sun, 27 Jun 2021 23:55:01 GMT","inverseRate":0.01206867341408},"bbd":{"code":"BBD","alphaCode":"BBD","numericCode":"052","name":"Barbadian Dollar","rate":0.071731704791285,"date":"Sun, 27 Jun 2021 23:55:01 GMT","inverseRate":13.940836941066},"bdt":{"code":"BDT","alphaCode":"BDT","numericCode":"050","name":"Bangladeshi taka","rate":3.0323948151494,"date":"Sun, 27 Jun 2021 23:55:01 GMT","inverseRate":0.3297723617664},"qar":{"code":"QAR","alphaCode":"QAR","numericCode":"634","name":"Qatari Rial","rate":0.13111238344711,"date":"Sun, 27 Jun 2021 23:55:01 GMT","inverseRate":7.6270446292616},"mxn":{"code":"MXN","alphaCode":"MXN","numericCode":"484","name":"Mexican Peso","rate":0.70955671339246,"date":"Sun, 27 Jun 2021 23:55:01 GMT","inverseRate":1.409330616039},"amd":{"code":"AMD","alphaCode":"AMD","numericCode":"051","name":"Armenia Dram","rate":18.555592453813,"date":"Sun, 27 Jun 2021 23:55:01 GMT","inverseRate":0.053892108402849},"uyu":{"code":"UYU","alphaCode":"UYU","numericCode":"858","name":"Uruguayan Peso","rate":1.5600607120863,"date":"Sun, 27 Jun 2021 23:55:01 GMT","inverseRate":0.64100069455802},"fjd":{"code":"FJD","alphaCode":"FJD","numericCode":"242","name":"Fiji Dollar","rate":0.073717782155614,"date":"Sun, 27 Jun 2021 23:55:01 GMT","inverseRate":13.565248041362},"cdf":{"code":"CDF","alphaCode":"CDF","numericCode":"976","name":"Congolese franc","rate":71.065645560204,"date":"Sun, 27 Jun 2021 23:55:01 GMT","inverseRate":0.014071496742443},"lsl":{"code":"LSL","alphaCode":"LSL","numericCode":"426","name":"Lesotho loti","rate":0.50829823120447,"date":"Sun, 27 Jun 2021 23:55:01 GMT","inverseRate":1.9673489668268},"mnt":{"code":"MNT","alphaCode":"MNT","numericCode":"496","name":"Mongolian togrog","rate":101.8892990562,"date":"Sun, 27 Jun 2021 23:55:01 GMT","inverseRate":0.0098145733581744},"brl":{"code":"BRL","alphaCode":"BRL","numericCode":"986","name":"Brazilian Real","rate":0.17913967128884,"date":"Sun, 27 Jun 2021 23:55:01 GMT","inverseRate":5.5822364348746},"hkd":{"code":"HKD","alphaCode":"HKD","numericCode":"344","name":"Hong Kong Dollar","rate":0.27821012133535,"date":"Sun, 27 Jun 2021 23:55:01 GMT","inverseRate":3.5944055349252},"thb":{"code":"THB","alphaCode":"THB","numericCode":"764","name":"Thai Baht","rate":1.132752429235,"date":"Sun, 27 Jun 2021 23:55:01 GMT","inverseRate":0.88280543408354},"xaf":{"code":"XAF","alphaCode":"XAF","numericCode":"950","name":"Central African CFA Franc","rate":19.719034359342,"date":"Sun, 27 Jun 2021 23:55:01 GMT","inverseRate":0.050712422412625},"mdl":{"code":"MDL","alphaCode":"MDL","numericCode":"498","name":"Moldova Lei","rate":0.64487254012943,"date":"Sun, 27 Jun 2021 23:55:01 GMT","inverseRate":1.5506940329624},"nio":{"code":"NIO","alphaCode":"NIO","numericCode":"558","name":"Nicaraguan C\u00f3rdoba","rate":1.2536575658515,"date":"Sun, 27 Jun 2021 23:55:01 GMT","inverseRate":0.79766598729916},"lrd":{"code":"LRD","alphaCode":"LRD","numericCode":"430","name":"Liberian dollar","rate":6.1225786944178,"date":"Sun, 27 Jun 2021 23:55:01 GMT","inverseRate":0.16332987290335},"sdg":{"code":"SDG","alphaCode":"SDG","numericCode":"938","name":"Sudanese pound","rate":15.733603389143,"date":"Sun, 27 Jun 2021 23:55:01 GMT","inverseRate":0.063558231084563},"mru":{"code":"MRU","alphaCode":"MRU","numericCode":"929","name":"Mauritanian ouguiya","rate":1.291116308651,"date":"Sun, 27 Jun 2021 23:55:01 GMT","inverseRate":0.77452356019328},"dkk":{"code":"DKK","alphaCode":"DKK","numericCode":"208","name":"Danish Krone","rate":0.22309806874246,"date":"Sun, 27 Jun 2021 23:55:01 GMT","inverseRate":4.4823337361759},"jod":{"code":"JOD","alphaCode":"JOD","numericCode":"400","name":"Jordanian Dinar","rate":0.025395349118063,"date":"Sun, 27 Jun 2021 23:55:01 GMT","inverseRate":39.377288941805},"bgn":{"code":"BGN","alphaCode":"BGN","numericCode":"975","name":"Bulgarian Lev","rate":0.058677256319546,"date":"Sun, 27 Jun 2021 23:55:01 GMT","inverseRate":17.042378303344},"vnd":{"code":"VND","alphaCode":"VND","numericCode":"704","name":"Vietnamese Dong","rate":824.44657928613,"date":"Sun, 27 Jun 2021 23:55:01 GMT","inverseRate":0.0012129348645802},"uzs":{"code":"UZS","alphaCode":"UZS","numericCode":"860","name":"Uzbekistan Sum","rate":377.90931162769,"date":"Sun, 27 Jun 2021 23:55:01 GMT","inverseRate":0.0026461374970966},"pab":{"code":"PAB","alphaCode":"PAB","numericCode":"590","name":"Panamanian Balboa","rate":0.035722316158886,"date":"Sun, 27 Jun 2021 23:55:01 GMT","inverseRate":27.993705546756},"ttd":{"code":"TTD","alphaCode":"TTD","numericCode":"780","name":"Trinidad Tobago Dollar","rate":0.24292457656486,"date":"Sun, 27 Jun 2021 23:55:01 GMT","inverseRate":4.1165040365235},"htg":{"code":"HTG","alphaCode":"HTG","numericCode":"332","name":"Haitian gourde","rate":3.3575431550033,"date":"Sun, 27 Jun 2021 23:55:01 GMT","inverseRate":0.29783682705905},"cup":{"code":"CUP","alphaCode":"CUP","numericCode":"192","name":"Cuban peso","rate":0.035722316158886,"date":"Sun, 27 Jun 2021 23:55:01 GMT","inverseRate":27.993705546756}}