{"eur":{"code":"EUR","alphaCode":"EUR","numericCode":"978","name":"Euro","rate":0.83714870667248,"date":"Sun, 27 Jun 2021 23:55:01 GMT","inverseRate":1.1945309023708},"gbp":{"code":"GBP","alphaCode":"GBP","numericCode":"826","name":"U.K. Pound Sterling","rate":0.71908247103398,"date":"Sun, 27 Jun 2021 23:55:01 GMT","inverseRate":1.3906610719659},"jpy":{"code":"JPY","alphaCode":"JPY","numericCode":"392","name":"Japanese Yen","rate":110.73284175498,"date":"Sun, 27 Jun 2021 23:55:01 GMT","inverseRate":0.0090307444851159},"aud":{"code":"AUD","alphaCode":"AUD","numericCode":"036","name":"Australian Dollar","rate":1.3163147157421,"date":"Sun, 27 Jun 2021 23:55:01 GMT","inverseRate":0.7596967412434},"chf":{"code":"CHF","alphaCode":"CHF","numericCode":"756","name":"Swiss Franc","rate":0.91701473277446,"date":"Sun, 27 Jun 2021 23:55:01 GMT","inverseRate":1.090495020701},"cad":{"code":"CAD","alphaCode":"CAD","numericCode":"124","name":"Canadian Dollar","rate":1.2299943099275,"date":"Sun, 27 Jun 2021 23:55:01 GMT","inverseRate":0.81301189113545},"lkr":{"code":"LKR","alphaCode":"LKR","numericCode":"144","name":"Sri Lanka Rupee","rate":198.70126365337,"date":"Sun, 27 Jun 2021 23:55:01 GMT","inverseRate":0.0050326806262515},"pln":{"code":"PLN","alphaCode":"PLN","numericCode":"985","name":"Polish Zloty","rate":3.775781917849,"date":"Sun, 27 Jun 2021 23:55:01 GMT","inverseRate":0.26484580459289},"pen":{"code":"PEN","alphaCode":"PEN","numericCode":"604","name":"Peruvian Nuevo Sol","rate":3.980201118156,"date":"Sun, 27 Jun 2021 23:55:01 GMT","inverseRate":0.25124358551592},"iqd":{"code":"IQD","alphaCode":"IQD","numericCode":"368","name":"Iraqi dinar","rate":1456.1059518246,"date":"Sun, 27 Jun 2021 23:55:01 GMT","inverseRate":0.00068676321166529},"svc":{"code":"SVC","alphaCode":"SVC","numericCode":"222","name":"Salvadoran colon","rate":8.7280924855493,"date":"Sun, 27 Jun 2021 23:55:01 GMT","inverseRate":0.11457257145884},"cve":{"code":"CVE","alphaCode":"CVE","numericCode":"132","name":"Cape Verde escudo","rate":93.207407407407,"date":"Sun, 27 Jun 2021 23:55:01 GMT","inverseRate":0.010728761026782},"zmw":{"code":"ZMW","alphaCode":"ZMW","numericCode":"967","name":"Zambian kwacha","rate":22.523269689738,"date":"Sun, 27 Jun 2021 23:55:01 GMT","inverseRate":0.0443985271133},"yer":{"code":"YER","alphaCode":"YER","numericCode":"886","name":"Yemeni rial","rate":250.75727381427,"date":"Sun, 27 Jun 2021 23:55:01 GMT","inverseRate":0.0039879202098069},"dop":{"code":"DOP","alphaCode":"DOP","numericCode":"214","name":"Dominican Peso","rate":56.773990090091,"date":"Sun, 27 Jun 2021 23:55:01 GMT","inverseRate":0.017613699484802},"nzd":{"code":"NZD","alphaCode":"NZD","numericCode":"554","name":"New Zealand Dollar","rate":1.4128361257106,"date":"Sun, 27 Jun 2021 23:55:01 GMT","inverseRate":0.70779617097987},"hrk":{"code":"HRK","alphaCode":"HRK","numericCode":"191","name":"Croatian Kuna","rate":6.2745241965439,"date":"Sun, 27 Jun 2021 23:55:01 GMT","inverseRate":0.15937463442261},"dzd":{"code":"DZD","alphaCode":"DZD","numericCode":"012","name":"Algerian Dinar","rate":133.16483785112,"date":"Sun, 27 Jun 2021 23:55:01 GMT","inverseRate":0.0075094898633678},"ars":{"code":"ARS","alphaCode":"ARS","numericCode":"032","name":"Argentine Peso","rate":95.347699207469,"date":"Sun, 27 Jun 2021 23:55:01 GMT","inverseRate":0.010487930052975},"stn":{"code":"STN","alphaCode":"STN","numericCode":"930","name":"S\u00e3o Tom\u00e9 and Pr\u00edncipe Dobra","rate":20.707076247943,"date":"Sun, 27 Jun 2021 23:55:01 GMT","inverseRate":0.048292670004503},"xpf":{"code":"XPF","alphaCode":"XPF","numericCode":"953","name":"CFP Franc","rate":99.751605316705,"date":"Sun, 27 Jun 2021 23:55:01 GMT","inverseRate":0.010024901321889},"all":{"code":"ALL","alphaCode":"ALL","numericCode":"008","name":"Albanian lek","rate":102.41460701593,"date":"Sun, 27 Jun 2021 23:55:01 GMT","inverseRate":0.00976423216509},"mur":{"code":"MUR","alphaCode":"MUR","numericCode":"480","name":"Mauritian Rupee","rate":40.942516268982,"date":"Sun, 27 Jun 2021 23:55:01 GMT","inverseRate":0.024424488065908},"sos":{"code":"SOS","alphaCode":"SOS","numericCode":"706","name":"Somali shilling","rate":576.76088617268,"date":"Sun, 27 Jun 2021 23:55:01 GMT","inverseRate":0.0017338207634638},"ang":{"code":"ANG","alphaCode":"ANG","numericCode":"532","name":"Neth. Antillean Guilder","rate":1.7784072825339,"date":"Sun, 27 Jun 2021 23:55:01 GMT","inverseRate":0.56230089126445},"pkr":{"code":"PKR","alphaCode":"PKR","numericCode":"586","name":"Pakistani Rupee","rate":154.64916893911,"date":"Sun, 27 Jun 2021 23:55:01 GMT","inverseRate":0.0064662487801259},"krw":{"code":"KRW","alphaCode":"KRW","numericCode":"410","name":"South Korean Won","rate":1127.2029127578,"date":"Sun, 27 Jun 2021 23:55:01 GMT","inverseRate":0.00088715171747863},"azn":{"code":"AZN","alphaCode":"AZN","numericCode":"944","name":"Azerbaijan Manat","rate":1.6950894630024,"date":"Sun, 27 Jun 2021 23:55:01 GMT","inverseRate":0.58993936416121},"pyg":{"code":"PYG","alphaCode":"PYG","numericCode":"600","name":"Paraguayan Guaran\u00ed","rate":6778.5664856808,"date":"Sun, 27 Jun 2021 23:55:01 GMT","inverseRate":0.00014752381674096},"bnd":{"code":"BND","alphaCode":"BND","numericCode":"096","name":"Brunei Dollar","rate":1.3420435153584,"date":"Sun, 27 Jun 2021 23:55:01 GMT","inverseRate":0.74513232138598},"kmf":{"code":"KMF","alphaCode":"KMF","numericCode":"174","name":"\tComoro franc","rate":413.28005255092,"date":"Sun, 27 Jun 2021 23:55:01 GMT","inverseRate":0.0024196667461389},"szl":{"code":"SZL","alphaCode":"SZL","numericCode":"748","name":"Swazi lilangeni","rate":14.175366128427,"date":"Sun, 27 Jun 2021 23:55:01 GMT","inverseRate":0.070544915097087},"wst":{"code":"WST","alphaCode":"WST","numericCode":"882","name":"Samoan tala","rate":2.5346807224871,"date":"Sun, 27 Jun 2021 23:55:01 GMT","inverseRate":0.39452700733794},"egp":{"code":"EGP","alphaCode":"EGP","numericCode":"818","name":"Egyptian Pound","rate":15.676839662535,"date":"Sun, 27 Jun 2021 23:55:01 GMT","inverseRate":0.063788366885568},"sgd":{"code":"SGD","alphaCode":"SGD","numericCode":"702","name":"Singapore Dollar","rate":1.3418329671928,"date":"Sun, 27 Jun 2021 23:55:01 GMT","inverseRate":0.74524924073975},"zar":{"code":"ZAR","alphaCode":"ZAR","numericCode":"710","name":"South African Rand","rate":14.097670038476,"date":"Sun, 27 Jun 2021 23:55:01 GMT","inverseRate":0.0709337072914},"kgs":{"code":"KGS","alphaCode":"KGS","numericCode":"417","name":"Kyrgyzstan Som","rate":83.580082885866,"date":"Sun, 27 Jun 2021 23:55:01 GMT","inverseRate":0.0119645729637},"crc":{"code":"CRC","alphaCode":"CRC","numericCode":"188","name":"Costa Rican Col\u00f3n","rate":617.6366202946,"date":"Sun, 27 Jun 2021 23:55:01 GMT","inverseRate":0.0016190749821845},"jmd":{"code":"JMD","alphaCode":"JMD","numericCode":"388","name":"Jamaican Dollar","rate":149.20553359684,"date":"Sun, 27 Jun 2021 23:55:01 GMT","inverseRate":0.0067021642957428},"ssp":{"code":"SSP","alphaCode":"SSP","numericCode":"728","name":"South Sudanese pound","rate":177.34191487363,"date":"Sun, 27 Jun 2021 23:55:01 GMT","inverseRate":0.0056388248695328},"ern":{"code":"ERN","alphaCode":"ERN","numericCode":"232","name":"Eritrean nakfa","rate":15.033452807647,"date":"Sun, 27 Jun 2021 23:55:01 GMT","inverseRate":0.066518318366047},"bam":{"code":"BAM","alphaCode":"BAM","numericCode":"977","name":"Bosnia and Herzegovina convertible mark","rate":1.6508068395505,"date":"Sun, 27 Jun 2021 23:55:01 GMT","inverseRate":0.60576439110968},"inr":{"code":"INR","alphaCode":"INR","numericCode":"356","name":"Indian Rupee","rate":74.187420026774,"date":"Sun, 27 Jun 2021 23:55:01 GMT","inverseRate":0.013479374261015},"try":{"code":"TRY","alphaCode":"TRY","numericCode":"949","name":"Turkish Lira","rate":8.7111384698249,"date":"Sun, 27 Jun 2021 23:55:01 GMT","inverseRate":0.11479555783253},"twd":{"code":"TWD","alphaCode":"TWD","numericCode":"901","name":"New Taiwan Dollar ","rate":27.89836820013,"date":"Sun, 27 Jun 2021 23:55:01 GMT","inverseRate":0.035844390353818},"tmt":{"code":"TMT","alphaCode":"TMT","numericCode":"934","name":"New Turkmenistan Manat","rate":3.4909620259539,"date":"Sun, 27 Jun 2021 23:55:01 GMT","inverseRate":0.28645398963535},"mga":{"code":"MGA","alphaCode":"MGA","numericCode":"969","name":"Malagasy ariary","rate":3774.9000000001,"date":"Sun, 27 Jun 2021 23:55:01 GMT","inverseRate":0.00026490767967363},"srd":{"code":"SRD","alphaCode":"SRD","numericCode":"968","name":"Surinamese dollar","rate":20.752611324904,"date":"Sun, 27 Jun 2021 23:55:01 GMT","inverseRate":0.048186706932634},"ghs":{"code":"GHS","alphaCode":"GHS","numericCode":"936","name":"Ghanaian Cedi","rate":5.8129042192796,"date":"Sun, 27 Jun 2021 23:55:01 GMT","inverseRate":0.17203104718005},"mop":{"code":"MOP","alphaCode":"MOP","numericCode":"446","name":"Macanese pataca","rate":7.9807610993659,"date":"Sun, 27 Jun 2021 23:55:01 GMT","inverseRate":0.12530133248563},"lbp":{"code":"LBP","alphaCode":"LBP","numericCode":"422","name":"Lebanese Pound","rate":1505.8376045631,"date":"Sun, 27 Jun 2021 23:55:01 GMT","inverseRate":0.00066408223368159},"huf":{"code":"HUF","alphaCode":"HUF","numericCode":"348","name":"Hungarian Forint","rate":294.25465965939,"date":"Sun, 27 Jun 2021 23:55:01 GMT","inverseRate":0.0033984168718264},"ngn":{"code":"NGN","alphaCode":"NGN","numericCode":"566","name":"Nigerian Naira","rate":409.92573128327,"date":"Sun, 27 Jun 2021 23:55:01 GMT","inverseRate":0.0024394662830008},"irr":{"code":"IRR","alphaCode":"IRR","numericCode":"364","name":"Iranian rial","rate":41895.903407845,"date":"Sun, 27 Jun 2021 23:55:01 GMT","inverseRate":2.3868682106345e-5},"ves":{"code":"VES","alphaCode":"VES","numericCode":"928","name":"Venezuelan Bolivar","rate":3172184.8739496,"date":"Sun, 27 Jun 2021 23:55:01 GMT","inverseRate":3.1524013881162e-7},"sbd":{"code":"SBD","alphaCode":"SBD","numericCode":"090","name":"Solomon Islands dollar","rate":8.1303036829638,"date":"Sun, 27 Jun 2021 23:55:01 GMT","inverseRate":0.12299663567247},"mwk":{"code":"MWK","alphaCode":"MWK","numericCode":"454","name":"Malawian kwacha","rate":803.17021276597,"date":"Sun, 27 Jun 2021 23:55:01 GMT","inverseRate":0.0012450660944661},"gtq":{"code":"GTQ","alphaCode":"GTQ","numericCode":"320","name":"Guatemalan Quetzal","rate":7.7117466802861,"date":"Sun, 27 Jun 2021 23:55:01 GMT","inverseRate":0.12967230920024},"sek":{"code":"SEK","alphaCode":"SEK","numericCode":"752","name":"Swedish Krona","rate":8.4664939035731,"date":"Sun, 27 Jun 2021 23:55:01 GMT","inverseRate":0.11811264631963},"npr":{"code":"NPR","alphaCode":"NPR","numericCode":"524","name":"Nepalese Rupee","rate":118.57590969941,"date":"Sun, 27 Jun 2021 23:55:01 GMT","inverseRate":0.0084334162186485},"isk":{"code":"ISK","alphaCode":"ISK","numericCode":"352","name":"Icelandic Krona","rate":123.0639556994,"date":"Sun, 27 Jun 2021 23:55:01 GMT","inverseRate":0.0081258561397346},"gip":{"code":"GIP","alphaCode":"GIP","numericCode":"292","name":"Gibraltar pound","rate":0.71578414044054,"date":"Sun, 27 Jun 2021 23:55:01 GMT","inverseRate":1.3970692328899},"gel":{"code":"GEL","alphaCode":"GEL","numericCode":"981","name":"Georgian lari","rate":3.2390410915869,"date":"Sun, 27 Jun 2021 23:55:01 GMT","inverseRate":0.30873334784094},"mkd":{"code":"MKD","alphaCode":"MKD","numericCode":"807","name":"Macedonian denar","rate":51.64163178199,"date":"Sun, 27 Jun 2021 23:55:01 GMT","inverseRate":0.019364221568784},"bif":{"code":"BIF","alphaCode":"BIF","numericCode":"108","name":"Burundian franc","rate":1973.2880292734,"date":"Sun, 27 Jun 2021 23:55:01 GMT","inverseRate":0.00050676839121566},"mmk":{"code":"MMK","alphaCode":"MMK","numericCode":"104","name":"Myanma Kyat","rate":1641.2608695652,"date":"Sun, 27 Jun 2021 23:55:01 GMT","inverseRate":0.00060928766324936},"mvr":{"code":"MVR","alphaCode":"MVR","numericCode":"462","name":"Maldivian rufiyaa","rate":15.414046549612,"date":"Sun, 27 Jun 2021 23:55:01 GMT","inverseRate":0.064875890752073},"kes":{"code":"KES","alphaCode":"KES","numericCode":"404","name":"Kenyan shilling","rate":107.43070180432,"date":"Sun, 27 Jun 2021 23:55:01 GMT","inverseRate":0.0093083260483717},"aed":{"code":"AED","alphaCode":"AED","numericCode":"784","name":"U.A.E Dirham","rate":3.665980142284,"date":"Sun, 27 Jun 2021 23:55:01 GMT","inverseRate":0.272778346087},"php":{"code":"PHP","alphaCode":"PHP","numericCode":"608","name":"Philippine Peso","rate":48.502003869809,"date":"Sun, 27 Jun 2021 23:55:01 GMT","inverseRate":0.020617704841314},"ils":{"code":"ILS","alphaCode":"ILS","numericCode":"376","name":"Israeli New Sheqel","rate":3.2474520974331,"date":"Sun, 27 Jun 2021 23:55:01 GMT","inverseRate":0.30793371849594},"mro":{"code":"MRO","alphaCode":"MRO","numericCode":"478","name":"Mauritanian Ouguiya","rate":36.210012210013,"date":"Sun, 27 Jun 2021 23:55:01 GMT","inverseRate":0.027616671162665},"cop":{"code":"COP","alphaCode":"COP","numericCode":"170","name":"Colombian Peso","rate":3759.8813754551,"date":"Sun, 27 Jun 2021 23:55:01 GMT","inverseRate":0.00026596583778629},"bzd":{"code":"BZD","alphaCode":"BZD","numericCode":"084","name":"Belize dollar","rate":2.0098498562454,"date":"Sun, 27 Jun 2021 23:55:01 GMT","inverseRate":0.497549603963},"gnf":{"code":"GNF","alphaCode":"GNF","numericCode":"324","name":"Guinean franc","rate":9779.5336787565,"date":"Sun, 27 Jun 2021 23:55:01 GMT","inverseRate":0.00010225436435402},"sll":{"code":"SLL","alphaCode":"SLL","numericCode":"694","name":"Sierra Leonean leone","rate":10230.081300813,"date":"Sun, 27 Jun 2021 23:55:01 GMT","inverseRate":9.7750933799571e-5},"ugx":{"code":"UGX","alphaCode":"UGX","numericCode":"800","name":"Ugandan shilling","rate":3564.5892351275,"date":"Sun, 27 Jun 2021 23:55:01 GMT","inverseRate":0.00028053723277438},"cny":{"code":"CNY","alphaCode":"CNY","numericCode":"156","name":"Chinese Yuan","rate":6.4556801901362,"date":"Sun, 27 Jun 2021 23:55:01 GMT","inverseRate":0.15490234499657},"sar":{"code":"SAR","alphaCode":"SAR","numericCode":"682","name":"Saudi Riyal","rate":3.7498929652887,"date":"Sun, 27 Jun 2021 23:55:01 GMT","inverseRate":0.26667427824117},"myr":{"code":"MYR","alphaCode":"MYR","numericCode":"458","name":"Malaysian Ringgit","rate":4.1437415074334,"date":"Sun, 27 Jun 2021 23:55:01 GMT","inverseRate":0.24132779474929},"kzt":{"code":"KZT","alphaCode":"KZT","numericCode":"398","name":"Kazakhstani Tenge","rate":426.26352380414,"date":"Sun, 27 Jun 2021 23:55:01 GMT","inverseRate":0.0023459666242976},"bob":{"code":"BOB","alphaCode":"BOB","numericCode":"068","name":"Bolivian Boliviano","rate":6.872367317162,"date":"Sun, 27 Jun 2021 23:55:01 GMT","inverseRate":0.14551026652821},"gyd":{"code":"GYD","alphaCode":"GYD","numericCode":"328","name":"Guyanese dollar","rate":208.24736580791,"date":"Sun, 27 Jun 2021 23:55:01 GMT","inverseRate":0.004801981509444},"rwf":{"code":"RWF","alphaCode":"RWF","numericCode":"646","name":"Rwandan franc","rate":1002.6294820717,"date":"Sun, 27 Jun 2021 23:55:01 GMT","inverseRate":0.00099737741397124},"mzn":{"code":"MZN","alphaCode":"MZN","numericCode":"943","name":"Mozambican metical","rate":63.550505050507,"date":"Sun, 27 Jun 2021 23:55:01 GMT","inverseRate":0.015735516172613},"vuv":{"code":"VUV","alphaCode":"VUV","numericCode":"548","name":"Vanuatu vatu","rate":109.54439930354,"date":"Sun, 27 Jun 2021 23:55:01 GMT","inverseRate":0.0091287186415534},"idr":{"code":"IDR","alphaCode":"IDR","numericCode":"360","name":"Indonesian Rupiah","rate":14440.749744278,"date":"Sun, 27 Jun 2021 23:55:01 GMT","inverseRate":6.9248482087728e-5},"tnd":{"code":"TND","alphaCode":"TND","numericCode":"788","name":"Tunisian Dinar","rate":2.7345746998124,"date":"Sun, 27 Jun 2021 23:55:01 GMT","inverseRate":0.36568757842622},"xof":{"code":"XOF","alphaCode":"XOF","numericCode":"952","name":"West African CFA Franc","rate":549.66288763831,"date":"Sun, 27 Jun 2021 23:55:01 GMT","inverseRate":0.001819296922695},"tjs":{"code":"TJS","alphaCode":"TJS","numericCode":"972","name":"Tajikistan Ruble","rate":11.30707065543,"date":"Sun, 27 Jun 2021 23:55:01 GMT","inverseRate":0.088440236244546},"afn":{"code":"AFN","alphaCode":"AFN","numericCode":"971","name":"Afghan afghani","rate":78.867207086748,"date":"Sun, 27 Jun 2021 23:55:01 GMT","inverseRate":0.012679541179898},"nad":{"code":"NAD","alphaCode":"NAD","numericCode":"516","name":"Namibian dollar","rate":14.175366128427,"date":"Sun, 27 Jun 2021 23:55:01 GMT","inverseRate":0.070544915097087},"syp":{"code":"SYP","alphaCode":"SYP","numericCode":"760","name":"Syrian pound","rate":2516.6,"date":"Sun, 27 Jun 2021 23:55:01 GMT","inverseRate":0.00039736151951045},"top":{"code":"TOP","alphaCode":"TOP","numericCode":"776","name":"Tongan pa\u02bbanga","rate":2.208964831178,"date":"Sun, 27 Jun 2021 23:55:01 GMT","inverseRate":0.45270073379426},"kwd":{"code":"KWD","alphaCode":"KWD","numericCode":"414","name":"Kuwaiti Dinar","rate":0.30076031939831,"date":"Sun, 27 Jun 2021 23:55:01 GMT","inverseRate":3.3249066964703},"czk":{"code":"CZK","alphaCode":"CZK","numericCode":"203","name":"Czech Koruna","rate":21.327036694809,"date":"Sun, 27 Jun 2021 23:55:01 GMT","inverseRate":0.046888839472171},"pgk":{"code":"PGK","alphaCode":"PGK","numericCode":"598","name":"Papua New Guinean kina","rate":3.5096047338955,"date":"Sun, 27 Jun 2021 23:55:01 GMT","inverseRate":0.2849323715409},"uah":{"code":"UAH","alphaCode":"UAH","numericCode":"980","name":"Ukrainian Hryvnia","rate":27.3951623658,"date":"Sun, 27 Jun 2021 23:55:01 GMT","inverseRate":0.036502795152198},"etb":{"code":"ETB","alphaCode":"ETB","numericCode":"230","name":"Ethiopian birr","rate":43.640462427744,"date":"Sun, 27 Jun 2021 23:55:01 GMT","inverseRate":0.02291451429177},"xcd":{"code":"XCD","alphaCode":"XCD","numericCode":"951","name":"East Caribbean Dollar","rate":2.7017606641856,"date":"Sun, 27 Jun 2021 23:55:01 GMT","inverseRate":0.37012901003999},"lak":{"code":"LAK","alphaCode":"LAK","numericCode":"418","name":"Lao kip","rate":9460.9022556392,"date":"Sun, 27 Jun 2021 23:55:01 GMT","inverseRate":0.00010569816418978},"bwp":{"code":"BWP","alphaCode":"BWP","numericCode":"072","name":"Botswana Pula","rate":10.838070628769,"date":"Sun, 27 Jun 2021 23:55:01 GMT","inverseRate":0.092267344830321},"nok":{"code":"NOK","alphaCode":"NOK","numericCode":"578","name":"Norwegian Krone","rate":8.4841261135356,"date":"Sun, 27 Jun 2021 23:55:01 GMT","inverseRate":0.11786717767014},"mad":{"code":"MAD","alphaCode":"MAD","numericCode":"504","name":"Moroccan Dirham","rate":8.8335559405879,"date":"Sun, 27 Jun 2021 23:55:01 GMT","inverseRate":0.11320469431854},"ron":{"code":"RON","alphaCode":"RON","numericCode":"946","name":"Romanian New Leu","rate":4.122828999324,"date":"Sun, 27 Jun 2021 23:55:01 GMT","inverseRate":0.24255189826305},"byn":{"code":"BYN","alphaCode":"BYN","numericCode":"933","name":"Belarussian Ruble","rate":2.5262365273353,"date":"Sun, 27 Jun 2021 23:55:01 GMT","inverseRate":0.39584575283408},"rsd":{"code":"RSD","alphaCode":"RSD","numericCode":"941","name":"Serbian Dinar","rate":96.520437441198,"date":"Sun, 27 Jun 2021 23:55:01 GMT","inverseRate":0.010360500081749},"gmd":{"code":"GMD","alphaCode":"GMD","numericCode":"270","name":"Gambian dalasi","rate":51.781893004118,"date":"Sun, 27 Jun 2021 23:55:01 GMT","inverseRate":0.019311769848207},"awg":{"code":"AWG","alphaCode":"AWG","numericCode":"533","name":"Aruban florin","rate":1.8047905909352,"date":"Sun, 27 Jun 2021 23:55:01 GMT","inverseRate":0.55408090280536},"aoa":{"code":"AOA","alphaCode":"AOA","numericCode":"973","name":"Angolan kwanza","rate":650.84482758622,"date":"Sun, 27 Jun 2021 23:55:01 GMT","inverseRate":0.001536464542107},"khr":{"code":"KHR","alphaCode":"KHR","numericCode":"116","name":"Cambodian riel","rate":4063.401506997,"date":"Sun, 27 Jun 2021 23:55:01 GMT","inverseRate":0.00024609923441679},"scr":{"code":"SCR","alphaCode":"SCR","numericCode":"690","name":"Seychelles rupee","rate":14.944180522566,"date":"Sun, 27 Jun 2021 23:55:01 GMT","inverseRate":0.066915679885557},"bhd":{"code":"BHD","alphaCode":"BHD","numericCode":"048","name":"Bahrain Dinar","rate":0.37632790394189,"date":"Sun, 27 Jun 2021 23:55:01 GMT","inverseRate":2.6572571141427},"omr":{"code":"OMR","alphaCode":"OMR","numericCode":"512","name":"Omani Rial","rate":0.38462417977953,"date":"Sun, 27 Jun 2021 23:55:01 GMT","inverseRate":2.5999405460499},"rub":{"code":"RUB","alphaCode":"RUB","numericCode":"643","name":"Russian Rouble","rate":72.166388770275,"date":"Sun, 27 Jun 2021 23:55:01 GMT","inverseRate":0.013856866292468},"lyd":{"code":"LYD","alphaCode":"LYD","numericCode":"434","name":"Libyan Dinar","rate":4.4507452463302,"date":"Sun, 27 Jun 2021 23:55:01 GMT","inverseRate":0.22468147347336},"clp":{"code":"CLP","alphaCode":"CLP","numericCode":"152","name":"Chilean Peso","rate":733.83889217574,"date":"Sun, 27 Jun 2021 23:55:01 GMT","inverseRate":0.001362696922529},"bsd":{"code":"BSD","alphaCode":"BSD","numericCode":"044","name":"Bahamian Dollar","rate":0.99659432916206,"date":"Sun, 27 Jun 2021 23:55:01 GMT","inverseRate":1.0034173090678},"djf":{"code":"DJF","alphaCode":"DJF","numericCode":"262","name":"Djiboutian franc","rate":177.50035265905,"date":"Sun, 27 Jun 2021 23:55:01 GMT","inverseRate":0.0056337916236191},"hnl":{"code":"HNL","alphaCode":"HNL","numericCode":"340","name":"Honduran Lempira","rate":23.891772151899,"date":"Sun, 27 Jun 2021 23:55:01 GMT","inverseRate":0.041855413388434},"tzs":{"code":"TZS","alphaCode":"TZS","numericCode":"834","name":"Tanzanian shilling","rate":2311.6350275567,"date":"Sun, 27 Jun 2021 23:55:01 GMT","inverseRate":0.00043259424090703},"bbd":{"code":"BBD","alphaCode":"BBD","numericCode":"052","name":"Barbadian Dollar","rate":2.0011975118903,"date":"Sun, 27 Jun 2021 23:55:01 GMT","inverseRate":0.4997008011745},"bdt":{"code":"BDT","alphaCode":"BDT","numericCode":"050","name":"Bangladeshi taka","rate":84.598867081202,"date":"Sun, 27 Jun 2021 23:55:01 GMT","inverseRate":0.011820489263055},"qar":{"code":"QAR","alphaCode":"QAR","numericCode":"634","name":"Qatari Rial","rate":3.6578215490042,"date":"Sun, 27 Jun 2021 23:55:01 GMT","inverseRate":0.27338676493724},"mxn":{"code":"MXN","alphaCode":"MXN","numericCode":"484","name":"Mexican Peso","rate":19.795474449097,"date":"Sun, 27 Jun 2021 23:55:01 GMT","inverseRate":0.050516596738888},"amd":{"code":"AMD","alphaCode":"AMD","numericCode":"051","name":"Armenia Dram","rate":517.67075044804,"date":"Sun, 27 Jun 2021 23:55:01 GMT","inverseRate":0.001931729770582},"uyu":{"code":"UYU","alphaCode":"UYU","numericCode":"858","name":"Uruguayan Peso","rate":43.523148160341,"date":"Sun, 27 Jun 2021 23:55:01 GMT","inverseRate":0.022976279112806},"fjd":{"code":"FJD","alphaCode":"FJD","numericCode":"242","name":"Fiji Dollar","rate":2.0566058294743,"date":"Sun, 27 Jun 2021 23:55:01 GMT","inverseRate":0.48623804604094},"cdf":{"code":"CDF","alphaCode":"CDF","numericCode":"976","name":"Congolese franc","rate":1982.6155462185,"date":"Sun, 27 Jun 2021 23:55:01 GMT","inverseRate":0.0005043842220986},"lsl":{"code":"LSL","alphaCode":"LSL","numericCode":"426","name":"Lesotho loti","rate":14.180691209617,"date":"Sun, 27 Jun 2021 23:55:01 GMT","inverseRate":0.07051842432912},"mnt":{"code":"MNT","alphaCode":"MNT","numericCode":"496","name":"Mongolian togrog","rate":2842.5451807229,"date":"Sun, 27 Jun 2021 23:55:01 GMT","inverseRate":0.00035179739860658},"brl":{"code":"BRL","alphaCode":"BRL","numericCode":"986","name":"Brazilian Real","rate":4.9977045088662,"date":"Sun, 27 Jun 2021 23:55:01 GMT","inverseRate":0.20009186181895},"hkd":{"code":"HKD","alphaCode":"HKD","numericCode":"344","name":"Hong Kong Dollar","rate":7.7616084020164,"date":"Sun, 27 Jun 2021 23:55:01 GMT","inverseRate":0.12883927508378},"thb":{"code":"THB","alphaCode":"THB","numericCode":"764","name":"Thai Baht","rate":31.60194435039,"date":"Sun, 27 Jun 2021 23:55:01 GMT","inverseRate":0.031643622585762},"xaf":{"code":"XAF","alphaCode":"XAF","numericCode":"950","name":"Central African CFA Franc","rate":550.12888110793,"date":"Sun, 27 Jun 2021 23:55:01 GMT","inverseRate":0.0018177558647458},"mdl":{"code":"MDL","alphaCode":"MDL","numericCode":"498","name":"Moldova Lei","rate":17.990891566684,"date":"Sun, 27 Jun 2021 23:55:01 GMT","inverseRate":0.05558368223684},"nio":{"code":"NIO","alphaCode":"NIO","numericCode":"558","name":"Nicaraguan C\u00f3rdoba","rate":34.975000369004,"date":"Sun, 27 Jun 2021 23:55:01 GMT","inverseRate":0.028591851020715},"lrd":{"code":"LRD","alphaCode":"LRD","numericCode":"430","name":"Liberian dollar","rate":170.80995475114,"date":"Sun, 27 Jun 2021 23:55:01 GMT","inverseRate":0.005854459720787},"sdg":{"code":"SDG","alphaCode":"SDG","numericCode":"938","name":"Sudanese pound","rate":438.94186046512,"date":"Sun, 27 Jun 2021 23:55:01 GMT","inverseRate":0.0022782060451932},"mru":{"code":"MRU","alphaCode":"MRU","numericCode":"929","name":"Mauritanian ouguiya","rate":36.020038167939,"date":"Sun, 27 Jun 2021 23:55:01 GMT","inverseRate":0.027762324829797},"dkk":{"code":"DKK","alphaCode":"DKK","numericCode":"208","name":"Danish Krone","rate":6.224072066515,"date":"Sun, 27 Jun 2021 23:55:01 GMT","inverseRate":0.16066652013557},"jod":{"code":"JOD","alphaCode":"JOD","numericCode":"400","name":"Jordanian Dinar","rate":0.70848880026658,"date":"Sun, 27 Jun 2021 23:55:01 GMT","inverseRate":1.4114549159051},"bgn":{"code":"BGN","alphaCode":"BGN","numericCode":"975","name":"Bulgarian Lev","rate":1.6369997017761,"date":"Sun, 27 Jun 2021 23:55:01 GMT","inverseRate":0.61087366046251},"vnd":{"code":"VND","alphaCode":"VND","numericCode":"704","name":"Vietnamese Dong","rate":23000.714230262,"date":"Sun, 27 Jun 2021 23:55:01 GMT","inverseRate":4.3476910759767e-5},"uzs":{"code":"UZS","alphaCode":"UZS","numericCode":"860","name":"Uzbekistan Sum","rate":10543.053122047,"date":"Sun, 27 Jun 2021 23:55:01 GMT","inverseRate":9.4849185375805e-5},"pab":{"code":"PAB","alphaCode":"PAB","numericCode":"590","name":"Panamanian Balboa","rate":0.99659432916206,"date":"Sun, 27 Jun 2021 23:55:01 GMT","inverseRate":1.0034173090678},"ttd":{"code":"TTD","alphaCode":"TTD","numericCode":"780","name":"Trinidad Tobago Dollar","rate":6.7771992818671,"date":"Sun, 27 Jun 2021 23:55:01 GMT","inverseRate":0.14755357757821},"htg":{"code":"HTG","alphaCode":"HTG","numericCode":"332","name":"Haitian gourde","rate":93.669975186107,"date":"Sun, 27 Jun 2021 23:55:01 GMT","inverseRate":0.010675779490847},"cup":{"code":"CUP","alphaCode":"CUP","numericCode":"192","name":"Cuban peso","rate":0.99659432916206,"date":"Sun, 27 Jun 2021 23:55:01 GMT","inverseRate":1.0034173090678}}